-1.814761877059936523e+00
5.227230787277221680e-01
8.754872679710388184e-01
-1.063578248023986816e+00
1.691128313541412354e-01
-6.063817143440246582e-01
8.344566822052001953e-01
9.998453855514526367e-01
4.620024263858795166e-01
1.971855461597442627e-01
-1.622434705495834351e-01
1.469216197729110718e-01
1.131639003753662109e+00
-1.152554035186767578e+00
-1.068404078483581543e+00
-9.460429549217224121e-01
-7.542994618415832520e-01
9.616565108299255371e-01
-1.230156540870666504e+00
1.769387423992156982e-01
8.515096902847290039e-01
-9.917672276496887207e-01
4.586313068866729736e-01
6.126558184623718262e-01
-1.595421135425567627e-01
5.787385106086730957e-01
-8.045076131820678711e-01
1.000572681427001953e+00
-1.124081015586853027e+00
-9.320041537284851074e-01
8.238354921340942383e-01
1.412134647369384766e+00
-2.861882448196411133e+00
-2.023632764816284180e+00
-1.265038967132568359e+00
2.509220242500305176e-01
7.283605337142944336e-01
1.172765493392944336e+00
8.180299997329711914e-01
4.801951944828033447e-01
-1.330623984336853027e+00
-9.499664902687072754e-01
-1.400034785270690918e+00
9.371873736381530762e-01
-3.480378389358520508e-01
2.873518168926239014e-01
-5.547744631767272949e-01
1.582728981971740723e+00
-6.281093955039978027e-01
-5.609629154205322266e-01
8.046845197677612305e-01
6.607344746589660645e-01
-1.135663509368896484e+00
-2.303425550460815430e+00
-5.114763975143432617e-01
9.203680157661437988e-01
5.011430978775024414e-01
-8.923364281654357910e-01
-4.391005337238311768e-01
-3.368727164342999458e-03
-1.464401930570602417e-01
6.726821660995483398e-01
1.334810018539428711e+00
-9.713346362113952637e-01
1.210600495338439941e+00
4.908047616481781006e-01
-4.371394515037536621e-01
-6.663115024566650391e-01
-2.826337575912475586e+00
-1.817782163619995117e+00
-9.337764978408813477e-01
1.003836274147033691e+00
-2.179267108440399170e-01
-3.924848139286041260e-01
-4.009685218334197998e-01
-2.450076937675476074e-01
-7.492621541023254395e-01
-3.887661695480346680e-01
1.129642963409423828e+00
-4.803083240985870361e-01
-1.005736231803894043e+00
-3.395765721797943115e-01
-3.968500494956970215e-01
-7.889602184295654297e-01
9.826493859291076660e-01
8.647381067276000977e-01
4.179503619670867920e-01
6.262362599372863770e-01
-1.425564527511596680e+00
1.049827098846435547e+00
1.073111414909362793e+00
1.009434580802917480e+00
-3.868418037891387939e-01
-1.061155080795288086e+00
-1.001691460609436035e+00
-3.147437572479248047e-01
-1.666695475578308105e+00
4.821851253509521484e-01
8.429260849952697754e-01
-4.981542825698852539e-01
4.145031273365020752e-01
-1.218289494514465332e+00
2.428479492664337158e-01
-5.948860049247741699e-01
-3.348839581012725830e-01
-4.981723725795745850e-01
-5.784744620323181152e-01
4.352331161499023438e-01
3.024349212646484375e-01
1.264490365982055664e+00
-8.040516972541809082e-01
-4.822939336299896240e-01
-2.752487361431121826e-01
-1.011249542236328125e+00
2.368322908878326416e-01
-2.166920006275177002e-01
-1.612190157175064087e-01
-4.448056817054748535e-01
4.351021349430084229e-01
1.533131003379821777e+00
-5.343345999717712402e-01
9.444116353988647461e-01
1.186636090278625488e+00
-7.839266061782836914e-01
-2.112778902053833008e+00
3.570180237293243408e-01
1.835640668869018555e+00
2.444820404052734375e+00
-6.865356564521789551e-01
1.098144769668579102e+00
1.868160367012023926e+00
6.508142352104187012e-01
1.642922401428222656e+00
-1.717270314693450928e-01
1.404714345932006836e+00
-1.802012324333190918e+00
-2.256488084793090820e+00
3.982428312301635742e-01
-1.551107168197631836e+00
1.698068715631961823e-02
-5.289924144744873047e-02
-3.027734160423278809e-01
-5.573178529739379883e-01
1.043293118476867676e+00
-7.527105212211608887e-01
1.368706464767456055e+00
-1.176249682903289795e-01
2.471886873245239258e-01
2.236678749322891235e-01
2.926261164247989655e-02
-9.007188677787780762e-02
2.256057970225811005e-02
-1.299158185720443726e-01
5.209304094314575195e-01
4.412891864776611328e-01
-9.643810391426086426e-01
-7.023612856864929199e-01
-1.465354204177856445e+00
8.991678357124328613e-01
8.944979310035705566e-01
9.389590620994567871e-01
8.512381315231323242e-01
1.788438081741333008e+00
-4.466546475887298584e-01
-1.315533041954040527e+00
5.012822151184082031e-01
3.459952175617218018e-01
1.490132659673690796e-01
7.146105170249938965e-01
-1.475395441055297852e+00
-3.542795479297637939e-01
8.600668907165527344e-01
-1.474502801895141602e+00
7.329874038696289062e-01
-6.559785604476928711e-01
-1.226052761077880859e+00
-8.876925706863403320e-01
-1.440600156784057617e+00
8.719053864479064941e-01
5.670541524887084961e-01
1.510993361473083496e+00
-2.336081713438034058e-01
-9.776054620742797852e-01
-8.297594785690307617e-01
1.395536184310913086e+00
1.041476130485534668e+00
-5.041271448135375977e-01
1.048572421073913574e+00
-1.681053638458251953e+00
4.403283596038818359e+00
1.734480261802673340e+00
-9.651534557342529297e-01
-4.683379828929901123e-01
1.983507871627807617e-01
7.824836373329162598e-01
3.546133041381835938e-01
-3.499254882335662842e-01
6.272367835044860840e-01
-1.365533322095870972e-01
1.173708438873291016e-01
1.277217268943786621e+00
1.581082105636596680e+00
-3.632725477218627930e-01
-7.241269946098327637e-01
1.097346901893615723e+00
1.496594071388244629e+00
-8.408932387828826904e-02
5.887597799301147461e-01
-9.021794199943542480e-01
8.922191262245178223e-01
-1.712966322898864746e+00
-8.345476537942886353e-02
-1.920768976211547852e+00
-4.359570741653442383e-01
3.251923918724060059e-01
2.115997374057769775e-01
2.022050470113754272e-01
5.335783362388610840e-01
9.328657984733581543e-01
7.382852584123611450e-02
2.336524724960327148e-01
9.857994914054870605e-01
-1.184813492000102997e-02
-1.388223409652709961e+00
1.065595984458923340e+00
-1.271303296089172363e+00
-5.130665898323059082e-01
1.950243353843688965e+00
-1.321125030517578125e+00
6.381820142269134521e-02
-1.110517159104347229e-01
1.018491744995117188e+00
-8.585945963859558105e-01
1.997121572494506836e+00
5.138934254646301270e-01
-2.982160747051239014e-01
1.008259057998657227e+00
4.922686517238616943e-02
-3.054466843605041504e-01
4.812652766704559326e-01
-4.442869126796722412e-01
-2.869412422180175781e+00
1.933304369449615479e-01
1.618182063102722168e+00
-3.754615485668182373e-01
1.442959189414978027e+00
-8.243124485015869141e-01
2.556169748306274414e+00
-3.352637290954589844e-01
1.182617852464318275e-03
1.123519539833068848e+00
8.623729944229125977e-01
-3.851716518402099609e-01
8.847913146018981934e-01
-2.321457564830780029e-01
6.889820694923400879e-01
1.548516273498535156e+00
1.631239056587219238e+00
5.860142111778259277e-01
8.653851598501205444e-02
-5.384734272956848145e-01
6.621077656745910645e-01
-8.454022407531738281e-01
-1.303824424743652344e+00
-4.922828450798988342e-02
-1.187282562255859375e+00
1.462328433990478516e+00
-6.817418932914733887e-01
-7.368521392345428467e-02
-4.959776699542999268e-01
8.942833542823791504e-01
2.575939595699310303e-01
-1.900547742843627930e+00
9.131063818931579590e-01
-1.427324175834655762e+00
1.851360350847244263e-01
1.469443917274475098e+00
5.787990689277648926e-01
-4.668627679347991943e-02
-8.203014135360717773e-01
-2.152667343616485596e-01
-8.042913079261779785e-01
-5.486747622489929199e-01
6.120987534523010254e-01
-1.574881315231323242e+00
2.262078762054443359e+00
-9.822286963462829590e-01
-3.209742009639739990e-01
-2.414403408765792847e-01
-7.368736863136291504e-01
-1.016492962837219238e+00
2.903658390045166016e+00
-5.309470891952514648e-01
-1.784756481647491455e-01
1.618530154228210449e+00
-4.161818623542785645e-01
-1.798821449279785156e+00
-9.917976856231689453e-01
-5.674419999122619629e-01
-1.941153883934020996e+00
-1.958318471908569336e+00
1.951448991894721985e-02
1.288444548845291138e-01
-2.004444122314453125e+00
-1.955009102821350098e-01
8.731654882431030273e-01
-2.678744792938232422e-01
-1.913547158241271973e+00
4.974690079689025879e-01
-1.308163166046142578e+00
-2.898134469985961914e+00
1.104717254638671875e-01
7.439705133438110352e-01
-1.176551818847656250e+00
1.901385664939880371e+00
-5.584747791290283203e-01
-1.900101661682128906e+00
-6.117250919342041016e-01
4.790783300995826721e-02
5.479511618614196777e-01
1.298406600952148438e+00
-3.923695981502532959e-01
7.180867195129394531e-01
2.004213094711303711e+00
1.415311574935913086e+00
2.894363641738891602e+00
-5.693595409393310547e-01
3.703826963901519775e-01
1.295525550842285156e+00
-6.193561553955078125e-01
1.791078448295593262e+00
9.492514729499816895e-01
9.705105423927307129e-01
4.587193727493286133e-01
8.642581105232238770e-01
2.318007946014404297e+00
1.025768369436264038e-01
8.018653839826583862e-02
1.145022153854370117e+00
6.534264683723449707e-01
-2.274965941905975342e-01
-8.694130182266235352e-01
-8.609889149665832520e-01
6.704797744750976562e-01
2.498678922653198242e+00
-3.306751251220703125e-01
-6.183705329895019531e-01
5.336135029792785645e-01
3.439944982528686523e-01
1.545103073120117188e+00
2.515279054641723633e-01
1.001379013061523438e+00
-1.015461206436157227e+00
-5.002514719963073730e-01
-2.830958366394042969e-01
-4.776631891727447510e-01
3.162638843059539795e-01
-3.743722140789031982e-01
8.632544279098510742e-01
3.202648162841796875e-01
5.385845303535461426e-01
-1.305020213127136230e+00
-1.741455197334289551e-01
-7.799391746520996094e-01
1.106518730521202087e-01
4.479042887687683105e-01
3.063248656690120697e-02
1.346902251243591309e-01
2.313286304473876953e+00
5.033095367252826691e-03
-1.689151048660278320e+00
-9.858064651489257812e-01
8.355841636657714844e-01
6.048759818077087402e-01
2.146823167800903320e+00
1.027123689651489258e+00
-5.306003093719482422e-01
9.757274389266967773e-01
5.289550423622131348e-01
-1.217435598373413086e+00
-6.718981266021728516e-01
-1.013449907302856445e+00
-6.278686523437500000e-01
2.485406637191772461e+00
8.394686877727508545e-02
2.632903456687927246e-01
8.155241608619689941e-01
8.558982610702514648e-01
-6.074693799018859863e-01
-1.093831539154052734e+00
-1.486021839082241058e-02
3.847995698451995850e-01
-2.333558350801467896e-01
1.406662821769714355e+00
1.562436968088150024e-01
-9.145545959472656250e-01
-1.438046842813491821e-01
-9.455097317695617676e-01
2.952321171760559082e-01
1.085442423820495605e+00
-4.120771884918212891e-01
2.383763045072555542e-01
-1.309637427330017090e+00
-8.339299559593200684e-01
4.957541227340698242e-01
-1.382798552513122559e-01
2.233233451843261719e-01
-2.619060277938842773e+00
2.501545250415802002e-01
8.909187316894531250e-01
-2.294253930449485779e-02
2.068053245544433594e+00
1.170895099639892578e+00
-6.564961671829223633e-01
4.112428054213523865e-02
-1.397164911031723022e-01
4.088318943977355957e-01
3.712128102779388428e-01
-1.444906182587146759e-02
1.588532209396362305e+00
4.076936841011047363e-01
6.549663841724395752e-02
8.155229687690734863e-01
1.117462396621704102e+00
-5.550923943519592285e-01
-2.009516656398773193e-01
-2.709733247756958008e-01
1.154478788375854492e+00
1.149841070175170898e+00
7.417009472846984863e-01
-2.771468758583068848e-01
3.084968626499176025e-01
-8.024893403053283691e-01
-7.164434194564819336e-01
-1.172515153884887695e+00
2.601372599601745605e-01
-8.629869222640991211e-01
3.047705590724945068e-01
-1.149855375289916992e+00
-1.610594630241394043e+00
3.656228184700012207e-01
-7.126228511333465576e-02
1.211082339286804199e+00
-4.695861414074897766e-02
-7.582986354827880859e-01
2.068925499916076660e-01
-5.855786055326461792e-02
1.801024198532104492e+00
6.941334009170532227e-01
-9.720497131347656250e-01
-2.536154270172119141e+00
1.258207201957702637e+00
-5.354212522506713867e-01
2.255892157554626465e-01
-4.839776158332824707e-01
-6.984532475471496582e-01
7.684826254844665527e-01
4.676870629191398621e-02
-1.584262609481811523e+00
-6.102952957153320312e-01
1.102069735527038574e+00
3.516571819782257080e-01
1.034602046012878418e+00
2.015846252441406250e+00
-7.304122447967529297e-01
-4.508450329303741455e-01
-3.975365459918975830e-01
7.119514942169189453e-01
1.213413238525390625e+00
-1.438781857490539551e+00
-1.396398425102233887e+00
-1.279479503631591797e+00
7.199664413928985596e-02
-1.993815779685974121e+00
9.048063308000564575e-02
-1.552368640899658203e+00
-6.334770321846008301e-01
-1.543616414070129395e+00
3.194685876369476318e-01
-5.278431177139282227e-01
5.832049250602722168e-02
-8.049570918083190918e-01
2.188198566436767578e+00
-6.791406273841857910e-01
-7.424467206001281738e-01
2.269399881362915039e+00
-2.262638807296752930e+00
1.472625017166137695e+00
1.501807272434234619e-01
7.423650026321411133e-01
-3.125490620732307434e-03
-9.962995052337646484e-01
3.923038542270660400e-01
-4.404993057250976562e-01
-3.693871200084686279e-01
-3.745535612106323242e-01
-3.507717847824096680e-01
-2.326946705579757690e-02
-1.062530726194381714e-01
1.315976858139038086e+00
-2.982551157474517822e-01
-1.071015715599060059e+00
1.465995430946350098e+00
8.578982949256896973e-01
-7.235099077224731445e-01
1.321477651596069336e+00
9.325765967369079590e-01
-7.801024317741394043e-01
-1.107562899589538574e+00
-2.547401785850524902e-01
-1.809134781360626221e-01
1.375631332397460938e+00
-1.717148303985595703e+00
3.705537021160125732e-01
3.370801806449890137e-01
6.048477292060852051e-01
-2.292162925004959106e-01
6.372206658124923706e-02
1.133668065071105957e+00
-1.559711217880249023e+00
4.606905281543731689e-01
3.552258908748626709e-01
-9.154927730560302734e-01
-4.956339001655578613e-01
1.019178867340087891e+00
-3.056090772151947021e-01
-1.354640364646911621e+00
-1.326426386833190918e+00
7.886195182800292969e-01
-1.790729165077209473e+00
6.734684109687805176e-01
-5.786111354827880859e-01
-8.168922662734985352e-01
-8.314950466156005859e-01
-2.965959548950195312e+00
1.933232098817825317e-01
4.685145318508148193e-01
1.140121221542358398e-01
5.851522684097290039e-01
-1.513193845748901367e-01
-9.449422955513000488e-01
5.306679606437683105e-01
2.294843673706054688e+00
-1.000860929489135742e+00
1.518271565437316895e-01
1.354300856590270996e+00
-1.247221753001213074e-01
-8.101143240928649902e-01
8.656090497970581055e-01
3.615794181823730469e-01
-2.268374860286712646e-01
-1.136202663183212280e-01
-1.353676557540893555e+00
-6.231287121772766113e-01
1.127047657966613770e+00
3.826664090156555176e-01
8.692381531000137329e-02
-9.284113645553588867e-01
-1.026108384132385254e+00
7.122816443443298340e-01
-3.924783319234848022e-02
-2.932339608669281006e-01
-3.385249152779579163e-02
-7.039092183113098145e-01
-5.959526300430297852e-01
8.547737449407577515e-02
4.068994522094726562e-01
-7.854435443878173828e-01
-1.234811305999755859e+00
-9.530572295188903809e-01
3.972011208534240723e-01
3.251070261001586914e+00
-5.666059851646423340e-01
1.899335861206054688e+00
4.972441494464874268e-01
8.402290344238281250e-01
1.840016007423400879e+00
1.336122989654541016e+00
-3.712843656539916992e-01
8.868703842163085938e-01
-2.005202174186706543e-01
7.607171684503555298e-02
9.126101136207580566e-01
1.377578854560852051e+00
5.416400432586669922e-01
-2.399358272552490234e+00
-9.538062810897827148e-01
6.053808927536010742e-01
-1.566874235868453979e-01
-1.526982188224792480e+00
4.060290381312370300e-02
-6.112234592437744141e-01
-5.003930330276489258e-01
-3.140774071216583252e-01
-8.513040542602539062e-01
8.192948698997497559e-01
9.054279327392578125e-01
-8.518212437629699707e-01
-7.231998443603515625e-02
7.343940138816833496e-01
-1.370766520500183105e+00
-1.817128896713256836e+00
-7.741101384162902832e-01
1.480641961097717285e-01
-1.498977541923522949e-01
7.053305506706237793e-01
-1.283024903386831284e-03
-3.161082267761230469e-01
-4.045292139053344727e-01
1.527493238449096680e+00
-3.501706719398498535e-01
-1.401323378086090088e-01
-7.734964489936828613e-01
-6.059639528393745422e-02
-1.246697902679443359e+00
-5.388881564140319824e-01
-4.316336810588836670e-01
1.427661776542663574e+00
-1.335828006267547607e-01
4.290226846933364868e-02
-2.110116243362426758e+00
-3.454023301601409912e-01
8.283133506774902344e-01
7.821559309959411621e-01
1.889717936515808105e+00
7.788080573081970215e-01
-3.469049036502838135e-01
-2.294785499572753906e+00
1.028872251510620117e+00
9.707193374633789062e-01
1.238146424293518066e+00
-1.741432189941406250e+00
-5.422549247741699219e-01
5.409861803054809570e-01
-3.015362024307250977e-01
1.237827181816101074e+00
-1.707249522209167480e+00
-2.949501276016235352e-01
-3.198072910308837891e-01
4.307872056961059570e-01
-1.049242466688156128e-01
2.425789833068847656e+00
9.383898377418518066e-01
-4.707814455032348633e-01
1.701210588216781616e-01
-2.253405094146728516e+00
1.484827399253845215e+00
-6.110192537307739258e-01
1.433889865875244141e-01
2.139225006103515625e+00
-6.116552948951721191e-01
8.641474246978759766e-01
-1.719423651695251465e+00
-9.239938110113143921e-02
-1.764781594276428223e+00
1.210052073001861572e-01
-4.199919700622558594e-01
-5.786093473434448242e-01
-1.092866897583007812e+00
1.092174053192138672e+00
1.261163353919982910e-01
8.540928363800048828e-02
4.824933707714080811e-01
-1.944922924041748047e+00
2.874727845191955566e-01
-3.793859481811523438e-01
7.126241326332092285e-01
-1.704878568649291992e+00
1.041029617190361023e-01
2.742953598499298096e-01
-4.208897948265075684e-01
-2.078015089035034180e+00
5.918530821800231934e-01
-4.908083677291870117e-01
-3.897233903408050537e-01
1.129375815391540527e+00
5.922291874885559082e-01
1.072309255599975586e+00
2.216085642576217651e-01
9.604272246360778809e-01
-7.792107015848159790e-02
1.764187961816787720e-01
-6.062098145484924316e-01
1.853873282670974731e-01
-6.188701987266540527e-01
-7.690553069114685059e-01
5.798735618591308594e-01
-2.702342569828033447e-01
-2.224173247814178467e-01
9.024649858474731445e-01
-8.454930782318115234e-01
1.127386927604675293e+00
-5.577991604804992676e-01
6.330180764198303223e-01
5.120851397514343262e-01
-2.930992543697357178e-01
-1.003719791769981384e-01
3.012521266937255859e-01
4.967845678329467773e-01
-3.302658498287200928e-01
2.333586513996124268e-01
-6.915540993213653564e-02
-3.654462695121765137e-01
-3.847945034503936768e-01
-7.173244953155517578e-01
4.733430594205856323e-02
3.200686573982238770e-01
-1.632773995399475098e+00
1.711638808250427246e+00
-6.566777825355529785e-01
6.062287688255310059e-01
-4.348785579204559326e-01
4.576728120446205139e-02
2.207012414932250977e+00
-1.154161691665649414e+00
-4.838454127311706543e-01
-4.850846827030181885e-01
1.442754715681076050e-01
3.504171669483184814e-01
-1.437306880950927734e+00
1.139111638069152832e+00
4.493388235569000244e-01
7.735281586647033691e-01
-1.463793516159057617e-01
-7.082524895668029785e-01
-8.170104622840881348e-01
8.651424944400787354e-02
6.660824418067932129e-01
1.102915525436401367e+00
-1.261192094534635544e-02
2.437096834182739258e-02
-2.761494219303131104e-01
-4.070222377777099609e-01
-8.437598943710327148e-01
-5.553490519523620605e-01
1.039579033851623535e+00
-5.846499204635620117e-01
3.195133209228515625e-01
4.398941993713378906e-01
-2.223068624734878540e-01
-2.222281992435455322e-01
2.333876371383666992e+00
1.000302433967590332e+00
1.930721163749694824e+00
1.642719268798828125e+00
-7.352500557899475098e-01
3.414067029953002930e-01
2.700780332088470459e-01
1.542647004127502441e+00
-4.713926017284393311e-01
2.691821157932281494e-01
1.206521391868591309e+00
1.461044430732727051e+00
-8.634158968925476074e-01
3.404183387756347656e-01
-1.160766482353210449e+00
1.444043964147567749e-01
1.169349670410156250e+00
6.346848607063293457e-01
-2.123879432678222656e+00
5.508362054824829102e-01
-3.042598962783813477e-01
-9.616015553474426270e-01
-2.173018902540206909e-01
1.157198071479797363e+00
1.749742776155471802e-01
-1.133070141077041626e-01
-1.776685595512390137e+00
1.247447252273559570e+00
-5.742558464407920837e-02
-1.219581484794616699e+00
-5.001879930496215820e-01
-6.579224467277526855e-01
-5.369560718536376953e-01
-2.401890307664871216e-01
5.885431766510009766e-01
-6.944128274917602539e-01
-4.861288368701934814e-01
-5.140964388847351074e-01
-8.985303640365600586e-01
3.965375944972038269e-02
-7.146538496017456055e-01
3.311275541782379150e-01
4.641696214675903320e-01
3.893893659114837646e-01
-1.854746192693710327e-01
6.966340541839599609e-01
-5.479913949966430664e-01
-4.391199648380279541e-01
-9.338147044181823730e-01
-1.451320767402648926e+00
-3.081587851047515869e-01
4.485621750354766846e-01
6.183504462242126465e-01
-1.238897800445556641e+00
4.773350059986114502e-01
-4.019965231418609619e-01
1.519239842891693115e-01
-2.185282945632934570e+00
-1.378688961267471313e-01
5.587265267968177795e-02
-2.354325801134109497e-01
1.403524637222290039e+00
8.673582077026367188e-01
1.488246917724609375e-01
1.790990948677062988e+00
3.346312642097473145e-01
-2.571015432476997375e-02
4.369846284389495850e-01
5.754263326525688171e-02
-1.590329527854919434e+00
-2.724117599427700043e-03
1.954913437366485596e-01
-1.958320856094360352e+00
-5.407476425170898438e-01
-7.120673656463623047e-01
-6.358119193464517593e-03
-7.048657536506652832e-01
5.446399450302124023e-01
-5.150299072265625000e-01
-5.740677118301391602e-01
-9.962148964405059814e-02
3.630227446556091309e-01
-1.328841567039489746e+00
-2.155604213476181030e-01
-1.756530046463012695e+00
3.294492661952972412e-01
-6.073199510574340820e-01
-8.115765452384948730e-01
-1.395553469657897949e+00
-2.424973487854003906e+00
1.458676576614379883e+00
-2.116523027420043945e+00
4.444795250892639160e-01
-7.720295339822769165e-02
2.460866123437881470e-01
1.889562487602233887e+00
1.629380941390991211e+00
-8.158675432205200195e-01
1.755272783339023590e-02
-1.022964835166931152e+00
9.513005018234252930e-01
9.418308734893798828e-01
1.058644294738769531e+00
2.116235494613647461e+00
3.328095078468322754e-01
8.168815374374389648e-01
-1.885320186614990234e+00
7.877883315086364746e-01
-2.984252572059631348e-01
-3.733057379722595215e-01
1.753692626953125000e+00
8.190798759460449219e-01
-2.236413478851318359e+00
7.102294564247131348e-01
3.315128087997436523e-01
2.055931568145751953e+00
-7.603453993797302246e-01
-2.582372903823852539e+00
8.135356903076171875e-01
-1.250915765762329102e+00
6.954992413520812988e-01
1.303863167762756348e+00
-1.685246229171752930e+00
3.859909474849700928e-01
-5.437642335891723633e-01
-6.707183122634887695e-01
-1.219052553176879883e+00
-7.863795012235641479e-02
-1.817756444215774536e-01
-4.867736697196960449e-01
-1.181907773017883301e+00
8.778769373893737793e-01
-4.870944917201995850e-01
-1.863172501325607300e-01
5.391449928283691406e-01
3.085356950759887695e-02
1.334201693534851074e-01
-4.793483316898345947e-01
-7.716774125583469868e-04
8.610127568244934082e-01
-6.527423262596130371e-01
-1.062004566192626953e+00
-7.968495488166809082e-01
-3.972942233085632324e-01
-1.656301498413085938e+00
1.866574764251708984e+00
-7.559030652046203613e-01
2.877785563468933105e-01
5.064778327941894531e-01
-7.305247187614440918e-01
-1.616413891315460205e-01
4.955955743789672852e-01
-3.960467576980590820e-01
2.128356218338012695e+00
3.686556816101074219e-01
-5.100737810134887695e-01
-2.389171361923217773e+00
1.589235067367553711e+00
4.162907302379608154e-01
2.564887404441833496e-01
-1.661789774894714355e+00
1.981768846511840820e+00
-1.177742242813110352e+00
4.673750996589660645e-01
-7.388805747032165527e-01
-1.658020973205566406e+00
1.011941671371459961e+00
-7.511091828346252441e-01
3.648645877838134766e-01
-1.374896764755249023e+00
2.068382740020751953e+00
9.773593544960021973e-01
2.510701119899749756e-01
1.318389177322387695e+00
9.466163516044616699e-01
-2.542291164398193359e+00
-2.184086561203002930e+00
-5.060581564903259277e-01
-6.397293210029602051e-01
3.281330108642578125e+00
-6.874736547470092773e-01
-3.276603937149047852e+00
1.262723565101623535e+00
-8.268818855285644531e-01
-3.632778301835060120e-02
-5.239511728286743164e-01
3.757895529270172119e-01
1.347572207450866699e-01
7.968349456787109375e-01
1.300919800996780396e-01
-5.465614795684814453e-01
-5.528489351272583008e-01
-4.907476007938385010e-01
3.449284136295318604e-01
1.131430506706237793e+00
-5.495530962944030762e-01
8.145430684089660645e-01
4.975752532482147217e-01
1.390014648437500000e+00
6.143474578857421875e-01
2.738411910831928253e-02
3.451052308082580566e-01
-1.516376972198486328e+00
-5.310614109039306641e-01
-8.746937662363052368e-02
2.270177453756332397e-01
-6.646710634231567383e-01
7.546676397323608398e-01
-1.092873334884643555e+00
-4.127448499202728271e-01
1.323287248611450195e+00
9.479897022247314453e-01
-3.381283760070800781e+00
-5.551810860633850098e-01
-6.957510113716125488e-01
-9.570469260215759277e-01
9.479783773422241211e-01
1.041043400764465332e+00
6.067644357681274414e-01
2.894331514835357666e-02
5.601927042007446289e-01
-1.940064907073974609e+00
-3.019807338714599609e-01
1.195737719535827637e-01
1.042756199836730957e+00
6.232486367225646973e-01
-1.458699107170104980e-01
1.072465300559997559e+00
-1.303082853555679321e-01
5.511151552200317383e-01
-1.067169904708862305e-01
6.419374942779541016e-01
4.683775305747985840e-01
1.692806363105773926e+00
-2.088001966476440430e+00
-3.335772752761840820e-01
-8.801456093788146973e-01
-1.917437076568603516e+00
-9.358130693435668945e-01
6.497414112091064453e-01
7.555976510047912598e-01
-2.100093126296997070e+00
1.191552400588989258e+00
-9.508470296859741211e-01
-1.910425901412963867e+00
2.848652005195617676e-01
-4.366299808025360107e-01
-1.814666986465454102e+00
5.808803811669349670e-02
-5.705322027206420898e-01
1.516651749610900879e+00
5.303903222084045410e-01
8.364051580429077148e-01
-4.450749140232801437e-03
4.862641990184783936e-01
-6.123234033584594727e-01
8.049800992012023926e-01
-3.571087121963500977e-01
-1.223782896995544434e+00
-4.676114022731781006e-01
-1.019010663032531738e+00
1.851839303970336914e+00
4.759568870067596436e-01
5.507014989852905273e-01
-9.902064921334385872e-04
-1.025784611701965332e+00
4.799798429012298584e-01
4.024309813976287842e-01
1.619603157043457031e+00
-4.774437844753265381e-01
1.346528679132461548e-01
-1.114705085754394531e+00
-9.339442849159240723e-01
-1.097439289093017578e+00
9.899836778640747070e-01
-8.280553221702575684e-01
6.502610445022583008e-01
-4.084028005599975586e-01
6.356121897697448730e-01
5.772343371063470840e-03
1.914874278008937836e-02
-1.467340707778930664e+00
-4.508513808250427246e-01
2.681880295276641846e-01
1.327236294746398926e-01
-1.269512176513671875e+00
2.525112405419349670e-02
4.080456197261810303e-01
-5.718233436346054077e-02
1.328288078308105469e+00
-6.321852207183837891e-01
9.252909421920776367e-01
-1.591115891933441162e-01
1.315686404705047607e-01
1.102184891700744629e+00
-5.361382365226745605e-01
-7.845031619071960449e-01
1.452812552452087402e+00
-8.307565450668334961e-01
2.236910611391067505e-01
-4.384844899177551270e-01
-1.577726900577545166e-01
2.420718193054199219e+00
3.965030312538146973e-01
7.205937504768371582e-01
7.648708224296569824e-01
4.243784844875335693e-01
-1.819690167903900146e-01
-2.667188942432403564e-01
-1.015391588211059570e+00
-4.200281575322151184e-02
-2.564356625080108643e-01
1.343399584293365479e-01
4.773775860667228699e-02
7.590254545211791992e-01
-5.096597671508789062e-01
-5.180572271347045898e-01
-2.022920697927474976e-01
1.393382668495178223e+00
-9.190104007720947266e-01
-5.369148850440979004e-01
5.355860292911529541e-02
4.807991385459899902e-01
2.026389598846435547e+00
-7.498896718025207520e-01
6.269320845603942871e-01
-8.252413570880889893e-02
-4.156961441040039062e-01
-1.484900116920471191e+00
5.306119322776794434e-01
1.322583079338073730e+00
7.734993696212768555e-01
-1.731567680835723877e-01
5.654491782188415527e-01
-4.219711422920227051e-01
-1.440400816500186920e-02
1.457200169563293457e+00
-1.453601002693176270e+00
-7.784332036972045898e-01
5.126211047172546387e-01
-2.446161657571792603e-01
-5.621702075004577637e-01
1.371587991714477539e+00
-2.875941097736358643e-01
-1.328669786453247070e+00
2.116088271141052246e-01
3.135195374488830566e-01
-1.501181960105895996e+00
-7.418399453163146973e-01
-9.432911872863769531e-01
-4.907068014144897461e-01
-1.113485217094421387e+00
3.326041996479034424e-01
-1.755607128143310547e-01
-3.230421543121337891e-01
1.063820362091064453e+00
-2.772649228572845459e-01
-3.340864181518554688e-01
-1.376458048820495605e+00
2.276090621948242188e+00
-4.513444304466247559e-01
1.751976847648620605e+00
1.013841152191162109e+00
1.253284096717834473e+00
-7.355250120162963867e-01
-3.047568909823894501e-02
-2.748697400093078613e-01
1.383900046348571777e+00
3.573876619338989258e-02
-9.939880371093750000e-01
6.879027485847473145e-01
1.471251249313354492e+00
-1.035080909729003906e+00
2.240223402623087168e-04
-4.757112860679626465e-01
-2.749193608760833740e-01
8.678244948387145996e-01
2.037626951932907104e-01
6.500264406204223633e-01
1.521944999694824219e+00
-2.280345410108566284e-01
4.981925487518310547e-01
-8.032807111740112305e-01
-3.739263713359832764e-01
8.146815299987792969e-01
-8.540447950363159180e-01
8.462389111518859863e-01
-1.701226681470870972e-01
-1.214277029037475586e+00
-7.639921903610229492e-01
1.134683966636657715e+00
-7.525712847709655762e-01
-3.370164930820465088e-01
1.256311297416687012e+00
-2.700955867767333984e-01
1.336809158325195312e+00
-1.140173912048339844e+00
5.540217161178588867e-01
1.071464538574218750e+00
-1.806082129478454590e-01
-6.754707098007202148e-01
-5.725091695785522461e-01
-2.241466008126735687e-02
1.421708762645721436e-01
4.982748031616210938e-01
-4.371326565742492676e-01
5.124401673674583435e-02
-3.022843122482299805e+00
-5.646884441375732422e-02
1.677335739135742188e+00
-2.266426086425781250e+00
3.535046577453613281e-01
3.801694512367248535e-01
-4.147449433803558350e-01
-2.112850666046142578e+00
3.222444280982017517e-02
3.502464294433593750e-01
9.128566980361938477e-01
-2.890212237834930420e-01
1.951478838920593262e+00
4.389575719833374023e-01
-2.523250102996826172e+00
-1.075882673263549805e+00
1.065758466720581055e+00
-1.164826273918151855e+00
-3.408943414688110352e-01
6.000475287437438965e-01
6.193492934107780457e-02
-2.940469980239868164e-01
1.250273466110229492e+00
-1.567067027091979980e+00
-3.717520713806152344e+00
-8.015867471694946289e-01
5.098668932914733887e-01
-1.150082111358642578e+00
9.057512283325195312e-01
-6.283591389656066895e-01
4.262741804122924805e-01
-4.021716117858886719e-01
-3.456866741180419922e-01
-6.672729253768920898e-01
-7.493165731430053711e-01
-8.291649818420410156e-02
1.091225981712341309e+00
-2.195493221282958984e+00
6.800431013107299805e-01
8.528234362602233887e-01
6.463721394538879395e-01
-5.085367560386657715e-01
8.204929232597351074e-01
-1.964480042457580566e+00
6.363557577133178711e-01
2.138585090637207031e+00
2.911882102489471436e-01
-4.969169944524765015e-02
1.776290833950042725e-01
1.329232811927795410e+00
-1.264951348304748535e+00
2.163336992263793945e+00
-4.661556780338287354e-01
-3.618650734424591064e-01
-7.804972529411315918e-01
1.265557527542114258e+00
-1.188115239143371582e+00
-3.264844119548797607e-01
1.989604949951171875e+00
9.117242693901062012e-01
4.570930600166320801e-01
6.404842138290405273e-01
-1.614502966403961182e-01
3.978989124298095703e-01
1.367767095565795898e+00
8.114777505397796631e-03
-1.131730079650878906e+00
8.355306982994079590e-01
-9.669914841651916504e-01
-5.745854973793029785e-01
-2.057190090417861938e-01
-1.002299904823303223e+00
3.304255008697509766e-02
3.599473536014556885e-01
2.481279522180557251e-01
-3.904588222503662109e-01
-2.459432035684585571e-01
-1.485487937927246094e+00
3.572017252445220947e-01
-1.333076596260070801e+00
-8.004212379455566406e-01
4.861994087696075439e-01
1.805923581123352051e+00
-9.788245558738708496e-01
1.863205194473266602e+00
-1.425086110830307007e-01
5.449925065040588379e-01
1.135450482368469238e+00
2.287403047084808350e-01
-6.550811529159545898e-01
-5.376139283180236816e-01
-5.638540983200073242e-01
7.248553633689880371e-01
-2.042390406131744385e-02
-1.123321652412414551e+00
-7.856305837631225586e-01
-6.884392499923706055e-01
-1.115701675415039062e+00
8.674380183219909668e-02
-1.124726414680480957e+00
-1.184462666511535645e+00
-4.523414075374603271e-01
6.871566176414489746e-02
-5.928550958633422852e-01
4.291310608386993408e-01
-5.873949527740478516e-01
3.136044740676879883e-01
-1.661442279815673828e+00
-6.579259634017944336e-01
-1.896477818489074707e+00
-6.916196346282958984e-01
-1.418559908866882324e+00
-6.686836481094360352e-01
6.731222867965698242e-01
-7.127514481544494629e-01
-5.506426095962524414e-01
1.021059416234493256e-02
1.065250873565673828e+00
-2.074479818344116211e+00
-1.116273045539855957e+00
-5.013897418975830078e-01
-9.284890294075012207e-01
3.199545443058013916e-01
1.336723923683166504e+00
1.510847210884094238e+00
-1.189234733581542969e+00
6.324957013130187988e-01
-6.166938543319702148e-01
1.352978229522705078e+00
4.043593406677246094e-01
-1.550379991531372070e+00
-3.541865646839141846e-01
-2.508206605911254883e+00
1.373679161071777344e+00
2.042926549911499023e+00
6.282838582992553711e-01
1.151577949523925781e+00
1.155999898910522461e+00
8.946295827627182007e-02
-1.436570286750793457e+00
-9.618510603904724121e-01
9.155137091875076294e-02
-4.318208098411560059e-01
-2.895212769508361816e-01
6.710317134857177734e-01
-8.350043296813964844e-01
-2.284571886062622070e+00
4.474539160728454590e-01
1.367469906806945801e+00
1.111224219202995300e-01
-6.289316415786743164e-01
-1.005291700363159180e+00
-6.154001355171203613e-01
-5.873600244522094727e-01
-4.544935822486877441e-01
6.036987304687500000e-01
-1.072675660252571106e-01
-2.185189127922058105e-01
6.194438338279724121e-01
-3.168832361698150635e-01
-6.518549323081970215e-01
6.599469184875488281e-01
-3.708133846521377563e-02
-1.098711371421813965e+00
-1.366564482450485229e-01
3.301243484020233154e-01
6.453384757041931152e-01
1.665708869695663452e-01
8.186505436897277832e-01
-6.186829209327697754e-01
-2.086756467819213867e+00
-4.487710893154144287e-01
-1.748387575149536133e+00
-1.440784573554992676e+00
-2.512534260749816895e-01
2.776632606983184814e-01
-5.265045911073684692e-02
-1.081710457801818848e+00
-1.205640360713005066e-01
7.014679312705993652e-01
-9.710029959678649902e-01
3.627698719501495361e-01
2.352357059717178345e-01
8.079459071159362793e-01
8.148558139801025391e-01
1.573837280273437500e+00
9.805164486169815063e-02
-2.377563416957855225e-01
5.086274743080139160e-01
2.057216882705688477e+00
5.502743124961853027e-01
1.376452088356018066e+00
-1.123981714248657227e+00
-2.441952079534530640e-01
-6.008436679840087891e-01
-4.437091946601867676e-01
-8.907961845397949219e-02
-2.165625989437103271e-01
1.286988556385040283e-01
3.182220757007598877e-01
-1.339674949645996094e+00
1.379340887069702148e+00
-2.684211492538452148e+00
7.662004232406616211e-02
4.179885089397430420e-01
3.702178299427032471e-01
7.532820701599121094e-01
1.926687002182006836e+00
7.879590392112731934e-01
1.768083810806274414e+00
-1.902353167533874512e+00
-8.690941929817199707e-01
2.253603190183639526e-01
-7.440429329872131348e-01
1.397993087768554688e+00
-1.036981582641601562e+00
-6.993378698825836182e-02
8.914144039154052734e-01
-3.092759251594543457e-01
1.706196665763854980e+00
-3.161851167678833008e-01
1.406226754188537598e-01
-7.643491029739379883e-01
-8.919385671615600586e-01
5.894817709922790527e-01
-4.548597931861877441e-01
-3.882296085357666016e-01
4.726857542991638184e-01
-1.121762752532958984e+00
1.639160871505737305e+00
3.037832677364349365e-01
-9.605314731597900391e-01
7.792478054761886597e-02
7.717868685722351074e-01
-8.696702718734741211e-01
-1.831668615341186523e+00
4.309194087982177734e-01
4.160966873168945312e-01
5.799884796142578125e-01
1.420212626457214355e+00
3.758291155099868774e-02
8.239261806011199951e-03
6.923453807830810547e-01
7.921519279479980469e-01
-9.008716344833374023e-01
-1.329288721084594727e+00
-6.268900632858276367e-01
8.440177440643310547e-01
-7.792674303054809570e-01
-1.604420542716979980e+00
8.080958724021911621e-01
3.770805597305297852e-01
-6.941696405410766602e-01
-1.463480353355407715e+00
7.567628026008605957e-01
1.912625551223754883e+00
-2.161375522613525391e+00
-1.163214370608329773e-01
-4.676112234592437744e-01
-5.918853878974914551e-01
-5.015512704849243164e-01
-9.473694115877151489e-02
5.329076051712036133e-01
5.697485804557800293e-01
-3.524399101734161377e-01
3.130655586719512939e-01
-1.328278332948684692e-02
-3.194636106491088867e-01
1.224574804306030273e+00
-9.493978023529052734e-01
1.239059209823608398e+00
1.268779277801513672e+00
-1.986824393272399902e+00
3.866171240806579590e-01
3.314115405082702637e-01
1.701660513877868652e+00
6.080642938613891602e-01
1.790113151073455811e-01
-1.011904239654541016e+00
-1.186344027519226074e+00
1.779894530773162842e-01
-2.327090740203857422e+00
-9.238572716712951660e-01
1.813673675060272217e-01
-7.790189385414123535e-01
-3.742486834526062012e-01
-3.184558451175689697e-01
3.310339748859405518e-01
-4.289548695087432861e-01
1.368143439292907715e+00
1.002418041229248047e+00
5.307339429855346680e-01
9.413036108016967773e-01
-2.727625966072082520e-01
-3.860902786254882812e-01
1.849026530981063843e-01
-3.873180598020553589e-02
-9.467078447341918945e-01
-3.614232540130615234e-01
-1.710400462150573730e+00
-2.662819623947143555e-01
5.506666302680969238e-01
-7.313866019248962402e-01
-1.663992851972579956e-01
-2.094873040914535522e-01
2.394284248352050781e+00
-9.377174377441406250e-01
-2.188688218593597412e-01
-1.435304403305053711e+00
3.577145040035247803e-01
4.090444445610046387e-01
-9.464593976736068726e-02
1.589024364948272705e-01
2.014366388320922852e-01
-1.942902326583862305e+00
1.790388226509094238e+00
1.163597822189331055e+00
1.047381997108459473e+00
4.691922962665557861e-01
2.872599959373474121e-01
3.631395995616912842e-01
1.772187352180480957e-01
-1.217026233673095703e+00
9.154949784278869629e-01
6.657561063766479492e-01
-3.808451294898986816e-01
-1.958936572074890137e+00
6.870741844177246094e-01
-4.593982100486755371e-01
6.200547218322753906e-01
8.456555008888244629e-01
-7.602940201759338379e-01
-1.693419367074966431e-01
-3.629212975502014160e-01
-3.457806110382080078e-01
-5.880931019783020020e-01
-3.738095760345458984e-01
-1.245050907135009766e+00
2.477803230285644531e-01
-2.406555563211441040e-01
1.167697072029113770e+00
1.586769819259643555e-01
1.974751710891723633e+00
-6.723353266716003418e-01
-4.498983919620513916e-01
1.530395388603210449e+00
-1.105191826820373535e+00
5.231088995933532715e-01
3.606610894203186035e-01
-1.926175951957702637e-01
2.271098643541336060e-01
-2.057940661907196045e-01
-9.122905731201171875e-01
-2.899228036403656006e-01
-5.258215069770812988e-01
8.707872629165649414e-01
-8.436196446418762207e-01
-1.714286684989929199e+00
-1.754500150680541992e+00
1.528124094009399414e+00
-1.881088614463806152e+00
-6.908274888992309570e-01
-7.922130227088928223e-01
-1.374896168708801270e+00
3.655283451080322266e-01
1.731126546859741211e+00
2.505719959735870361e-01
1.226204633712768555e+00
1.078568622469902039e-01
-9.783295989036560059e-01
-1.778512954711914062e+00
6.420449018478393555e-01
6.386476010084152222e-02
-1.458646178245544434e+00
4.065122827887535095e-02
1.627738475799560547e+00
-1.430034041404724121e-01
2.969555258750915527e-01
-3.475022017955780029e-01
1.136986091732978821e-01
6.644143462181091309e-01
-3.420349359512329102e-01
8.064763247966766357e-02
8.467407822608947754e-01
-6.847251057624816895e-01
2.342945337295532227e-01
9.138910770416259766e-01
-1.269453912973403931e-01
-2.787256846204400063e-03
-1.240664601325988770e+00
3.500240743160247803e-01
1.280683517456054688e+00
1.490043550729751587e-01
1.229775190353393555e+00
-7.477921843528747559e-01
4.026773571968078613e-01
-7.804239392280578613e-01
-5.988640785217285156e-01
4.295150637626647949e-01
6.204786300659179688e-01
-2.382420897483825684e-01
-8.722639679908752441e-01
-9.550113976001739502e-02
-4.119801223278045654e-01
1.159376263618469238e+00
-3.217203915119171143e-01
1.832140326499938965e+00
1.646466970443725586e+00
9.106135964393615723e-01
8.758791089057922363e-01
-1.662499308586120605e+00
-1.181232571601867676e+00
1.181967616081237793e+00
-7.733416557312011719e-01
1.000828519463539124e-01
-6.566018462181091309e-01
8.997793197631835938e-01
1.121044397354125977e+00
1.555783510208129883e+00
7.057843804359436035e-01
8.173027634620666504e-01
2.834218740463256836e-01
-4.891730844974517822e-01
1.104621142148971558e-01
6.251468062400817871e-01
9.337489604949951172e-01
-4.760727286338806152e-01
1.165984570980072021e-01
-5.754299834370613098e-02
4.037781655788421631e-01
2.372422367334365845e-01
2.557187378406524658e-01
1.290388226509094238e+00
-7.845089435577392578e-01
-4.434743523597717285e-01
9.337637424468994141e-01
-1.293643474578857422e+00
-9.104872494935989380e-02
4.240206778049468994e-01
4.114255309104919434e-01
3.525661528110504150e-01
-4.700614213943481445e-01
1.230321526527404785e-01
-1.641553938388824463e-01
-1.037985607981681824e-01
-2.904977321624755859e+00
5.522289872169494629e-01
5.286859869956970215e-01
1.332559436559677124e-01
1.338204264640808105e+00
-6.081041097640991211e-01
-1.423342466354370117e+00
1.992069721221923828e+00
1.936489701271057129e+00
-6.382436156272888184e-01
2.674843311309814453e+00
6.732887029647827148e-01
8.531799912452697754e-01
-7.392976284027099609e-01
-1.475758790969848633e+00
-3.078100681304931641e-01
2.471424490213394165e-01
6.419286131858825684e-02
7.220568060874938965e-01
3.657269775867462158e-01
-3.423740863800048828e-01
-2.697294205427169800e-02
-5.626267194747924805e-01
4.069459140300750732e-01
9.610962271690368652e-01
6.365842819213867188e-01
-1.214191913604736328e+00
-1.003254890441894531e+00
1.694205850362777710e-01
-4.133633673191070557e-01
6.588811874389648438e-01
-4.765805974602699280e-02
-5.887105315923690796e-02
1.467978715896606445e+00
2.313509941101074219e+00
1.506784081459045410e+00
-2.465542405843734741e-01
1.421743512153625488e+00
6.670433878898620605e-01
8.520896434783935547e-01
-3.223449587821960449e-01
1.131143212318420410e+00
7.520117163658142090e-01
1.045983314514160156e+00
3.975783884525299072e-01
-5.069459676742553711e-01
-1.354524400085210800e-02
-3.814149796962738037e-01
4.489201307296752930e-01
-6.006294488906860352e-02
1.218132019042968750e+00
8.639090061187744141e-01
-4.696035683155059814e-01
2.408976793289184570e+00
2.978096008300781250e-01
-2.915773093700408936e-01
1.038772940635681152e+00
5.630778670310974121e-01
1.800582557916641235e-01
1.758308649063110352e+00
-6.087392568588256836e-01
-1.176128387451171875e+00
9.090932607650756836e-01
-3.769349455833435059e-01
-9.565342664718627930e-01
-1.465931773185729980e+00
-8.722110837697982788e-02
4.182792007923126221e-01
-2.773182392120361328e+00
1.697452664375305176e-01
1.179422616958618164e+00
-1.584149122238159180e+00
9.419103860855102539e-01
-1.944767475128173828e+00
4.220798909664154053e-01
-3.112533092498779297e-01
2.082018107175827026e-01
-1.009404897689819336e+00
9.323281049728393555e-02
-1.600159287452697754e+00
-3.536480069160461426e-01
1.047979235649108887e+00
1.574187040328979492e+00
9.580350518226623535e-01
3.314992189407348633e-01
-5.745603889226913452e-02
8.861000537872314453e-01
1.931271404027938843e-01
-5.297330021858215332e-01
5.264477133750915527e-01
-1.267036318778991699e+00
-2.035606861114501953e+00
-7.922564446926116943e-02
1.363593935966491699e-01
-1.173584610223770142e-01
2.062609493732452393e-01
3.369163870811462402e-01
1.358324289321899414e+00
-5.242691040039062500e-01
-3.264338076114654541e-01
7.419443726539611816e-01
7.994089126586914062e-01
-1.073528170585632324e+00
-1.409965515136718750e+00
5.152555108070373535e-01
2.620319426059722900e-01
1.934194207191467285e+00
-1.317722797393798828e+00
3.692035079002380371e-01
-3.223923742771148682e-01
1.702390313148498535e-01
4.193851053714752197e-01
1.932208538055419922e+00
3.084230422973632812e-01
-8.151498436927795410e-01
-8.280853629112243652e-01
6.188661456108093262e-01
4.601443707942962646e-01
5.117512941360473633e-01
6.012253165245056152e-01
-1.623163700103759766e+00
-1.116012096405029297e+00
-1.052748084068298340e+00
1.627851009368896484e+00
8.800349831581115723e-01
9.797412753105163574e-01
1.217816829681396484e+00
2.115493535995483398e+00
-1.750900596380233765e-02
9.945757985115051270e-01
4.459629952907562256e-01
4.250799715518951416e-01
1.225345611572265625e+00
-1.171586990356445312e+00
-1.262842297554016113e+00
1.590388298034667969e+00
1.592343807220458984e+00
-3.110452592372894287e-01
-7.706896662712097168e-01
1.533358395099639893e-01
-8.462132811546325684e-01
-1.482924699783325195e+00
-2.551028728485107422e-01
2.191474586725234985e-01
1.718555450439453125e+00
-1.310500264167785645e+00
-7.939071655273437500e-01
8.829568028450012207e-01
-2.613063812255859375e+00
-5.979992151260375977e-01
6.243441104888916016e-01
-8.950570821762084961e-01
1.252311766147613525e-01
1.496383428573608398e+00
-9.502788782119750977e-01
-4.550335705280303955e-01
9.578149765729904175e-02
4.148679673671722412e-01
-1.476558893918991089e-01
-3.555217087268829346e-01
-6.658161878585815430e-01
1.105696558952331543e+00
-8.368524909019470215e-01
1.681342244148254395e+00
2.298645973205566406e+00
4.965078234672546387e-01
-9.147354960441589355e-01
-4.539075493812561035e-01
1.897941350936889648e+00
6.548073887825012207e-01
2.460722327232360840e-01
8.066068887710571289e-01
4.395435750484466553e-01
-1.885708421468734741e-01
6.945692896842956543e-01
-5.400710701942443848e-01
-1.349127054214477539e+00
-7.789455652236938477e-01
-9.721562862396240234e-01
8.639027476310729980e-01
5.806444883346557617e-01
1.000995516777038574e+00
6.550855934619903564e-03
1.222615316510200500e-01
-3.551834523677825928e-01
-1.425711154937744141e+00
1.974562853574752808e-01
1.536576867103576660e+00
-1.416148662567138672e+00
-1.286593437194824219e+00
-2.353462457656860352e+00
3.149676024913787842e-01
-3.444910049438476562e-01
-2.319918274879455566e-01
-8.854210376739501953e-02
-9.818733930587768555e-01
-1.557362377643585205e-01
3.060268461704254150e-01
-3.606043159961700439e-01
-1.371228814125061035e+00
2.075750529766082764e-01
-8.707998991012573242e-01
1.069531589746475220e-01
-1.054930925369262695e+00
-3.447801470756530762e-01
-1.046344041824340820e+00
9.353672266006469727e-01
3.935360014438629150e-01
2.591017484664916992e-01
-3.031851649284362793e-01
1.603070348501205444e-01
-1.235950112342834473e+00
5.234366655349731445e-01
7.772089242935180664e-01
-4.204719364643096924e-01
1.584468781948089600e-01
-1.627110362052917480e+00
2.005200624465942383e+00
-5.719825029373168945e-01
2.318177372217178345e-01
2.381222695112228394e-01
-2.089419364929199219e+00
1.544454693794250488e-01
-5.762857794761657715e-01
-4.811664298176765442e-02
-5.314777493476867676e-01
7.101770639419555664e-01
5.226992368698120117e-01
-1.612710356712341309e+00
-6.472605466842651367e-01
2.182640790939331055e+00
1.648460924625396729e-01
-1.817292809486389160e+00
1.211962938308715820e+00
-1.659333854913711548e-01
-1.250500321388244629e+00
5.982614159584045410e-01
-2.310967743396759033e-01
8.624233007431030273e-01
-2.939518094062805176e-01
2.164071321487426758e+00
3.310210406780242920e-01
-4.823965728282928467e-01
-1.524838566780090332e+00
1.870696783065795898e+00
-5.445606634020805359e-02
-1.229774594306945801e+00
-7.948744893074035645e-01
-1.694812923669815063e-01
-7.570254206657409668e-01
-4.221016764640808105e-01
2.048944532871246338e-01
-1.213614940643310547e+00
-7.460456490516662598e-01
6.604527682065963745e-02
2.670278586447238922e-02
-9.851676225662231445e-01
1.226322054862976074e+00
6.423760652542114258e-01
7.424055337905883789e-01
-1.179316997528076172e+00
6.184908375144004822e-02
1.042695522308349609e+00
7.464647889137268066e-01
-1.472936391830444336e+00
-6.580014228820800781e-01
1.327867150306701660e+00
-1.341567277908325195e+00
1.885632425546646118e-01
-3.799511790275573730e-01
-5.687712430953979492e-01
2.012820005416870117e+00
-1.374169826507568359e+00
7.284011840820312500e-01
1.815425038337707520e+00
1.260730504989624023e+00
-2.451508522033691406e+00
-2.016161084175109863e-01
-1.407168209552764893e-01
7.277896404266357422e-01
-2.010294437408447266e+00
1.126585960388183594e+00
8.193858712911605835e-02
1.068762660026550293e+00
1.652304828166961670e-01
6.032016277313232422e-01
9.112679958343505859e-01
1.584173440933227539e+00
2.734614908695220947e-01
1.147323489189147949e+00
-1.378489613533020020e+00
-1.386220335960388184e+00
1.929491758346557617e+00
-1.363780617713928223e+00
1.404762029647827148e+00
-4.861732721328735352e-01
3.892759680747985840e-01
-2.709022045135498047e+00
-8.141322135925292969e-01
-5.030334740877151489e-02
-2.151956781744956970e-03
3.298485577106475830e-01
4.329376518726348877e-01
7.755799293518066406e-01
-1.569234490394592285e+00
2.570551931858062744e-01
5.364333987236022949e-01
-2.282456755638122559e-01
9.244821667671203613e-01
1.610845446586608887e+00
-2.118941545486450195e+00
2.015984773635864258e+00
-1.807459592819213867e-01
8.807188272476196289e-01
-1.355053067207336426e+00
-1.250933408737182617e+00
1.249152887612581253e-02
-6.829739212989807129e-01
1.656874418258666992e-01
-8.462051749229431152e-01
-2.160952806472778320e+00
2.299390077590942383e+00
9.373817443847656250e-01
1.111097574234008789e+00
1.417565226554870605e+00
1.910311460494995117e+00
1.282229781150817871e+00
-2.222346700727939606e-02
1.089724972844123840e-01
7.970944046974182129e-01
-7.018470168113708496e-01
-8.276936411857604980e-01
1.054587721824645996e+00
5.322185754776000977e-01
1.888520121574401855e-01
5.241028666496276855e-01
9.181009531021118164e-01
1.568469107151031494e-01
-8.410311937332153320e-01
6.307770609855651855e-01
1.227892875671386719e+00
-5.989410281181335449e-01
1.633888959884643555e+00
-1.410948485136032104e-01
6.717097014188766479e-02
-1.210521578788757324e+00
-3.747287094593048096e-01
5.732111930847167969e-01
-8.452850580215454102e-01
8.415243029594421387e-01
-3.053635656833648682e-01
1.182202100753784180e-01
-9.844940900802612305e-01
1.152011513710021973e+00
1.292176485061645508e+00
-1.710463017225265503e-01
5.382410287857055664e-01
-3.455731868743896484e-01
2.915665507316589355e-01
1.529819726943969727e+00
-2.431461587548255920e-02
-3.989566862583160400e-01
-3.587717115879058838e-01
1.186263322830200195e+00
-7.023601531982421875e-01
-2.293219268321990967e-01
7.532328367233276367e-02
-8.407514691352844238e-01
-5.248565077781677246e-01
6.244419217109680176e-01
-5.176699906587600708e-02
-6.365048289299011230e-01
9.264183640480041504e-01
-5.973630547523498535e-01
1.642883062362670898e+00
2.871432900428771973e-01
1.063114762306213379e+00
3.090188503265380859e-01
-4.833711385726928711e-01
-3.813210129737854004e-01
-9.142785072326660156e-01
-8.968359231948852539e-01
6.929741501808166504e-01
-6.199539303779602051e-01
-4.380739629268646240e-01
-2.145819664001464844e-01
7.125896215438842773e-01
1.732448935508728027e+00
7.800091505050659180e-01
8.703896403312683105e-02
5.509532094001770020e-01
-1.501564774662256241e-02
-9.527240991592407227e-01
-9.482435584068298340e-01
-1.534533649682998657e-01
-4.398620426654815674e-01
-2.744891345500946045e-01
-4.161149561405181885e-01
-1.363035321235656738e+00
1.182013392448425293e+00
-1.245103716850280762e+00
2.653116464614868164e+00
-9.384019970893859863e-01
-1.604304760694503784e-01
-6.145195960998535156e-01
8.641831278800964355e-01
4.995924979448318481e-02
1.576082944869995117e+00
2.811461985111236572e-01
-1.283755898475646973e+00
-6.810089945793151855e-01
3.918412327766418457e-01
-9.189636707305908203e-01
-5.467296838760375977e-01
2.499752759933471680e+00
4.334354102611541748e-01
-5.249768495559692383e-01
-1.319427013397216797e+00
-2.139729738235473633e+00
2.482220172882080078e+00
-1.499042473733425140e-02
-6.225191950798034668e-01
1.734271794557571411e-01
1.590650916099548340e+00
-2.248820781707763672e+00
3.915892243385314941e-01
-3.978514909744262695e+00
-2.629806399345397949e-01
6.672102212905883789e-01
7.644085288047790527e-01
9.671511650085449219e-01
7.420292496681213379e-01
1.954062879085540771e-01
1.551934361457824707e+00
8.434031158685684204e-02
-2.031672447919845581e-01
-2.305399477481842041e-01
-1.280644834041595459e-01
-1.621695399284362793e+00
5.064615607261657715e-01
-1.066823303699493408e-01
9.202308952808380127e-02
-2.241046428680419922e-01
4.182857871055603027e-01
9.387329220771789551e-01
1.876553893089294434e-01
-2.439847774803638458e-02
-1.137741878628730774e-01
-1.119768694043159485e-01
-7.119331359863281250e-01
-2.694444060325622559e-01
-1.442659735679626465e+00
6.415483951568603516e-01
1.111308574676513672e+00
-4.669201970100402832e-01
-2.817063927650451660e-01
-1.637052536010742188e+00
-1.665284037590026855e+00
-7.356131821870803833e-02
7.752861827611923218e-02
-9.700873494148254395e-01
-5.570450425148010254e-01
1.125326991081237793e+00
-1.046130433678627014e-01
7.067190408706665039e-01
-6.846805214881896973e-01
-1.595267057418823242e+00
1.384477764368057251e-01
1.767846196889877319e-01
-9.496144950389862061e-02
5.745702981948852539e-01
5.811278820037841797e-01
-7.380098104476928711e-01
1.209390759468078613e+00
2.267950534820556641e+00
-6.343019008636474609e-01
-1.869275420904159546e-01
-6.243078410625457764e-02
-1.342699289321899414e+00
-3.086141645908355713e-01
1.392099499702453613e+00
-3.765770494937896729e-01
8.407675027847290039e-01
-1.497988343238830566e+00
3.978686630725860596e-01
-3.815920054912567139e-01
-7.776923775672912598e-01
1.089279055595397949e+00
-1.819610595703125000e+00
-2.717365324497222900e-01
8.023286461830139160e-01
-3.400825858116149902e-01
1.374076247215270996e+00
4.311995506286621094e-01
-1.170306563377380371e+00
-1.341352820396423340e+00
-4.319595694541931152e-01
5.882582813501358032e-02
-1.014024093747138977e-01
-2.648046314716339111e-01
-2.616663277149200439e-01
1.278725385665893555e+00
-6.602771878242492676e-01
2.531322240829467773e-01
-8.806458115577697754e-01
-8.033078312873840332e-01
-6.059134602546691895e-01
4.456768631935119629e-01
3.746955692768096924e-01
-7.611497640609741211e-01
7.266373634338378906e-01
-4.381387829780578613e-01
-3.174407780170440674e-01
-3.693045675754547119e-01
-3.979282379150390625e-01
1.868955254554748535e+00
1.285603523254394531e+00
1.185167074203491211e+00
3.472969233989715576e-01
3.797663748264312744e-01
-1.027345061302185059e+00
1.354995489120483398e+00
2.000194601714611053e-02
8.111332058906555176e-01
-4.684717357158660889e-01
-3.960139751434326172e-01
3.556312620639801025e-01
-3.440832197666168213e-01
5.707868933677673340e-01
-9.413710236549377441e-01
7.054306864738464355e-01
7.330970168113708496e-01
2.298870801925659180e+00
-2.944012582302093506e-01
2.108493089675903320e+00
-5.435768961906433105e-01
-4.612076878547668457e-01
1.085175037384033203e+00
-3.547200262546539307e-01
6.466069221496582031e-01
1.503270030021667480e+00
2.470337390899658203e+00
-2.819010913372039795e-01
-1.334345340728759766e+00
-1.697951406240463257e-01
2.326347678899765015e-01
1.546909332275390625e+00
-1.884100675582885742e+00
-1.226196169853210449e+00
-6.009519100189208984e-01
-7.100400924682617188e-01
1.076322555541992188e+00
-1.882650971412658691e+00
1.738907217979431152e+00
4.806886017322540283e-01
-4.880348145961761475e-01
6.845692396163940430e-01
8.718982338905334473e-01
-3.323981463909149170e-01
1.095050871372222900e-01
-4.668246805667877197e-01
-1.284057740122079849e-02
-1.409861922264099121e+00
8.680659532546997070e-01
-2.788985073566436768e-01
9.689421653747558594e-01
1.514074504375457764e-01
1.521604895591735840e+00
-7.773912549018859863e-01
2.500171065330505371e-01
-1.714140409603714943e-03
-1.049004673957824707e+00
5.564982891082763672e-01
-1.621313989162445068e-01
-3.619678318500518799e-01
1.480283379554748535e+00
-5.715999603271484375e-01
5.298849940299987793e-01
1.343818426132202148e+00
2.491469383239746094e-01
4.074245095252990723e-01
-1.029560685157775879e+00
8.386706113815307617e-01
1.790957093238830566e+00
-1.179790735244750977e+00
1.270419120788574219e+00
1.936951279640197754e+00
-8.416786193847656250e-01
-6.380284428596496582e-01
4.090644419193267822e-01
1.158098101615905762e+00
3.694543540477752686e-01
1.246092319488525391e+00
6.665925979614257812e-01
-1.116203546524047852e+00
9.028286337852478027e-01
2.300598382949829102e+00
6.303586810827255249e-02
-9.856002777814865112e-02
8.632302880287170410e-01
1.960637211799621582e+00
1.536576151847839355e-01
-1.345696806907653809e+00
2.650437831878662109e+00
1.394508481025695801e+00
1.410623043775558472e-01
3.462133109569549561e-01
4.198892414569854736e-01
1.413172125816345215e+00
1.677570819854736328e+00
2.940478801727294922e+00
-1.937258958816528320e+00
-1.035485565662384033e-01
-7.362704873085021973e-01
-4.477518796920776367e-01
8.366382122039794922e-01
1.147918581962585449e+00
6.253605484962463379e-01
-4.933018088340759277e-01
6.384376883506774902e-01
-1.552910804748535156e+00
8.292602896690368652e-01
-3.751835525035858154e-01
2.284186840057373047e+00
-9.323534555733203888e-03
1.868193298578262329e-01
3.473803699016571045e-01
3.152807652950286865e-01
-3.038511276245117188e-01
-1.179678559303283691e+00
-5.189536213874816895e-01
-2.318848222494125366e-01
-8.926382064819335938e-01
1.049388885498046875e+00
-3.190096616744995117e-01
-1.422212481498718262e+00
7.355254888534545898e-02
-6.019485592842102051e-01
-9.823094308376312256e-02
-8.428490161895751953e-01
-7.606299966573715210e-02
-4.140371084213256836e-01
-1.099393367767333984e+00
-9.475354850292205811e-02
8.822624683380126953e-01
2.832013368606567383e-01
-8.783948421478271484e-01
-5.588922500610351562e-01
-3.204332590103149414e-01
1.162968397140502930e+00
-1.091630458831787109e+00
1.508731484413146973e+00
9.295017123222351074e-01
1.801107048988342285e+00
7.045406103134155273e-01
-2.098805904388427734e+00
6.087910532951354980e-01
8.228175640106201172e-01
4.739812612533569336e-01
-8.150709867477416992e-01
-9.684345722198486328e-01
9.151087701320648193e-02
-6.207470297813415527e-01
-1.635932445526123047e+00
-3.378994166851043701e-01
-1.378210335969924927e-01
-1.200073242187500000e+00
9.659294486045837402e-01
5.481181144714355469e-01
-2.394584864377975464e-01
-1.486810922622680664e+00
1.110871195793151855e+00
-5.129257440567016602e-01
-8.751996755599975586e-01
6.322710514068603516e-01
1.422931998968124390e-01
-1.854090213775634766e+00
-3.868385553359985352e-01
-8.272823691368103027e-01
-5.384243726730346680e-01
1.601794004440307617e+00
-1.091766357421875000e+00
-3.165282011032104492e+00
-3.346807062625885010e-01
-1.572865605354309082e+00
-1.569688677787780762e+00
-6.000448465347290039e-01
-1.059698939323425293e+00
1.737579822540283203e+00
3.925251960754394531e-01
1.283576369285583496e+00
3.394157588481903076e-01
-8.173962831497192383e-01
1.472941875457763672e+00
-1.959765911102294922e+00
-1.221368193626403809e+00
6.077437475323677063e-02
-1.084924459457397461e+00
-2.795640230178833008e-01
-3.025635518133640289e-02
2.942010879516601562e+00
9.418617486953735352e-01
-7.132787704467773438e-01
-1.399091362953186035e+00
9.544572234153747559e-01
2.881555855274200439e-01
-1.644877910614013672e+00
3.328212723135948181e-02
-9.462723731994628906e-01
-1.872097730636596680e+00
-9.039520621299743652e-01
-3.995521664619445801e-01
1.464843630790710449e+00
-7.108079642057418823e-02
1.020280480384826660e+00
-3.451578319072723389e-01
-2.754357099533081055e+00
7.607454061508178711e-01
-1.837538719177246094e+00
1.666090607643127441e+00
4.422584474086761475e-01
-9.068833589553833008e-01
6.891818642616271973e-01
3.745251297950744629e-01
-1.553835391998291016e+00
4.419870078563690186e-01
7.974793910980224609e-01
3.127982616424560547e-01
-4.447989761829376221e-01
5.035699605941772461e-01
1.160402894020080566e+00
1.982499599456787109e+00
5.894388556480407715e-01
-8.203957080841064453e-01
-3.225709915161132812e+00
1.543640613555908203e+00
-6.313729286193847656e-02
-8.014126420021057129e-01
-3.569140732288360596e-01
7.820829153060913086e-01
1.398717880249023438e+00
5.447454452514648438e-01
9.378477931022644043e-01
3.224627971649169922e-01
-3.237856924533843994e-01
-6.896665096282958984e-01
-5.046051144599914551e-01
2.861124575138092041e-01
-3.544319048523902893e-02
-7.590189576148986816e-01
5.013548731803894043e-01
2.722459137439727783e-01
1.572628021240234375e+00
-3.680733144283294678e-01
9.334244728088378906e-01
-6.858290433883666992e-01
-8.116091489791870117e-01
1.190495371818542480e+00
-1.275689303874969482e-01
1.207501530647277832e+00
-2.916755154728889465e-02
-1.381866782903671265e-01
8.369842171669006348e-01
-8.418835997581481934e-01
3.133599460124969482e-01
2.169493883848190308e-01
2.912123687565326691e-02
-4.578479230403900146e-01
-4.896236360073089600e-01
2.494243532419204712e-02
3.222310245037078857e-01
7.156870961189270020e-01
1.681459426879882812e+00
3.084086179733276367e-01
-6.250015497207641602e-01
4.180454015731811523e-01
-7.506660372018814087e-02
-1.278203010559082031e+00
-1.115393996238708496e+00
-3.192394673824310303e-01
1.038569733500480652e-01
3.663899609819054604e-03
-3.358950838446617126e-02
-3.414096832275390625e-01
9.762564897537231445e-01
2.445552200078964233e-01
3.904977440834045410e-01
-3.616912364959716797e-01
-6.105024218559265137e-01
1.394244790077209473e+00
-7.609645724296569824e-01
9.567357301712036133e-01
-3.523436486721038818e-01
5.910014510154724121e-01
1.520547717809677124e-01
7.129353284835815430e-02
6.337701678276062012e-01
1.822968006134033203e+00
2.023541927337646484e-01
8.170452117919921875e-01
4.265485107898712158e-01
-8.761284947395324707e-01
1.654891371726989746e+00
1.684527844190597534e-01
-9.825295805931091309e-01
2.140187472105026245e-01
5.957601964473724365e-02
2.159366309642791748e-01
7.189041376113891602e-01
9.917830824851989746e-01
1.071199178695678711e+00
-8.083549737930297852e-01
-8.481911420822143555e-01
-1.270322352647781372e-01
1.702952086925506592e-01
-5.570076107978820801e-01
-1.020087122917175293e+00
-4.210351109504699707e-01
1.044002175331115723e+00
1.263336300849914551e+00
-9.928020238876342773e-01
8.983370065689086914e-01
-1.124535322189331055e+00
2.541977882385253906e+00
-2.980393171310424805e-01
-6.114364266395568848e-01
-3.902651965618133545e-01
-1.506409943103790283e-01
1.269361495971679688e+00
-1.316357970237731934e+00
1.232630610466003418e+00
-1.122601270675659180e+00
-1.020525455474853516e+00
5.065594911575317383e-01
1.346473097801208496e-01
-8.006768226623535156e-01
7.856628894805908203e-01
1.722866177558898926e+00
2.068282365798950195e+00
6.449543833732604980e-01
-1.019039869308471680e+00
7.250968217849731445e-01
-2.148820012807846069e-01
1.480972290039062500e+00
3.468549251556396484e-01
5.211026668548583984e-01
1.950781494379043579e-01
-1.629039168357849121e+00
5.874386429786682129e-02
8.695148676633834839e-02
1.775687098503112793e+00
1.570558786392211914e+00
2.978674769401550293e-01
-1.721071004867553711e-01
1.487845927476882935e-01
-1.342301011085510254e+00
-9.872636795043945312e-01
-9.768745303153991699e-01
6.861431598663330078e-01
-2.767823338508605957e-01
6.299241185188293457e-01
2.129797935485839844e+00
-1.279868245124816895e+00
-2.313352525234222412e-01
-6.637822091579437256e-02
2.320077270269393921e-01
9.347683191299438477e-01
4.827840626239776611e-01
-4.912199676036834717e-01
-5.812602639198303223e-01
1.799571156501770020e+00
7.972030043601989746e-01
-2.580469608306884766e+00
-9.723713397979736328e-01
-3.125342428684234619e-01
-1.103659868240356445e-01
-1.185649394989013672e+00
7.925843000411987305e-01
2.658690512180328369e-01
-2.225572347640991211e+00
-1.201464772224426270e+00
-6.851645708084106445e-01
1.318270061165094376e-02
-1.025146961212158203e+00
3.968746215105056763e-02
2.357036352157592773e+00
9.305594563484191895e-01
-1.152378082275390625e+00
-9.062106609344482422e-01
1.134673357009887695e+00
2.151367664337158203e+00
-3.835255205631256104e-01
6.516895294189453125e-01
-1.580320596694946289e+00
-3.317269980907440186e-01
8.659748435020446777e-01
-8.557678461074829102e-01
-1.333825349807739258e+00
4.954142570495605469e-01
-8.039400577545166016e-01
-1.559203982353210449e+00
-8.192120790481567383e-01
-1.040554404258728027e+00
-7.884836196899414062e-02
-6.258367300033569336e-01
-1.016394019126892090e+00
1.659613728523254395e+00
-1.753163576126098633e+00
-1.886751055717468262e+00
1.254210352897644043e+00
-5.117337107658386230e-01
-9.864901900291442871e-01
1.068817973136901855e-01
-1.689819574356079102e+00
1.981108449399471283e-02
2.459809064865112305e+00
9.740090370178222656e-01
-2.856901101768016815e-02
1.834941267967224121e+00
-2.925881743431091309e-01
8.099929690361022949e-01
8.186281323432922363e-01
3.853655755519866943e-01
5.854514241218566895e-01
-1.622822403907775879e+00
-8.110927343368530273e-01
1.206308126449584961e+00
7.248558998107910156e-01
-6.293262839317321777e-01
-1.252968549728393555e+00
5.020001530647277832e-01
1.251612424850463867e+00
-4.792641401290893555e-01
2.070358753204345703e+00
-3.176651716232299805e+00
-3.917181491851806641e-01
6.244128346443176270e-01
-2.344633489847183228e-01
6.006077527999877930e-01
2.292769104242324829e-01
1.537679553031921387e+00
2.685482740402221680e+00
2.479982674121856689e-01
-1.194940328598022461e+00
-2.007924318313598633e+00
6.525860428810119629e-01
-2.647008299827575684e-01
-1.515519380569458008e+00
1.194982290267944336e+00
-5.095980167388916016e-01
3.037065863609313965e-01
7.452768683433532715e-01
3.580224886536598206e-02
7.433451414108276367e-01
2.810394167900085449e-01
-1.349927902221679688e+00
8.901922702789306641e-01
1.912309378385543823e-01
2.894246816635131836e+00
-8.237870931625366211e-01
1.005675911903381348e+00
-1.819105744361877441e+00
-4.948102831840515137e-01
9.721983671188354492e-01
7.282031774520874023e-01
2.165585994720458984e+00
-6.135513186454772949e-01
1.490268707275390625e-01
1.036927223205566406e+00
-1.467112421989440918e+00
1.817378163337707520e+00
5.844866856932640076e-02
-1.551350206136703491e-01
2.632087171077728271e-01
-1.203719601035118103e-01
-1.138235330581665039e+00
2.391551285982131958e-01
9.439449310302734375e-01
8.781363964080810547e-01
-6.350289583206176758e-01
-4.425786733627319336e-01
2.691293358802795410e-01
-5.293914079666137695e-01
7.920119166374206543e-02
-1.515739262104034424e-01
-4.980024993419647217e-01
-4.180898666381835938e-01
-6.201882660388946533e-02
-2.112022191286087036e-01
1.247675895690917969e+00
6.467961072921752930e-01
-1.373040676116943359e+00
5.745954513549804688e-01
2.444275319576263428e-01
2.751529216766357422e-01
-1.347991228103637695e+00
6.123213768005371094e-01
6.345383524894714355e-01
2.235953807830810547e+00
-1.625917434692382812e+00
-1.012864708900451660e+00
1.093454957008361816e+00
-6.594595909118652344e-01
4.044822752475738525e-01
2.880726754665374756e-01
1.233616709709167480e+00
-4.377605393528938293e-02
3.137927055358886719e-01
-3.770110607147216797e-01
2.666324615478515625e+00
2.708414316177368164e+00
1.046082377433776855e+00
5.117549896240234375e-01
-1.377533525228500366e-01
-3.554626107215881348e-01
1.062049508094787598e+00
-1.487636208534240723e+00
-2.017876386642456055e+00
-5.086979269981384277e-01
2.807339429855346680e-01
-9.078826308250427246e-01
-8.804123401641845703e-01
1.338779926300048828e+00
1.639387570321559906e-02
-2.081209897994995117e+00
-1.357012152671813965e+00
2.003693282604217529e-01
3.729001879692077637e-01
-1.049448490142822266e+00
1.147097200155258179e-01
-2.423821389675140381e-01
-3.799981474876403809e-01
5.900290012359619141e-01
9.384541511535644531e-01
6.375778913497924805e-01
-1.607104688882827759e-01
-4.630061089992523193e-01
1.737442612648010254e-01
1.194334998726844788e-01
5.381131768226623535e-01
-6.088348627090454102e-01
6.928614974021911621e-01
-9.744237661361694336e-01
1.667335629463195801e+00
-5.071327090263366699e-01
7.946709394454956055e-01
-5.236546397209167480e-01
-3.246538639068603516e-01
-1.826558113098144531e-01
6.244783997535705566e-01
1.100059449672698975e-01
2.346432954072952271e-01
1.708499193191528320e+00
1.346773743629455566e+00
1.302227616310119629e+00
1.875597596168518066e+00
-9.755991101264953613e-01
1.802636981010437012e+00
-7.591192722320556641e-01
-1.162704825401306152e+00
3.712640404701232910e-01
1.230931639671325684e+00
6.247298121452331543e-01
-3.111903965473175049e-01
-8.701913356781005859e-01
-1.602789014577865601e-01
-1.232369989156723022e-01
-4.062597155570983887e-01
1.100328415632247925e-01
-1.191873192787170410e+00
-1.103047966957092285e+00
-7.027511000633239746e-01
-5.402410626411437988e-01
-1.686975240707397461e+00
1.796764880418777466e-01
3.324605226516723633e-01
9.852819442749023438e-01
-1.509804964065551758e+00
4.792042374610900879e-01
-6.901973485946655273e-01
-7.572380453348159790e-02
-1.288733005523681641e+00
2.463819533586502075e-01
4.018017947673797607e-01
6.486091613769531250e-01
-3.453345894813537598e-01
1.202026829123497009e-01
3.382279276847839355e-01
-1.496207356452941895e+00
-3.848376572132110596e-01
-2.673417925834655762e-01
4.282755255699157715e-01
1.638590812683105469e+00
8.583118915557861328e-01
1.299390792846679688e+00
5.042383670806884766e-01
-8.192817568778991699e-01
1.447697520256042480e+00
2.023195743560791016e+00
-2.442912608385086060e-01
1.787146568298339844e+00
-7.986796498298645020e-01
1.034514188766479492e+00
-1.186232924461364746e+00
-1.846926659345626831e-01
1.100781112909317017e-01
-1.384487897157669067e-01
-1.555874049663543701e-01
1.149359703063964844e+00
-1.523573994636535645e+00
9.713530540466308594e-01
3.708403185009956360e-02
-8.452517986297607422e-01
5.912891030311584473e-01
3.523313403129577637e-01
2.651215791702270508e-01
1.421218365430831909e-02
-2.667110562324523926e-01
-5.870250463485717773e-01
6.312267184257507324e-01
-1.323650956153869629e+00
1.405707359313964844e+00
-9.637805819511413574e-02
-2.053875446319580078e+00
-9.413201212882995605e-01
-6.637273430824279785e-01
-1.333946108818054199e+00
1.962558627128601074e+00
8.424237370491027832e-01
3.821585178375244141e-01
1.497224926948547363e+00
8.887448310852050781e-01
-1.648498326539993286e-01
1.638595581054687500e+00
4.594048112630844116e-02
6.530086994171142578e-01
-7.736178636550903320e-01
-4.198513925075531006e-01
-1.597352772951126099e-01
8.203664422035217285e-01
1.220259547233581543e+00
-1.257862567901611328e+00
3.177943825721740723e-01
-1.934707760810852051e+00
-3.546424806118011475e-01
1.265058755874633789e+00
-1.039160490036010742e+00
7.787809371948242188e-01
4.832515716552734375e-01
-1.207178235054016113e+00
-2.217768192291259766e+00
1.148988246917724609e+00
2.595466077327728271e-01
8.765209466218948364e-02
5.654749870300292969e-01
-5.612220168113708496e-01
-2.027099609375000000e+00
4.351275861263275146e-01
3.149116039276123047e-01
-1.616370677947998047e-01
-9.603339433670043945e-01
2.072141408920288086e+00
4.567361772060394287e-01
-4.628770053386688232e-01
-1.519847989082336426e+00
-1.837550163269042969e+00
1.349427998065948486e-01
8.963511586189270020e-01
-3.911747932434082031e-01
-9.838633537292480469e-01
-6.417994499206542969e-01
3.451655060052871704e-02
-8.965513706207275391e-01
-1.313980698585510254e+00
5.563180427998304367e-03
1.014682412147521973e+00
-1.668952703475952148e-01
1.331560611724853516e+00
-5.580879449844360352e-01
1.470274448394775391e+00
3.822971880435943604e-01
-1.383478999137878418e+00
-7.454369664192199707e-01
-2.985717058181762695e-01
-1.193389892578125000e+00
1.195993065834045410e+00
-2.716505229473114014e-01
-8.368482440710067749e-02
-1.732359409332275391e+00
6.070692539215087891e-01
-1.679167747497558594e+00
-3.205166459083557129e-01
-9.308521747589111328e-01
1.840578317642211914e+00
4.036059677600860596e-01
3.810003399848937988e-01
2.081245422363281250e+00
-2.046791553497314453e+00
-6.174057126045227051e-01
-3.496202826499938965e-01
1.405076742172241211e+00
-4.052714109420776367e-01
2.210479259490966797e+00
-8.482477068901062012e-01
-5.361453164368867874e-03
-1.165294572710990906e-01
5.818681046366691589e-02
6.648242473602294922e-01
-4.123483002185821533e-01
-2.142017364501953125e+00
9.415875375270843506e-02
5.775684118270874023e-01
5.898317694664001465e-01
-1.411801815032958984e+00
2.001612186431884766e+00
-2.372341454029083252e-01
1.281933307647705078e+00
-9.218171238899230957e-01
9.534178376197814941e-01
-1.792857766151428223e+00
1.597473740577697754e+00
1.310859441757202148e+00
7.263202071189880371e-01
-4.640923142433166504e-01
-6.306150555610656738e-01
-4.942091107368469238e-01
-2.364688515663146973e-01
-1.057169914245605469e+00
9.550825357437133789e-01
-7.063268423080444336e-01
-9.007220268249511719e-01
-8.195807337760925293e-01
-3.602495193481445312e-01
-6.498836874961853027e-01
1.041598021984100342e-01
-1.860237270593643188e-01
-3.017477095127105713e-01
1.214861631393432617e+00
-2.512225806713104248e-01
6.439998745918273926e-01
-6.638193726539611816e-01
6.127678751945495605e-01
1.788851767778396606e-01
-1.520146489143371582e+00
1.379028201103210449e+00
8.465723395347595215e-01
9.032357931137084961e-01
-2.166615009307861328e+00
1.326928973197937012e+00
-9.738764762878417969e-01
-3.916956484317779541e-01
2.485582679510116577e-01
3.816662430763244629e-01
3.613069653511047363e-01
-1.350036144256591797e+00
-1.986668258905410767e-01
1.489707708358764648e+00
-1.102931022644042969e+00
-1.677433371543884277e+00
1.189754724502563477e+00
1.191808104515075684e+00
4.335020184516906738e-01
-2.506853938102722168e-01
3.852240741252899170e-01
-3.850745260715484619e-01
-7.887492775917053223e-01
1.217758536338806152e+00
-1.365343809127807617e+00
7.610782980918884277e-01
-1.351215481758117676e+00
-2.836277782917022705e-01
4.524991512298583984e-01
-1.029590606689453125e+00
1.225540757179260254e+00
-2.065864950418472290e-01
-8.977259993553161621e-01
2.215002626180648804e-01
-1.418438553810119629e+00
-2.430284470319747925e-01
5.930694341659545898e-01
-1.554705500602722168e+00
6.242940425872802734e-01
-3.689795136451721191e-01
-1.275557637214660645e+00
2.784954607486724854e-01
3.110419511795043945e-01
-8.164040446281433105e-01
2.930033504962921143e-01
1.765423178672790527e+00
-3.054838478565216064e-01
1.072491288185119629e+00
8.033504486083984375e-01
-2.522233640775084496e-03
8.124858140945434570e-01
-1.524980813264846802e-01
-1.176305055618286133e+00
5.824838876724243164e-01
1.841560006141662598e-02
1.660284876823425293e+00
4.247562587261199951e-01
2.965103685855865479e-01
-4.729965329170227051e-02
9.082950949668884277e-01
-1.857852697372436523e+00
1.377329081296920776e-01
8.705428242683410645e-01
-8.662296533584594727e-01
-2.558963000774383545e-01
-1.199258565902709961e+00
2.107976526021957397e-01
1.977390497922897339e-01
1.786203026771545410e+00
3.377217650413513184e-01
-4.174901962280273438e+00
4.923941493034362793e-01
8.602695465087890625e-01
-5.862282514572143555e-01
-3.459402918815612793e-01
-6.560520529747009277e-01
-5.175803899765014648e-01
1.635717153549194336e-01
-5.188491567969322205e-02
-2.702278643846511841e-02
5.932476744055747986e-02
3.277971148490905762e-01
-9.348919987678527832e-02
-6.226825714111328125e-01
-1.723593026399612427e-01
3.033681809902191162e-01
1.571782082319259644e-01
-4.535869061946868896e-01
4.068374335765838623e-01
-1.742422223091125488e+00
1.651490688323974609e+00
1.815605312585830688e-01
-1.290870189666748047e+00
1.193673372268676758e+00
5.583040043711662292e-02
1.562235713005065918e+00
-1.326075792312622070e-01
-1.889354586601257324e-01
1.484622001647949219e+00
7.312901616096496582e-01
1.547606945037841797e+00
1.717501997947692871e+00
1.157524585723876953e+00
1.543021202087402344e+00
-2.602185010910034180e-01
-9.064891934394836426e-01
1.829116106033325195e+00
-4.871175438165664673e-02
-6.768372058868408203e-01
-1.627382159233093262e+00
-8.756545186042785645e-01
-1.767966866493225098e+00
9.923735857009887695e-01
-1.211505293846130371e+00
1.272260427474975586e+00
8.884738087654113770e-01
-7.199585437774658203e-01
-1.595394462347030640e-01
-2.360842943191528320e+00
1.345880031585693359e-01
4.934874773025512695e-01
5.080063343048095703e-01
1.619796872138977051e+00
7.280742377042770386e-02
-8.594788908958435059e-01
4.968138039112091064e-01
-6.957044601440429688e-01
7.942026853561401367e-01
2.068975925445556641e+00
-1.177052974700927734e+00
-1.783812522888183594e+00
2.194084823131561279e-01
2.278332114219665527e-01
-5.893222093582153320e-01
2.125749588012695312e+00
-8.401117920875549316e-01
5.355238318443298340e-01
1.281314939260482788e-01
-1.054810285568237305e+00
9.449491500854492188e-01
-1.542582511901855469e+00
-4.670771062374114990e-01
4.431379139423370361e-01
-9.594814181327819824e-01
9.620745182037353516e-01
5.907779335975646973e-01
4.162028431892395020e-03
-3.218624293804168701e-01
-4.839012622833251953e-01
-1.173097968101501465e+00
-8.860377073287963867e-01
-1.546833276748657227e+00
6.742563843727111816e-01
-5.299774408340454102e-01
-4.947488307952880859e-01
-1.746827363967895508e+00
-1.531259059906005859e+00
-5.468752980232238770e-01
-2.069308757781982422e+00
-4.336425364017486572e-01
1.949559092521667480e+00
-9.920982122421264648e-01
1.822665929794311523e+00
1.285525202751159668e+00
-7.642595469951629639e-02
-1.297070741653442383e+00
-7.251437306404113770e-01
7.491927146911621094e-01
-1.523741288110613823e-03
8.936429023742675781e-01
1.132155776023864746e+00
5.337315201759338379e-01
-7.336140275001525879e-01
-7.949438691139221191e-02
-6.676345467567443848e-01
-2.312415987253189087e-01
9.009175300598144531e-01
-1.995289802551269531e+00
-1.260274529457092285e+00
9.618779420852661133e-01
-7.540643811225891113e-01
-1.307338595390319824e+00
-1.172077134251594543e-01
-6.386122107505798340e-02
7.619174122810363770e-01
-4.449979364871978760e-01
-3.119957819581031799e-02
5.032637119293212891e-01
-1.230611681938171387e+00
2.285827159881591797e+00
2.192477941513061523e+00
6.571438163518905640e-02
7.041377574205398560e-02
2.639983415603637695e+00
4.653140902519226074e-02
6.182787418365478516e-01
2.635791301727294922e+00
-2.535196244716644287e-01
7.417175173759460449e-01
-2.751414179801940918e-01
-1.149134993553161621e+00
3.339141011238098145e-01
3.834049105644226074e-01
1.690892815589904785e+00
-1.037260651588439941e+00
1.105747342109680176e+00
-5.062394216656684875e-02
-7.073402404785156250e-01
1.097339272499084473e+00
2.194884233176708221e-02
5.431007146835327148e-01
-5.014848113059997559e-01
7.164602875709533691e-01
-1.214802742004394531e+00
-1.539965987205505371e+00
-1.034334540367126465e+00
3.699755072593688965e-01
6.022179722785949707e-01
-1.138186812400817871e+00
-1.230841755867004395e+00
1.309227943420410156e+00
3.849631845951080322e-01
-1.616641521453857422e+00
1.370396375656127930e+00
-1.042556047439575195e+00
-5.991486310958862305e-01
-8.248911499977111816e-01
-4.526331722736358643e-01
-1.812677830457687378e-01
3.594180643558502197e-01
1.635653018951416016e+00
-7.546187639236450195e-01
-5.215023159980773926e-01
-2.819156944751739502e-01
6.602901816368103027e-01
-5.916525721549987793e-01
5.506191849708557129e-01
2.085504531860351562e+00
-3.443200588226318359e-01
2.428250610828399658e-01
1.738957762718200684e+00
-8.125093579292297363e-01
-5.634722113609313965e-01
-6.643563508987426758e-02
-5.881842225790023804e-02
-1.282238006591796875e+00
-1.298560619354248047e+00
9.766581058502197266e-01
4.055387377738952637e-01
-9.982340335845947266e-01
-2.208929806947708130e-01
-1.679016947746276855e+00
-5.268151760101318359e-01
5.872055888175964355e-01
-6.309056282043457031e-01
-2.154735624790191650e-01
-1.983237862586975098e+00
-3.269446790218353271e-01
3.905012505128979683e-03
6.468324363231658936e-02
-2.205345481634140015e-01
-8.504285812377929688e-01
5.458372831344604492e-01
7.348173856735229492e-01
1.926171332597732544e-01
-5.426088571548461914e-01
-9.339609146118164062e-01
1.841861963272094727e+00
-1.646634578704833984e+00
-1.313058733940124512e+00
-9.179205447435379028e-02
-1.101308226585388184e+00
-9.670057892799377441e-01
3.421418964862823486e-01
-1.143370747566223145e+00
4.142093360424041748e-01
8.251598477363586426e-01
-1.986263751983642578e+00
-6.083084344863891602e-01
1.561583727598190308e-01
1.223080635070800781e+00
-5.206149443984031677e-02
-1.622750237584114075e-02
4.509182870388031006e-01
-9.857481718063354492e-01
1.474339127540588379e+00
1.293062686920166016e+00
-5.344102978706359863e-01
-2.504547536373138428e-01
9.965171813964843750e-01
7.784600257873535156e-01
-1.616946578025817871e+00
-7.678606780245900154e-04
3.258986175060272217e-01
1.740355014801025391e+00
5.298906564712524414e-01
1.117592975497245789e-01
7.470979541540145874e-02
-8.255451172590255737e-02
-1.469005823135375977e+00
1.252946257591247559e+00
7.572163939476013184e-01
6.760213971138000488e-01
-7.667881250381469727e-01
6.367924809455871582e-01
5.343983769416809082e-01
-1.263926625251770020e+00
1.770582675933837891e+00
4.951367378234863281e-01
-2.548332214355468750e-01
5.256503224372863770e-01
-4.660456776618957520e-01
-1.102085858583450317e-01
-1.312853693962097168e+00
4.521571397781372070e-01
-1.020430922508239746e+00
1.281426787376403809e+00
1.853940486907958984e-01
1.078131437301635742e+00
-1.502206087112426758e+00
-1.762848198413848877e-01
1.144359946250915527e+00
6.919994950294494629e-01
1.197918534278869629e+00
7.226904034614562988e-01
-6.712165474891662598e-01
-2.197896003723144531e+00
7.832569479942321777e-01
7.214819639921188354e-02
5.294095873832702637e-01
-1.825174242258071899e-01
1.873112469911575317e-01
-6.392921209335327148e-01
-7.777469158172607422e-01
6.614970564842224121e-01
-1.698493123054504395e+00
7.895138859748840332e-01
-3.164107203483581543e-01
9.867048859596252441e-01
-1.685316264629364014e-01
-6.856232136487960815e-02
7.536008954048156738e-01
-1.354965806007385254e+00
1.337254047393798828e-01
-2.482784837484359741e-01
4.061003923416137695e-01
-2.080195665359497070e+00
-4.942931234836578369e-01
-8.871085643768310547e-01
-8.824593424797058105e-01
-9.986239075660705566e-01
-2.076701641082763672e+00
-1.591306805610656738e+00
5.997312068939208984e-01
-1.506365656852722168e+00
-1.019087314605712891e+00
1.009773254394531250e+00
8.533174991607666016e-01
-8.533594012260437012e-01
7.060264348983764648e-01
9.031744003295898438e-01
9.888393282890319824e-01
-1.713006019592285156e+00
1.167885884642601013e-01
1.621588587760925293e+00
-2.447504363954067230e-02
-1.453947663307189941e+00
-1.453850269317626953e-01
1.104304790496826172e+00
7.131010890007019043e-01
-3.364807963371276855e-01
1.657762050628662109e+00
-3.356219530105590820e-01
-1.124884933233261108e-01
5.507884621620178223e-01
-6.170357391238212585e-02
5.720426440238952637e-01
7.191456556320190430e-01
-3.982173800468444824e-01
3.424615859985351562e-01
-2.904133796691894531e-01
-3.995226025581359863e-01
-2.332609653472900391e+00
-6.236212253570556641e-01
-6.974306702613830566e-01
-5.692229270935058594e-01
2.263335943222045898e+00
-6.935402750968933105e-01
-5.086781382560729980e-01
9.129385948181152344e-01
1.062784433364868164e+00
-4.038887321949005127e-01
-5.414916276931762695e-01
-7.887129783630371094e-01
-1.366996884346008301e+00
9.985067248344421387e-01
1.263338565826416016e+00
2.089153528213500977e-01
3.609193563461303711e-01
-2.241914272308349609e+00
-6.175917387008666992e-01
5.088653564453125000e-01
-1.506903409957885742e+00
-3.038924336433410645e-01
-9.266483783721923828e-02
-3.432606160640716553e-01
1.875169575214385986e-01
4.973848164081573486e-01
3.349118828773498535e-01
-7.183455228805541992e-01
9.487461447715759277e-01
-8.529446125030517578e-01
4.021288454532623291e-01
7.720265388488769531e-01
-8.195855468511581421e-02
-1.222022652626037598e+00
-8.567374944686889648e-01
6.089251041412353516e-01
-3.820739313960075378e-02
-5.503927469253540039e-01
2.890365719795227051e-01
-7.502172589302062988e-01
-3.053210675716400146e-01
1.705736756324768066e+00
-2.142439484596252441e-01
-1.015048265457153320e+00
3.856391906738281250e-01
1.010076403617858887e+00
2.009810686111450195e+00
-1.171334981918334961e+00
3.037807643413543701e-01
-2.075412750244140625e+00
-5.062099695205688477e-01
-1.002728343009948730e+00
-2.727385461330413818e-01
9.516682624816894531e-01
6.850102543830871582e-01
8.061410188674926758e-01
1.254897236824035645e+00
4.699793457984924316e-02
-3.079816401004791260e-01
1.897884249687194824e+00
-1.821289807558059692e-01
-5.054379105567932129e-01
2.279792726039886475e-01
4.266851246356964111e-01
2.728774249553680420e-01
3.754454851150512695e-01
2.677093446254730225e-01
7.443022131919860840e-01
-1.307120561599731445e+00
1.503482609987258911e-01
1.510049700736999512e+00
-4.803528785705566406e-01
-1.132992029190063477e+00
-8.745029568672180176e-02
-2.335094064474105835e-01
-1.391080021858215332e-01
7.532597184181213379e-01
1.601538181304931641e+00
6.270123124122619629e-01
-7.799563407897949219e-01
-3.625700995326042175e-02
7.213370203971862793e-01
-2.315495610237121582e-01
6.530928611755371094e-01
-8.463761210441589355e-01
-3.110136091709136963e-01
3.275956511497497559e-01
-6.123930811882019043e-01
1.205289363861083984e+00
6.988207697868347168e-01
-7.522408962249755859e-01
-5.206972360610961914e-01
1.664738178253173828e+00
3.280547261238098145e-01
-5.038145557045936584e-02
-4.183501601219177246e-01
6.389312148094177246e-01
1.216524362564086914e+00
-9.403996467590332031e-01
2.330893874168395996e-01
-2.302157580852508545e-01
1.045710369944572449e-01
-1.776247620582580566e-01
-7.953442931175231934e-01
1.457501173019409180e+00
1.342089474201202393e-01
6.309915184974670410e-01
-1.652633905410766602e+00
7.014985680580139160e-01
1.769657135009765625e-01
4.148595780134201050e-02
-6.081931591033935547e-01
-4.144484698772430420e-01
-7.613906264305114746e-01
-3.163047432899475098e-01
-6.976712346076965332e-01
-1.962930709123611450e-02
2.492503821849822998e-01
1.907733827829360962e-01
1.372620463371276855e+00
-1.990624547004699707e+00
-1.053102731704711914e+00
-8.758788108825683594e-01
-2.042173743247985840e-01
1.360124945640563965e+00
8.437838554382324219e-01
-1.296262443065643311e-01
-1.760891675949096680e+00
9.529297947883605957e-01
5.537039041519165039e-01
1.058214664459228516e+00
-2.148261070251464844e+00
3.507079482078552246e-01
7.586145401000976562e-02
1.047030210494995117e+00
9.667345285415649414e-01
6.213745102286338806e-02
-9.814540743827819824e-01
9.227976202964782715e-01
-2.191722691059112549e-01
2.280194044113159180e+00
7.669624686241149902e-01
1.533385872840881348e+00
-1.108100891113281250e+00
5.898538827896118164e-01
1.608552932739257812e+00
-3.529559671878814697e-01
-1.701256513595581055e+00
1.351561546325683594e-01
-2.574669122695922852e-01
5.162438154220581055e-01
1.973060965538024902e+00
-2.068035900592803955e-01
1.766129136085510254e-01
3.592258095741271973e-01
-7.832260727882385254e-01
1.598688662052154541e-01
1.307905793190002441e+00
-3.340162634849548340e-01
1.544518828392028809e+00
5.645180866122245789e-02
-1.104699373245239258e+00
1.081552267074584961e+00
2.067002058029174805e+00
5.338584780693054199e-01
-1.128405094146728516e+00
-1.096584558486938477e+00
-1.546823829412460327e-01
2.386988401412963867e-01
-5.254129171371459961e-01
2.561973035335540771e-01
9.663832783699035645e-01
9.041315913200378418e-01
1.387837767601013184e+00
2.769816517829895020e-01
6.908058524131774902e-01
-2.816109061241149902e-01
-8.169642835855484009e-02
2.925615012645721436e-01
9.878187775611877441e-01
9.663388133049011230e-01
-1.764765083789825439e-01
-3.403672277927398682e-01
-5.541272163391113281e-01
-4.983924329280853271e-01
-1.148011684417724609e+00
-1.292583346366882324e+00
1.629035919904708862e-01
1.887742877006530762e+00
1.327706098556518555e+00
-5.559115409851074219e-01
-5.610702037811279297e-01
1.448835060000419617e-02
1.178187489509582520e+00
-1.001376509666442871e+00
1.486337780952453613e+00
3.552948236465454102e-01
1.500191926956176758e+00
-1.087702512741088867e+00
-1.736036300659179688e+00
8.633459210395812988e-01
1.754986643791198730e+00
7.471979856491088867e-01
4.594365358352661133e-01
-8.745226263999938965e-02
-6.175136193633079529e-02
1.518234372138977051e+00
1.824392005801200867e-02
-1.061443328857421875e+00
-1.382623434066772461e+00
1.244865894317626953e+00
1.408845931291580200e-01
-2.085112094879150391e+00
-7.098407149314880371e-01
-1.543190240859985352e+00
9.550972580909729004e-01
2.042892128229141235e-01
2.776936590671539307e-01
7.761057615280151367e-01
1.224574804306030273e+00
-9.014263153076171875e-01
-5.060988664627075195e-01
2.425729751586914062e+00
-8.634507656097412109e-01
3.000053167343139648e-01
2.929811775684356689e-01
6.808781027793884277e-01
-1.448925435543060303e-01
-1.120695024728775024e-01
6.838626265525817871e-01
3.029593229293823242e-01
1.791441887617111206e-01
-1.237602949142456055e+00
2.106458187103271484e+00
2.980165481567382812e-01
-4.539709389209747314e-01
-3.685384616255760193e-02
-1.476245760917663574e+00
1.292182087898254395e+00
-1.439222216606140137e+00
1.026000618934631348e+00
-1.541931986808776855e+00
-5.021120905876159668e-01
-1.518645286560058594e+00
8.835050463676452637e-01
-5.352855920791625977e-01
-6.758916657418012619e-03
-1.191755652427673340e+00
3.612278103828430176e-01
5.642048120498657227e-01
-9.603158831596374512e-01
1.255553841590881348e+00
-7.446542978286743164e-01
6.532700061798095703e-01
5.447759628295898438e-01
-1.203040599822998047e+00
-1.368328809738159180e+00
2.868168950080871582e-01
-4.368384778499603271e-01
4.508175328373908997e-02
8.123610019683837891e-01
-9.031901359558105469e-01
9.794085025787353516e-01
-5.121701955795288086e-01
-3.827271759510040283e-01
2.695528745651245117e+00
-3.604450523853302002e-01
-9.253425002098083496e-01
-4.738489389419555664e-01
-3.437695801258087158e-01
8.040034174919128418e-01
-4.431525766849517822e-01
-1.425142765045166016e+00
-3.760897219181060791e-01
-1.124416351318359375e+00
-1.093327626585960388e-02
2.832438051700592041e-01
1.121781229972839355e+00
7.399093508720397949e-01
-1.067203164100646973e+00
-3.637143597006797791e-02
9.638189077377319336e-01
-9.161118268966674805e-01
-1.473737835884094238e+00
-7.075839638710021973e-01
2.902657270431518555e+00
-4.244633913040161133e-01
-1.519930958747863770e-01
4.742753505706787109e-02
-4.889758825302124023e-01
5.357376337051391602e-01
-5.236660242080688477e-01
-4.961786270141601562e-01
-3.717403411865234375e-01
3.972716256976127625e-02
-1.168363690376281738e+00
3.173513412475585938e-01
2.042878121137619019e-01
-9.717844724655151367e-01
2.852114140987396240e-01
-1.131525039672851562e+00
3.406841754913330078e-01
3.850864171981811523e-01
-2.348496198654174805e+00
1.284759879112243652e+00
6.995528936386108398e-01
2.239061295986175537e-01
-1.179133057594299316e+00
-5.290057882666587830e-02
-5.747364163398742676e-01
-1.840273976325988770e+00
1.260725975036621094e+00
-5.229895114898681641e-01
3.786763846874237061e-01
3.944867253303527832e-01
8.691929578781127930e-01
-8.019974231719970703e-01
-8.561335802078247070e-01
3.728168010711669922e-01
-1.874978899955749512e+00
-6.954771876335144043e-01
1.455366909503936768e-01
-4.201865196228027344e-02
-1.220211148262023926e+00
-3.441986441612243652e-01
1.085770606994628906e+00
-9.655654430389404297e-01
-3.956957161426544189e-01
-1.052268743515014648e+00
5.908285826444625854e-02
2.461405992507934570e+00
-8.531593680381774902e-01
-6.821791082620620728e-02
2.576749324798583984e+00
-3.968583941459655762e-01
1.141275167465209961e+00
1.683639168739318848e+00
1.082024201750755310e-01
2.173836678266525269e-01
-5.477867126464843750e-01
-1.298027515411376953e+00
1.632912516593933105e+00
1.633221745491027832e+00
5.190415978431701660e-01
-6.996410489082336426e-01
1.425264358520507812e+00
3.275762498378753662e-01
4.595864415168762207e-01
-3.711816966533660889e-01
2.113053500652313232e-01
1.088253110647201538e-01
-7.751984596252441406e-01
4.592539370059967041e-01
-1.920120269060134888e-01
-4.205048829317092896e-02
7.154668867588043213e-02
9.470684528350830078e-01
1.898151040077209473e+00
1.184291243553161621e+00
7.329500317573547363e-01
1.752274036407470703e+00
-1.334633231163024902e+00
4.415383934974670410e-01
-8.553324937820434570e-01
-8.602055907249450684e-01
-1.519118428230285645e+00
7.019131779670715332e-01
-4.857088029384613037e-01
1.175120115280151367e+00
-2.544303536415100098e-01
-3.467564880847930908e-01
-4.945952296257019043e-01
-1.695689082145690918e+00
-5.794771909713745117e-01
1.820101618766784668e+00
9.674242734909057617e-01
-2.158489704132080078e+00
-1.072458744049072266e+00
-9.559813737869262695e-01
-1.190412402153015137e+00
5.081030726432800293e-01
-2.476724386215209961e+00
-3.174551427364349365e-01
1.720339059829711914e+00
8.402295112609863281e-01
1.882971376180648804e-01
5.423292517662048340e-01
-8.572267293930053711e-01
1.223064303398132324e+00
-3.992387652397155762e-01
8.551094532012939453e-01
4.365720450878143311e-01
-4.479811489582061768e-01
2.425961494445800781e-01
-4.486554563045501709e-01
1.421554386615753174e-01
-2.151473164558410645e-01
-7.025394439697265625e-01
9.007567763328552246e-01
-1.334743201732635498e-01
1.693116128444671631e-01
-5.376191735267639160e-01
-1.091737866401672363e+00
-1.258435130119323730e+00
4.472344219684600830e-01
5.837399959564208984e-01
8.458858728408813477e-01
-9.065167307853698730e-01
1.158864498138427734e+00
1.302936077117919922e-01
-1.785781383514404297e-01
1.517376452684402466e-01
9.507474489510059357e-03
-6.544123888015747070e-01
-2.740519121289253235e-02
1.436496526002883911e-01
-4.915098100900650024e-02
-9.943676590919494629e-01
1.175354599952697754e+00
1.785778403282165527e+00
2.551900148391723633e-01
-1.229988098144531250e+00
-8.153704404830932617e-01
-3.448565304279327393e-02
-1.804944574832916260e-01
-1.673947095870971680e+00
-7.458264827728271484e-01
4.214723706245422363e-01
-1.440689444541931152e+00
-6.772470474243164062e-01
-8.248120546340942383e-01
6.198532134294509888e-02
-1.120819151401519775e-01
1.587381958961486816e+00
-3.509203493595123291e-01
7.573196887969970703e-01
1.112832665443420410e+00
-2.083122968673706055e+00
-6.935256719589233398e-02
-1.378309726715087891e+00
-1.129922509193420410e+00
-1.555916965007781982e-01
1.455070734024047852e+00
-7.005718946456909180e-01
-2.310194224119186401e-01
1.934428215026855469e+00
1.346419095993041992e+00
1.216063380241394043e+00
-1.374237418174743652e+00
-1.980201900005340576e-01
-1.001494675874710083e-01
-3.662834465503692627e-01
5.182434320449829102e-01
6.800661683082580566e-01
9.677956700325012207e-01
9.161201119422912598e-01
-1.846430063247680664e+00
5.828819274902343750e-01
-8.332837820053100586e-01
-1.829222440719604492e-01
1.132970094680786133e+00
-3.891640007495880127e-01
-5.216702222824096680e-01
-2.453813791275024414e+00
-1.284938454627990723e-01
1.508447974920272827e-01
1.001131296157836914e+00
-8.926264643669128418e-01
8.310651779174804688e-02
-3.247613906860351562e-01
1.235149428248405457e-01
1.888606190681457520e+00
-4.962426424026489258e-01
-1.635690212249755859e+00
3.217559456825256348e-01
2.280506044626235962e-01
5.863559842109680176e-01
-1.792950630187988281e+00
6.999844908714294434e-01
-1.215815901756286621e+00
1.477845430374145508e+00
5.845994949340820312e-01
4.937422573566436768e-01
1.199146389961242676e+00
-7.094460129737854004e-01
9.811107516288757324e-01
-1.540069580078125000e+00
1.554827570915222168e+00
7.224246859550476074e-01
-4.713150262832641602e-01
4.043263196945190430e-01
6.685420274734497070e-01
9.863159805536270142e-02
-4.398434162139892578e-01
6.708667278289794922e-01
-1.862399339675903320e+00
4.456489384174346924e-01
5.622639507055282593e-02
-1.130661010742187500e+00
5.732499957084655762e-01
-7.537770271301269531e-01
3.350634276866912842e-01
-6.347548216581344604e-03
4.556418955326080322e-01
-6.252744700759649277e-03
2.348244428634643555e+00
-6.262419372797012329e-02
-4.780682921409606934e-01
-9.498705714941024780e-02
-3.619219958782196045e-01
9.383028000593185425e-02
1.049266815185546875e+00
-3.437696099281311035e-01
9.958430528640747070e-01
6.714982390403747559e-01
-1.987787723541259766e+00
-1.388678252696990967e-01
-2.758718729019165039e-01
-1.719694212079048157e-02
1.846654653549194336e+00
-1.026234745979309082e+00
3.659568428993225098e-01
7.274711132049560547e-01
-6.757110953330993652e-01
-2.776482403278350830e-01
7.321035116910934448e-02
-3.384298980236053467e-01
-4.909884631633758545e-01
-1.856341481208801270e+00
5.481081008911132812e-01
-3.949579317122697830e-03
-1.054471373558044434e+00
3.074365556240081787e-01
1.647760868072509766e+00
1.519246120005846024e-02
-9.035108238458633423e-02
-4.114991426467895508e-01
3.292766809463500977e-01
1.558030843734741211e+00
8.474512100219726562e-01
-1.919302701950073242e+00
1.199356317520141602e+00
1.356320023536682129e+00
-2.538265585899353027e-01
-1.996846199035644531e+00
1.825229406356811523e+00
1.504659056663513184e+00
1.847694158554077148e+00
-1.159611940383911133e+00
1.945030391216278076e-01
-1.880932569503784180e+00
-1.413711458444595337e-01
-8.239794373512268066e-01
7.672670483589172363e-01
-4.521716237068176270e-01
3.656424582004547119e-01
1.130092263221740723e+00
-1.441890001296997070e-01
-1.711604475975036621e+00
1.055737018585205078e+00
5.275587439537048340e-01
-4.515852630138397217e-01
-1.037480235099792480e+00
4.667935669422149658e-01
8.577417731285095215e-01
-9.250460863113403320e-01
-1.173567026853561401e-01
-1.233170390129089355e+00
-9.435210824012756348e-01
5.358234047889709473e-01
-2.017993450164794922e+00
-1.994817852973937988e-01
7.748803496360778809e-01
-1.111935853958129883e+00
1.487708836793899536e-01
-8.962492346763610840e-01
-2.150059342384338379e-01
-1.070800185203552246e+00
-7.686519622802734375e-01
1.162357091903686523e+00
2.391388714313507080e-01
-7.020167708396911621e-01
1.064960122108459473e+00
-1.143983721733093262e+00
-5.356887578964233398e-01
-1.225918292999267578e+00
-3.923979997634887695e-01
1.343678474426269531e+00
-1.522234380245208740e-01
-6.567982435226440430e-01
-1.486011862754821777e+00
3.133472204208374023e-01
-6.114183664321899414e-01
-6.216338276863098145e-01
-5.256950855255126953e-01
4.625193476676940918e-01
-6.220959499478340149e-02
-2.220082283020019531e+00
-5.923351645469665527e-01
-2.383137643337249756e-01
7.999753355979919434e-01
4.336714446544647217e-01
-3.025659620761871338e-01
-4.084223508834838867e-01
-3.359438180923461914e-01
-4.102534651756286621e-01
8.866187334060668945e-01
-5.795254707336425781e-01
6.416576504707336426e-01
2.239495217800140381e-01
-1.100170373916625977e+00
-9.746185541152954102e-01
1.606901049613952637e+00
6.247155666351318359e-01
-4.923863410949707031e-01
2.879922688007354736e-01
-1.136894583702087402e+00
-1.251407265663146973e+00
-1.660043954849243164e+00
2.297311574220657349e-01
-4.062451124191284180e-01
1.532728552818298340e+00
-8.986444473266601562e-01
7.819735407829284668e-01
-9.720163941383361816e-01
-4.193452745676040649e-02
-1.831680089235305786e-01
-4.699757993221282959e-01
-5.395916849374771118e-02
-2.018781453371047974e-01
1.219911456108093262e+00
-1.717641115188598633e+00
-1.881035715341567993e-01
-1.805792093276977539e+00
-8.481365442276000977e-01
-7.242225408554077148e-01
-5.932552218437194824e-01
1.559570908546447754e+00
-1.409276723861694336e-01
-6.214725971221923828e-01
1.492556452751159668e+00
-3.532400131225585938e-01
4.483650922775268555e-01
1.141128897666931152e+00
2.740494906902313232e-01
1.046534895896911621e+00
-2.733403742313385010e-01
-2.288444042205810547e-01
-8.032355308532714844e-01
4.493431150913238525e-01
-1.938304156064987183e-01
5.551945567131042480e-01
-1.416060328483581543e-01
-1.529295563697814941e+00
1.012017607688903809e+00
6.259244680404663086e-01
-3.537519872188568115e-01
-1.399566769599914551e+00
-1.047373294830322266e+00
1.727373719215393066e+00
-1.641124129295349121e+00
1.411930024623870850e-01
3.474055528640747070e-01
-1.331512689590454102e+00
3.389327824115753174e-01
8.005334138870239258e-01
-1.283917188644409180e+00
-9.949344992637634277e-01
1.363238543272018433e-01
-1.172595500946044922e+00
3.636506795883178711e-01
-1.341437935829162598e+00
-4.290060102939605713e-01
1.077126979827880859e+00
1.649972677230834961e+00
-2.500541210174560547e-01
1.965658664703369141e-01
-4.680201411247253418e-01
6.226718053221702576e-02
2.916720509529113770e-01
1.088496804237365723e+00
3.696628212928771973e-01
2.270104646682739258e+00
1.173748970031738281e+00
-4.331766068935394287e-01
-6.414157152175903320e-01
2.018012762069702148e+00
5.504366159439086914e-01
-4.146793857216835022e-02
-1.825880646705627441e+00
1.666945576667785645e+00
-2.354961633682250977e-01
4.345541819930076599e-02
1.506577253341674805e+00
-7.959203124046325684e-01
-5.369170308113098145e-01
-4.634450674057006836e-01
-1.555318951606750488e+00
-1.066899538040161133e+00
5.142554268240928650e-02
-1.064816474914550781e+00
1.969732284545898438e+00
-2.990204691886901855e-01
3.253205120563507080e-01
9.762883186340332031e-01
1.166263818740844727e+00
-3.022947013378143311e-01
4.835205078125000000e-01
-3.361836075782775879e-01
-4.436597824096679688e-01
-1.811358809471130371e+00
-1.217157602310180664e+00
2.375552058219909668e-01
-2.858045697212219238e-01
-6.425092369318008423e-02
-3.814901113510131836e-01
-1.357041001319885254e-01
1.263687610626220703e+00
9.621057510375976562e-01
7.457911968231201172e-01
-5.286587476730346680e-01
-1.372638940811157227e+00
1.020896553993225098e+00
-1.611918926239013672e+00
-1.100588560104370117e+00
6.903337687253952026e-02
-3.580909967422485352e-01
-7.166810333728790283e-02
-3.378293812274932861e-01
1.064712643623352051e+00
-1.235672354698181152e+00
-2.460459023714065552e-01
-3.276795744895935059e-01
-7.367925643920898438e-01
-1.720022112131118774e-01
2.897343635559082031e+00
1.584351509809494019e-01
1.576993465423583984e+00
-1.434536218643188477e+00
7.195338010787963867e-01
-2.890651524066925049e-01
2.157654762268066406e-01
-1.510845065116882324e+00
1.931107997894287109e+00
-1.232219219207763672e+00
-1.076829433441162109e+00
2.194965600967407227e+00
7.951676845550537109e-01
-5.848916172981262207e-01
1.019297719001770020e+00
3.137508034706115723e-01
-2.192662805318832397e-01
5.246965885162353516e-01
-2.323414385318756104e-01
-1.271965742111206055e+00
1.222869634628295898e+00
-2.597171068191528320e+00
-2.663574218750000000e-01
2.082860022783279419e-01
-2.529823184013366699e-01
8.448973298072814941e-01
-1.588815152645111084e-01
2.051483094692230225e-01
-8.908496797084808350e-02
-7.157694101333618164e-01
3.772062063217163086e-01
3.811118006706237793e-01
1.470619916915893555e+00
-3.945802450180053711e-01
6.808711588382720947e-02
-5.639539361000061035e-01
-4.321022629737854004e-01
6.633360981941223145e-01
-9.181575179100036621e-01
1.224878191947937012e+00
6.135484576225280762e-02
2.239939451217651367e+00
1.655656844377517700e-01
-2.318354606628417969e+00
-7.938308119773864746e-01
6.707922816276550293e-01
-1.125749111175537109e+00
-4.047586321830749512e-01
5.492907017469406128e-02
-1.930916786193847656e+00
-1.575665712356567383e+00
1.806804418563842773e+00
-1.883240818977355957e+00
3.026166856288909912e-01
9.835627675056457520e-01
-5.555981993675231934e-01
-1.407671689987182617e+00
6.230188608169555664e-01
5.359627604484558105e-01
-2.153126448392868042e-01
9.292073249816894531e-01
7.241657972335815430e-01
-1.595511913299560547e+00
-8.713943958282470703e-01
-2.360669374465942383e-01
6.374871730804443359e-01
-4.244596362113952637e-01
6.843648850917816162e-03
1.860080361366271973e-01
7.497571706771850586e-01
2.900491654872894287e-01
9.078451991081237793e-01
2.044214159250259399e-01
7.927593588829040527e-01
4.326869249343872070e-01
2.161379605531692505e-01
5.091019272804260254e-01
1.929847002029418945e-01
1.412561058998107910e+00
1.420526504516601562e+00
-8.150727152824401855e-01
-1.572642028331756592e-01
-4.139876365661621094e-01
4.785605892539024353e-02
8.253997564315795898e-01
8.948192000389099121e-01
6.951860189437866211e-01
-3.509323000907897949e-01
-1.749533534049987793e+00
-1.038971066474914551e+00
2.280741930007934570e-01
2.241383939981460571e-01
-3.530515134334564209e-01
6.384464502334594727e-01
-4.312080740928649902e-01
1.003363847732543945e+00
5.834003444761037827e-03
-1.241144180297851562e+00
-9.204173684120178223e-01
-4.544637501239776611e-01
2.438491582870483398e-01
-1.263388872146606445e+00
5.862360000610351562e-01
1.692973136901855469e+00
1.079104185104370117e+00
-7.955960631370544434e-01
4.832442700862884521e-01
8.696815371513366699e-01
6.562496423721313477e-01
-9.009622931480407715e-01
2.336038053035736084e-01
2.737504959106445312e+00
-1.568897217512130737e-01
1.248241424560546875e+00
9.851659536361694336e-01
6.778984665870666504e-01
7.984616160392761230e-01
-9.648628830909729004e-01
-1.118654370307922363e+00
-5.666192770004272461e-01
-1.411170601844787598e+00
1.372170895338058472e-01
-8.897705078125000000e-01
-2.344397068023681641e+00
1.675071477890014648e+00
-1.033373713493347168e+00
-7.237120717763900757e-02
-4.738170206546783447e-01
-9.150482416152954102e-01
-1.554562330245971680e+00
2.122804149985313416e-02
-9.768681973218917847e-02
3.549243509769439697e-01
-7.360345721244812012e-01
-4.031150043010711670e-01
1.160824298858642578e+00
1.134669303894042969e+00
-1.387118816375732422e+00
8.120279312133789062e-01
-1.645868539810180664e+00
1.738491505384445190e-01
2.434715032577514648e-01
-1.928781628608703613e+00
4.477701187133789062e-01
1.581881165504455566e+00
2.029503583908081055e-01
1.221923530101776123e-01
-7.069420814514160156e-01
-3.629412055015563965e-01
-1.260415554046630859e+00
-5.761193633079528809e-01
9.518427252769470215e-01
-8.914933204650878906e-01
-4.933469295501708984e-01
-9.391899704933166504e-01
3.413300514221191406e-01
3.816680610179901123e-01
1.528096795082092285e+00
1.960385918617248535e+00
1.642379045486450195e+00
2.839296497404575348e-02
-1.042960524559020996e+00
-1.540691137313842773e+00
9.930182099342346191e-01
-6.950361728668212891e-01
1.828644752502441406e+00
-1.159334421157836914e+00
-7.544904947280883789e-01
4.227074980735778809e-02
-1.070407986640930176e+00
-5.108062624931335449e-01
-1.771907806396484375e-01
5.472164750099182129e-01
-3.802654519677162170e-02
3.393868803977966309e-01
-5.949972271919250488e-01
-2.946056127548217773e-01
1.606765747070312500e+00
-1.150383353233337402e+00
-1.147515401244163513e-01
1.496552586555480957e+00
5.187916755676269531e-01
-2.553133293986320496e-03
-8.220068812370300293e-01
1.870977997779846191e+00
-4.614540189504623413e-02
-2.504806518554687500e-01
2.889864146709442139e-01
-5.026629194617271423e-03
-2.253483831882476807e-01
-1.150039061903953552e-01
2.856587469577789307e-01
-1.170869946479797363e+00
4.614889025688171387e-01
-2.486458569765090942e-01
1.903887540102005005e-01
9.041172862052917480e-01
1.183620989322662354e-01
-4.386581778526306152e-01
-1.360634326934814453e+00
-1.009185433387756348e+00
6.734850257635116577e-02
4.183728992938995361e-01
4.634858369827270508e-01
-1.626600027084350586e+00
-1.242976427078247070e+00
1.005566835403442383e+00
-1.370940655469894409e-01
-7.738835811614990234e-01
-7.320278882980346680e-01
2.968187630176544189e-01
1.494501113891601562e+00
-4.744344949722290039e-01
-2.313653677701950073e-01
-2.067152112722396851e-01
9.818015247583389282e-02
-1.409318447113037109e+00
-1.075191259384155273e+00
-1.163022994995117188e+00
2.375385537743568420e-02
-9.149266034364700317e-02
7.179128527641296387e-01
3.526516258716583252e-01
2.436991780996322632e-02
1.782905757427215576e-01
-2.933812737464904785e-01
-1.172079682350158691e+00
7.165151238441467285e-01
1.514504194259643555e+00
8.504409193992614746e-01
7.657755017280578613e-01
7.580288052558898926e-01
-2.280133485794067383e+00
1.238836407661437988e+00
-2.394548505544662476e-01
-7.218819856643676758e-01
-7.477158904075622559e-01
8.989193439483642578e-01
2.304264605045318604e-01
-2.158774286508560181e-01
1.697860360145568848e+00
-2.171358346939086914e+00
1.274922370910644531e+00
1.397621750831604004e+00
-2.723334133625030518e-01
3.102028667926788330e-01
1.504526257514953613e+00
2.433334112167358398e+00
1.211528182029724121e+00
1.179141283035278320e+00
-5.053997412323951721e-02
-2.282826900482177734e+00
-2.895141243934631348e-01
6.202089190483093262e-01
1.781261712312698364e-01
1.880395114421844482e-01
-1.157417416572570801e+00
3.868656158447265625e-01
9.609923958778381348e-01
1.865121871232986450e-01
3.991983532905578613e-01
1.795636653900146484e+00
-4.825363308191299438e-02
1.403443664312362671e-01
1.041157171130180359e-01
-8.822436332702636719e-01
-7.081909179687500000e-01
-9.769542217254638672e-01
2.903987653553485870e-02
-8.532025814056396484e-01
-5.486893057823181152e-01
-3.186419308185577393e-01
-8.744867444038391113e-01
2.006196260452270508e+00
6.901924014091491699e-01
-8.794973045587539673e-02
3.141541182994842529e-01
5.994399189949035645e-01
-2.174145728349685669e-01
-6.086273789405822754e-01
-3.750348389148712158e-01
4.028772115707397461e-01
6.222151685506105423e-03
2.898922562599182129e-01
-3.153848052024841309e-01
6.312717199325561523e-01
-1.498690724372863770e+00
1.197181344032287598e+00
-3.603123724460601807e-01
9.461631178855895996e-01
1.132002100348472595e-01
-1.029893517494201660e+00
1.444732546806335449e+00
-1.732589364051818848e+00
1.453171372413635254e+00
-1.502756495028734207e-03
3.389085233211517334e-01
3.166952431201934814e-01
-9.421392083168029785e-01
5.080431699752807617e-01
1.418443799018859863e+00
6.400386691093444824e-01
2.159470878541469574e-02
1.811607927083969116e-01
1.135037064552307129e+00
-4.877056181430816650e-01
1.115987420082092285e+00
-5.795597434043884277e-01
9.083632826805114746e-01
-8.802590966224670410e-01
-3.342932164669036865e-01
8.578110933303833008e-01
4.057875573635101318e-01
-2.482314109802246094e-01
-1.983043432235717773e+00
1.685196042060852051e+00
-7.214417457580566406e-01
6.020302176475524902e-01
4.455637037754058838e-01
4.629728198051452637e-01
9.938085079193115234e-01
-2.329201102256774902e-01
9.013863205909729004e-01
-1.255045413970947266e+00
-1.983570158481597900e-01
8.845357298851013184e-01
-3.884193953126668930e-03
2.542093098163604736e-01
1.559583902359008789e+00
7.149664163589477539e-01
3.610082864761352539e-01
5.646113157272338867e-01
6.204943060874938965e-01
3.447967171669006348e-01
-3.194736540317535400e-01
1.412420392036437988e+00
1.015316769480705261e-01
1.694414615631103516e+00
3.653103113174438477e-01
1.095551371574401855e+00
1.212542727589607239e-01
-3.248305022716522217e-01
1.111088871955871582e+00
-6.581961512565612793e-01
4.021084010601043701e-01
-1.747766509652137756e-02
8.142780065536499023e-01
7.658668756484985352e-01
-8.954800367355346680e-01
-7.721085548400878906e-01
1.307271242141723633e+00
3.498514890670776367e-01
1.185124754905700684e+00
2.295280545949935913e-01
4.871750175952911377e-01
-4.058179259300231934e-01
-6.979805827140808105e-01
1.065706372261047363e+00
1.493377704173326492e-02
3.508712351322174072e-01
1.214550852775573730e+00
-5.269144773483276367e-01
-6.628946661949157715e-01
-7.116517424583435059e-01
-4.754465520381927490e-01
1.223378062248229980e+00
-1.089629173278808594e+00
7.374666333198547363e-01
1.210664391517639160e+00
9.458028674125671387e-01
-1.549409747123718262e+00
-4.095617532730102539e-01
-1.891641139984130859e+00
5.503968596458435059e-01
1.395719051361083984e+00
1.151800036430358887e+00
1.452123284339904785e+00
-1.075068116188049316e+00
-5.701801776885986328e-01
3.494741320610046387e-01
5.716132521629333496e-01
3.771614730358123779e-01
-1.212564706802368164e+00
-1.310349225997924805e+00
3.296808898448944092e-01
-5.701065063476562500e-02
-2.049640119075775146e-01
1.577478647232055664e+00
9.948191642761230469e-01
1.659698933362960815e-01
-3.003644049167633057e-01
-8.560564368963241577e-02
-1.212616801261901855e+00
-1.236973285675048828e+00
2.366535365581512451e-01
1.820250988006591797e+00
-1.379565715789794922e+00
-6.204340457916259766e-01
-4.596450924873352051e-01
-4.609934687614440918e-01
-8.375746607780456543e-01
-2.301895141601562500e+00
1.490294814109802246e+00
1.318688631057739258e+00
-1.438553929328918457e+00
6.282092928886413574e-01
1.462001681327819824e+00
1.054453015327453613e+00
-5.955197215080261230e-01
-9.723939895629882812e-01
-1.147511124610900879e+00
9.556523710489273071e-02
-1.023277997970581055e+00
6.052730977535247803e-02
1.632801294326782227e+00
-8.582949638366699219e-01
-2.527605295181274414e-01
1.253738641738891602e+00
-2.058941841125488281e+00
-1.062847018241882324e+00
-4.088406264781951904e-01
3.177177011966705322e-01
-6.483778953552246094e-01
2.236889600753784180e+00
4.985316693782806396e-01
-6.766972541809082031e-01
3.094141483306884766e-01
-2.770972847938537598e-01
-8.717620968818664551e-01
5.580968856811523438e-01
3.177527189254760742e-01
-1.357554674148559570e+00
3.151476979255676270e-01
6.976051330566406250e-01
1.732246041297912598e+00
-6.332930922508239746e-01
-1.518131256103515625e+00
-1.135663747787475586e+00
1.145261645317077637e+00
-1.528123736381530762e+00
-1.299259513616561890e-01
1.309809923171997070e+00
8.212518692016601562e-01
6.694899797439575195e-01
-1.138562679290771484e+00
1.112456440925598145e+00
-5.856675505638122559e-01
1.970153748989105225e-01
-4.809619188308715820e-01
5.141105651855468750e-01
1.704219460487365723e+00
-1.280465871095657349e-01
-7.115870714187622070e-01
1.999752596020698547e-02
-1.272557139396667480e+00
6.514384150505065918e-01
-3.347249329090118408e-01
5.512177348136901855e-01
2.786990702152252197e-01
-7.938390970230102539e-01
-7.085298001766204834e-02
6.702483296394348145e-01
-4.252418875694274902e-01
-1.447120070457458496e+00
1.084832310676574707e+00
-3.032673299312591553e-01
5.300585925579071045e-02
2.225534915924072266e-01
5.580480694770812988e-01
-1.146992206573486328e+00
6.517832875251770020e-01
8.766009211540222168e-01
1.074933558702468872e-01
3.313156366348266602e-01
7.074116170406341553e-02
-3.857279717922210693e-01
-1.184019684791564941e+00
1.685733675956726074e+00
1.387171387672424316e+00
8.416088819503784180e-01
-5.030629634857177734e-01
8.454138636589050293e-01
1.940810322761535645e+00
-4.088913202285766602e-01
7.921277284622192383e-01
3.745823144912719727e+00
1.020749926567077637e+00
1.454863667488098145e+00
-1.832422763109207153e-01
-1.467458605766296387e+00
-8.167977929115295410e-01
-1.015645980834960938e+00
-1.895145058631896973e+00
-1.820096373558044434e+00
-6.747300624847412109e-01
-2.072827816009521484e-01
-1.184933900833129883e+00
3.241621851921081543e-01
4.526144862174987793e-01
-2.827391028404235840e-01
-1.002991676330566406e+00
-3.621847331523895264e-01
-1.049078106880187988e+00
2.724260687828063965e-01
2.356164902448654175e-01
-1.187558285892009735e-02
-2.607161179184913635e-02
-1.885324269533157349e-01
4.065714478492736816e-01
3.768110275268554688e-01
-7.474398612976074219e-01
-2.426651239395141602e+00
-1.769712418317794800e-01
5.880577564239501953e-01
1.301104903221130371e+00
-4.023923277854919434e-01
-1.634018301963806152e+00
-8.490961045026779175e-02
1.010655999183654785e+00
-7.322551012039184570e-01
-4.945128858089447021e-01
9.892532825469970703e-01
-4.483103752136230469e-02
9.233228564262390137e-01
1.044628500938415527e+00
-6.905800104141235352e-01
2.225248217582702637e-01
1.921459585428237915e-01
-1.468339323997497559e+00
2.016313552856445312e+00
1.937079280614852905e-01
8.664004802703857422e-01
-5.137038826942443848e-01
2.351628303527832031e+00
-6.048021912574768066e-01
1.288482546806335449e+00
-1.029310107231140137e+00
-7.105010747909545898e-01
1.257743388414382935e-01
-1.450401663780212402e+00
1.331501960754394531e+00
6.960497498512268066e-01
-5.242575407028198242e-01
1.692555189132690430e+00
-1.416094899177551270e+00
-7.718937993049621582e-01
1.164912462234497070e+00
-1.763639211654663086e+00
-8.848651647567749023e-01
-5.877512693405151367e-02
-5.270975828170776367e-01
8.601718395948410034e-02
-9.349462389945983887e-01
9.277707934379577637e-01
-2.365466117858886719e+00
-1.535097122192382812e+00
-1.057511210441589355e+00
2.691498100757598877e-01
-1.068688035011291504e+00
6.139906644821166992e-01
-1.065561652183532715e+00
2.595429658889770508e+00
-1.756777524948120117e+00
6.430430412292480469e-01
-1.208792924880981445e+00
-8.627361655235290527e-01
-1.423575580120086670e-01
-1.440235972404479980e+00
3.574686348438262939e-01
6.015484929084777832e-01
-7.381267547607421875e-01
1.040549755096435547e+00
-5.009462833404541016e-01
6.025551557540893555e-01
-7.478760182857513428e-02
-4.518125355243682861e-01
-2.724500894546508789e-01
-3.761552274227142334e-01
1.097274780273437500e+00
-4.167119860649108887e-01
3.519589900970458984e-01
-7.878376245498657227e-01
1.075375452637672424e-01
-4.919644445180892944e-02
1.432556271553039551e+00
-1.365428447723388672e+00
-8.118066787719726562e-01
2.637865841388702393e-01
1.371391415596008301e+00
2.154140949249267578e+00
-1.242933869361877441e+00
3.344025313854217529e-01
2.325238734483718872e-01
8.802637457847595215e-02
-6.572634577751159668e-01
9.609082341194152832e-01
1.149424076080322266e+00
5.755608677864074707e-01
-1.555267870426177979e-01
1.599944680929183960e-01
-1.008356735110282898e-02
-8.442581295967102051e-01
9.345617890357971191e-01
6.351956725120544434e-01
3.896032571792602539e-01
-1.449769973754882812e+00
-4.296641647815704346e-01
-6.657676398754119873e-02
-2.951841354370117188e-01
-7.599307298660278320e-01
-5.329475402832031250e-01
-8.881955742835998535e-01
4.982134401798248291e-01
7.427651882171630859e-01
1.447041183710098267e-01
-3.618324100971221924e-01
1.535386443138122559e-01
-1.020447611808776855e+00
1.137342229485511780e-01
-1.425441741943359375e+00
1.361732125282287598e+00
6.441650390625000000e-01
1.701665520668029785e+00
1.748567670583724976e-01
6.216428056359291077e-02
-2.245041429996490479e-01
5.858894437551498413e-03
-1.933208107948303223e+00
-4.606171548366546631e-01
-5.433574914932250977e-01
-2.342370271682739258e+00
2.100615262985229492e+00
2.034958004951477051e-01
-5.166955664753913879e-02
-2.019439823925495148e-02
2.476952970027923584e-01
-6.536780595779418945e-01
-1.482048034667968750e+00
1.027117609977722168e+00
-1.040225505828857422e+00
4.802002012729644775e-01
1.503581285476684570e+00
-1.672584056854248047e+00
-8.088046312332153320e-01
1.264163970947265625e+00
1.494543068110942841e-02
2.248435258865356445e+00
-2.947317063808441162e-01
-4.396863877773284912e-01
-6.991084814071655273e-01
9.225208163261413574e-01
5.461158752441406250e-01
2.514727413654327393e-01
6.848651766777038574e-01
1.069241046905517578e+00
-3.991452157497406006e-01
1.376004934310913086e+00
9.010581374168395996e-01
-7.946493029594421387e-01
-2.355422228574752808e-01
8.425049483776092529e-02
-7.763038277626037598e-01
4.901534616947174072e-01
-4.122510552406311035e-01
-1.162625551223754883e+00
1.292050719261169434e+00
1.863441765308380127e-01
3.560581207275390625e-01
-5.000119563192129135e-03
-1.211684465408325195e+00
4.646504819393157959e-01
1.091547131538391113e+00
-9.243806600570678711e-01
-1.831874847412109375e-01
-2.304360389709472656e+00
2.101851701736450195e+00
-8.604236245155334473e-01
2.891081869602203369e-01
-3.086918890476226807e-01
5.107963085174560547e-01
3.353371024131774902e-01
2.217229366302490234e+00
-1.124581933021545410e+00
4.104949831962585449e-01
9.263247847557067871e-01
1.096365928649902344e+00
1.413391232490539551e+00
-2.945170104503631592e-01
-9.434823691844940186e-02
7.174631953239440918e-01
-6.100493669509887695e-01
4.022226929664611816e-01
1.808575272560119629e+00
2.325667887926101685e-01
-9.815154224634170532e-02
2.779481709003448486e-01
-7.558294534683227539e-01
8.052168488502502441e-01
-1.349481582641601562e+00
-7.974773645401000977e-01
-8.180828690528869629e-01
7.733575701713562012e-01
-2.934427738189697266e+00
-9.981281757354736328e-01
-2.294647246599197388e-01
1.255499005317687988e+00
-6.774611771106719971e-02
4.588160514831542969e-01
-1.587888240814208984e+00
-1.694475650787353516e+00
4.428067505359649658e-01
-2.267931997776031494e-01
-1.768341064453125000e+00
8.974623680114746094e-01
-5.792372822761535645e-01
5.578887462615966797e-01
-1.034238100051879883e+00
-2.001803636550903320e+00
5.140346288681030273e-01
4.813648164272308350e-01
1.023150444030761719e+00
-3.026165962219238281e-01
-2.178247421979904175e-01
-4.504722356796264648e-01
3.931341692805290222e-02
5.139434933662414551e-01
-9.025453589856624603e-03
2.261881351470947266e+00
-6.869457960128784180e-01
-2.147764444351196289e+00
8.278664946556091309e-02
-1.178866267204284668e+00
1.803733468055725098e+00
-2.165753990411758423e-01
9.396290779113769531e-01
1.573327064514160156e+00
-2.601349651813507080e-01
1.152878761291503906e+00
-2.535224556922912598e-01
3.615708351135253906e-01
-1.229265332221984863e+00
-8.726092576980590820e-01
1.628800392150878906e+00
8.515321016311645508e-01
1.581419467926025391e+00
-6.307685375213623047e-02
-1.302794098854064941e+00
-3.862875103950500488e-01
9.284729957580566406e-01
7.672717571258544922e-01
-4.744649231433868408e-01
-1.376958750188350677e-02
1.613627076148986816e-01
1.248147368431091309e+00
-9.094122052192687988e-02
3.949330151081085205e-01
-7.184786200523376465e-01
-3.849783539772033691e-01
5.121811032295227051e-01
3.748041391372680664e-01
9.252653121948242188e-01
7.002629339694976807e-02
-9.817034006118774414e-01
-6.672464013099670410e-01
-1.935284733772277832e+00
1.376094698905944824e+00
-8.924670815467834473e-01
5.619945526123046875e-01
1.058691814541816711e-01
-9.029355645179748535e-01
1.380291342735290527e+00
1.232058525085449219e+00
3.154522553086280823e-02
-2.151378095149993896e-01
2.178997755050659180e+00
8.676735758781433105e-01
9.250406920909881592e-02
1.847587704658508301e+00
1.338847637176513672e+00
-7.773046493530273438e-01
1.844494789838790894e-01
1.058967590332031250e+00
-6.103627085685729980e-01
3.040038645267486572e-01
-9.521369934082031250e-01
1.932947486639022827e-01
-1.466448307037353516e+00
7.184043526649475098e-01
1.281701475381851196e-01
1.118249535560607910e+00
8.775439262390136719e-01
8.585424423217773438e-01
-8.017819523811340332e-01
-1.385783910751342773e+00
-3.794506490230560303e-01
-1.037580609321594238e+00
-2.114875316619873047e+00
-3.718304634094238281e-01
-9.651737213134765625e-01
1.155719757080078125e+00
6.756677627563476562e-01
-2.058717608451843262e-01
-6.834844350814819336e-01
6.332798302173614502e-02
-8.961676955223083496e-01
1.014797806739807129e+00
1.907763034105300903e-01
-3.010398149490356445e-01
-2.800731956958770752e-01
-9.830173850059509277e-01
-9.968597292900085449e-01
1.390272825956344604e-01
1.479387164115905762e+00
-4.812219142913818359e-01
8.747630566358566284e-02
-1.399315595626831055e+00
3.038159906864166260e-01
-6.371256113052368164e-01
-1.288864254951477051e+00
-6.126189827919006348e-01
5.519245266914367676e-01
1.360325694084167480e+00
-6.536085009574890137e-01
-1.143552213907241821e-01
4.606149792671203613e-01
-4.216666519641876221e-01
-5.069758296012878418e-01
1.168802618980407715e+00
-7.688094377517700195e-01
-8.778895735740661621e-01
-2.737452685832977295e-01
8.007323741912841797e-01
-1.605643868446350098e+00
1.011085510253906250e+00
1.187125086784362793e+00
-1.536422967910766602e-01
3.355165198445320129e-02
-1.640174865722656250e+00
4.050371646881103516e-01
-2.220287770032882690e-01
4.273324012756347656e-01
-8.185502886772155762e-01
-1.003657728433609009e-01
5.807887315750122070e-01
1.248187303543090820e+00
-6.867280006408691406e-01
-6.870155930519104004e-01
-5.009789466857910156e-01
-1.633613467216491699e+00
7.091994881629943848e-01
-5.612208843231201172e-01
7.756831049919128418e-01
-1.327616274356842041e-01
-1.446021556854248047e+00
5.637914314866065979e-02
4.028970301151275635e-01
-8.433207869529724121e-02
8.609471321105957031e-01
7.725322246551513672e-01
1.029732942581176758e+00
-6.638716161251068115e-02
-8.253672719001770020e-02
-2.250124365091323853e-01
-1.445252776145935059e+00
-9.905419498682022095e-02
1.146430134773254395e+00
8.818966150283813477e-01
7.216498255729675293e-01
-1.803504347801208496e+00
2.255890965461730957e-01
-5.014603137969970703e-01
6.099501252174377441e-01
-1.546405196189880371e+00
-2.288771569728851318e-01
8.150928616523742676e-01
1.125603467226028442e-01
-3.537453114986419678e-01
1.612586379051208496e+00
7.255733013153076172e-01
1.368663549423217773e+00
-6.147927641868591309e-01
-1.504086554050445557e-01
-4.076090455055236816e-01
-1.840089410543441772e-01
-8.402291536331176758e-01
-1.451319307088851929e-01
1.032474517822265625e+00
-1.085799038410186768e-01
3.271942138671875000e-01
5.381100177764892578e-01
-6.854631900787353516e-01
1.151975512504577637e+00
1.139670014381408691e+00
1.979131400585174561e-01
-1.945991039276123047e+00
-1.614976286888122559e+00
1.133393287658691406e+00
-1.617572158575057983e-01
1.147557735443115234e+00
4.412734508514404297e-01
-8.177386522293090820e-01
2.064808845520019531e+00
1.828497529029846191e+00
2.030832052230834961e+00
-7.432660460472106934e-01
1.148882031440734863e+00
7.572878599166870117e-01
-1.900241672992706299e-01
9.157739281654357910e-01
-2.897475957870483398e-01
-2.241334766149520874e-01
-3.902481868863105774e-02
-1.710299968719482422e+00
-1.815421223640441895e+00
-4.123055338859558105e-01
7.012820839881896973e-01
5.463815331459045410e-01
4.050749838352203369e-01
-8.363959789276123047e-01
-1.291774153709411621e+00
-1.168902635574340820e+00
1.732521653175354004e-01
-1.921926975250244141e+00
-4.937192425131797791e-02
6.704784035682678223e-01
1.421023130416870117e+00
1.143863797187805176e+00
1.250260114669799805e+00
1.254284858703613281e+00
3.565932810306549072e-01
7.284376770257949829e-02
-2.143242806196212769e-01
2.538916170597076416e-01
4.632605314254760742e-01
-1.072131037712097168e+00
-7.120583951473236084e-02
5.851862207055091858e-02
5.523031353950500488e-01
4.482214450836181641e-01
-9.087901562452316284e-02
1.547827601432800293e+00
1.034804344177246094e+00
-1.110157012939453125e+00
-7.787865400314331055e-01
5.143414735794067383e-01
-6.443691849708557129e-01
5.078382492065429688e-01
1.023988604545593262e+00
3.485620915889739990e-01
1.297509908676147461e+00
-6.498382240533828735e-02
-8.780300021171569824e-01
3.143433034420013428e-01
1.019347071647644043e+00
-2.099813222885131836e-01
-1.567400246858596802e-01
-1.275221109390258789e-01
-4.611269235610961914e-01
2.705599665641784668e-01
-1.384305596351623535e+00
-1.093945860862731934e+00
2.906646430492401123e-01
-1.038444042205810547e+00
-8.209416270256042480e-01
1.110960006713867188e+00
-3.095655441284179688e-01
-7.566563487052917480e-01
1.739870905876159668e-01
1.169329047203063965e+00
9.260528087615966797e-01
-1.338805258274078369e-01
-1.877346485853195190e-01
-3.930405378341674805e-01
-5.895007401704788208e-02
-1.946822255849838257e-01
1.029650807380676270e+00
-1.429840922355651855e+00
5.045315623283386230e-01
1.889229863882064819e-01
-2.217809915542602539e+00
-6.241067051887512207e-01
2.877863347530364990e-01
-6.037191152572631836e-01
-1.758284926414489746e+00
-2.049987077713012695e+00
8.722887039184570312e-01
-4.063887596130371094e-01
-1.654905080795288086e+00
2.374282360076904297e+00
-6.703200340270996094e-01
-1.569837570190429688e+00
-3.674849569797515869e-01
2.915340662002563477e-01
-1.825861781835556030e-01
-1.654101461172103882e-01
-6.633329391479492188e-01
3.447922170162200928e-01
-5.274095535278320312e-01
-3.663591146469116211e-01
-1.557205677032470703e+00
-1.061405658721923828e+00
9.498088955879211426e-01
-1.079560667276382446e-01
9.622699618339538574e-01
9.661425948143005371e-01
7.353734970092773438e-01
-1.053680013865232468e-02
1.528555512428283691e+00
-3.826242089271545410e-01
-3.542491495609283447e-01
-2.740361988544464111e-01
-1.748407840728759766e+00
-1.692147254943847656e+00
1.533272564411163330e-01
7.882533669471740723e-01
-1.296239495277404785e+00
-1.460458040237426758e+00
9.240633249282836914e-01
-5.718225240707397461e-01
1.408442258834838867e-01
3.571240007877349854e-01
1.932525515556335449e+00
2.546865344047546387e-01
-9.465426802635192871e-01
2.011093616485595703e+00
1.064578890800476074e+00
4.249220341444015503e-02
1.236935257911682129e+00
-7.099757194519042969e-01
-5.375884175300598145e-01
-2.297741174697875977e+00
-1.844360977411270142e-01
-1.024530649185180664e+00
8.377159833908081055e-01
1.240070223808288574e+00
-6.610090732574462891e-01
-1.275453448295593262e+00
1.589097976684570312e+00
1.299954414367675781e+00
-1.200158596038818359e+00
8.144488334655761719e-01
1.566687226295471191e+00
-1.018019020557403564e-01
6.432404369115829468e-02
2.817901670932769775e-01
-4.686785116791725159e-02
2.297986447811126709e-01
6.818808913230895996e-01
1.915951371192932129e+00
-2.284419722855091095e-02
-3.631967902183532715e-01
-1.115789175033569336e+00
-9.126479625701904297e-01
-1.182155489921569824e+00
-1.198196530342102051e+00
7.504251003265380859e-01
1.340738177299499512e+00
-3.322200477123260498e-01
6.464906930923461914e-01
1.705063343048095703e+00
-8.473699092864990234e-01
-1.846559494733810425e-01
3.539156913757324219e-01
-2.821043133735656738e-01
1.004102706909179688e+00
-6.943515688180923462e-02
-5.946478843688964844e-01
-1.001675248146057129e+00
-1.734706878662109375e+00
-1.116392970085144043e+00
2.062969207763671875e+00
8.107234835624694824e-01
1.182360410690307617e+00
-7.690911889076232910e-01
-7.661195993423461914e-01
1.411715507507324219e+00
-7.362145781517028809e-01
7.316918373107910156e-01
8.883072137832641602e-01
1.029162034392356873e-01
8.368275165557861328e-01
-1.611875772476196289e+00
4.459938779473304749e-02
1.497830003499984741e-01
1.277739048004150391e+00
-1.685583710670471191e+00
-8.852709531784057617e-01
-1.547901518642902374e-02
-2.275315761566162109e+00
-1.112916231155395508e+00
-2.252940833568572998e-01
2.635564804077148438e-01
3.007598221302032471e-01
4.201042652130126953e-02
4.592240750789642334e-01
-6.116816401481628418e-01
6.185833215713500977e-01
