-6.705788522958755493e-02 6.645451486110687256e-02 5.672080442309379578e-02 9.768143296241760254e-02 -1.223485693335533142e-01 6.412397138774394989e-03 1.216383650898933411e-01 6.882940977811813354e-02 -1.228309646248817444e-01 5.380942672491073608e-02 8.780934847891330719e-03 -1.436485722661018372e-02 7.821340858936309814e-02 3.576127067208290100e-02 -6.849270313978195190e-02 4.706614464521408081e-02 -5.647061392664909363e-02 -9.603466093540191650e-02 1.536526083946228027e-01 1.224448755383491516e-01 -2.129625529050827026e-02 -9.082810580730438232e-02 -5.163669213652610779e-02 5.261444603092968464e-04 3.259519860148429871e-02 -4.231885448098182678e-02 1.703584790229797363e-01 -3.476383537054061890e-02 -7.785598933696746826e-02 6.210426986217498779e-02 1.582217519171535969e-03 -1.708097308874130249e-01 1.300022453069686890e-01 -1.785090006887912750e-02 -2.025530859827995300e-02 -1.579125225543975830e-01 9.564990550279617310e-02 -1.035450845956802368e-01 -2.846194058656692505e-02 -6.328608095645904541e-02 9.365692734718322754e-02 7.620368897914886475e-02 -9.562965482473373413e-02 -2.037126105278730392e-03 -1.534128212369978428e-03 -8.768453262746334076e-03 -4.857718572020530701e-02 -1.084919944405555725e-01 -1.740901917219161987e-01 5.296612158417701721e-02 -1.012428570538759232e-02 -1.279592514038085938e-03 -4.232528805732727051e-02 1.035496145486831665e-01 1.507714241743087769e-01 -9.573483467102050781e-02 2.798428758978843689e-02 1.330308523029088974e-02 3.065636567771434784e-02 6.022172421216964722e-02 -3.055954538285732269e-02 -3.940229769796133041e-03 4.242257773876190186e-02 -7.520901411771774292e-02 4.376357421278953552e-03 5.208742339164018631e-03 -1.190913245081901550e-01 4.169829934835433960e-02 3.490151092410087585e-02 1.711795106530189514e-03 8.830720186233520508e-02 9.337874501943588257e-02 -1.290476918220520020e-01 -1.668267697095870972e-01 3.646733611822128296e-02 4.590296372771263123e-02 -8.248765021562576294e-02 7.016060501337051392e-02 3.128511458635330200e-02 6.326004117727279663e-02 -5.166524648666381836e-02 -2.749895118176937103e-02 -3.858673945069313049e-02 4.914532974362373352e-02 5.699950456619262695e-02 -2.755964361131191254e-02 1.563552767038345337e-01 1.345601826906204224e-01 -1.075873970985412598e-01 1.634753309190273285e-02 1.842520236968994141e-01 9.832366555929183960e-02 -1.697984337806701660e-01 2.065118029713630676e-02 1.389136612415313721e-01 1.220683529973030090e-01 -1.130414828658103943e-01 7.702799979597330093e-03 2.394141629338264465e-02 1.528458483517169952e-02
3.812977299094200134e-02 -7.527206838130950928e-02 -8.460390567779541016e-02 3.657022491097450256e-02 5.176780279725790024e-03 -7.213754579424858093e-03 5.118716508150100708e-02 -4.580918233841657639e-03 7.134667783975601196e-02 -2.902210317552089691e-02 6.702427566051483154e-02 -7.399687170982360840e-02 2.208869718015193939e-02 1.891493052244186401e-02 4.405933897942304611e-03 6.262864172458648682e-02 1.551018469035625458e-02 -1.292649842798709869e-02 -2.839437313377857208e-02 1.005425304174423218e-02 5.518373847007751465e-02 5.196480080485343933e-02 2.323423512279987335e-02 6.403657793998718262e-02 9.898518025875091553e-02 6.806579232215881348e-02 -6.589870899915695190e-02 -2.029655501246452332e-02 8.261653035879135132e-02 1.218023002147674561e-01 5.524799600243568420e-02 7.757119834423065186e-02 -2.219416201114654541e-02 -2.330669015645980835e-02 -1.111465319991111755e-01 -6.911982595920562744e-02 -4.571032896637916565e-02 7.620579004287719727e-02 -8.257651329040527344e-02 -5.212806537747383118e-02 -7.373289018869400024e-02 4.606454819440841675e-02 7.010415196418762207e-02 -2.937865629792213440e-02 6.062222179025411606e-03 -1.064010486006736755e-01 1.390844769775867462e-02 -1.833243854343891144e-02 8.020783960819244385e-02 -4.318385571241378784e-02 5.831985548138618469e-02 7.925783097743988037e-02 5.199929326772689819e-02 -8.201432973146438599e-02 -5.983327329158782959e-02 5.733052641153335571e-02 -7.218137383460998535e-02 6.862311065196990967e-02 -1.521259546279907227e-02 -5.470579490065574646e-02 7.478515803813934326e-02 -8.121673762798309326e-02 -5.105477198958396912e-02 1.223894432187080383e-01 -4.849611222743988037e-02 3.948701545596122742e-02 2.400969341397285461e-02 -2.566300099715590477e-03 -4.990782123059034348e-03 6.906514614820480347e-02 -5.801335349678993225e-02 -8.425329625606536865e-02 4.971115291118621826e-02 7.640191167593002319e-02 -3.489761427044868469e-02 -5.690629780292510986e-02 -3.324994072318077087e-02 -8.226618915796279907e-02 -3.939921408891677856e-02 -7.883060723543167114e-02 6.034053489565849304e-02 -7.215303182601928711e-02 3.610859811305999756e-02 -4.097399488091468811e-02 -3.732389584183692932e-02 1.091956347227096558e-01 -7.874743640422821045e-02 -2.173269540071487427e-02 1.062276214361190796e-01 -1.323569118976593018e-01 -2.664369530975818634e-02 7.573105394840240479e-02 7.165180891752243042e-02 -2.333257198333740234e-01 -1.766511350870132446e-01 -7.849436253309249878e-02 6.388839334249496460e-02 -4.821920767426490784e-03 5.451765283942222595e-02 8.752037584781646729e-02
-9.954036027193069458e-02 -5.997892469167709351e-02 -4.244156554341316223e-02 8.591271936893463135e-02 -1.187810078263282776e-01 -1.275339126586914062e-01 1.395095437765121460e-01 3.940064460039138794e-03 -1.041498780250549316e-01 7.803338579833507538e-03 -2.627270482480525970e-02 -5.478355102241039276e-03 -1.916074752807617188e-02 8.693378418684005737e-03 -8.233577013015747070e-02 -1.162654682993888855e-01 -1.526191458106040955e-02 -5.535069480538368225e-02 2.290793061256408691e-01 9.382672607898712158e-02 -8.228349685668945312e-02 -4.844148457050323486e-02 -6.583049427717924118e-03 -2.654665894806385040e-02 -1.654427796602249146e-01 9.134577214717864990e-02 1.173482760787010193e-01 -2.146576344966888428e-01 -1.801805794239044189e-01 8.306371420621871948e-02 6.183411180973052979e-02 -1.039814427495002747e-01 9.834536351263523102e-03 -2.338940054178237915e-01 4.106903448700904846e-02 -1.434290558099746704e-01 3.034479916095733643e-02 -2.056946456432342529e-01 1.543053425848484039e-02 3.483669133856892586e-03 1.315693706274032593e-01 4.157038405537605286e-02 -8.451184630393981934e-02 5.109492316842079163e-02 2.198530286550521851e-01 1.153329685330390930e-01 -1.403303295373916626e-01 -1.015206649899482727e-01 -1.149185299873352051e-01 6.299026310443878174e-02 -1.424592286348342896e-01 1.941272988915443420e-02 -9.182169288396835327e-02 5.222202464938163757e-02 5.949982628226280212e-02 -1.530724912881851196e-01 -8.584823459386825562e-02 1.987870633602142334e-01 7.989291101694107056e-02 -5.341472476720809937e-02 6.547346711158752441e-02 -1.378186419606208801e-02 9.746750444173812866e-02 4.638971015810966492e-02 7.065129932016134262e-03 2.298027724027633667e-01 -8.749264478683471680e-02 -3.973557613790035248e-03 1.691202223300933838e-01 -1.002327054738998413e-01 1.054833456873893738e-01 -3.462121263146400452e-02 -1.477633267641067505e-01 -2.902173064649105072e-02 1.259864419698715210e-01 1.013956665992736816e-01 -9.039495885372161865e-02 6.269974261522293091e-02 -3.063027933239936829e-02 -9.970797225832939148e-03 -3.403474343940615654e-03 -4.126215353608131409e-02 7.291026413440704346e-02 -7.271527498960494995e-02 1.849146932363510132e-02 -2.219320833683013916e-02 2.353641539812088013e-01 1.363461613655090332e-01 3.459621220827102661e-02 3.012859262526035309e-02 2.996492199599742889e-03 -3.140816837549209595e-02 8.790444582700729370e-02 -7.339357733726501465e-01 -2.091666758060455322e-01 -4.369324073195457458e-02 5.555743118748068810e-04 2.297564297914505005e-01 1.627129167318344116e-01 -1.010743007063865662e-01
-4.475694522261619568e-02 -4.917643964290618896e-02 2.245778404176235199e-02 5.723091308027505875e-03 -8.651163429021835327e-02 -1.018984466791152954e-01 1.919764280319213867e-02 -1.394160836935043335e-02 -3.882565349340438843e-02 3.470527380704879761e-02 5.466551706194877625e-02 -1.000152379274368286e-01 -1.575470417737960815e-01 1.125959455966949463e-01 -3.313238173723220825e-02 7.492569088935852051e-02 1.124541684985160828e-01 -3.479419648647308350e-02 -5.301400087773799896e-03 1.103240996599197388e-01 -5.675024539232254028e-02 -9.401547908782958984e-02 -3.140661492943763733e-02 -1.363017857074737549e-01 -5.198939144611358643e-02 1.389116644859313965e-01 1.086843088269233704e-01 -1.435002535581588745e-01 -1.421263217926025391e-01 8.979059010744094849e-02 -2.786923013627529144e-02 -1.340983659029006958e-01 -1.851158030331134796e-02 -3.680569678544998169e-02 1.982565037906169891e-02 3.311989083886146545e-02 -2.123593725264072418e-02 -1.755452603101730347e-01 -1.381962597370147705e-01 -3.843764215707778931e-02 7.228530477732419968e-03 1.562658995389938354e-01 -1.164825633168220520e-01 1.051204353570938110e-01 9.212094359099864960e-03 1.608987003564834595e-01 -8.082045614719390869e-02 4.158170521259307861e-02 -1.732550002634525299e-02 -1.275743395090103149e-01 -1.292003393173217773e-01 -3.517749533057212830e-02 7.753128558397293091e-02 1.018841564655303955e-01 -2.197052165865898132e-02 -9.734817594289779663e-02 -5.867691338062286377e-02 1.585482954978942871e-01 9.552088379859924316e-02 7.440770417451858521e-02 4.698760434985160828e-02 1.481018587946891785e-02 1.606288552284240723e-01 -1.263598054647445679e-01 2.810508385300636292e-02 1.568767428398132324e-01 3.806371986865997314e-02 7.483506575226783752e-03 1.635362654924392700e-01 -1.177566349506378174e-01 1.310201883316040039e-01 9.616454690694808960e-02 1.883134618401527405e-02 -7.908660918474197388e-02 -1.439519971609115601e-02 6.555903702974319458e-02 -1.351670026779174805e-01 7.709112763404846191e-02 4.478468745946884155e-02 6.509641557931900024e-02 1.114049647003412247e-02 9.494362771511077881e-02 1.044241338968276978e-01 6.882865726947784424e-02 1.340638399124145508e-01 -1.040455475449562073e-01 6.417448818683624268e-02 9.744568169116973877e-02 -6.880188733339309692e-02 1.192566454410552979e-01 3.066777624189853668e-02 -2.378988265991210938e-01 -9.433509409427642822e-02 -3.493776917457580566e-01 1.528288871049880981e-01 4.525838419795036316e-02 -1.629228740930557251e-01 -7.918502390384674072e-02 9.461523592472076416e-02 -6.775679439306259155e-02
-3.748301789164543152e-02 -9.358038008213043213e-02 3.309371322393417358e-02 3.816504403948783875e-02 -5.193503573536872864e-02 9.697914123535156250e-02 -4.963449761271476746e-02 -5.233862623572349548e-02 -2.060989737510681152e-01 1.331467297859489918e-03 8.572313189506530762e-02 -1.231885477900505066e-01 -3.256414830684661865e-02 2.879952779039740562e-03 8.273613639175891876e-03 2.007680945098400116e-03 2.933057583868503571e-02 1.902212272398173809e-03 7.271908223628997803e-02 6.270301342010498047e-02 -9.449541568756103516e-02 1.122427657246589661e-01 1.999038457870483398e-02 -1.611036062240600586e-01 -9.127158671617507935e-02 8.883021771907806396e-03 1.131280735135078430e-01 -1.009129360318183899e-01 -1.521404087543487549e-01 -3.407775238156318665e-02 -1.111426576972007751e-01 -5.725098401308059692e-02 1.878826646134257317e-03 -3.092549368739128113e-02 8.866474777460098267e-02 -1.213882416486740112e-01 -1.822902634739875793e-02 -8.228299766778945923e-02 -2.698165364563465118e-02 7.618712633848190308e-02 -4.175933450460433960e-02 6.411628425121307373e-02 1.778302685124799609e-04 1.447826717048883438e-02 1.212569102644920349e-01 1.550229191780090332e-01 6.612347066402435303e-02 -5.428813770413398743e-02 2.854739315807819366e-03 -1.089228168129920959e-01 -1.274765878915786743e-01 1.088767349720001221e-01 -9.133238345384597778e-02 -7.871519774198532104e-03 9.580226987600326538e-02 -1.116902902722358704e-01 -7.118318974971771240e-02 1.879526525735855103e-01 5.134807899594306946e-02 -1.470557227730751038e-02 -8.489324897527694702e-02 6.457435339689254761e-02 5.394267663359642029e-02 2.173142321407794952e-02 -7.635541260242462158e-02 1.126701906323432922e-01 1.196752209216356277e-02 -1.039159297943115234e-02 1.505845785140991211e-01 -3.169973567128181458e-02 3.722143545746803284e-02 5.631395429372787476e-02 2.013635821640491486e-02 8.250579121522605419e-04 1.552031934261322021e-01 6.156332045793533325e-02 3.580695018172264099e-02 1.114759221673011780e-01 1.044409163296222687e-02 1.206311304122209549e-02 1.707226932048797607e-01 1.319324672222137451e-01 6.582416594028472900e-02 1.546498686075210571e-01 -2.766335569322109222e-02 -2.004281058907508850e-02 2.296954840421676636e-01 7.454276829957962036e-02 -5.000868439674377441e-02 2.368435822427272797e-02 -6.534688174724578857e-02 -1.874149590730667114e-01 7.492402940988540649e-02 -5.478451848030090332e-01 -1.145984306931495667e-01 -1.577005535364151001e-01 -4.868599027395248413e-02 -1.079431548714637756e-01 6.005016621202230453e-04 -1.574329435825347900e-01
-5.570498853921890259e-02 1.145041882991790771e-01 -2.367838099598884583e-02 -4.692605510354042053e-02 2.970603853464126587e-02 4.925295338034629822e-02 3.977583721280097961e-03 6.547263357788324356e-03 3.145241364836692810e-02 -9.000180289149284363e-03 1.160033419728279114e-01 -1.167737320065498352e-01 1.007863208651542664e-01 -6.954608112573623657e-02 -3.984028846025466919e-02 3.693246096372604370e-02 -2.453258959576487541e-03 1.426170300692319870e-02 -4.547714442014694214e-02 -2.624844200909137726e-02 -8.300954848527908325e-02 5.260139331221580505e-02 1.051118969917297363e-02 5.179776251316070557e-02 -6.692995876073837280e-02 5.544825270771980286e-02 -8.493950217962265015e-02 -8.589773625135421753e-02 -8.979827165603637695e-02 3.549961373209953308e-02 1.011379621922969818e-02 8.857990056276321411e-02 9.194569289684295654e-02 9.708663565106689930e-04 -6.188150122761726379e-02 -4.583873972296714783e-02 -4.017460346221923828e-02 -6.543865799903869629e-02 -6.438283622264862061e-02 6.091057509183883667e-02 -3.532464429736137390e-02 6.799434870481491089e-02 2.505163103342056274e-02 -2.272054180502891541e-02 1.036791652441024780e-01 6.372520327568054199e-02 -9.094021469354629517e-02 -7.556050270795822144e-02 -4.279902949929237366e-02 4.590816795825958252e-02 -1.373813748359680176e-01 1.033210903406143188e-01 1.364183984696865082e-02 -1.322733145207166672e-02 3.990491479635238647e-02 2.972893649712204933e-03 -8.516547083854675293e-02 8.980204910039901733e-02 4.501813277602195740e-02 6.679652631282806396e-02 1.085380390286445618e-01 -8.488775789737701416e-02 -7.081868499517440796e-02 -8.895258605480194092e-02 -1.008667722344398499e-01 8.845949918031692505e-02 -4.594177007675170898e-02 -7.337581366300582886e-02 2.592195384204387665e-02 -4.820059239864349365e-02 1.076584458351135254e-01 1.126266568899154663e-01 -4.558959975838661194e-02 -7.175287604331970215e-02 7.246039807796478271e-02 1.101865172386169434e-01 7.000688463449478149e-02 1.706928201019763947e-02 2.022397145628929138e-02 3.924456983804702759e-02 -2.408579364418983459e-02 5.011909827589988708e-02 8.448482304811477661e-02 -4.760487005114555359e-02 5.635999143123626709e-02 3.174601122736930847e-02 3.777495399117469788e-02 1.037333309650421143e-01 7.856046780943870544e-03 -1.108484342694282532e-01 -1.359666814096271992e-03 -1.150771081447601318e-01 -9.976398199796676636e-02 1.616139858961105347e-01 3.133190795779228210e-02 5.907312780618667603e-02 -1.302380859851837158e-01 -1.283472627401351929e-01 1.038837432861328125e-01 8.430328965187072754e-02
-2.597539126873016357e-02 8.819499611854553223e-02 -8.271928131580352783e-02 9.142082184553146362e-02 -3.656219318509101868e-02 5.912281107157468796e-03 -3.804199025034904480e-02 4.421040788292884827e-02 8.612257242202758789e-02 6.754807382822036743e-02 -1.143127232789993286e-01 -5.381505936384201050e-02 -4.164050146937370300e-02 -1.208801493048667908e-01 7.000509649515151978e-02 2.624459192156791687e-02 -2.224035933613777161e-02 6.835668534040451050e-02 4.878900945186614990e-02 -8.055765181779861450e-02 -1.547919772565364838e-02 -3.133184835314750671e-02 -8.151387423276901245e-02 -4.553211107850074768e-02 5.212237685918807983e-02 7.798128062859177589e-04 9.870331734418869019e-03 -1.453394442796707153e-02 -1.025503687560558319e-02 -5.801277607679367065e-02 7.525324821472167969e-02 9.928482770919799805e-02 -5.333457887172698975e-02 6.698563694953918457e-02 4.613427072763442993e-02 6.034632027149200439e-02 -1.197911873459815979e-01 -3.641815483570098877e-02 -9.048189036548137665e-03 -1.225062161684036255e-01 4.730587452650070190e-02 -1.639809831976890564e-02 1.329077631235122681e-01 8.563558012247085571e-02 -3.804904595017433167e-02 5.771119892597198486e-02 -1.713413558900356293e-02 -1.326445490121841431e-02 4.044944047927856445e-02 4.180661961436271667e-02 1.587633043527603149e-03 -8.575438708066940308e-02 -6.822970509529113770e-02 -1.142201647162437439e-01 -4.286167211830615997e-03 -2.929751388728618622e-02 2.091006562113761902e-02 -7.993365824222564697e-02 2.480477653443813324e-02 3.522548079490661621e-02 -4.802280291914939880e-02 -2.032115869224071503e-02 -3.422599984332919121e-03 4.418393597006797791e-03 -3.821437060832977295e-02 -8.251440711319446564e-03 9.007249772548675537e-02 1.243950426578521729e-01 4.009153321385383606e-02 3.724090382456779480e-02 9.402065724134445190e-02 6.820904463529586792e-02 6.928271055221557617e-02 5.653207749128341675e-02 -5.156425014138221741e-02 2.527899108827114105e-02 1.259813830256462097e-02 3.063188865780830383e-02 8.258938044309616089e-02 3.083508461713790894e-02 -3.506577387452125549e-02 -1.162631735205650330e-01 -7.101891189813613892e-02 -3.504365682601928711e-02 9.967456012964248657e-02 -1.721114665269851685e-02 -4.562588781118392944e-02 -5.751319974660873413e-02 6.169406324625015259e-02 -1.766285300254821777e-02 -3.619818715378642082e-03 2.702488601207733154e-01 -1.099524945020675659e-01 1.154258772730827332e-01 -1.488841883838176727e-02 1.494874656200408936e-01 2.953953854739665985e-02 1.611397564411163330e-01 -5.450687371194362640e-03 6.372511386871337891e-02
1.621521115303039551e-01 4.113871976733207703e-02 9.201285243034362793e-02 -1.453041285276412964e-01 5.109912157058715820e-02 1.473972797393798828e-01 -3.556622937321662903e-02 6.422507762908935547e-02 2.165163755416870117e-01 -1.565369404852390289e-02 -6.497035920619964600e-02 7.815784774720668793e-03 7.296716421842575073e-02 7.514076679944992065e-02 2.110533602535724640e-02 5.233009811490774155e-03 -7.214347273111343384e-02 1.646573841571807861e-02 -1.079648137092590332e-01 -4.518656805157661438e-02 8.727864176034927368e-02 4.232431203126907349e-02 -3.780027106404304504e-02 7.622884958982467651e-02 1.018942594528198242e-01 -1.064703613519668579e-01 -2.210050225257873535e-01 1.350688189268112183e-01 4.211124032735824585e-02 -1.224744245409965515e-01 7.927560061216354370e-02 2.291440069675445557e-01 8.241843432188034058e-03 1.963086575269699097e-01 -3.022063896059989929e-02 1.419086903333663940e-01 -1.195862982422113419e-02 1.464334130287170410e-01 1.474731713533401489e-01 -1.908527128398418427e-02 -1.396164596080780029e-01 -1.529902666807174683e-01 2.178377844393253326e-02 -1.500263512134552002e-01 -1.454686224460601807e-01 -1.101780682802200317e-01 1.146950349211692810e-01 4.317560791969299316e-02 1.686650663614273071e-01 -6.686438806354999542e-03 -8.339856867678463459e-04 -1.712049543857574463e-01 8.312362432479858398e-02 1.046242099255323410e-02 -1.279452592134475708e-01 3.853152692317962646e-02 1.400300860404968262e-02 -9.010496735572814941e-02 -2.273427993059158325e-01 -8.948028087615966797e-02 -3.794108703732490540e-02 -1.530124098062515259e-01 -1.161421239376068115e-01 -7.107694447040557861e-02 6.160599365830421448e-02 -2.152633070945739746e-01 8.207679539918899536e-02 1.230670586228370667e-01 -1.482288166880607605e-02 -1.027214433997869492e-02 -1.162533983588218689e-01 -5.887838453054428101e-02 3.740501403808593750e-02 1.820988506078720093e-01 4.150567203760147095e-02 -1.646785587072372437e-01 -5.474305152893066406e-02 -8.515194058418273926e-02 -2.213518135249614716e-02 -6.081749126315116882e-02 -1.638041585683822632e-01 2.940942347049713135e-02 -7.333597540855407715e-02 -7.129863649606704712e-02 -1.554600894451141357e-01 3.059389255940914154e-02 -1.048802360892295837e-01 -1.489739269018173218e-01 1.415570825338363647e-01 -3.638591244816780090e-02 -1.286533623933792114e-01 4.670643061399459839e-02 9.348137676715850830e-02 2.772392928600311279e-01 1.544457226991653442e-01 -2.637027576565742493e-02 3.613360971212387085e-02 2.565459720790386200e-02 -7.316730171442031860e-02 1.820146888494491577e-01
-1.352849300019443035e-03 -8.716081827878952026e-02 -9.611038863658905029e-02 4.677565395832061768e-02 -9.223825484514236450e-02 -1.108583286404609680e-01 4.151113331317901611e-02 1.136190891265869141e-01 2.154165320098400116e-02 -2.901687659323215485e-02 -8.779973536729812622e-02 2.755493298172950745e-02 -2.715259976685047150e-02 -1.830582693219184875e-02 4.859603568911552429e-02 -6.704518198966979980e-02 3.308936953544616699e-02 1.068119425326585770e-02 1.032388806343078613e-01 1.365221440792083740e-01 -8.521673828363418579e-02 -5.834081023931503296e-02 -2.478612773120403290e-02 5.923442542552947998e-02 2.424628660082817078e-02 -3.360262140631675720e-02 1.247506365180015564e-01 -1.320443153381347656e-01 -1.679500937461853027e-01 -8.364427089691162109e-02 5.622363463044166565e-02 -4.027427360415458679e-02 -5.746395885944366455e-02 -1.368187218904495239e-01 7.734775543212890625e-02 -4.078419879078865051e-03 -3.217619284987449646e-02 -4.223015531897544861e-02 4.543796181678771973e-03 -1.093577146530151367e-01 -5.919054895639419556e-02 1.497963219881057739e-01 -1.432957034558057785e-02 -4.626210406422615051e-02 1.057268232107162476e-01 2.346123941242694855e-02 -1.391632705926895142e-01 -9.257595241069793701e-02 -4.462534561753273010e-02 -5.108175426721572876e-02 -9.115963429212570190e-02 -3.089140541851520538e-02 3.178062662482261658e-02 1.209150627255439758e-02 -8.322813082486391068e-04 -3.821373730897903442e-02 -4.608110338449478149e-02 7.989514619112014771e-02 9.207490831613540649e-02 7.126901298761367798e-02 4.338082298636436462e-02 6.716419011354446411e-04 6.301774829626083374e-02 -4.834920912981033325e-02 -8.079721778631210327e-02 4.293118044734001160e-02 -3.312985599040985107e-02 -1.311825960874557495e-01 1.354280859231948853e-01 7.636880874633789062e-02 -3.648330643773078918e-02 -5.997701734304428101e-02 -7.940491661429405212e-03 -1.339136362075805664e-01 -8.620100468397140503e-02 1.341908425092697144e-01 -1.136680096387863159e-01 1.222104802727699280e-01 8.307338692247867584e-03 4.155669827014207840e-03 1.215118244290351868e-01 -6.994866579771041870e-02 4.991006851196289062e-02 6.828878819942474365e-02 1.395083367824554443e-01 3.505457192659378052e-02 -4.218848049640655518e-02 7.621098309755325317e-02 -1.833959855139255524e-02 9.999871999025344849e-02 9.428492933511734009e-02 5.750183016061782837e-02 -1.306447237730026245e-01 4.045771062374114990e-02 6.464909762144088745e-03 -4.038835410028696060e-03 -8.164899796247482300e-02 -1.004002429544925690e-02 -2.092112042009830475e-02 -1.218273937702178955e-01
2.669379487633705139e-02 -1.027988344430923462e-01 -8.086609095335006714e-02 -1.288417279720306396e-01 1.796066202223300934e-02 -4.547563195228576660e-02 8.468659222126007080e-02 4.376040771603584290e-02 -3.577359020709991455e-02 1.169961765408515930e-01 -5.185726657509803772e-02 -9.323070198297500610e-02 6.387791782617568970e-02 7.431799918413162231e-02 1.637870073318481445e-02 9.298762679100036621e-02 5.661818012595176697e-02 2.766268327832221985e-02 1.370334327220916748e-01 1.583488471806049347e-02 -8.161725848913192749e-02 6.826410535722970963e-03 -7.307530846446752548e-03 -3.820041567087173462e-02 -1.134749054908752441e-01 -1.941912062466144562e-02 8.596599102020263672e-02 -8.075368404388427734e-02 -3.490769071504473686e-03 7.670652866363525391e-02 -1.794968359172344208e-02 1.851387321949005127e-02 -1.238901987671852112e-01 -4.782603308558464050e-02 3.899550810456275940e-02 -9.313894063234329224e-02 4.829314351081848145e-02 -4.422013834118843079e-02 -8.068390935659408569e-02 -4.331694915890693665e-02 -5.207985639572143555e-02 -1.712130196392536163e-02 1.433186233043670654e-03 1.242664679884910583e-01 2.908447571098804474e-02 5.666729435324668884e-02 -4.433470219373703003e-02 -1.127599105238914490e-01 -8.483994007110595703e-02 6.619898974895477295e-02 -1.561841815710067749e-01 -5.278092250227928162e-02 -5.508691072463989258e-02 4.440343752503395081e-02 8.528791368007659912e-02 2.692939154803752899e-02 5.838637799024581909e-02 4.460617154836654663e-02 9.580951184034347534e-02 -4.929153248667716980e-02 1.086325198411941528e-01 4.052294418215751648e-02 7.079221308231353760e-02 3.003821475431323051e-03 6.437730789184570312e-02 8.772303909063339233e-02 1.048837229609489441e-02 1.106301099061965942e-01 6.418210268020629883e-02 -8.210309594869613647e-02 1.939117722213268280e-02 -3.626995906233787537e-02 5.037236586213111877e-02 -4.810481518507003784e-02 6.442721188068389893e-02 1.018659397959709167e-01 -1.175309419631958008e-01 -5.175507813692092896e-02 9.786044806241989136e-02 9.364942088723182678e-04 -3.725438937544822693e-02 1.366820000112056732e-02 1.356921717524528503e-02 -2.172943204641342163e-02 2.446685917675495148e-02 -6.181428208947181702e-02 -2.391152642667293549e-02 1.090796366333961487e-01 -1.031072735786437988e-01 2.892711572349071503e-02 1.466607153415679932e-01 -5.460910126566886902e-02 -5.643930658698081970e-02 1.690997034311294556e-01 2.031771540641784668e-01 1.329826414585113525e-01 -8.952969312667846680e-02 -9.946717321872711182e-02 6.456024944782257080e-02 -1.022540628910064697e-01
-4.196993261575698853e-02 7.580173760652542114e-02 -4.084821417927742004e-02 2.543129958212375641e-02 5.352252349257469177e-02 8.559490740299224854e-02 -4.285586252808570862e-02 -7.354850531555712223e-04 2.036004513502120972e-02 1.890597678720951080e-02 -4.216116294264793396e-02 4.128938540816307068e-02 -1.251387745141983032e-01 9.416019916534423828e-02 4.295140877366065979e-02 -1.327624730765819550e-02 1.555923186242580414e-02 4.511765763163566589e-02 -5.348121374845504761e-02 6.767050921916961670e-02 5.911341309547424316e-02 -7.868216931819915771e-02 -1.070241108536720276e-01 -2.946165017783641815e-02 -2.432916546240448952e-03 -9.399606287479400635e-02 -4.740216210484504700e-02 -1.341885142028331757e-02 1.336634755134582520e-01 2.647999860346317291e-02 -6.031996011734008789e-02 1.516828685998916626e-02 1.946465298533439636e-02 -1.630087196826934814e-02 2.620113268494606018e-02 4.905329272150993347e-02 -1.170625239610671997e-01 -3.222503885626792908e-02 -6.205482035875320435e-02 -4.465755820274353027e-02 4.851190745830535889e-02 3.798502683639526367e-02 -8.738210052251815796e-02 -7.530067116022109985e-02 2.510827034711837769e-04 -6.720877438783645630e-02 1.028884053230285645e-01 2.729263342916965485e-02 -1.420108252204954624e-03 8.927995339035987854e-03 6.961803138256072998e-02 8.425427600741386414e-03 -5.124817788600921631e-02 1.530644297599792480e-02 4.090897366404533386e-02 1.459895726293325424e-02 8.519088476896286011e-02 -9.616985917091369629e-02 1.827223226428031921e-02 -1.323849707841873169e-02 -3.493335843086242676e-02 1.264125388115644455e-02 6.813920289278030396e-02 7.243568450212478638e-02 1.061985269188880920e-01 -1.066524684429168701e-01 -7.076155743561685085e-04 3.109959326684474945e-02 -1.027703359723091125e-01 3.683936595916748047e-02 5.035699158906936646e-02 5.426769331097602844e-02 2.485489472746849060e-02 8.549107611179351807e-02 -2.449380047619342804e-02 -9.424976259469985962e-02 -3.608841821551322937e-02 4.359228163957595825e-02 -6.120456010103225708e-02 3.234791755676269531e-02 -9.960023686289787292e-03 -9.392808377742767334e-02 -4.815882444381713867e-02 -9.784720093011856079e-02 5.099567398428916931e-02 8.099943399429321289e-02 -1.329044848680496216e-01 -7.559109479188919067e-02 -6.460200250148773193e-02 2.050894312560558319e-02 -7.265395484864711761e-03 -8.225674182176589966e-02 1.313554346561431885e-01 -3.926289081573486328e-02 -3.670686157420277596e-03 -9.671453386545181274e-02 -1.274884305894374847e-02 7.922542840242385864e-02 4.176330566406250000e-02 8.319702744483947754e-02
1.150478199124336243e-01 2.253254130482673645e-02 -1.076819468289613724e-02 -2.292065173387527466e-01 -1.339027006179094315e-02 -1.117048189043998718e-01 -1.091051027178764343e-01 -2.545416541397571564e-02 -1.065894812345504761e-01 1.436467915773391724e-01 -1.451921314001083374e-01 -3.876843303442001343e-02 -3.456226289272308350e-01 -6.215167790651321411e-02 2.056100964546203613e-02 -5.742546916007995605e-02 2.101824581623077393e-01 -5.768624320626258850e-02 1.688874885439872742e-02 9.311082214117050171e-02 -6.553813815116882324e-02 -3.129562735557556152e-02 -1.597897410392761230e-01 1.851413585245609283e-02 -3.339574113488197327e-02 1.301876604557037354e-01 -4.166863858699798584e-02 -3.717694059014320374e-02 1.456226855516433716e-01 -1.283517926931381226e-01 -2.904793433845043182e-02 6.581682711839675903e-02 -6.389456242322921753e-02 -4.685622826218605042e-02 6.475773453712463379e-02 -4.393697157502174377e-02 -7.045588642358779907e-02 -2.474895678460597992e-02 5.902213230729103088e-02 -4.781686514616012573e-02 -7.707257568836212158e-02 1.190086677670478821e-01 6.545649468898773193e-02 -4.982928559184074402e-02 5.381130427122116089e-02 -5.361113697290420532e-02 -5.305970832705497742e-02 -5.740888882428407669e-03 -4.325555264949798584e-02 1.553373187780380249e-01 1.372132599353790283e-01 -9.179935790598392487e-03 -6.617414951324462891e-02 -2.334165573120117188e-02 -5.243212729692459106e-02 1.193655058741569519e-01 -1.241837017005309463e-04 2.127760648727416992e-02 -9.019806981086730957e-02 1.651167124509811401e-02 -8.677272498607635498e-02 1.074665877968072891e-02 -2.652682829648256302e-03 -6.944718211889266968e-02 -4.597283899784088135e-02 -9.889862686395645142e-02 -3.474071621894836426e-02 1.309663504362106323e-01 4.486532136797904968e-02 3.445208817720413208e-02 1.827468909323215485e-02 1.003105342388153076e-01 -1.044161394238471985e-01 8.903089165687561035e-02 -1.296826750040054321e-01 -7.317888084799051285e-03 1.180587112903594971e-01 4.590883851051330566e-02 -5.193376541137695312e-02 -1.151599176228046417e-02 -1.286139935255050659e-01 4.649661853909492493e-02 2.539189346134662628e-02 -1.692842692136764526e-02 -7.604853808879852295e-02 7.707947492599487305e-02 -5.203901603817939758e-02 1.578761823475360870e-02 9.842019528150558472e-03 -1.806607544422149658e-01 -5.880165100097656250e-02 4.001208543777465820e-01 -1.341493725776672363e-01 5.606545209884643555e-01 -4.187846183776855469e-02 1.522717326879501343e-01 1.951871998608112335e-02 -1.212165132164955139e-01 -7.931534200906753540e-02 -8.245933800935745239e-02
-1.256988495588302612e-01 3.294125199317932129e-02 -9.345577657222747803e-02 2.958443656098097563e-04 -7.647515088319778442e-02 9.616788476705551147e-02 5.214600265026092529e-02 3.109492361545562744e-02 -8.169070631265640259e-02 -9.187113493680953979e-02 -2.769264578819274902e-02 -3.452527895569801331e-02 8.580871671438217163e-02 -1.307444721460342407e-01 -9.397207200527191162e-02 3.010297752916812897e-02 -1.015712507069110870e-03 4.387615621089935303e-02 -9.402135759592056274e-02 2.324244193732738495e-02 -2.537366189062595367e-02 -3.319501504302024841e-02 1.551305353641510010e-01 -8.942281454801559448e-02 -5.338013917207717896e-02 6.996682286262512207e-02 -1.404816657304763794e-02 -1.812059246003627777e-02 -2.240630052983760834e-02 7.360521703958511353e-02 6.063317134976387024e-02 6.049536168575286865e-02 -4.364874958992004395e-02 -1.005640849471092224e-01 -6.834556348621845245e-03 -1.128792315721511841e-01 -2.633216092362999916e-03 5.025646835565567017e-02 1.380171626806259155e-02 7.762654870748519897e-02 3.368005156517028809e-02 1.892617903649806976e-02 -2.047218196094036102e-02 3.760918974876403809e-02 5.243233591318130493e-02 5.104396119713783264e-02 1.309374868869781494e-01 4.277618974447250366e-02 3.771310672163963318e-02 -5.318029597401618958e-02 6.818285584449768066e-02 7.005903869867324829e-02 1.545810326933860779e-02 -1.511059608310461044e-02 -4.753286018967628479e-02 -3.066166117787361145e-02 1.170552968978881836e-01 -7.414270192384719849e-02 4.977133497595787048e-02 -7.756530493497848511e-02 5.958566814661026001e-02 -1.037438735365867615e-01 4.462920129299163818e-02 2.859467081725597382e-02 2.921580709517002106e-02 -2.765523642301559448e-02 -3.661931725218892097e-03 5.126711726188659668e-02 4.190338402986526489e-02 -9.656379371881484985e-02 -1.055802404880523682e-01 2.575680054724216461e-02 1.033120825886726379e-01 8.285492658615112305e-02 -9.750051796436309814e-02 -4.089770838618278503e-02 -4.227952659130096436e-02 -4.160962533205747604e-03 -3.846575273200869560e-03 6.704521924257278442e-02 -6.195357441902160645e-02 1.268669962882995605e-02 -1.065814793109893799e-01 -7.892587780952453613e-02 7.739157974720001221e-02 5.984523892402648926e-02 -8.567793667316436768e-02 5.728140100836753845e-02 1.692572049796581268e-02 -2.181209065020084381e-02 -1.172829568386077881e-01 4.554381966590881348e-02 9.007970988750457764e-02 -8.969732373952865601e-02 -8.445782214403152466e-02 -2.290773950517177582e-02 9.334519505500793457e-02 6.307973060756921768e-03 4.857297614216804504e-02 4.392293281853199005e-03
9.021709114313125610e-02 1.721863448619842529e-01 8.117526024580001831e-02 -1.438733637332916260e-01 6.482577323913574219e-02 -5.977766960859298706e-02 -1.362143009901046753e-01 3.737653791904449463e-02 1.462797522544860840e-01 7.520209252834320068e-02 -1.099479719996452332e-01 5.453446134924888611e-02 -3.575985878705978394e-02 -5.913347378373146057e-02 8.212254941463470459e-02 -1.445349399000406265e-02 1.379782706499099731e-01 1.088101789355278015e-01 -1.233632192015647888e-01 -8.498197793960571289e-02 4.236952960491180420e-02 1.128525957465171814e-01 -8.109994977712631226e-02 1.397881209850311279e-01 1.742777079343795776e-01 6.852482445538043976e-03 -4.289245977997779846e-02 1.716683954000473022e-01 1.934188306331634521e-01 -1.051901727914810181e-01 4.582365974783897400e-02 4.009933769702911377e-02 -1.956306695938110352e-01 4.141782596707344055e-02 -4.169630631804466248e-02 2.967733703553676605e-02 1.715205423533916473e-02 2.551323920488357544e-02 6.231924891471862793e-02 5.942164361476898193e-02 -7.176152616739273071e-02 -8.275229483842849731e-03 8.032465726137161255e-02 -7.279092073440551758e-02 -3.785016015172004700e-02 -1.238863542675971985e-01 5.971771851181983948e-02 1.242615059018135071e-01 9.592555463314056396e-02 4.929577931761741638e-02 -2.859478443861007690e-02 -1.310017555952072144e-01 -9.064104408025741577e-02 -1.544680744409561157e-01 -5.779469385743141174e-02 1.632515490055084229e-01 -6.277196854352951050e-02 -1.334183216094970703e-01 -1.173969134688377380e-01 3.997742664068937302e-03 1.098569855093955994e-02 -4.621813446283340454e-02 -1.051767915487289429e-01 -1.027242317795753479e-01 1.046783104538917542e-02 -1.146038174629211426e-01 -7.175046950578689575e-03 6.895715743303298950e-02 -1.146244034171104431e-01 1.641009375452995300e-02 1.074811071157455444e-01 -5.582514032721519470e-02 1.087708845734596252e-01 1.737959496676921844e-02 -1.384250670671463013e-01 -6.448437273502349854e-02 4.146847501397132874e-02 -4.765294119715690613e-02 -3.835557773709297180e-02 -1.573304459452629089e-02 -1.839506030082702637e-01 8.734030276536941528e-02 -2.283836156129837036e-02 -8.689641952514648438e-02 -4.767596349120140076e-02 1.436905115842819214e-01 -2.174103260040283203e-01 -6.951433420181274414e-02 -1.460049673914909363e-02 -2.456615418195724487e-01 4.968420416116714478e-02 1.652305722236633301e-01 -2.667347341775894165e-02 8.218219280242919922e-01 2.360983341932296753e-01 7.444454729557037354e-02 -7.998613268136978149e-02 -1.676656603813171387e-01 -1.276448667049407959e-01 1.508214175701141357e-01
-4.962844774127006531e-03 3.912994638085365295e-02 -5.214076489210128784e-03 4.666246846318244934e-02 1.143480688333511353e-01 -4.164433479309082031e-02 -6.679780036211013794e-02 -7.024630159139633179e-02 9.245263785123825073e-02 -1.939575932919979095e-02 2.122503146529197693e-02 -3.140142560005187988e-02 -8.185021579265594482e-02 -7.846563309431076050e-02 -8.364973217248916626e-02 6.570293754339218140e-02 2.284297347068786621e-02 3.528441768139600754e-03 -9.245552122592926025e-03 4.327270761132240295e-02 -6.602653302252292633e-03 -6.090205162763595581e-03 -5.197505233809351921e-04 1.079115569591522217e-01 1.449916046112775803e-02 -5.910718813538551331e-02 -1.048346012830734253e-01 1.109337583184242249e-01 1.262814551591873169e-01 3.176284208893775940e-02 1.108139157295227051e-01 1.693937629461288452e-01 -1.093506440520286560e-01 1.169020831584930420e-01 -7.165801525115966797e-02 -2.493423642590641975e-03 -1.321386694908142090e-01 9.220836311578750610e-02 7.838807255029678345e-02 -4.040861874818801880e-02 1.334437262266874313e-02 -1.006650365889072418e-02 1.727061718702316284e-02 -4.359865561127662659e-02 -8.161143958568572998e-02 4.026938602328300476e-02 4.116484522819519043e-02 -7.352996617555618286e-03 1.377956718206405640e-01 8.439036458730697632e-02 6.426790356636047363e-02 -8.098103851079940796e-02 5.323456227779388428e-02 -3.966140747070312500e-02 -1.044254899024963379e-01 -2.615498378872871399e-02 -6.535802781581878662e-02 -1.579711027443408966e-02 -7.760948687791824341e-02 -7.860428839921951294e-02 -1.177692133933305740e-02 3.178903833031654358e-02 -3.902404755353927612e-02 6.290394812822341919e-03 -2.083221450448036194e-02 -1.385863125324249268e-01 6.383160501718521118e-02 -5.056625977158546448e-02 -1.400682628154754639e-01 2.303916029632091522e-02 2.344532124698162079e-02 -6.619865447282791138e-02 3.112054429948329926e-02 1.149036288261413574e-01 -5.360853672027587891e-02 -1.696987599134445190e-01 -3.438241034746170044e-02 4.783048853278160095e-02 -4.041412845253944397e-02 -1.050952374935150146e-01 -3.312936052680015564e-02 -5.552233755588531494e-02 -9.222993254661560059e-02 -9.672281146049499512e-02 -2.379252575337886810e-02 1.349737346172332764e-01 -1.150531172752380371e-01 -7.813362032175064087e-02 1.268996894359588623e-01 -1.923749782145023346e-02 -2.936331927776336670e-02 2.981939315795898438e-01 6.945284456014633179e-02 4.258532449603080750e-02 -1.650069802999496460e-01 6.383036822080612183e-02 1.064109802246093750e-01 3.139592707157135010e-02 -1.635084450244903564e-01 2.290198393166065216e-02
-5.138342082500457764e-02 2.113781496882438660e-02 3.282630443572998047e-02 -6.331254541873931885e-02 4.285013675689697266e-02 -1.027661859989166260e-01 1.103454902768135071e-01 6.505813449621200562e-02 -1.699350960552692413e-02 4.637006297707557678e-02 -4.090534895658493042e-02 -7.359387353062629700e-03 5.354882776737213135e-02 4.969502985477447510e-02 -6.904569268226623535e-02 3.841877728700637817e-02 -7.255637645721435547e-02 -9.581188112497329712e-02 6.705361604690551758e-02 -2.267136424779891968e-02 -8.776154369115829468e-02 1.676314882934093475e-02 7.727570086717605591e-02 -4.118626564741134644e-02 6.259165704250335693e-02 2.629318647086620331e-02 2.672085724771022797e-02 -2.030507288873195648e-02 3.742820583283901215e-03 -3.024472296237945557e-02 -9.264143556356430054e-02 -3.870059549808502197e-02 -3.460479527711868286e-02 5.852637439966201782e-02 1.130645200610160828e-01 2.818748587742447853e-03 -6.310595571994781494e-02 -1.198357120156288147e-01 -8.237864822149276733e-03 -4.325551912188529968e-03 3.695980086922645569e-02 1.115160877816379070e-03 5.454700812697410583e-02 -2.635938581079244614e-03 8.274795860052108765e-02 5.538261309266090393e-02 9.244444780051708221e-03 -2.052456140518188477e-02 -5.999178439378738403e-02 -6.320060044527053833e-02 -1.405201554298400879e-01 4.529591277241706848e-02 9.665788710117340088e-02 1.267838776111602783e-01 -3.146695718169212341e-02 -6.039070338010787964e-02 1.056824438273906708e-02 1.206245049834251404e-01 4.505025222897529602e-02 1.041624993085861206e-01 1.298056989908218384e-01 3.208805993199348450e-02 7.258356362581253052e-02 -6.157705560326576233e-02 2.209743857383728027e-02 -1.736142113804817200e-02 4.812005907297134399e-02 -1.469986420124769211e-02 1.319482624530792236e-01 7.890121638774871826e-02 9.345193207263946533e-02 7.205775380134582520e-02 1.452213991433382034e-02 -9.509283304214477539e-02 -5.420928820967674255e-02 1.441831886768341064e-01 -5.212368071079254150e-02 -5.633254535496234894e-03 2.874892670661211014e-03 -1.928389072418212891e-02 1.778424158692359924e-02 -1.388490549288690090e-03 1.341639757156372070e-01 -6.811397522687911987e-02 -5.627685412764549255e-02 -1.501918882131576538e-01 1.752191036939620972e-02 9.181298315525054932e-02 1.347218640148639679e-02 1.740518212318420410e-02 9.661960601806640625e-02 -7.846387103199958801e-03 -2.335244044661521912e-02 2.264291420578956604e-02 1.222357060760259628e-02 -3.151573985815048218e-02 -8.899158984422683716e-02 -2.650335803627967834e-02 5.486007034778594971e-02 -1.125461161136627197e-01
8.153071254491806030e-02 5.473617836833000183e-02 7.332751899957656860e-02 9.151086956262588501e-02 -3.299620468169450760e-03 3.179678693413734436e-02 7.302616722881793976e-03 8.577907830476760864e-02 5.585394799709320068e-03 3.767114132642745972e-02 -3.615792468190193176e-02 4.008530825376510620e-02 2.531060576438903809e-02 -9.697250090539455414e-03 5.307119712233543396e-02 9.712661057710647583e-02 -5.528436973690986633e-02 2.428808435797691345e-02 3.286291658878326416e-02 2.193376794457435608e-02 -8.726155757904052734e-02 -7.660334557294845581e-02 8.273613452911376953e-02 -5.587136372923851013e-02 9.212546050548553467e-02 -2.949434565380215645e-03 -5.767708271741867065e-02 4.237191379070281982e-02 7.938991487026214600e-02 -6.381297949701547623e-03 3.669368103146553040e-02 -2.835823036730289459e-02 7.691065222024917603e-02 1.327427476644515991e-02 -6.161983311176300049e-02 6.582971662282943726e-02 -1.949274539947509766e-02 2.202645689249038696e-02 -9.497243911027908325e-02 2.633395977318286896e-02 3.389473631978034973e-02 -5.638059973716735840e-02 1.974788494408130646e-02 3.577307984232902527e-02 2.680039219558238983e-02 -7.853113114833831787e-02 2.529040910303592682e-03 -3.612927719950675964e-02 4.746255651116371155e-02 -3.289000829681754112e-03 7.797276973724365234e-02 -9.020214527845382690e-02 1.708851940929889679e-02 7.717722654342651367e-02 -5.736564472317695618e-02 -2.593390084803104401e-02 -6.566279381513595581e-02 -2.105290815234184265e-02 -5.693187564611434937e-02 -4.738081619143486023e-02 3.592128632590174675e-03 2.893040888011455536e-02 -9.747644513845443726e-02 -5.781713873147964478e-03 -7.747054845094680786e-02 -3.107840567827224731e-02 -4.300387576222419739e-02 1.079348623752593994e-01 8.334250887855887413e-04 -6.924225389957427979e-02 -8.994854986667633057e-02 -1.042977571487426758e-01 1.098420992493629456e-01 -7.393123582005500793e-03 4.450739175081253052e-02 5.783544108271598816e-02 6.903704255819320679e-02 2.950475784018635750e-03 2.760450541973114014e-02 1.344180549494922161e-03 -3.672073781490325928e-02 -5.527864024043083191e-02 -7.793719321489334106e-02 3.928643837571144104e-02 -1.062894389033317566e-01 6.761277467012405396e-02 -1.042757481336593628e-01 -8.172640949487686157e-02 9.038385003805160522e-02 1.093804603442549706e-03 -1.098578274250030518e-01 4.803575575351715088e-02 6.130005046725273132e-02 -9.700500220060348511e-02 -3.068635798990726471e-02 -8.588383346796035767e-02 4.293436184525489807e-03 -1.336183696985244751e-01 -6.566715426743030548e-03 -3.747273294720798731e-04
-3.505754470825195312e-02 2.388310618698596954e-03 1.747669093310832977e-02 -9.770555188879370689e-04 -1.380971223115921021e-01 4.549914225935935974e-02 -3.101915307343006134e-02 4.545547813177108765e-02 -1.501711159944534302e-01 1.432401984930038452e-01 -8.672421425580978394e-02 -1.919701322913169861e-02 -2.097162976861000061e-02 -4.205823689699172974e-02 1.716151461005210876e-02 -1.107194088399410248e-02 -3.195937350392341614e-02 3.170696087181568146e-03 3.094744496047496796e-02 -5.376699939370155334e-02 2.865667454898357391e-02 3.642341867089271545e-02 4.778854548931121826e-02 -1.268649697303771973e-01 -1.143482327461242676e-01 1.163223665207624435e-02 6.050638109445571899e-02 -4.677152261137962341e-02 1.026384830474853516e-01 -7.093708962202072144e-02 -5.795379728078842163e-02 2.316959761083126068e-02 2.488275989890098572e-02 -4.993475228548049927e-02 5.512714385986328125e-02 -1.386729069054126740e-03 2.154094725847244263e-02 -7.947112619876861572e-02 5.753391422331333160e-03 -8.217622339725494385e-02 7.640533149242401123e-03 1.409386992454528809e-01 -9.394934400916099548e-03 -5.608690530061721802e-02 -4.411298409104347229e-02 5.388633161783218384e-02 -2.927778102457523346e-02 -5.514376331120729446e-03 -3.177832812070846558e-02 -7.151711732149124146e-03 -1.066928356885910034e-02 5.861186608672142029e-02 4.594446718692779541e-02 7.812628149986267090e-02 -8.417561650276184082e-03 4.161371290683746338e-02 -5.243526771664619446e-02 5.751672387123107910e-02 1.358764022588729858e-01 -4.146095365285873413e-02 1.055753044784069061e-02 1.780435815453529358e-02 8.623634278774261475e-02 1.058357954025268555e-01 5.929294973611831665e-03 1.457915902137756348e-01 5.477678030729293823e-02 1.360217016190290451e-02 1.323172729462385178e-02 5.714617669582366943e-02 3.311090916395187378e-02 -4.430974274873733521e-02 -1.129550561308860779e-01 3.395093977451324463e-02 -2.305467240512371063e-02 1.073632985353469849e-01 -6.646745651960372925e-02 4.904517158865928650e-02 1.918951980769634247e-02 2.224336937069892883e-02 1.214452609419822693e-01 1.052006706595420837e-01 -5.325464904308319092e-02 -2.333891810849308968e-03 5.180112272500991821e-02 -6.899537891149520874e-02 2.265706285834312439e-02 -8.710202574729919434e-02 5.710726231336593628e-02 2.923227846622467041e-03 -5.937658622860908508e-02 2.651595771312713623e-01 6.942343711853027344e-02 -1.211722567677497864e-01 -6.334606558084487915e-02 -3.333019465208053589e-02 -7.095509767532348633e-02 -6.158576160669326782e-02 -2.876611799001693726e-02 -1.206332743167877197e-01
-6.693291664123535156e-02 -4.249954596161842346e-02 -2.004957757890224457e-03 -7.901068776845932007e-02 3.784193471074104309e-02 8.539117872714996338e-02 -6.979177892208099365e-02 -7.574015296995639801e-03 -3.549439087510108948e-02 4.811124876141548157e-02 1.855720020830631256e-02 -4.232414066791534424e-02 -1.265919487923383713e-02 -3.130412846803665161e-02 9.941695258021354675e-03 -8.314170688390731812e-02 -1.716918498277664185e-01 2.863923087716102600e-02 -2.857857383787631989e-02 1.448018103837966919e-02 6.246563047170639038e-03 -4.623119533061981201e-02 -6.241023540496826172e-03 5.797499790787696838e-02 2.306751720607280731e-02 8.660602569580078125e-02 5.508282408118247986e-02 2.854256331920623779e-02 -1.566909402608871460e-01 -7.475979626178741455e-02 1.005211379379034042e-02 4.711012542247772217e-02 -4.717655107378959656e-02 2.793578617274761200e-02 4.874867200851440430e-02 -8.561851084232330322e-02 7.917524874210357666e-02 -7.020301371812820435e-02 3.333577141165733337e-02 -7.347574084997177124e-02 -2.275101654231548309e-02 -6.739269196987152100e-02 1.108464524149894714e-01 6.978892534971237183e-02 -7.179158180952072144e-02 1.147349029779434204e-01 4.550557211041450500e-02 5.524583160877227783e-02 6.552623957395553589e-02 -5.704483017325401306e-03 4.814555402845144272e-03 -5.289067327976226807e-02 -3.184920176863670349e-02 9.371472150087356567e-02 1.030976399779319763e-01 -1.103329434990882874e-01 -3.671748191118240356e-02 -4.954291507601737976e-02 6.024613510817289352e-03 7.065282762050628662e-02 5.567311774939298630e-03 1.049209386110305786e-02 -2.660008706152439117e-02 -1.133228614926338196e-01 -3.247336717322468758e-03 -4.302744194865226746e-02 -2.819017320871353149e-02 -1.921018809080123901e-01 -5.835799500346183777e-03 4.862318187952041626e-02 1.062761619687080383e-01 5.417802557349205017e-02 -1.022110432386398315e-01 -4.158598184585571289e-02 5.927913635969161987e-02 -3.207427635788917542e-02 -2.826233394443988800e-02 2.840503863990306854e-02 1.695336960256099701e-02 6.224156543612480164e-02 -2.490580640733242035e-02 1.127549782395362854e-01 1.068319305777549744e-01 -3.190127760171890259e-02 1.121259480714797974e-01 1.274176035076379776e-02 7.143818773329257965e-03 1.864116452634334564e-02 6.514766812324523926e-02 -8.375557512044906616e-02 2.875687181949615479e-02 -1.202290952205657959e-01 -3.961774706840515137e-02 -3.069680184125900269e-02 1.073164418339729309e-01 1.234956532716751099e-01 -1.337138414382934570e-01 -6.794115994125604630e-03 -1.904348656535148621e-02 9.805529564619064331e-02
1.203364878892898560e-01 5.506023392081260681e-02 1.159005910158157349e-01 -4.519214108586311340e-02 6.417313124984502792e-04 1.042105928063392639e-01 4.013019800186157227e-02 -3.166378661990165710e-02 9.694565087556838989e-02 2.319597452878952026e-02 -2.069955505430698395e-02 4.251935705542564392e-02 8.161864429712295532e-02 1.153669133782386780e-02 5.333824455738067627e-02 8.375639468431472778e-02 1.046545244753360748e-02 -7.494234293699264526e-02 -9.991505742073059082e-02 -3.174339979887008667e-02 -1.741669513285160065e-02 -5.800654366612434387e-02 -1.200034096837043762e-01 1.340062078088521957e-02 2.720336895436048508e-03 -6.704008579254150391e-02 2.490208484232425690e-02 1.201505959033966064e-01 1.952718347311019897e-01 5.860465764999389648e-02 5.021319165825843811e-02 4.290759190917015076e-02 3.896192833781242371e-02 5.134113132953643799e-02 -1.066019292920827866e-02 4.220793396234512329e-02 5.464725941419601440e-02 6.925358623266220093e-02 -3.051582351326942444e-02 3.867131844162940979e-02 8.375421166419982910e-03 3.452383354306221008e-02 3.371717035770416260e-02 -1.035153418779373169e-01 -4.037658870220184326e-02 -7.649289816617965698e-02 1.372900884598493576e-02 3.884420171380043030e-02 1.208647266030311584e-01 4.265360906720161438e-02 1.725974977016448975e-01 -1.078654900193214417e-01 -8.262088149785995483e-02 3.576932847499847412e-02 5.145159736275672913e-02 9.287956357002258301e-02 1.657062023878097534e-02 1.061157695949077606e-02 -4.628280550241470337e-02 -6.342495977878570557e-02 -1.704848930239677429e-02 1.096550654619932175e-02 5.909473448991775513e-02 8.101266622543334961e-02 8.373694121837615967e-02 -7.486363500356674194e-02 7.098872214555740356e-02 -3.925584256649017334e-02 -7.197736948728561401e-02 6.845118850469589233e-02 -3.532445058226585388e-02 -1.237878426909446716e-01 -3.133415943011641502e-03 7.717167586088180542e-02 7.237469404935836792e-02 -6.128311529755592346e-02 9.379751235246658325e-02 -1.722182892262935638e-02 -6.562674790620803833e-02 -1.155854612588882446e-01 -3.812848776578903198e-02 7.954090088605880737e-02 -1.240411028265953064e-02 4.755202680826187134e-02 -9.078022092580795288e-02 1.214630603790283203e-01 -4.499236494302749634e-02 4.193331580609083176e-03 8.447488397359848022e-02 -3.634777152910828590e-03 -3.603564575314521790e-02 2.987493015825748444e-02 5.782789736986160278e-02 -9.734708815813064575e-02 -5.053865537047386169e-02 -3.344964236021041870e-02 1.430003196001052856e-01 3.776366263628005981e-02 4.003731161355972290e-02 1.052090972661972046e-01
-7.972779870033264160e-02 -5.276026204228401184e-02 -7.766827195882797241e-02 -6.011857464909553528e-02 -6.657300144433975220e-02 -9.228014945983886719e-02 -3.484467417001724243e-02 -9.867522865533828735e-03 6.484191864728927612e-02 4.192222375422716141e-03 -9.542627260088920593e-03 -9.307080507278442383e-02 -3.287962451577186584e-02 -1.638786680996417999e-02 -2.581279724836349487e-02 9.768143296241760254e-02 -3.558610798791050911e-03 2.567246370017528534e-02 1.229108348488807678e-01 7.023478299379348755e-02 -1.396518386900424957e-02 -3.693537041544914246e-02 -7.385327666997909546e-02 3.364197909832000732e-02 5.538430437445640564e-02 -8.714111149311065674e-02 -1.109068375080823898e-02 2.416166104376316071e-02 3.017956949770450592e-02 -5.326640605926513672e-02 -9.103003144264221191e-02 -2.997055649757385254e-03 7.603854686021804810e-02 -5.842387676239013672e-02 -3.025990724563598633e-02 6.021311972290277481e-03 -8.905104547739028931e-02 4.573447257280349731e-02 -3.891048580408096313e-02 -7.146542519330978394e-02 1.028171405196189880e-01 -1.150905154645442963e-02 5.961212515830993652e-02 1.175052523612976074e-01 4.442832618951797485e-02 5.585031118243932724e-03 2.865929389372467995e-03 3.002025932073593140e-02 1.562596112489700317e-02 -1.891905069351196289e-02 -7.871403545141220093e-02 5.041037220507860184e-03 -8.452299982309341431e-03 -5.967456847429275513e-03 3.706644102931022644e-02 -7.990866899490356445e-02 -1.440617907792329788e-02 2.606135047972202301e-02 -3.391619399189949036e-02 1.443854719400405884e-02 -2.359652146697044373e-02 6.971392780542373657e-02 1.694308035075664520e-02 -1.158059090375900269e-01 8.401974919252097607e-04 8.177848905324935913e-02 -4.340861365199089050e-02 8.242516219615936279e-02 9.682203084230422974e-02 1.272669993340969086e-02 -5.407756939530372620e-02 -6.945324689149856567e-02 -3.306377911940217018e-04 -7.067193090915679932e-02 -5.902211740612983704e-02 5.260255187749862671e-02 -1.773837022483348846e-02 -1.544589921832084656e-02 4.753672331571578979e-02 -2.538990974426269531e-02 9.219701588153839111e-02 4.854208789765834808e-03 3.828592132776975632e-03 -2.987593412399291992e-02 7.912632822990417480e-02 1.666324096731841564e-03 9.034053981304168701e-02 -9.456909261643886566e-03 -1.141179054975509644e-01 -7.418883591890335083e-02 1.089018583297729492e-01 3.090957179665565491e-02 -6.703713536262512207e-02 9.790977090597152710e-02 2.890791743993759155e-02 9.546572715044021606e-02 2.861727587878704071e-02 6.575115025043487549e-02 2.722861431539058685e-02 -5.487228184938430786e-02
6.005684286355972290e-02 2.922224230132997036e-04 -2.413656190037727356e-02 3.641765564680099487e-02 6.415393948554992676e-02 -6.333840638399124146e-02 -5.508745089173316956e-02 -1.280275732278823853e-02 4.992252215743064880e-04 3.610112238675355911e-03 6.658927351236343384e-02 -3.762223199009895325e-02 1.302666664123535156e-01 6.525872647762298584e-02 6.600259989500045776e-02 -9.823784977197647095e-02 -2.796937339007854462e-02 8.216255158185958862e-02 -1.473402517149224877e-04 -6.925095617771148682e-02 -2.679122425615787506e-02 1.881157420575618744e-02 4.385797679424285889e-02 3.751436620950698853e-02 5.857309326529502869e-03 6.954789161682128906e-02 -5.653353780508041382e-02 1.019869744777679443e-02 4.413670301437377930e-02 3.295800089836120605e-02 1.121407933533191681e-02 1.373542845249176025e-01 6.283365935087203979e-02 6.019587814807891846e-02 -4.415068030357360840e-02 6.827752292156219482e-02 -4.509996622800827026e-02 2.831457927823066711e-02 2.990637160837650299e-02 7.115890830755233765e-02 -8.687849342823028564e-02 -6.737636774778366089e-02 1.203688904643058777e-01 -1.073842868208885193e-02 4.673945158720016479e-02 -1.327698118984699249e-02 -4.584728553891181946e-02 -3.275605663657188416e-02 1.179801374673843384e-01 -7.907346636056900024e-02 1.925718188285827637e-01 -6.039500236511230469e-02 -1.015354692935943604e-02 -8.913952112197875977e-02 -8.009871840476989746e-02 -3.400036320090293884e-02 1.011409759521484375e-01 -2.579952357336878777e-03 2.519309334456920624e-02 1.024157553911209106e-01 -4.721065238118171692e-02 -9.446764737367630005e-02 7.287901639938354492e-02 -1.893644407391548157e-02 -5.096775293350219727e-02 5.298397690057754517e-02 -3.165322169661521912e-02 -9.564668685197830200e-02 -4.739397764205932617e-02 8.873797953128814697e-02 4.710652679204940796e-02 3.333437442779541016e-02 1.070564985275268555e-01 1.074393913149833679e-01 -4.266819357872009277e-02 -5.076494440436363220e-02 1.216214522719383240e-01 -7.206057012081146240e-02 -9.203338623046875000e-02 -1.400419771671295166e-01 -7.491663098335266113e-02 2.293039858341217041e-02 -7.537350803613662720e-02 -8.663132041692733765e-02 -1.254420145414769650e-03 4.447866976261138916e-02 -1.157004386186599731e-01 4.120229929685592651e-02 -3.877947479486465454e-02 1.772269420325756073e-02 -1.299146562814712524e-01 8.125565201044082642e-02 1.188965067267417908e-01 -1.330783998128026724e-04 -1.750765442848205566e-01 6.645760964602231979e-03 8.307559788227081299e-02 -7.265924662351608276e-02 -4.046766087412834167e-02 -8.242472261190414429e-02
-3.505915030837059021e-02 -3.138145059347152710e-02 -5.882727354764938354e-02 1.325257867574691772e-01 -6.225373968482017517e-02 7.377997785806655884e-02 -6.238476932048797607e-02 7.559222728013992310e-02 -3.638505935668945312e-02 -7.531779259443283081e-02 4.546902701258659363e-02 8.890879154205322266e-02 -5.830349773168563843e-02 -3.807844221591949463e-02 7.341533154249191284e-02 -8.805511891841888428e-02 5.036143213510513306e-02 1.031378507614135742e-01 -7.653747498989105225e-02 -7.471619546413421631e-02 -5.717501789331436157e-02 -4.714430868625640869e-02 -3.521933406591415405e-02 7.763534039258956909e-02 2.284485474228858948e-02 5.718236323446035385e-03 2.847003377974033356e-02 -5.791118741035461426e-02 1.080742701888084412e-01 -1.093035936355590820e-01 3.699896112084388733e-02 1.156828030943870544e-01 -5.083485320210456848e-02 2.068049088120460510e-02 -5.932228639721870422e-02 -1.551845762878656387e-02 -6.862631440162658691e-02 -7.566596567630767822e-02 1.118991151452064514e-01 -7.352800667285919189e-02 -7.511508464813232422e-02 3.700980171561241150e-02 1.019813418388366699e-01 1.187143288552761078e-02 4.725473001599311829e-02 -2.763942070305347443e-02 -6.944361329078674316e-02 1.345114130526781082e-02 4.029821977019309998e-02 1.391950994729995728e-02 1.508857607841491699e-01 -9.763493388891220093e-02 -2.826283685863018036e-02 -1.484434027224779129e-02 6.314577907323837280e-02 -1.156722661107778549e-02 -5.087022855877876282e-02 -4.688634350895881653e-02 -4.559872299432754517e-02 3.973937034606933594e-02 -7.887904345989227295e-02 -9.176545590162277222e-02 -4.613272473216056824e-02 1.389222592115402222e-01 6.433539837598800659e-02 3.449942916631698608e-02 9.430132061243057251e-02 -6.297453492879867554e-02 -9.228885173797607422e-02 -5.425070598721504211e-02 -5.483563989400863647e-03 -6.812403351068496704e-02 -3.372744889929890633e-03 3.799211978912353516e-02 -9.372893720865249634e-02 -4.862744733691215515e-02 7.812447100877761841e-02 -6.863658875226974487e-02 -1.945928437635302544e-03 -2.160774171352386475e-02 2.255368046462535858e-02 -4.038378968834877014e-02 6.246297806501388550e-02 3.074299916625022888e-02 7.009427249431610107e-02 -3.341704141348600388e-04 -5.947654694318771362e-02 2.733659371733665466e-02 1.888087764382362366e-02 -1.022671014070510864e-01 -1.549119502305984497e-01 9.285556524991989136e-02 1.258915960788726807e-01 -5.019776523113250732e-02 -1.066858395934104919e-01 3.911702334880828857e-02 7.015090435743331909e-02 9.107590466737747192e-02 -1.026023179292678833e-01 9.848726540803909302e-02
1.051544025540351868e-01 -2.955442760139703751e-03 3.263794630765914917e-02 4.742205142974853516e-03 8.338958770036697388e-02 9.609781205654144287e-03 -9.726583957672119141e-02 1.082006320357322693e-01 2.139414697885513306e-01 -9.834043681621551514e-02 -6.998453289270401001e-02 1.874879747629165649e-02 6.871080398559570312e-02 -5.054561048746109009e-02 -5.016823485493659973e-02 9.849290549755096436e-02 -9.184566326439380646e-03 -3.270343318581581116e-02 -3.911386430263519287e-02 -3.082833997905254364e-02 3.026372753083705902e-02 1.128342002630233765e-01 4.777408670634031296e-03 1.177636757493019104e-01 3.853638097643852234e-02 -2.296871319413185120e-02 -2.070062309503555298e-01 8.891432732343673706e-02 3.372843191027641296e-02 -6.120596081018447876e-03 1.699396222829818726e-01 1.237011775374412537e-01 -4.965893551707267761e-02 2.420770227909088135e-01 -1.134139671921730042e-01 4.313439875841140747e-02 -1.970270648598670959e-02 1.885644644498825073e-01 -2.118771336972713470e-02 1.028614118695259094e-02 1.615871093235909939e-03 -1.696889847517013550e-01 4.546855762600898743e-02 -7.350368052721023560e-02 -7.118732482194900513e-02 -3.245471045374870300e-02 -9.205289185047149658e-03 -3.486829251050949097e-02 1.264934390783309937e-01 -1.530802808701992035e-02 1.588242799043655396e-01 -9.252637624740600586e-02 -3.982131183147430420e-02 -1.301009953022003174e-01 -1.159226428717374802e-02 2.068171948194503784e-01 4.675535857677459717e-02 -1.741760224103927612e-01 -1.847940236330032349e-01 6.967905908823013306e-02 -6.163429841399192810e-02 -1.357374060899019241e-02 -6.563176959753036499e-02 -3.103986755013465881e-02 5.215143412351608276e-02 -1.149496212601661682e-01 -5.346058309078216553e-02 3.400384634733200073e-02 1.880075782537460327e-02 1.042662635445594788e-01 -3.697869926691055298e-02 -2.562755718827247620e-02 1.402022391557693481e-01 8.372206240892410278e-02 -5.318052601069211960e-03 -1.934169977903366089e-01 7.392079383134841919e-02 -1.018909886479377747e-01 7.064446806907653809e-02 -1.182293072342872620e-01 -1.502575427293777466e-01 6.683185696601867676e-02 3.179265186190605164e-02 -1.764180511236190796e-02 -8.602502197027206421e-02 -7.057712972164154053e-02 -1.304991543292999268e-01 -9.397799521684646606e-02 4.202936310321092606e-03 1.787233203649520874e-01 3.606842458248138428e-02 -1.462175231426954269e-02 -5.190365016460418701e-02 6.756052374839782715e-01 1.885457485914230347e-01 -3.570051491260528564e-02 -6.360845267772674561e-02 -2.166619002819061279e-01 -5.307971313595771790e-02 1.670892536640167236e-01
7.160369306802749634e-02 5.708368495106697083e-02 -2.442636899650096893e-02 -3.910699114203453064e-02 -1.520801708102226257e-02 -1.389587484300136566e-02 -1.365989893674850464e-01 7.597878575325012207e-02 1.137129515409469604e-01 3.043690882623195648e-02 -7.764840126037597656e-02 8.969148620963096619e-03 5.879874527454376221e-02 -7.051514089107513428e-02 2.409647032618522644e-02 1.246087625622749329e-01 7.067704945802688599e-02 1.002982631325721741e-01 -2.056770175695419312e-01 -8.978120982646942139e-03 1.135051473975181580e-01 1.399609446525573730e-01 -1.618871837854385376e-01 1.299666017293930054e-01 -1.014037709683179855e-02 3.816181793808937073e-02 -5.616400763392448425e-02 5.459383875131607056e-02 1.848636418581008911e-01 -1.739623695611953735e-01 -1.985695771872997284e-02 1.714551895856857300e-01 -5.117236450314521790e-02 1.161595880985260010e-01 8.115928620100021362e-02 1.674649864435195923e-01 -1.160630583763122559e-01 -1.653445139527320862e-02 -2.420060336589813232e-02 -7.899957150220870972e-02 -1.340256929397583008e-01 2.250632457435131073e-02 1.657426804304122925e-01 -2.605255693197250366e-02 -1.330198049545288086e-01 -9.292416274547576904e-02 -1.949227601289749146e-02 1.083036065101623535e-01 1.689939945936203003e-01 1.725309714674949646e-02 1.463233381509780884e-01 -1.084387185983359814e-03 4.631073400378227234e-02 -2.736014127731323242e-02 -5.257170647382736206e-02 2.632509730756282806e-02 4.114488139748573303e-02 -7.950361073017120361e-02 -9.634496271610260010e-02 -1.304852403700351715e-02 -1.930239051580429077e-02 1.570543460547924042e-02 -2.973810955882072449e-02 2.244148030877113342e-02 6.773548573255538940e-02 -2.047387808561325073e-01 -6.288715451955795288e-02 5.434523150324821472e-02 -1.677251309156417847e-01 1.307656168937683105e-01 -5.661092326045036316e-02 -5.607025325298309326e-02 8.491399884223937988e-02 1.736604608595371246e-02 2.229153364896774292e-02 -1.491804718971252441e-01 -3.057678043842315674e-02 -1.578284353017807007e-01 -8.817000687122344971e-02 1.416702009737491608e-02 4.664700478315353394e-02 7.524478435516357422e-02 -9.200228750705718994e-02 -2.382775396108627319e-02 -1.151028349995613098e-01 1.336765438318252563e-01 -1.194626018404960632e-01 -8.387935906648635864e-02 4.030724614858627319e-02 6.410412024706602097e-03 -8.317670971155166626e-02 -4.671793431043624878e-02 -4.655642062425613403e-02 6.207149028778076172e-01 6.285200268030166626e-02 6.656673550605773926e-02 1.210170704871416092e-02 -1.265535801649093628e-01 -9.287416003644466400e-03 6.869163364171981812e-02
1.501937583088874817e-02 1.044155578711070120e-04 6.439721584320068359e-02 4.788317158818244934e-02 -4.794774204492568970e-02 -3.817480430006980896e-02 6.907581537961959839e-02 -7.166912406682968140e-02 7.368189096450805664e-02 -2.269080840051174164e-02 -7.698876317590475082e-03 7.951701432466506958e-02 -4.275929182767868042e-02 -7.287382334470748901e-02 -8.517988771200180054e-02 -7.588618993759155273e-02 -1.166731864213943481e-01 2.590664895251393318e-03 5.890214350074529648e-03 3.060909733176231384e-02 -9.046354889869689941e-02 -3.745815157890319824e-02 1.378030329942703247e-02 -1.113885939121246338e-01 3.982242569327354431e-02 -4.990731179714202881e-02 9.181708842515945435e-02 -1.002706736326217651e-01 -1.996629089117050171e-01 1.139688342809677124e-01 4.165167734026908875e-02 -3.931693360209465027e-02 5.489283055067062378e-02 4.762108251452445984e-02 -2.642779797315597534e-02 -1.257082223892211914e-01 2.366018481552600861e-02 -2.885923720896244049e-02 -1.788572594523429871e-02 3.988454490900039673e-02 1.162448432296514511e-03 1.679368875920772552e-02 -5.584701150655746460e-02 -1.460998225957155228e-02 4.212444275617599487e-02 5.338280647993087769e-02 -2.186237601563334465e-03 6.008681654930114746e-02 -1.123194545507431030e-01 -5.719425156712532043e-02 -7.053709030151367188e-02 -1.934506371617317200e-02 -4.035376012325286865e-02 1.033107414841651917e-01 3.340263292193412781e-02 -1.336191296577453613e-01 3.350725024938583374e-02 -3.313163667917251587e-02 -1.389365456998348236e-02 -8.783819153904914856e-03 3.321216627955436707e-02 1.019460111856460571e-01 7.488355040550231934e-03 -1.421662271022796631e-01 -3.489431226626038551e-03 1.288617998361587524e-01 5.669099465012550354e-02 6.704452633857727051e-02 -4.277782142162322998e-02 1.047842949628829956e-02 9.008043259382247925e-02 4.006914794445037842e-02 -9.898710250854492188e-02 -6.849459558725357056e-02 3.734707832336425781e-02 -4.581889603286981583e-03 -1.411884874105453491e-01 9.100036323070526123e-02 3.223673626780509949e-02 6.204658374190330505e-02 6.191112846136093140e-02 -7.447537034749984741e-02 5.683612450957298279e-02 -6.187734007835388184e-02 6.503818929195404053e-02 -4.658222943544387817e-02 3.251068759709596634e-03 6.643632799386978149e-02 -1.172391101717948914e-01 -8.247042447328567505e-02 1.089376136660575867e-01 1.301983296871185303e-01 -1.501398719847202301e-02 1.489409897476434708e-02 9.994552284479141235e-02 1.643206477165222168e-01 1.754291728138923645e-02 3.353820741176605225e-02 -2.991755492985248566e-02 -1.145731136202812195e-01
-1.589732766151428223e-01 -7.071457803249359131e-02 4.394182004034519196e-03 6.018827855587005615e-02 -8.773841895163059235e-03 2.286861091852188110e-02 1.506973952054977417e-01 -8.370787254534661770e-04 -1.586578488349914551e-01 1.177961677312850952e-01 -1.935270987451076508e-02 -6.801458448171615601e-02 5.473459511995315552e-02 6.908201426267623901e-02 -1.347804963588714600e-01 -5.105725489556789398e-03 7.265009731054306030e-02 -6.291828304529190063e-02 8.670061081647872925e-02 1.768926233053207397e-01 -9.036038815975189209e-02 -1.900894218124449253e-03 5.578096583485603333e-02 -1.519250571727752686e-01 -3.077835030853748322e-02 1.042905449867248535e-01 1.021820604801177979e-01 -2.690290510654449463e-01 -2.073559314012527466e-01 -6.837730109691619873e-02 -9.528661519289016724e-02 -2.051861584186553955e-01 2.201640978455543518e-02 -1.233355328440666199e-01 6.849625706672668457e-02 -2.033602744340896606e-01 -4.682079888880252838e-03 -1.678029298782348633e-01 -1.046206653118133545e-01 3.182879090309143066e-02 2.450642287731170654e-01 -8.887385018169879913e-03 -1.733487099409103394e-01 -1.892674900591373444e-02 9.174100309610366821e-02 9.670861065387725830e-02 -7.271476835012435913e-02 2.770882472395896912e-02 -1.534048467874526978e-01 -9.016773849725723267e-02 -1.379071772098541260e-01 1.880846545100212097e-02 8.612491935491561890e-02 6.769838929176330566e-02 8.093842864036560059e-02 -6.743102520704269409e-02 2.009980753064155579e-02 1.385332942008972168e-01 2.078643292188644409e-01 -8.805741369724273682e-02 -5.906226113438606262e-03 7.552606612443923950e-02 1.451251208782196045e-01 -6.073344871401786804e-02 -6.036691367626190186e-02 1.046738177537918091e-01 9.795350953936576843e-03 -3.540804609656333923e-02 1.450176686048507690e-01 -2.233124338090419769e-02 2.690425515174865723e-02 1.204577162861824036e-01 -1.907470524311065674e-01 -4.400462284684181213e-02 -9.283684194087982178e-03 1.034338176250457764e-01 -1.457116659730672836e-02 8.569741994142532349e-02 -6.657327711582183838e-02 1.155979484319686890e-01 1.683467254042625427e-02 2.731288410723209381e-02 9.902137331664562225e-03 4.990412294864654541e-02 8.565301075577735901e-03 -1.197872832417488098e-01 2.548501789569854736e-01 4.288194328546524048e-02 4.915066435933113098e-02 4.000318050384521484e-02 -1.287126215174794197e-03 8.647323399782180786e-02 1.782549172639846802e-02 -6.284840703010559082e-01 -2.298057079315185547e-01 -3.007075050845742226e-03 -1.507045328617095947e-02 4.800398275256156921e-02 2.958326414227485657e-02 -1.033321917057037354e-01
2.318554930388927460e-02 -4.587887600064277649e-02 -6.813592463731765747e-02 -5.754059180617332458e-02 -2.489634603261947632e-02 1.049454361200332642e-01 -1.081374809145927429e-01 7.802618294954299927e-02 -2.771355770528316498e-02 3.200262784957885742e-02 6.381220370531082153e-02 -2.352173812687397003e-02 -1.153837963938713074e-01 1.731121353805065155e-02 1.046414300799369812e-01 9.474071860313415527e-02 1.672865822911262512e-02 7.094447314739227295e-02 5.418903753161430359e-02 -1.002721935510635376e-01 3.034517541527748108e-02 1.051584538072347641e-02 -7.784292846918106079e-02 2.391685731709003448e-02 1.573026413097977638e-03 -7.556020468473434448e-02 -1.892126724123954773e-02 4.322059452533721924e-03 1.310804039239883423e-01 6.903507746756076813e-03 -4.668089374899864197e-02 1.494135856628417969e-01 2.583756670355796814e-02 6.296128779649734497e-02 -3.568658605217933655e-02 7.467591669410467148e-03 -6.438379734754562378e-02 8.879017084836959839e-02 1.052558943629264832e-01 -4.360057413578033447e-02 1.785193756222724915e-02 5.569152161478996277e-02 -6.196530163288116455e-02 2.565523423254489899e-02 -4.907892271876335144e-02 -8.628366142511367798e-02 9.760529547929763794e-02 1.023785024881362915e-01 -1.842331513762474060e-02 7.141861319541931152e-02 5.019573867321014404e-02 -5.446952581405639648e-02 3.262843191623687744e-02 -2.766739577054977417e-02 -5.822409689426422119e-02 5.301862582564353943e-02 -3.826863691210746765e-02 3.336612135171890259e-02 -1.099993363022804260e-01 3.711940348148345947e-02 -1.129337474703788757e-01 -7.166856434196233749e-03 -8.362518996000289917e-02 2.497845143079757690e-02 5.200410727411508560e-03 -1.097338721156120300e-01 -5.162785295397043228e-03 -6.200983654707670212e-03 -4.296425357460975647e-02 -7.665587216615676880e-02 -3.274521231651306152e-02 2.754431590437889099e-02 6.898164749145507812e-02 1.125713884830474854e-01 4.036255553364753723e-02 -7.960525900125503540e-02 -3.270220756530761719e-02 6.172511354088783264e-02 -7.163754850625991821e-02 -6.150571256875991821e-02 2.366072684526443481e-02 -8.295895904302597046e-02 1.978681422770023346e-02 -1.029769480228424072e-01 2.457284368574619293e-02 9.637497365474700928e-02 -3.001321479678153992e-02 -2.415516786277294159e-02 5.821157991886138916e-02 4.057922586798667908e-02 -1.287892758846282959e-01 5.013470351696014404e-02 5.422597378492355347e-02 3.264157474040985107e-02 -2.113528177142143250e-02 -2.817019075155258179e-02 -2.831664867699146271e-02 -3.193005546927452087e-02 -1.340314894914627075e-01 8.600174635648727417e-02
-5.343729257583618164e-02 -9.999551810324192047e-03 9.820252656936645508e-03 5.723792128264904022e-03 -1.374774724245071411e-01 4.065322503447532654e-02 6.734708696603775024e-02 -7.031027227640151978e-02 -1.101647764444351196e-01 1.043381765484809875e-01 8.173677325248718262e-02 -6.499404460191726685e-02 -1.291661411523818970e-01 1.878805831074714661e-02 7.000643294304609299e-03 -3.477130830287933350e-02 5.862913653254508972e-02 1.518444390967488289e-03 1.551040709018707275e-01 1.142922881990671158e-02 2.760088816285133362e-02 -1.217601001262664795e-01 8.546406775712966919e-02 -7.827419042587280273e-02 -1.064123809337615967e-01 6.732848286628723145e-02 2.079384624958038330e-01 -2.206126004457473755e-01 -2.680159509181976318e-01 1.661239378154277802e-02 -5.380652844905853271e-02 -1.618996560573577881e-01 5.544520542025566101e-02 -1.804373711347579956e-01 1.342967301607131958e-01 -1.072710976004600525e-01 7.460684329271316528e-02 -9.982001781463623047e-02 1.006873790174722672e-02 6.672735617030411959e-05 1.715706586837768555e-01 1.938637793064117432e-01 -4.528568591922521591e-03 -5.307919532060623169e-02 1.155282706022262573e-01 1.693447530269622803e-01 -1.801842600107192993e-01 -9.410242736339569092e-02 -1.792384833097457886e-01 -8.357381075620651245e-02 5.203587189316749573e-02 1.421684622764587402e-01 -4.639603570103645325e-02 1.280740499496459961e-01 6.942474842071533203e-02 -1.133399531245231628e-01 1.932187005877494812e-04 1.454319953918457031e-01 1.181358844041824341e-01 3.313700854778289795e-02 5.099387094378471375e-02 1.782045215368270874e-01 3.322162851691246033e-02 -7.562426477670669556e-02 -2.778170071542263031e-02 7.352089136838912964e-02 -1.246456131339073181e-01 -2.106820046901702881e-01 1.532897204160690308e-01 6.689399480819702148e-02 -4.264321923255920410e-02 9.849061071872711182e-02 -1.902550458908081055e-01 -1.043142303824424744e-01 4.467432945966720581e-02 1.021479219198226929e-01 7.722317427396774292e-02 -1.175927650183439255e-02 -5.326073244214057922e-02 2.677474915981292725e-02 2.193560898303985596e-01 7.637497503310441971e-03 -1.124976016581058502e-02 1.019167974591255188e-01 1.151026636362075806e-01 2.824874408543109894e-02 7.528463751077651978e-02 -2.187907695770263672e-02 -9.437593072652816772e-02 2.394498325884342194e-03 -1.869104243814945221e-02 -6.864642351865768433e-02 -1.134557928889989853e-02 -5.157521963119506836e-01 -1.430963277816772461e-01 2.135059796273708344e-03 1.111109778285026550e-01 4.962015897035598755e-02 -3.595879301428794861e-02 -1.128505989909172058e-01
-1.415227353572845459e-01 -2.319149114191532135e-02 7.592576742172241211e-02 4.440588504076004028e-02 5.809236690402030945e-02 -8.079244755208492279e-03 1.929396390914916992e-02 -5.436995998024940491e-02 8.726226538419723511e-02 -4.097961634397506714e-02 4.392813146114349365e-02 2.712893299758434296e-02 3.878730908036231995e-02 1.250843256711959839e-01 5.930048879235982895e-03 -6.020728498697280884e-02 -1.032806336879730225e-01 2.125220932066440582e-02 9.158444404602050781e-02 -2.113299071788787842e-02 -4.087013751268386841e-02 -7.602934539318084717e-02 -3.306055814027786255e-02 3.666643425822257996e-02 -1.295576095581054688e-01 1.452057659626007080e-01 1.309806853532791138e-01 -5.937580019235610962e-02 -5.524966120719909668e-02 -1.283190399408340454e-01 -1.191810518503189087e-01 -1.479943096637725830e-01 6.459746509790420532e-02 -7.880061119794845581e-02 1.026562973856925964e-01 7.598238065838813782e-03 1.367829144001007080e-01 -9.880664944648742676e-02 5.367907881736755371e-02 -1.547004282474517822e-01 6.574586033821105957e-02 4.735174402594566345e-02 -7.819437235593795776e-02 -2.547905594110488892e-02 1.005775779485702515e-01 1.249495986849069595e-02 -6.731888651847839355e-02 6.568692624568939209e-02 -1.287972629070281982e-01 -4.617926105856895447e-02 -1.534924358129501343e-01 6.577599793672561646e-02 -8.366409689188003540e-03 6.300181266851723194e-04 7.364621758460998535e-02 -1.256019920110702515e-01 4.158139601349830627e-02 -1.361930277198553085e-02 1.285135746002197266e-01 -4.454383626580238342e-03 8.020362257957458496e-02 8.728337287902832031e-02 3.125607594847679138e-02 -2.631169743835926056e-02 6.396964658051729202e-03 4.445974156260490417e-02 -1.327677667140960693e-01 -2.075036168098449707e-01 2.356550283730030060e-02 7.482195645570755005e-02 -6.515987962484359741e-02 9.390182048082351685e-02 -6.526231765747070312e-02 -5.948456004261970520e-02 -7.043333351612091064e-02 1.670702099800109863e-01 2.079783566296100616e-02 8.207225799560546875e-02 7.974179089069366455e-02 -5.853522941470146179e-02 3.331034258008003235e-02 4.995269328355789185e-02 7.645039260387420654e-02 6.993503123521804810e-02 5.808411911129951477e-02 -1.836772859096527100e-01 4.445556923747062683e-02 5.418275296688079834e-02 -1.269450783729553223e-01 1.702472418546676636e-01 9.118150174617767334e-02 -1.541163772344589233e-01 6.008741259574890137e-02 -2.000572681427001953e-01 -5.454639717936515808e-02 -1.030246689915657043e-01 2.056787908077239990e-02 3.439394757151603699e-02 -3.708354011178016663e-02 4.143184423446655273e-02
6.303240358829498291e-02 5.567358434200286865e-02 -9.520962834358215332e-02 -7.674723118543624878e-02 -2.067327150143682957e-04 -5.795770883560180664e-02 -1.176101416349411011e-01 7.538973540067672729e-02 8.373737335205078125e-02 5.775348469614982605e-02 -1.151914000511169434e-01 9.108520299196243286e-02 5.361850559711456299e-02 -8.095251768827438354e-02 5.274034664034843445e-02 -5.409073829650878906e-02 -9.844404645264148712e-03 -1.705374941229820251e-02 -1.293719857931137085e-01 -8.245708048343658447e-02 7.762370258569717407e-02 1.185219958424568176e-01 -5.629902333021163940e-02 1.184486374258995056e-01 6.856169551610946655e-02 -6.578695494681596756e-03 -1.196168512105941772e-01 1.208753883838653564e-01 1.296473741531372070e-01 4.896622523665428162e-02 3.258296474814414978e-02 -5.232879426330327988e-03 8.363579213619232178e-02 5.983471497893333435e-02 -1.336009949445724487e-01 1.087841913104057312e-01 -6.318529602140188217e-03 1.565926820039749146e-01 -4.309511557221412659e-02 5.228175222873687744e-02 -1.289312690496444702e-01 -7.191509753465652466e-02 5.026552453637123108e-02 -1.364006847143173218e-01 -8.474623411893844604e-02 -9.184862487018108368e-03 4.069951921701431274e-02 -4.760301113128662109e-02 1.343095302581787109e-01 -3.352083638310432434e-02 8.043771237134933472e-02 -6.641563773155212402e-02 -5.353361740708351135e-02 -3.186323121190071106e-02 -2.951683476567268372e-02 7.261659204959869385e-02 1.044324263930320740e-01 4.968607798218727112e-02 -1.408430747687816620e-02 8.623510599136352539e-02 1.004700455814599991e-02 -3.294917568564414978e-02 -9.582033008337020874e-02 1.435079425573348999e-01 -1.904496923089027405e-02 1.369484048336744308e-02 -2.405617944896221161e-02 -1.024737432599067688e-01 -1.314290314912796021e-01 -2.027111768256872892e-04 4.267073702067136765e-03 5.916854366660118103e-02 -2.346219122409820557e-02 -5.589713342487812042e-03 -1.172197833657264709e-01 -5.509166512638330460e-03 1.404620409011840820e-01 -4.488545656204223633e-02 6.935366988182067871e-02 2.751546725630760193e-02 -6.761040538549423218e-02 9.934546053409576416e-02 -4.754328727722167969e-02 -1.265540421009063721e-01 -1.067945808172225952e-01 1.807188093662261963e-01 -1.754347085952758789e-01 -3.511180868372321129e-03 4.001443460583686829e-02 1.090263053774833679e-01 -4.292486235499382019e-02 -6.720088422298431396e-02 1.390189081430435181e-01 2.004439830780029297e-01 -1.297957152128219604e-01 3.152593597769737244e-02 1.270204186439514160e-01 -2.593626640737056732e-02 -2.548943646252155304e-02 -3.362417221069335938e-02
-1.076243072748184204e-02 3.299600630998611450e-02 9.486183989793062210e-04 -2.085688896477222443e-02 9.425114840269088745e-02 2.015201898757368326e-04 -6.824269145727157593e-02 1.612830460071563721e-01 1.555105149745941162e-01 -9.472050517797470093e-02 3.778585046529769897e-02 1.065584570169448853e-01 2.064923793077468872e-01 1.565198530443012714e-03 -3.180147707462310791e-02 2.317613363265991211e-02 -6.085173785686492920e-02 7.663686759769916534e-03 -1.802130192518234253e-01 -7.628326863050460815e-02 2.879217825829982758e-02 2.932010963559150696e-02 -2.167314477264881134e-02 1.779047027230262756e-02 1.280289143323898315e-01 2.427138760685920715e-02 -1.350048780441284180e-01 2.157866656780242920e-01 1.932513713836669922e-01 -8.733197301626205444e-02 2.068715356290340424e-02 7.125186920166015625e-02 -1.435846686363220215e-01 4.997575655579566956e-02 -1.062005907297134399e-01 -2.788249170407652855e-03 -1.787448860704898834e-02 9.303139150142669678e-02 9.784434735774993896e-02 1.572439670562744141e-01 -1.653791815042495728e-01 -1.685370206832885742e-01 -3.059142909478396177e-04 -7.606326788663864136e-02 -7.707352936267852783e-02 -4.624456167221069336e-02 2.316934466361999512e-01 1.308546811342239380e-01 2.030531764030456543e-01 5.453008692711591721e-03 -7.955994457006454468e-03 -3.992844000458717346e-02 1.926997490227222443e-02 -3.110591880977153778e-02 -1.010072529315948486e-01 1.603277325630187988e-01 6.864346563816070557e-02 -4.625263437628746033e-02 -7.209713105112314224e-03 -4.206904768943786621e-02 4.991445690393447876e-03 -1.066743507981300354e-01 1.132362335920333862e-02 -2.273693121969699860e-02 2.441513352096080780e-02 -5.436677858233451843e-02 2.102465480566024780e-01 9.549223631620407104e-02 -6.019495427608489990e-02 6.874001026153564453e-02 2.811853773891925812e-02 -6.809028238058090210e-02 1.240544095635414124e-01 -2.026173658668994904e-02 -1.356376558542251587e-01 -3.376189619302749634e-02 2.905362099409103394e-02 -3.665946051478385925e-02 1.122817620635032654e-01 -1.985189301194623113e-04 -2.012358456850051880e-01 6.236100103706121445e-03 5.407673772424459457e-03 -5.841040983796119690e-03 -1.336008757352828979e-01 -1.275399699807167053e-02 -1.859359145164489746e-01 -1.444065719842910767e-01 6.353409588336944580e-02 5.631814524531364441e-02 -4.612654075026512146e-02 4.870504885911941528e-02 -1.498205494135618210e-02 8.134528398513793945e-01 1.215988770127296448e-01 7.252539694309234619e-02 -2.384540066123008728e-02 2.693943679332733154e-02 1.834143768064677715e-03 6.083331070840358734e-03
4.246994853019714355e-02 -1.069024056196212769e-01 1.196286454796791077e-01 6.385546177625656128e-02 2.828669548034667969e-02 8.565668016672134399e-02 2.909576334059238434e-02 3.508383408188819885e-02 -5.515548586845397949e-02 6.296417117118835449e-02 4.122347012162208557e-02 -8.299507200717926025e-02 2.258850075304508209e-02 -8.442673832178115845e-02 3.434785082936286926e-02 9.184677153825759888e-02 -2.976917661726474762e-02 -8.718672208487987518e-03 -4.502977058291435242e-02 -1.947593688964843750e-02 -9.216427057981491089e-02 6.080973520874977112e-02 -7.002435624599456787e-02 7.195474952459335327e-02 -9.739495068788528442e-02 7.771280407905578613e-02 -7.671301811933517456e-02 6.862217187881469727e-02 6.292831897735595703e-02 -9.452227503061294556e-02 -9.196566045284271240e-02 2.250279858708381653e-02 -3.068459033966064453e-02 3.642692044377326965e-02 -5.717225000262260437e-02 4.737959429621696472e-02 -7.819380611181259155e-02 -2.442409098148345947e-02 -4.882428422570228577e-02 -8.533753454685211182e-02 -4.550030082464218140e-02 6.319601833820343018e-02 6.372769922018051147e-02 3.379240259528160095e-02 -5.365605652332305908e-02 -8.559393882751464844e-02 9.586162120103836060e-02 -5.337390676140785217e-02 -5.359194427728652954e-02 3.177898749709129333e-02 7.906351983547210693e-02 -3.217541426420211792e-02 1.040447037667036057e-03 1.057950705289840698e-01 -8.347389101982116699e-02 8.181346952915191650e-02 -1.442503649741411209e-02 -2.894980274140834808e-02 -4.846681654453277588e-02 -7.259757071733474731e-02 5.096874013543128967e-02 -5.880938470363616943e-02 3.959686681628227234e-02 5.903853476047515869e-02 -1.152689475566148758e-02 1.164007782936096191e-01 1.002820283174514771e-01 5.022429674863815308e-02 -6.471334397792816162e-02 -2.718378789722919464e-02 -5.540528148412704468e-02 -3.038374893367290497e-02 -1.964846812188625336e-02 -4.927028343081474304e-02 4.537836462259292603e-02 -1.451788377016782761e-02 1.316937357187271118e-01 7.210626453161239624e-02 2.857908606529235840e-03 -7.310445606708526611e-02 -2.393023343756794930e-03 -1.303323078900575638e-02 -1.101332716643810272e-02 1.768584549427032471e-02 -1.036177650094032288e-01 -9.864711761474609375e-02 4.001257009804248810e-03 3.109323419630527496e-02 5.208243802189826965e-02 -4.580007866024971008e-02 -9.088134765625000000e-02 1.186561584472656250e-01 -2.763140574097633362e-02 -1.726935207843780518e-01 -1.566677391529083252e-01 7.924985140562057495e-02 -3.438714146614074707e-02 2.155430428683757782e-02 -6.607471406459808350e-02 6.315819174051284790e-02
2.048639021813869476e-02 2.786366455256938934e-02 6.869068741798400879e-02 9.889236837625503540e-02 -3.737003728747367859e-02 4.975889250636100769e-02 1.158319562673568726e-01 -1.255638748407363892e-01 -3.535486012697219849e-02 1.114794686436653137e-01 -1.263270676136016846e-01 -5.494153499603271484e-02 -9.461073204874992371e-03 -1.609097933396697044e-03 -9.483456611633300781e-03 2.058367617428302765e-02 -7.188784331083297729e-02 -1.745133427903056145e-03 5.509785935282707214e-02 -8.525431901216506958e-02 8.129585534334182739e-02 -7.897107303142547607e-02 5.892612785100936890e-02 1.732851006090641022e-02 -7.128679752349853516e-02 -3.388544172048568726e-02 -1.262411754578351974e-02 9.879668056964874268e-02 -3.150270506739616394e-02 1.453157961368560791e-01 -4.038049653172492981e-02 -7.212772965431213379e-02 -4.776010289788246155e-02 6.455630064010620117e-02 8.977558463811874390e-03 -6.423785537481307983e-02 4.168761894106864929e-02 1.315268278121948242e-01 -2.869263850152492523e-02 -2.137395925819873810e-02 -1.995465345680713654e-02 -1.600522249937057495e-01 2.760350145399570465e-02 8.143391460180282593e-03 8.713651448488235474e-02 8.944763243198394775e-02 8.661757409572601318e-02 9.025166183710098267e-02 -7.712117582559585571e-02 5.904901400208473206e-02 1.202998831868171692e-01 -6.463827937841415405e-02 8.412282168865203857e-02 -6.161820143461227417e-02 -8.747439086437225342e-02 1.042988002300262451e-01 -4.576248675584793091e-02 -2.889734879136085510e-02 -1.008584797382354736e-01 1.218651607632637024e-01 6.484174728393554688e-02 2.154622226953506470e-02 3.266560845077037811e-03 -2.921018004417419434e-02 -1.022397726774215698e-01 4.335789754986763000e-02 1.064204648137092590e-01 2.321195453405380249e-01 6.949993222951889038e-02 -9.857754409313201904e-02 7.407979667186737061e-02 3.863457590341567993e-02 1.909007877111434937e-02 -8.730845898389816284e-02 1.090400144457817078e-01 -1.067367866635322571e-01 -6.190935149788856506e-02 8.005071431398391724e-02 1.249229628592729568e-02 7.597764581441879272e-02 -3.240293264389038086e-02 -3.445175662636756897e-02 7.430105656385421753e-02 -1.426163315773010254e-01 8.540280908346176147e-02 8.079395629465579987e-04 8.998394757509231567e-02 -3.386182710528373718e-02 5.027283355593681335e-02 1.336432620882987976e-02 6.909260153770446777e-02 -1.177344396710395813e-01 -2.900282293558120728e-02 -2.304839938879013062e-01 -9.879742562770843506e-02 -5.807057395577430725e-02 9.337341785430908203e-02 -2.543469890952110291e-02 -3.263543546199798584e-02 -9.081044048070907593e-02
1.276631504297256470e-01 1.347078979015350342e-01 4.088257253170013428e-02 -2.873740717768669128e-02 2.258435823023319244e-02 1.159990578889846802e-01 -8.820293843746185303e-02 6.725893914699554443e-02 1.068165451288223267e-01 3.823921829462051392e-02 8.067163079977035522e-02 -1.405912041664123535e-01 -3.494998812675476074e-02 6.789806485176086426e-02 -5.193277075886726379e-02 -3.651392087340354919e-02 6.964098662137985229e-03 3.237241506576538086e-02 -8.665998280048370361e-02 -8.241140842437744141e-02 -6.458900123834609985e-02 2.525947429239749908e-02 -1.036336645483970642e-01 7.965260744094848633e-02 9.507711231708526611e-02 -1.556262001395225525e-02 -2.559747081249952316e-03 9.118629992008209229e-02 -6.760815531015396118e-02 -1.227761283516883850e-01 1.738351769745349884e-02 -5.538356676697731018e-02 1.458353847265243530e-01 -6.942135095596313477e-02 -3.085651993751525879e-02 -4.556883871555328369e-02 7.628189772367477417e-02 5.930654704570770264e-02 -1.255235448479652405e-02 4.565932974219322205e-02 2.473055012524127960e-02 -5.790239572525024414e-02 3.432490304112434387e-02 -1.093265484087169170e-03 -3.611834254115819931e-04 -7.021103054285049438e-02 -2.124034333974123001e-03 -4.920320957899093628e-02 6.194363534450531006e-02 -2.810460701584815979e-02 4.422819614410400391e-02 -7.283120881766080856e-03 5.939875170588493347e-02 1.158305071294307709e-02 1.768058910965919495e-02 2.406092546880245209e-02 9.971286356449127197e-02 6.301948428153991699e-02 -8.884668350219726562e-02 9.244840592145919800e-03 1.678177039138972759e-03 -5.127453058958053589e-02 -5.562936887145042419e-02 -2.303868718445301056e-02 2.144486643373966217e-03 1.769887842237949371e-02 -8.333206176757812500e-03 -1.889126598834991455e-01 -1.195771172642707825e-01 -9.706335142254829407e-03 -7.088164985179901123e-02 -6.031828373670578003e-02 1.991073600947856903e-02 8.384466916322708130e-02 -9.912610054016113281e-03 2.123239915817975998e-03 8.923019468784332275e-02 2.818557992577552795e-02 6.565387547016143799e-02 6.957782059907913208e-02 -4.129320010542869568e-02 -1.119483187794685364e-01 -1.075411811470985413e-01 5.629308149218559265e-02 7.635380327701568604e-02 1.561599075794219971e-01 -9.052910655736923218e-02 2.164480090141296387e-02 -5.416578426957130432e-02 -4.893678054213523865e-02 -3.647125093266367912e-03 1.679488830268383026e-02 5.260841920971870422e-02 4.868513904511928558e-03 5.695108324289321899e-02 -6.434837728738784790e-02 -5.445937812328338623e-02 1.509581506252288818e-01 8.349981904029846191e-02 8.106964081525802612e-02
3.028386086225509644e-02 3.920724987983703613e-02 1.601641476154327393e-01 -9.316503256559371948e-02 7.172127068042755127e-02 -6.597973406314849854e-02 -1.064856350421905518e-01 -1.279964148998260498e-01 -1.956592313945293427e-02 1.441386062651872635e-02 4.357950016856193542e-02 -1.688119769096374512e-01 -7.418815512210130692e-03 -6.399741861969232559e-03 5.228658672422170639e-03 -1.000233143568038940e-01 1.093512475490570068e-01 8.419954776763916016e-02 -1.202787160873413086e-01 -3.114175982773303986e-03 3.134167566895484924e-02 9.498395770788192749e-02 -1.581032723188400269e-01 -3.979739174246788025e-02 2.162051387131214142e-02 -1.459572166204452515e-01 -1.318674162030220032e-02 1.308488547801971436e-01 5.877688061445951462e-03 1.342816464602947235e-02 -1.356952916830778122e-02 6.391118466854095459e-02 5.478730425238609314e-02 6.434082239866256714e-02 -9.455961734056472778e-02 1.532806456089019775e-01 -1.103259474039077759e-01 -8.143494836986064911e-03 -4.687348753213882446e-02 -3.315192088484764099e-02 4.684447124600410461e-02 -1.294039189815521240e-01 8.937846124172210693e-02 -2.210970222949981689e-02 4.278596490621566772e-02 5.480888858437538147e-02 4.837238416075706482e-02 -4.564213752746582031e-02 -1.315346104092895985e-03 1.280735582113265991e-01 -4.547737538814544678e-02 -1.486950665712356567e-01 3.756529465317726135e-02 -1.843563169240951538e-01 -1.041024923324584961e-02 -7.118688523769378662e-02 2.862055320292711258e-03 -6.530354171991348267e-02 -5.347649753093719482e-02 1.676012724637985229e-01 3.028673306107521057e-02 5.075350776314735413e-02 -1.304773986339569092e-01 1.063220668584108353e-02 1.139598339796066284e-01 -5.768618360161781311e-02 6.915389746427536011e-02 -9.762164205312728882e-03 -1.471386756747961044e-03 -6.865223869681358337e-03 -7.769521325826644897e-02 -1.069694757461547852e-01 7.001348584890365601e-02 -1.334620639681816101e-02 1.213359683752059937e-01 2.836691855918616056e-04 -7.723011821508407593e-02 -1.001770123839378357e-01 5.562325567007064819e-02 -1.127150058746337891e-01 9.347883984446525574e-03 -3.506717085838317871e-02 5.037842318415641785e-02 -1.060803420841693878e-02 -1.050300896167755127e-01 -2.032958203926682472e-03 2.962994575500488281e-02 -8.623894304037094116e-02 7.339495699852705002e-03 2.142199128866195679e-01 -1.057861819863319397e-01 -2.612058520317077637e-01 9.316233545541763306e-02 1.053881943225860596e-01 8.626776188611984253e-02 -1.358968466520309448e-01 1.409499533474445343e-02 -1.103421766310930252e-02 9.327813982963562012e-03 1.510439813137054443e-01
1.244134381413459778e-01 8.618816733360290527e-02 -6.279136240482330322e-02 2.427764981985092163e-02 9.681110084056854248e-02 -2.864148095250129700e-02 -2.284174412488937378e-02 -6.627294234931468964e-03 -6.013387814164161682e-02 -7.570087164640426636e-02 7.407501339912414551e-03 8.469268679618835449e-02 6.464082747697830200e-02 -7.322494685649871826e-02 9.519391693174839020e-03 1.541087403893470764e-02 4.757283627986907959e-02 2.516943775117397308e-02 -1.075216382741928101e-01 -2.173254638910293579e-02 5.836517736315727234e-02 -5.917997285723686218e-02 -4.196700453758239746e-02 4.697464406490325928e-02 -1.847802475094795227e-02 4.179700091481208801e-02 -9.890633076429367065e-02 1.727563887834548950e-02 3.976501151919364929e-02 3.370586037635803223e-02 -4.234830662608146667e-02 -6.179062277078628540e-02 7.894866168498992920e-02 -4.796364810317754745e-03 6.362637941492721438e-05 -2.173024415969848633e-02 -9.151268750429153442e-02 1.048239991068840027e-01 7.953299582004547119e-02 -5.721570923924446106e-03 2.452168241143226624e-02 -8.873259276151657104e-02 4.255814012140035629e-03 -9.708283841609954834e-02 -1.106109544634819031e-01 2.836172468960285187e-02 5.505158752202987671e-02 -6.069944426417350769e-02 -4.060234874486923218e-02 -5.234342068433761597e-02 1.519555747509002686e-01 7.845086976885795593e-03 -3.206529468297958374e-02 -4.091367125511169434e-02 -1.070310594514012337e-03 -3.050951659679412842e-02 8.866698294878005981e-02 -1.025412306189537048e-01 8.978241123259067535e-03 -3.889901936054229736e-02 2.406828105449676514e-02 -5.476769804954528809e-02 -6.397016346454620361e-02 1.187901198863983154e-01 -7.361778616905212402e-02 -1.512959301471710205e-01 3.156862780451774597e-02 1.152694076299667358e-01 5.221129953861236572e-02 1.805776543915271759e-02 -7.460113614797592163e-02 -1.088599488139152527e-01 1.384952068328857422e-01 6.656958907842636108e-02 -2.545117586851119995e-02 -1.686716824769973755e-02 2.975326962769031525e-02 -1.061779558658599854e-01 -5.120876803994178772e-02 -5.422968789935112000e-02 -1.025112252682447433e-02 -3.192299231886863708e-02 -9.872482158243656158e-03 1.990614272654056549e-02 -4.649049043655395508e-02 -2.696958743035793304e-02 1.168423518538475037e-02 -9.843832999467849731e-02 -1.531435642391443253e-02 9.291065484285354614e-02 -2.874371036887168884e-02 -7.312957942485809326e-02 1.338462978601455688e-01 -5.938762426376342773e-02 -6.711773108690977097e-03 -1.144644692540168762e-01 -2.227835357189178467e-02 -2.895013988018035889e-02 -2.276130206882953644e-02 1.167475134134292603e-01
6.097570061683654785e-02 -3.321401402354240417e-02 -8.564634621143341064e-02 -6.837429106235504150e-02 -9.354330599308013916e-02 5.462114140391349792e-02 6.171920895576477051e-02 2.188128605484962463e-02 -1.225806213915348053e-02 -4.234097898006439209e-02 -8.484287559986114502e-02 5.994372442364692688e-02 8.670119196176528931e-02 -4.832179471850395203e-02 -8.897090703248977661e-02 3.839391842484474182e-02 1.953264884650707245e-02 -6.275404244661331177e-02 6.917855143547058105e-02 -1.851002126932144165e-02 -7.752638310194015503e-02 -1.121916994452476501e-01 -3.164415434002876282e-02 6.038466468453407288e-02 1.339993672445416451e-03 8.553250879049301147e-02 2.054700069129467010e-02 -9.573433548212051392e-02 -1.652190089225769043e-01 -4.625187069177627563e-02 -3.689677640795707703e-02 -2.353375032544136047e-02 -9.461371600627899170e-02 -7.552871853113174438e-02 1.145479828119277954e-01 3.612843155860900879e-02 -5.693823844194412231e-02 -1.071966439485549927e-01 -7.705270498991012573e-02 -1.268878113478422165e-02 1.212323904037475586e-01 4.492295905947685242e-02 -6.419407576322555542e-02 -1.980543136596679688e-02 5.052267387509346008e-02 1.245586499571800232e-01 -8.829033002257347107e-03 -2.712420932948589325e-02 -1.300664693117141724e-01 -2.697072736918926239e-02 -4.760912805795669556e-02 -2.639003284275531769e-02 -3.666023910045623779e-02 1.035663187503814697e-01 1.140124276280403137e-01 6.828267127275466919e-03 8.765934407711029053e-02 7.486607134342193604e-02 5.023643746972084045e-02 9.664961136877536774e-03 4.176006093621253967e-02 4.636345058679580688e-02 3.177933394908905029e-02 -1.278215646743774414e-01 -2.913572080433368683e-02 -1.950857229530811310e-02 3.409278020262718201e-02 -2.272733859717845917e-02 -2.922357618808746338e-02 -1.057303044945001602e-02 4.496577009558677673e-02 -1.922226883471012115e-02 -7.638071477413177490e-02 -3.775333240628242493e-02 3.354026377201080322e-02 5.056700855493545532e-02 -9.098504483699798584e-02 7.814866304397583008e-02 1.275193840265274048e-01 1.244075298309326172e-01 8.435595035552978516e-02 -5.350682884454727173e-02 3.653098270297050476e-02 1.524075213819742203e-02 -5.915533378720283508e-02 2.636223658919334412e-02 5.830136686563491821e-02 1.235231012105941772e-01 -1.051496341824531555e-01 5.313732102513313293e-02 1.379691660404205322e-01 -2.845651283860206604e-02 -4.630713537335395813e-02 1.170184239745140076e-01 1.567767858505249023e-01 6.193734332919120789e-02 2.991971187293529510e-02 -1.076031289994716644e-02 -2.906898595392704010e-02 -6.960207223892211914e-02
-1.286909729242324829e-01 -6.920280307531356812e-02 2.589750662446022034e-02 5.949489399790763855e-02 -5.610216781497001648e-02 2.651091665029525757e-02 -5.053160712122917175e-02 7.524419575929641724e-03 -1.713636815547943115e-01 4.038344323635101318e-02 1.044785082340240479e-01 -1.570477783679962158e-01 1.222984865307807922e-01 -2.042051590979099274e-02 1.342933624982833862e-01 -6.390721350908279419e-02 -1.600531190633773804e-01 4.793803766369819641e-02 3.969271481037139893e-02 1.604492515325546265e-01 -8.425951004028320312e-03 -1.467759013175964355e-01 7.629835605621337891e-02 -2.005823850631713867e-01 -9.709901362657546997e-02 -9.420772083103656769e-03 2.099953591823577881e-01 -1.107470467686653137e-01 -1.499963998794555664e-01 -2.622526884078979492e-01 -6.967410445213317871e-02 -1.700850278139114380e-01 2.637775242328643799e-01 -8.798480033874511719e-02 9.841898083686828613e-02 -5.835995823144912720e-02 -7.199558429419994354e-03 -1.595041006803512573e-01 7.694098353385925293e-02 -2.353213429450988770e-01 3.452678769826889038e-02 2.213329970836639404e-01 -1.474472433328628540e-01 1.317926943302154541e-01 7.410570979118347168e-02 1.073353886604309082e-01 -1.166831403970718384e-01 -1.600485108792781830e-02 -2.353825867176055908e-01 -2.498858142644166946e-03 -1.111123263835906982e-01 7.806403189897537231e-02 -2.375916205346584320e-02 1.861077249050140381e-01 8.216226845979690552e-02 -9.104461222887039185e-02 -2.221626490354537964e-01 2.282393425703048706e-01 1.726294904947280884e-01 9.931602329015731812e-02 2.819727174937725067e-02 5.354810878634452820e-02 1.192975193262100220e-01 3.317506238818168640e-02 -1.687712792772799730e-04 2.127839475870132446e-01 -1.511260867118835449e-01 -4.360146224498748779e-01 1.378886699676513672e-01 9.314449131488800049e-02 5.129274353384971619e-02 -2.454496547579765320e-02 -1.779734045267105103e-01 -1.340258121490478516e-01 3.541360050439834595e-02 1.146544516086578369e-01 1.310807764530181885e-01 1.355155706405639648e-01 7.997138798236846924e-02 3.281411156058311462e-02 2.669216096401214600e-01 -7.274235785007476807e-02 -4.107770696282386780e-02 1.478717923164367676e-01 1.104009374976158142e-01 -1.210547797381877899e-02 7.066217064857482910e-02 -2.075579762458801270e-02 4.767360538244247437e-02 3.576832115650177002e-01 -1.274498999118804932e-01 1.716331988573074341e-01 5.871468037366867065e-02 -1.029850840568542480e+00 -4.059992730617523193e-01 -4.676529020071029663e-02 4.546784609556198120e-02 2.162551730871200562e-01 4.161252826452255249e-02 1.902024075388908386e-02
4.629385843873023987e-02 3.585978224873542786e-02 2.035946585237979889e-02 -1.100736632943153381e-01 1.048785150051116943e-01 1.597906947135925293e-01 -1.361328512430191040e-01 2.419625036418437958e-02 1.567775458097457886e-01 -1.326898485422134399e-01 6.965379416942596436e-02 -2.499566599726676941e-02 1.422938890755176544e-02 -1.661042869091033936e-02 1.453890651464462280e-01 5.586713552474975586e-02 1.009162329137325287e-02 6.416328996419906616e-02 -5.646293237805366516e-02 -6.039259210228919983e-02 7.082190364599227905e-02 4.873903468251228333e-03 -4.663280025124549866e-02 4.266779497265815735e-02 4.638578370213508606e-02 -5.627375096082687378e-02 -1.859973967075347900e-01 2.162208557128906250e-01 4.932397603988647461e-02 -9.608495235443115234e-02 -1.921724528074264526e-02 1.870025396347045898e-01 2.801804617047309875e-02 7.242771983146667480e-02 -1.168287768959999084e-01 4.196283221244812012e-02 -8.278284221887588501e-02 1.731167882680892944e-01 6.538058072328567505e-02 -1.570578962564468384e-01 -1.425513476133346558e-01 5.538376979529857635e-03 1.527470648288726807e-01 -1.394487321376800537e-01 -6.399835646152496338e-02 -8.533680438995361328e-02 1.217937543988227844e-01 -1.923914626240730286e-02 1.118815019726753235e-01 -6.549251079559326172e-02 1.446207463741302490e-01 -8.401575684547424316e-02 4.671650938689708710e-03 -6.860961019992828369e-02 -9.972048550844192505e-02 1.814198791980743408e-01 -4.983055964112281799e-02 -2.545528672635555267e-02 -1.950762271881103516e-01 1.829092204570770264e-02 -1.474026590585708618e-01 6.905556190758943558e-03 -1.198810711503028870e-02 1.206360757350921631e-01 7.847517728805541992e-02 -1.047400012612342834e-01 5.796315893530845642e-02 -4.164618253707885742e-02 -8.432308211922645569e-03 -4.899096861481666565e-02 -5.914691835641860962e-02 3.798943758010864258e-02 1.931969225406646729e-01 5.175500363111495972e-02 -6.405462324619293213e-02 -1.106833741068840027e-01 1.286887377500534058e-01 -1.537015885114669800e-01 3.588306531310081482e-02 -9.074442088603973389e-02 5.426623392850160599e-03 3.495669364929199219e-02 -1.195983365178108215e-01 -1.063024508766829967e-03 -1.109938044100999832e-02 6.037301197648048401e-02 -2.126998454332351685e-01 -9.869759529829025269e-02 1.294923871755599976e-01 -1.322468221187591553e-01 5.007937550544738770e-02 -8.276730775833129883e-02 -5.085107311606407166e-02 5.983009934425354004e-01 -6.520907045342028141e-04 -9.685253724455833435e-03 -5.064770951867103577e-02 -5.728790909051895142e-02 -7.621192187070846558e-02 1.662878096103668213e-01
-2.505412884056568146e-02 -4.742205608636140823e-03 -6.121459975838661194e-02 2.398693468421697617e-03 9.879887104034423828e-02 3.954920917749404907e-02 1.925317686982452869e-03 -7.270278036594390869e-02 -7.123977690935134888e-02 1.897836662828922272e-02 5.466927774250507355e-03 -9.583567827939987183e-02 -7.546842098236083984e-02 -5.094595625996589661e-02 -7.538246363401412964e-02 -4.169443249702453613e-02 -8.069804310798645020e-02 -6.561242043972015381e-02 -3.659492731094360352e-02 -3.438697010278701782e-02 -4.749903827905654907e-02 -6.556155532598495483e-02 -1.269957721233367920e-01 2.517666108906269073e-02 -7.163631170988082886e-02 4.876542091369628906e-02 -7.424924988299608231e-03 -2.272142656147480011e-02 2.519506029784679413e-02 -9.816754609346389771e-02 -4.877695441246032715e-02 -4.926342889666557312e-02 -6.207584217190742493e-02 -2.464747987687587738e-02 -7.500219345092773438e-02 -1.045349426567554474e-02 4.417363181710243225e-02 6.428924947977066040e-02 -6.239509209990501404e-02 -1.094420254230499268e-01 2.633157745003700256e-02 7.040755450725555420e-02 -3.986642137169837952e-02 7.431385666131973267e-02 4.750319197773933411e-02 2.457928657531738281e-02 -7.589504122734069824e-02 4.601382091641426086e-02 1.408756244927644730e-02 -1.742774993181228638e-02 1.006883382797241211e-02 1.908684335649013519e-02 -1.019335612654685974e-01 -4.765916988253593445e-02 -3.717916458845138550e-02 4.042330011725425720e-02 -7.761206477880477905e-02 2.898802794516086578e-02 -3.381388029083609581e-03 -6.899383664131164551e-02 3.021802008152008057e-02 9.747174382209777832e-02 -8.835258334875106812e-02 -4.301264509558677673e-02 3.632555156946182251e-02 1.822685264050960541e-02 -6.310854852199554443e-02 -9.375563263893127441e-02 -7.007840275764465332e-02 -3.393105790019035339e-02 -7.580862147733569145e-04 -6.736211478710174561e-03 7.262841612100601196e-02 4.265722818672657013e-03 -8.813731372356414795e-02 -1.789630576968193054e-02 -3.810113295912742615e-02 -8.183493278920650482e-03 2.000078558921813965e-02 1.160850152373313904e-01 7.993813604116439819e-02 -4.717122763395309448e-02 -2.524078264832496643e-02 8.497599512338638306e-03 -6.683970987796783447e-02 -1.029042825102806091e-01 6.748268380761146545e-03 -7.109069079160690308e-02 -3.978511691093444824e-02 1.372125446796417236e-01 9.497127681970596313e-02 -1.015359312295913696e-01 -1.013235282152891159e-02 8.917416632175445557e-02 1.543564796447753906e-01 1.377049740403890610e-02 -1.272003538906574249e-02 7.016548514366149902e-02 3.609293699264526367e-02 8.378601819276809692e-02
-3.430011868476867676e-02 7.054713368415832520e-02 -4.742180556058883667e-02 -7.160169072449207306e-03 7.748281210660934448e-02 -2.618061937391757965e-02 -3.883789852261543274e-02 7.554125785827636719e-02 -2.757649868726730347e-02 4.375047609210014343e-02 1.215692795813083649e-02 5.502063781023025513e-02 1.763339154422283173e-02 -7.941347360610961914e-02 3.372224792838096619e-02 -5.440586805343627930e-02 5.761626735329627991e-02 4.616326093673706055e-02 -6.957301497459411621e-02 -6.810984108597040176e-03 -6.243656948208808899e-02 -9.762190282344818115e-02 -7.641448825597763062e-02 1.314366459846496582e-01 6.704089045524597168e-02 -5.100284889340400696e-02 2.708845399320125580e-02 4.425431042909622192e-02 6.032289471477270126e-03 1.348152011632919312e-02 1.092158444225788116e-02 1.393284462392330170e-02 -5.596067383885383606e-02 -6.078228354454040527e-03 -1.287791226059198380e-02 -5.064982175827026367e-02 4.425873514264822006e-03 -2.051718905568122864e-02 6.660055369138717651e-02 7.348489761352539062e-02 -3.947074338793754578e-02 -6.822712719440460205e-02 8.868266642093658447e-02 5.054564401507377625e-02 7.366683334112167358e-02 -2.265775576233863831e-02 5.957802757620811462e-02 1.243696361780166626e-01 -3.806980326771736145e-02 2.046064473688602448e-02 3.585974127054214478e-02 3.352423384785652161e-02 2.757120318710803986e-02 -4.699797928333282471e-02 -1.484934426844120026e-02 -5.762907862663269043e-02 6.219393387436866760e-02 -8.648502826690673828e-02 -1.193085536360740662e-01 -4.790246114134788513e-02 3.743479773402214050e-02 9.361173957586288452e-02 -6.057083979249000549e-02 1.183069869875907898e-01 6.120363995432853699e-02 5.302466079592704773e-02 1.022390350699424744e-01 -2.650430984795093536e-02 -1.027660667896270752e-01 -5.741829425096511841e-02 -2.064145170152187347e-02 -6.885064393281936646e-02 1.241627261042594910e-01 7.517562061548233032e-02 -3.512863069772720337e-03 -6.858262419700622559e-02 6.041648238897323608e-02 2.727538160979747772e-02 4.813966527581214905e-02 -8.370787650346755981e-02 -6.945199519395828247e-02 -8.114823698997497559e-02 -1.346728112548589706e-02 -1.134030148386955261e-01 -1.082630977034568787e-01 1.495742890983819962e-02 -7.496665418148040771e-02 1.369095779955387115e-02 -4.455222561955451965e-02 6.729304790496826172e-02 -1.310365200042724609e-01 -4.760053008794784546e-02 -3.324669552966952324e-03 -9.954432398080825806e-02 -5.379046127200126648e-02 3.658469300717115402e-03 1.377242896705865860e-02 3.346802666783332825e-02 -7.653819769620895386e-02 -1.778454892337322235e-02
-1.213229000568389893e-01 -8.491640537977218628e-02 4.553356766700744629e-02 5.677750334143638611e-03 1.357464306056499481e-02 -2.891996502876281738e-02 1.449974067509174347e-02 -8.735779672861099243e-02 -1.097219213843345642e-01 6.669410970062017441e-03 4.677627235651016235e-03 -7.573671638965606689e-02 -5.326054990291595459e-02 1.607686467468738556e-02 5.775084346532821655e-02 5.343420058488845825e-02 5.737453326582908630e-02 6.064076349139213562e-02 2.187990956008434296e-02 -1.798795163631439209e-02 -1.254731565713882446e-01 -1.827287673950195312e-02 4.173637181520462036e-02 -6.920444220304489136e-02 -4.879644513130187988e-02 1.222468167543411255e-01 1.105026621371507645e-02 -3.710685297846794128e-02 4.005432128906250000e-03 6.790430098772048950e-02 3.822812065482139587e-02 -1.139559000730514526e-01 -4.971917718648910522e-02 -3.227412328124046326e-02 4.030648246407508850e-02 5.669266358017921448e-02 -6.199094653129577637e-02 -2.032918110489845276e-02 -6.119926925748586655e-03 -7.310567051172256470e-02 4.356374219059944153e-02 4.329928383231163025e-02 -3.594063222408294678e-02 -2.132904902100563049e-02 5.615904927253723145e-02 1.222643107175827026e-01 -8.511913008987903595e-03 8.831039071083068848e-02 5.803326517343521118e-02 -1.677891239523887634e-02 -9.661718457937240601e-02 -6.028553098440170288e-02 8.731058239936828613e-02 -4.145877808332443237e-02 1.110604107379913330e-01 -4.469238966703414917e-02 -1.097406968474388123e-01 7.726697251200675964e-03 -2.652731491252779961e-03 -5.578726902604103088e-02 -2.156066708266735077e-02 1.310689374804496765e-02 5.818442627787590027e-02 -2.348669990897178650e-02 -7.931388914585113525e-02 5.671091750264167786e-02 5.836136266589164734e-02 2.906320616602897644e-02 1.239217519760131836e-01 -1.030285879969596863e-01 1.380419731140136719e-01 3.866393491625785828e-02 4.994829371571540833e-02 9.696811437606811523e-03 3.959643840789794922e-02 -5.248277261853218079e-02 -2.682236582040786743e-02 3.006093576550483704e-02 9.933219105005264282e-02 -6.552657578140497208e-03 -2.472426556050777435e-02 -6.259655952453613281e-02 7.853725552558898926e-02 4.807783290743827820e-02 -7.964066229760646820e-03 -1.483092177659273148e-02 9.724427945911884308e-03 -3.347066789865493774e-02 -5.342040210962295532e-02 -2.016035653650760651e-02 1.776145547628402710e-01 1.132712699472904205e-02 -1.426875740289688110e-01 9.824921190738677979e-02 1.470910608768463135e-01 1.010992899537086487e-01 -1.018626242876052856e-01 3.153209388256072998e-02 4.845397174358367920e-02 -9.081833064556121826e-02
-5.339107662439346313e-02 2.445402182638645172e-02 -5.326230078935623169e-02 -6.558357924222946167e-02 -4.579831287264823914e-02 -1.112640202045440674e-01 1.048552915453910828e-01 -1.597950011491775513e-01 -1.887294948101043701e-01 8.498062193393707275e-02 -7.298694550991058350e-02 9.821691364049911499e-02 -7.078923285007476807e-02 8.679686486721038818e-02 -5.700764060020446777e-02 -1.419833675026893616e-02 7.920004427433013916e-02 -1.106911823153495789e-01 2.098746038973331451e-02 1.327477954328060150e-02 -2.961247600615024567e-02 -6.773356348276138306e-02 -1.830677874386310577e-02 -2.096592448651790619e-02 1.363481208682060242e-02 4.276471212506294250e-02 9.852317720651626587e-02 1.051713451743125916e-01 6.655652076005935669e-02 2.575648762285709381e-02 -1.674491167068481445e-01 -8.182357996702194214e-03 -1.204659491777420044e-01 -1.671495847404003143e-02 1.436914652585983276e-01 4.982070252299308777e-02 -8.226247876882553101e-02 -1.487430781126022339e-01 -9.891495108604431152e-03 2.072472311556339264e-02 9.052807092666625977e-02 6.922345608472824097e-02 -9.910928457975387573e-02 -6.152778863906860352e-02 -3.068076819181442261e-02 -5.787049233913421631e-02 -2.436691336333751678e-02 -5.247527733445167542e-02 -5.111614242196083069e-02 -1.918344944715499878e-02 9.968560934066772461e-02 -8.350013196468353271e-02 2.670922502875328064e-02 7.494625449180603027e-02 -6.088735535740852356e-02 -7.846719771623611450e-02 6.999365985393524170e-02 1.219224780797958374e-01 -5.520924180746078491e-02 1.298599690198898315e-01 -5.850290507078170776e-02 1.672544330358505249e-02 5.946198478341102600e-02 5.981031432747840881e-02 2.400611713528633118e-02 1.176435314118862152e-02 -3.599710762500762939e-02 8.329648524522781372e-02 8.124356716871261597e-02 -1.479128841310739517e-02 6.718996446579694748e-03 1.576922461390495300e-02 1.084368526935577393e-01 1.731594465672969818e-02 -9.075732529163360596e-02 4.066378623247146606e-02 3.163586556911468506e-02 -4.430552944540977478e-02 9.426234662532806396e-02 4.269485548138618469e-02 1.391307711601257324e-01 1.261263340711593628e-01 -6.579104810953140259e-02 1.840125583112239838e-02 -6.583154201507568359e-02 -6.420855969190597534e-02 1.449836492538452148e-01 1.233238577842712402e-01 -1.194465756416320801e-01 1.728440970182418823e-01 -4.566337168216705322e-02 -4.551419317722320557e-01 -1.229345612227916718e-02 -4.530255794525146484e-01 -1.163827702403068542e-01 -1.842468418180942535e-02 6.981079280376434326e-02 -1.412714123725891113e-01 1.034383624792098999e-01 4.643655940890312195e-02
-1.063419505953788757e-01 -8.532383292913436890e-02 -5.670888721942901611e-02 -7.356949895620346069e-02 7.725986093282699585e-02 1.552790962159633636e-02 -6.962109357118606567e-02 -9.460386354476213455e-04 -4.493324086070060730e-02 9.183138608932495117e-02 -8.425974845886230469e-02 -5.093672126531600952e-02 -1.113530248403549194e-01 5.252622440457344055e-02 -1.885449327528476715e-02 -8.741651475429534912e-02 -1.807241886854171753e-02 8.403242379426956177e-02 5.736463516950607300e-02 7.112791389226913452e-02 6.428227573633193970e-02 -1.048833057284355164e-01 -4.764870181679725647e-02 7.546664774417877197e-02 -1.334147006273269653e-01 -5.203382298350334167e-02 7.619083672761917114e-02 -4.122812300920486450e-02 -2.344505116343498230e-02 8.317138254642486572e-02 -7.814157009124755859e-02 -4.196203500032424927e-02 1.192967817187309265e-01 -3.508342057466506958e-02 5.052594467997550964e-02 -1.226644963026046753e-01 5.381318926811218262e-02 -1.138022616505622864e-01 -9.966973215341567993e-02 -1.008176580071449280e-01 5.116816982626914978e-02 1.411355137825012207e-01 3.512658923864364624e-02 5.865528807044029236e-02 5.466081947088241577e-02 -5.333544220775365829e-03 -1.393943876028060913e-01 6.693910807371139526e-02 -8.656708896160125732e-02 6.814386695623397827e-03 3.844155371189117432e-02 8.298031985759735107e-02 1.455522701144218445e-02 7.206944376230239868e-02 5.161932855844497681e-02 -1.218543127179145813e-01 -8.370491559617221355e-04 3.606051579117774963e-02 6.288038939237594604e-02 -6.464656908065080643e-03 -1.409454969689249992e-03 9.464389644563198090e-03 -4.644821584224700928e-02 -8.535394817590713501e-02 2.456268121022731066e-04 6.284208595752716064e-02 -7.700582034885883331e-03 -1.345286667346954346e-01 1.400847434997558594e-01 1.168937142938375473e-02 1.090143993496894836e-01 -6.742496788501739502e-02 3.531718999147415161e-02 -3.299835138022899628e-03 -8.907196670770645142e-02 1.507903933525085449e-01 -1.028512977063655853e-02 3.492319211363792419e-02 -1.015595626085996628e-02 1.370792686939239502e-01 1.241492107510566711e-01 -4.872795194387435913e-02 6.441249861381947994e-04 -2.769379317760467529e-02 6.818537414073944092e-02 -1.713761985301971436e-01 1.314184218645095825e-01 -7.448641583323478699e-03 2.535136602818965912e-02 -3.423067182302474976e-02 2.812155708670616150e-02 -1.272865533828735352e-01 -6.712932605296373367e-03 -6.668848544359207153e-02 3.719207271933555603e-02 -2.260820567607879639e-02 -9.059598296880722046e-02 2.466240711510181427e-02 2.039414085447788239e-02 -5.643573030829429626e-02
-5.098462477326393127e-02 -1.978977397084236145e-02 9.283915907144546509e-02 1.018773671239614487e-02 4.148833919316530228e-03 -2.065562829375267029e-02 -3.647352755069732666e-02 -1.957651041448116302e-02 -6.752609275281429291e-03 -3.441980108618736267e-02 -1.102017238736152649e-01 6.005950272083282471e-02 -9.597409516572952271e-02 4.765702784061431885e-02 -4.536809772253036499e-02 -9.334462881088256836e-02 3.285865485668182373e-02 7.064715772867202759e-02 -1.128796413540840149e-01 -3.155647218227386475e-02 -4.115531593561172485e-02 -8.305948972702026367e-02 6.734378635883331299e-02 4.898907244205474854e-02 9.989009797573089600e-02 5.491533130407333374e-02 -5.563360452651977539e-02 1.729537174105644226e-02 1.550991535186767578e-01 -4.943275824189186096e-02 -7.625399157404899597e-03 3.566820174455642700e-02 -1.564268767833709717e-02 1.307978928089141846e-01 -4.389466717839241028e-02 3.760683536529541016e-02 -4.671261459589004517e-02 5.202521383762359619e-02 1.121411751955747604e-02 -6.183369550853967667e-03 -1.387954801321029663e-01 4.066102579236030579e-02 3.527889028191566467e-02 -1.873996853828430176e-02 -8.145722746849060059e-02 2.398965694010257721e-02 2.002746332436800003e-03 -7.593928603455424309e-04 1.047225967049598694e-01 -6.360126286745071411e-02 1.916829645633697510e-01 1.095831487327814102e-02 -4.106332361698150635e-02 -4.317429289221763611e-02 1.237767096608877182e-02 1.245319768786430359e-01 -7.553131133317947388e-02 -9.105151891708374023e-02 -1.189010143280029297e-01 3.320970013737678528e-02 -5.018724501132965088e-02 -2.619713917374610901e-02 -1.360154002904891968e-01 6.740312278270721436e-02 3.105451166629791260e-02 -1.875190436840057373e-02 3.952704742550849915e-02 8.228749036788940430e-02 -1.235645115375518799e-01 4.882400482892990112e-02 -1.715409010648727417e-02 -6.405283696949481964e-03 6.219300627708435059e-02 -4.508635774254798889e-02 -9.334840625524520874e-02 -3.560797870159149170e-02 -1.109063345938920975e-02 8.917389437556266785e-03 2.261432819068431854e-02 -3.006121516227722168e-02 -6.210132315754890442e-02 3.092138096690177917e-02 -5.310633033514022827e-02 -2.847991883754730225e-02 -7.740443944931030273e-02 1.187487598508596420e-02 -4.995295405387878418e-02 -1.378162950277328491e-01 9.568369388580322266e-02 -1.032342016696929932e-01 1.776647259248420596e-04 -3.961949795484542847e-02 9.517444670200347900e-02 -1.307114958763122559e-01 -1.755634993314743042e-01 3.426206856966018677e-02 2.006719633936882019e-02 3.311761096119880676e-02 -6.044899672269821167e-02 5.400986596941947937e-02
1.020405068993568420e-01 3.975585848093032837e-02 2.562748827040195465e-02 1.486900169402360916e-02 2.062441557645797729e-01 5.341651290655136108e-02 -6.498232483863830566e-02 1.234515979886054993e-01 1.013042330741882324e-01 -7.447310537099838257e-02 2.438856661319732666e-02 -1.560029238462448120e-01 1.251728553324937820e-02 7.154710590839385986e-02 7.631682604551315308e-02 2.843995019793510437e-02 -6.742857396602630615e-02 7.582770287990570068e-02 -5.188896134495735168e-02 4.434940591454505920e-02 1.390252411365509033e-01 6.367217749357223511e-02 -1.140315532684326172e-01 7.577493041753768921e-02 4.953366145491600037e-02 -8.965294808149337769e-02 -1.919175311923027039e-02 -4.003263637423515320e-02 7.066386938095092773e-02 -3.428793326020240784e-02 1.850204356014728546e-02 4.208208061754703522e-03 2.676437795162200928e-02 5.483523011207580566e-02 -1.108807474374771118e-01 5.024825036525726318e-02 -2.598350495100021362e-02 -3.627908229827880859e-02 4.128342494368553162e-02 -6.118912994861602783e-02 -1.123524550348520279e-02 -6.585072726011276245e-02 1.427107155323028564e-01 -1.036887690424919128e-01 7.105290889739990234e-02 -5.948563292622566223e-02 9.737199544906616211e-02 2.358984015882015228e-02 -1.308716740459203720e-02 -6.414096057415008545e-02 1.381085515022277832e-01 -1.023098155856132507e-01 6.557375937700271606e-02 -3.911201283335685730e-02 -8.324933052062988281e-02 7.128670066595077515e-02 -7.777788490056991577e-02 -2.939864061772823334e-03 3.958980366587638855e-02 1.261660009622573853e-01 7.087557762861251831e-02 3.470953553915023804e-02 -2.489632181823253632e-02 5.981623753905296326e-02 9.190282970666885376e-02 -5.312278494238853455e-02 7.409212994389235973e-04 -7.865284383296966553e-02 1.753934472799301147e-02 9.609003365039825439e-02 7.815691828727722168e-02 3.049562498927116394e-02 1.169911026954650879e-01 2.635242044925689697e-02 -6.053696200251579285e-02 -3.919909149408340454e-02 -2.957925014197826385e-02 -2.036835998296737671e-02 -1.019231155514717102e-01 -5.143306031823158264e-02 2.795525640249252319e-02 1.085852161049842834e-01 -5.150742083787918091e-02 -7.702474296092987061e-02 -6.322478502988815308e-02 1.074349582195281982e-01 3.896703571081161499e-02 6.567383557558059692e-02 -4.207531362771987915e-02 1.089433133602142334e-01 -1.194308139383792877e-02 -2.190433591604232788e-01 -4.096107929944992065e-02 2.679306827485561371e-02 3.811809793114662170e-02 2.658188901841640472e-02 7.429903745651245117e-02 -1.004025638103485107e-01 1.924774609506130219e-02 -8.618117123842239380e-02
-5.938222631812095642e-02 -1.078886911273002625e-01 -1.358715537935495377e-02 1.867970451712608337e-02 1.254426594823598862e-02 -1.534755080938339233e-01 1.082774698734283447e-01 -1.832289844751358032e-01 -9.104877710342407227e-02 3.071350045502185822e-02 1.424718648195266724e-01 -3.792047128081321716e-02 -6.745433062314987183e-02 5.049712955951690674e-02 -6.918491423130035400e-02 4.240954760462045670e-03 1.529824882745742798e-01 -2.214399129152297974e-01 4.369331151247024536e-02 9.810583293437957764e-02 -1.045627072453498840e-01 -9.864186495542526245e-02 7.227757573127746582e-02 -2.688808739185333252e-01 -3.906323388218879700e-02 8.436138927936553955e-02 1.773687601089477539e-01 -9.562617540359497070e-02 -2.022752314805984497e-01 6.912860274314880371e-02 -1.186879128217697144e-01 -1.931257098913192749e-01 -1.115863695740699768e-01 -2.688535451889038086e-01 1.054472997784614563e-01 -1.050758212804794312e-01 -8.517066389322280884e-02 -1.090314760804176331e-01 -1.966375559568405151e-01 1.248894408345222473e-01 1.940168887376785278e-01 -6.960088759660720825e-02 -1.163335368037223816e-01 2.396907284855842590e-02 2.265194654464721680e-01 1.573385447263717651e-01 -1.080897673964500427e-01 -1.170977577567100525e-02 -3.238617256283760071e-02 -2.123254723846912384e-02 -9.576322138309478760e-02 -1.107353437691926956e-02 -1.223577558994293213e-01 9.095975756645202637e-02 6.546156853437423706e-02 -1.017775461077690125e-01 9.594342112541198730e-02 1.553621441125869751e-01 1.221797615289688110e-01 9.124298393726348877e-02 3.508354350924491882e-02 1.218950897455215454e-01 7.043551653623580933e-02 5.337713286280632019e-02 1.226498559117317200e-02 1.092150360345840454e-01 -1.120160594582557678e-01 7.303035259246826172e-02 6.206735968589782715e-02 3.472857922315597534e-02 6.670420616865158081e-02 3.031111136078834534e-02 -1.759815774857997894e-02 -5.978560447692871094e-02 2.705043926835060120e-02 5.546943843364715576e-02 -7.103709876537322998e-02 1.063574403524398804e-01 9.457235038280487061e-02 8.063437044620513916e-02 2.669707834720611572e-01 -2.135907299816608429e-02 1.136812046170234680e-01 1.176453754305839539e-01 -3.777344245463609695e-03 -5.877596512436866760e-02 2.470216304063796997e-01 1.594228483736515045e-02 -9.497337788343429565e-02 1.134022846817970276e-01 1.111015155911445618e-01 -3.406805098056793213e-01 6.123718246817588806e-02 -6.534422039985656738e-01 1.262821257114410400e-02 -2.173500694334506989e-02 -1.529002282768487930e-02 -5.853584036231040955e-03 2.663791365921497345e-02 -8.313304930925369263e-02
-5.080576986074447632e-02 2.137398812919855118e-03 -5.414078384637832642e-02 2.462925948202610016e-02 -2.006024271249771118e-01 -7.774721831083297729e-02 9.231194853782653809e-02 2.310123294591903687e-02 4.889900609850883484e-02 8.008775860071182251e-02 -5.063980445265769958e-02 4.392189159989356995e-02 3.528246656060218811e-02 -4.557643830776214600e-02 -1.237513273954391479e-01 -2.439496852457523346e-02 -3.990930691361427307e-02 2.103505469858646393e-02 5.514616612344980240e-03 1.329681128263473511e-01 -6.784357875585556030e-02 1.108989771455526352e-02 1.112595573067665100e-01 -5.317244678735733032e-02 1.166514605283737183e-01 -5.296711251139640808e-02 -3.546104952692985535e-02 -6.000436097383499146e-02 -5.129486322402954102e-02 1.409911811351776123e-01 -1.911613345146179199e-02 1.966847628355026245e-01 -4.247413203120231628e-02 1.376487165689468384e-01 -5.845031514763832092e-02 -1.339625567197799683e-01 -5.634745955467224121e-02 -7.207162678241729736e-02 1.866761595010757446e-02 -3.217296302318572998e-02 4.211965575814247131e-02 1.255931109189987183e-01 7.191778719425201416e-02 2.865506149828433990e-02 6.324841827154159546e-02 -2.232877165079116821e-02 7.463943958282470703e-02 2.319731563329696655e-01 1.416209503076970577e-03 1.749066263437271118e-01 -2.422308027744293213e-01 1.459994018077850342e-01 6.733618211001157761e-03 -3.566213697195053101e-02 -1.340103987604379654e-02 -8.985068998299539089e-04 -1.406136900186538696e-01 -5.151743441820144653e-02 2.845570147037506104e-01 -1.901693344116210938e-01 -6.744492053985595703e-02 3.128607571125030518e-02 1.640635281801223755e-01 1.387231890112161636e-02 -4.508325830101966858e-02 1.750865727663040161e-01 1.117409318685531616e-01 6.929248571395874023e-02 4.812170937657356262e-02 -1.690567880868911743e-01 -3.850041329860687256e-02 2.536065317690372467e-02 -2.599241584539413452e-02 1.934903301298618317e-02 7.951664924621582031e-02 3.335328539833426476e-03 -1.030955389142036438e-01 -1.069055721163749695e-01 -1.172235002741217613e-03 1.053462252020835876e-01 8.487319573760032654e-03 -8.375387638807296753e-02 6.777415424585342407e-02 -5.497321486473083496e-03 4.548412933945655823e-02 -3.915509209036827087e-02 7.461065798997879028e-02 5.795269832015037537e-02 -1.307012140750885010e-02 -3.855007588863372803e-01 6.383612006902694702e-02 1.153315067291259766e+00 -8.763187564909458160e-03 -5.187011361122131348e-01 -2.021721452474594116e-01 3.043086528778076172e-01 2.041285932064056396e-01 6.910424232482910156e-01 -8.535650372505187988e-02 -2.816091105341911316e-02
2.299746125936508179e-02 2.706269966438412666e-03 5.118224769830703735e-02 -7.439977675676345825e-02 -8.240790665149688721e-02 6.738228350877761841e-02 -7.312178611755371094e-02 -5.794311314821243286e-02 2.199060842394828796e-02 1.124488636851310730e-01 -5.174047779291868210e-03 -3.394743055105209351e-02 -1.515314131975173950e-01 -1.173502765595912933e-02 2.347450936213135719e-03 -7.223050296306610107e-02 3.081183135509490967e-02 -3.608586033806204796e-03 3.756899386644363403e-02 -3.033019416034221649e-02 1.527281664311885834e-02 -4.894402995705604553e-02 -7.795535773038864136e-02 -5.277712270617485046e-02 -8.368965983390808105e-02 1.039815545082092285e-01 -4.572285711765289307e-02 -6.170206516981124878e-02 -3.485155757516622543e-03 1.598809659481048584e-02 9.816201636567711830e-04 -7.796545326709747314e-02 -4.040427505970001221e-02 -2.934883162379264832e-02 2.826642617583274841e-02 8.552955090999603271e-02 -2.308745868504047394e-02 -1.376762986183166504e-01 7.054698467254638672e-02 -7.873501628637313843e-02 -4.855369403958320618e-02 6.718965619802474976e-02 1.159437559545040131e-02 3.779538720846176147e-02 7.498629391193389893e-02 1.083157882094383240e-01 -5.286417528986930847e-02 -1.842049136757850647e-02 -7.336313277482986450e-02 -4.946819320321083069e-02 -7.919111102819442749e-02 -6.250158697366714478e-02 8.646046370267868042e-02 8.647333830595016479e-02 6.160349026322364807e-02 -1.243565157055854797e-01 6.145788356661796570e-02 1.250420212745666504e-01 6.969518214464187622e-02 9.876243770122528076e-03 7.244539260864257812e-02 8.426850289106369019e-02 5.935172736644744873e-02 -2.542421221733093262e-02 -7.744657993316650391e-02 5.266876891255378723e-02 -1.331513281911611557e-02 -1.461973935365676880e-01 1.211339533329010010e-01 -7.284588366746902466e-02 4.824882745742797852e-02 -1.213241182267665863e-02 -1.378003656864166260e-01 -1.130136251449584961e-01 -5.390807613730430603e-02 6.823126226663589478e-02 -4.414853826165199280e-02 -4.090948030352592468e-02 -6.805730611085891724e-02 2.770512178540229797e-02 6.578279286623001099e-02 -5.235245451331138611e-02 -1.077210716903209686e-02 3.996238112449645996e-02 -2.885598689317703247e-03 4.144875705242156982e-02 -4.058764502406120300e-02 8.292175084352493286e-02 -9.909361600875854492e-03 1.287901103496551514e-01 3.341505303978919983e-02 7.099405676126480103e-02 -6.979930400848388672e-02 1.752604395151138306e-01 8.184640854597091675e-02 1.330625712871551514e-01 -8.121728897094726562e-02 4.122526943683624268e-02 1.349038332700729370e-01 -5.263202637434005737e-02
5.344258621335029602e-02 2.213078737258911133e-02 -7.833962142467498779e-02 -6.981316208839416504e-02 -1.120563689619302750e-02 -7.391912490129470825e-02 7.676770538091659546e-02 2.957997471094131470e-02 8.007833361625671387e-02 9.088763594627380371e-02 -8.576505817472934723e-03 -1.202410366386175156e-02 -5.411749333143234253e-02 3.004886768758296967e-02 -1.510152686387300491e-02 9.263697266578674316e-02 -5.500721931457519531e-02 8.442302048206329346e-02 1.054861862212419510e-02 1.806870847940444946e-02 6.673637032508850098e-02 -3.101810254156589508e-02 -7.896644063293933868e-03 4.311095178127288818e-02 6.214691326022148132e-03 4.212882369756698608e-02 1.062560826539993286e-01 -1.155263185501098633e-02 2.706033550202846527e-02 -7.122543454170227051e-02 2.755553461611270905e-02 -3.095085732638835907e-02 8.234770596027374268e-02 -6.238406896591186523e-02 -4.786653071641921997e-02 -7.434204220771789551e-02 4.678411781787872314e-02 -1.914999075233936310e-02 6.484673917293548584e-02 -5.414403509348630905e-03 1.664214767515659332e-02 4.050485789775848389e-02 -5.466066673398017883e-02 5.102545395493507385e-02 5.462845787405967712e-02 1.635892689228057861e-02 7.826622575521469116e-02 1.507654599845409393e-02 -2.047068625688552856e-02 9.043932706117630005e-02 -4.673980292864143848e-04 8.869946002960205078e-02 -7.198977470397949219e-02 -1.865525543689727783e-02 -6.107823550701141357e-02 8.878869563341140747e-02 -5.289421230554580688e-02 1.379909366369247437e-02 5.270369723439216614e-02 -2.449099905788898468e-02 3.976699337363243103e-02 -6.831288337707519531e-02 -8.001955598592758179e-02 -6.712955236434936523e-02 5.990250781178474426e-02 2.215163037180900574e-02 -1.034800112247467041e-01 7.765740156173706055e-02 1.676498353481292725e-02 -8.717817068099975586e-02 1.609462872147560120e-02 4.006464406847953796e-02 8.426085114479064941e-02 9.978198260068893433e-02 5.556511506438255310e-02 -2.164942584931850433e-02 -1.959255896508693695e-02 2.072954177856445312e-02 -8.479911834001541138e-02 -8.383821696043014526e-02 -8.843334764242172241e-02 -7.861892133951187134e-02 6.920975446701049805e-02 9.232315421104431152e-02 5.479954928159713745e-02 7.793436199426651001e-02 -7.941483706235885620e-02 4.543251916766166687e-02 1.019724160432815552e-01 -3.449697047472000122e-02 2.274365536868572235e-02 -2.504158997908234596e-03 5.189087241888046265e-03 -8.255916833877563477e-02 -1.013922989368438721e-01 4.422390088438987732e-02 1.579573377966880798e-02 5.222787335515022278e-02 -1.301395054906606674e-02 -9.321626275777816772e-02
-6.778609822504222393e-04 -5.606416612863540649e-02 5.144107341766357422e-02 -4.648850858211517334e-02 6.604611873626708984e-02 -7.812037318944931030e-02 4.195594787597656250e-02 -7.932072877883911133e-02 1.109089329838752747e-01 -8.380428701639175415e-02 -9.854887425899505615e-02 5.513640865683555603e-02 -1.398248318582773209e-02 5.807521194219589233e-02 1.032631024718284607e-01 4.102421924471855164e-02 5.299392715096473694e-02 -3.732250304892659187e-03 -1.008607372641563416e-01 -6.659787148237228394e-02 1.132710352540016174e-01 -7.335954159498214722e-02 -1.177491694688796997e-01 1.309938728809356689e-01 -5.110258236527442932e-02 -1.053760498762130737e-01 -5.689248908311128616e-03 1.353918015956878662e-01 1.147059872746467590e-01 6.644240766763687134e-02 1.247380375862121582e-01 1.776320300996303558e-02 -6.684785336256027222e-02 2.562541700899600983e-02 -3.223315626382827759e-02 8.423586376011371613e-03 8.267923444509506226e-02 1.520756036043167114e-01 -6.102176755666732788e-02 1.132672578096389771e-01 -8.312021195888519287e-02 -1.187057644128799438e-01 4.874883219599723816e-02 4.154169932007789612e-02 -6.081054359674453735e-02 4.958676546812057495e-02 7.673909515142440796e-02 -6.349119544029235840e-02 -1.228833943605422974e-02 2.418877929449081421e-02 4.252750054001808167e-02 -8.671686798334121704e-02 3.757379576563835144e-02 -6.717395968735218048e-03 -1.305630654096603394e-01 2.062704227864742279e-02 6.469451636075973511e-02 -9.127727895975112915e-02 -1.100328266620635986e-01 -2.196334302425384521e-02 -6.539358943700790405e-02 -2.780279843136668205e-03 -7.230185717344284058e-02 8.948413282632827759e-02 -1.489673973992466927e-03 -1.083667054772377014e-01 -7.919751107692718506e-02 1.008458659052848816e-01 -1.306946128606796265e-01 -2.922909101471304893e-03 4.101597890257835388e-02 3.486209362745285034e-02 5.270288884639739990e-02 1.501533091068267822e-01 2.651739493012428284e-02 -3.746204823255538940e-02 7.535012066364288330e-02 3.675062954425811768e-02 -6.299708783626556396e-02 -5.810185149312019348e-02 -9.065331518650054932e-02 -8.911116421222686768e-02 -7.244995981454849243e-02 -1.071126013994216919e-01 -1.112050116062164307e-01 7.264193147420883179e-02 -1.773691922426223755e-02 1.762274466454982758e-02 1.456934958696365356e-01 4.284088686108589172e-02 -1.227704510092735291e-01 -8.835387229919433594e-02 3.235943242907524109e-02 -1.976262219250202179e-02 -1.468786895275115967e-01 -1.416897773742675781e-01 5.786368995904922485e-02 9.194144979119300842e-03 -7.188744843006134033e-02 -7.836841046810150146e-03
-3.176676854491233826e-02 -1.953499764204025269e-02 1.122015491127967834e-01 -5.489967018365859985e-02 3.657992556691169739e-02 5.847610998898744583e-03 -1.898897998034954071e-02 7.152147591114044189e-02 -8.380845189094543457e-03 -6.210506707429885864e-02 4.491747915744781494e-02 5.577944591641426086e-02 4.063878580927848816e-02 -5.631832778453826904e-02 -9.244935587048530579e-03 6.477301567792892456e-02 -4.818131402134895325e-02 -8.026655763387680054e-02 -1.118385493755340576e-01 -8.919903635978698730e-02 5.413736402988433838e-02 8.515401184558868408e-02 -9.551128745079040527e-02 -3.933288529515266418e-02 -2.780400402843952179e-02 -2.206774428486824036e-02 -1.274912059307098389e-01 1.573028415441513062e-02 1.230302602052688599e-01 -4.633618518710136414e-02 -1.908205449581146240e-02 9.650376439094543457e-02 9.764190763235092163e-02 7.572062313556671143e-02 -8.210060000419616699e-02 4.707994312047958374e-02 -7.877836376428604126e-02 2.463092794641852379e-03 -2.240827865898609161e-02 1.521036960184574127e-02 -1.103049740195274353e-01 -7.726794481277465820e-02 -2.135953679680824280e-02 -6.193950399756431580e-02 -3.884732723236083984e-02 3.454761952161788940e-02 -4.121607169508934021e-02 -7.188917137682437897e-03 1.295326501131057739e-01 1.205275431275367737e-01 -1.438047038391232491e-03 6.568686664104461670e-02 5.694907531142234802e-02 -5.700107291340827942e-02 5.901971459388732910e-02 4.127354174852371216e-02 6.733082979917526245e-02 1.955144479870796204e-02 2.879099361598491669e-02 5.660392343997955322e-02 -8.303029835224151611e-02 3.125801309943199158e-02 -7.340941578149795532e-02 5.625480413436889648e-02 6.867051869630813599e-02 7.758340798318386078e-03 -1.323832850903272629e-02 1.181525960564613342e-01 -9.126968681812286377e-02 -3.748638927936553955e-02 -1.189675256609916687e-01 6.858514249324798584e-02 9.625568240880966187e-02 4.432825371623039246e-03 7.991188764572143555e-02 -1.360758095979690552e-01 9.158132225275039673e-02 -8.719962835311889648e-02 -8.564003556966781616e-02 -1.176093891263008118e-01 -1.347039043903350830e-01 3.864692151546478271e-02 -2.053985185921192169e-02 2.218306437134742737e-02 -1.770760491490364075e-02 4.047086462378501892e-02 -1.362622976303100586e-01 -1.098472401499748230e-01 1.052733659744262695e-01 -2.201970107853412628e-02 -2.709265425801277161e-02 6.825727224349975586e-02 1.443430185317993164e-01 1.588706672191619873e-02 -2.393969893455505371e-02 -1.129400432109832764e-01 1.159870326519012451e-01 1.611047424376010895e-02 -1.236167922616004944e-01 3.939016535878181458e-02
1.857626885175704956e-01 1.853337325155735016e-02 -7.228748500347137451e-02 -8.080241084098815918e-02 2.501913718879222870e-02 -4.463661834597587585e-02 -1.413198560476303101e-01 1.093226671218872070e-01 1.484089344739913940e-01 -7.507828995585441589e-04 1.217139069922268391e-03 -7.525900006294250488e-02 -4.191089048981666565e-02 1.409600581973791122e-02 8.959645777940750122e-02 1.080377548933029175e-01 -6.132110208272933960e-02 -1.718925498425960541e-02 -1.020297035574913025e-01 3.134085331112146378e-03 1.382993608713150024e-01 1.029120460152626038e-01 -1.362811326980590820e-01 3.493665903806686401e-02 -5.418641120195388794e-02 -4.142286628484725952e-02 -2.062228322029113770e-01 1.413209885358810425e-01 1.334085464477539062e-01 -5.925334990024566650e-02 1.155851855874061584e-01 1.486754864454269409e-01 -1.885257777757942677e-03 1.842998862266540527e-01 -6.729869544506072998e-02 2.659173607826232910e-01 1.349667757749557495e-01 1.271689683198928833e-01 -5.026109144091606140e-02 -1.293959375470876694e-02 -8.925890922546386719e-02 5.007100477814674377e-02 2.139970362186431885e-01 -7.242882251739501953e-02 -6.344559043645858765e-02 2.884749323129653931e-02 1.334626972675323486e-01 -9.139622747898101807e-02 -5.626879166811704636e-03 5.995548889040946960e-02 -8.445232175290584564e-03 -6.678626686334609985e-02 1.452425271272659302e-01 -4.190367460250854492e-02 -1.412601768970489502e-01 1.309908032417297363e-01 2.737949229776859283e-02 -6.487126648426055908e-02 -1.137897595763206482e-01 3.533915802836418152e-02 6.187039613723754883e-02 -1.640348285436630249e-01 -1.937494575977325439e-01 -1.163508975878357887e-03 -6.016242131590843201e-02 -2.102301269769668579e-01 6.990832835435867310e-02 -1.538976281881332397e-01 -1.418224573135375977e-01 1.127321496605873108e-01 8.432193845510482788e-02 6.674563139677047729e-02 4.883749783039093018e-02 1.376047283411026001e-01 -8.955041319131851196e-02 -1.231475500389933586e-03 -3.306791186332702637e-02 -3.276138007640838623e-02 -2.808221802115440369e-02 -8.814637362957000732e-02 -8.605666458606719971e-03 2.094541043043136597e-01 -1.693135127425193787e-02 1.085755452513694763e-01 1.420088578015565872e-02 1.277558598667383194e-02 -8.776842057704925537e-02 -4.030654579401016235e-02 2.556610666215419769e-02 -1.348036974668502808e-01 4.684117808938026428e-02 2.520100176334381104e-01 -1.038893908262252808e-01 9.772358536720275879e-01 1.186567619442939758e-01 6.129230186343193054e-02 -1.400166153907775879e-01 -4.743434861302375793e-02 3.819441050291061401e-02 2.036662958562374115e-02
8.353451639413833618e-02 1.399720162153244019e-01 -6.443893909454345703e-02 1.018186807632446289e-01 7.501085754483938217e-03 1.185507141053676605e-02 -6.319975107908248901e-02 4.070592299103736877e-02 4.649370163679122925e-02 -4.921979457139968872e-02 -2.645405195653438568e-02 8.980548940598964691e-03 1.014001891016960144e-01 -1.905459165573120117e-01 -4.913158714771270752e-02 5.799143761396408081e-02 -7.883406430482864380e-02 7.581835985183715820e-02 -8.447664976119995117e-02 -7.527070585638284683e-03 3.945288807153701782e-02 -4.588039964437484741e-02 -9.305085241794586182e-02 5.724267661571502686e-02 9.450069814920425415e-02 4.577785730361938477e-02 -2.129675894975662231e-01 7.784245908260345459e-02 1.952433735132217407e-01 3.132839500904083252e-02 1.018360853195190430e-01 1.660600602626800537e-01 -2.252606488764286041e-02 2.012737244367599487e-01 -1.446992065757513046e-02 1.334060728549957275e-01 -1.409386992454528809e-01 -1.186273153871297836e-02 8.273260667920112610e-03 -4.282191768288612366e-02 -1.232336759567260742e-01 -1.226474866271018982e-01 -4.162041470408439636e-02 -1.453677471727132797e-02 -1.604201495647430420e-01 -5.989787727594375610e-02 6.571226567029953003e-02 -2.040715422481298447e-03 1.277121752500534058e-01 1.112939119338989258e-01 1.460087895393371582e-01 -2.646193094551563263e-02 1.970041170716285706e-02 -4.912021756172180176e-02 -8.144162595272064209e-02 1.265096813440322876e-01 9.771803766489028931e-02 -1.360039561986923218e-01 -1.666417717933654785e-01 -1.041025388985872269e-02 -8.534949272871017456e-02 -8.747050166130065918e-02 -3.748451545834541321e-02 -1.052370518445968628e-01 -7.594351470470428467e-02 -1.531443297863006592e-01 1.669261902570724487e-01 5.765326693654060364e-02 -1.563397794961929321e-02 4.438158124685287476e-02 -2.919787913560867310e-02 -7.257415354251861572e-02 1.303999572992324829e-01 9.274501353502273560e-02 -1.122090965509414673e-01 -1.064791530370712280e-01 -9.564414620399475098e-02 -1.159588396549224854e-01 -5.779689177870750427e-02 -1.016661971807479858e-01 -8.457633107900619507e-02 -6.029714643955230713e-02 5.361284129321575165e-03 6.357403937727212906e-03 -1.008707471191883087e-02 1.654644459486007690e-01 -1.788606494665145874e-01 -1.531338542699813843e-01 1.836831308901309967e-02 4.906348884105682373e-02 -6.663524359464645386e-02 1.767707765102386475e-01 -9.185913205146789551e-02 5.141808986663818359e-01 1.927879303693771362e-01 7.847846299409866333e-02 7.413627207279205322e-02 8.347644470632076263e-03 6.471462547779083252e-03 1.598237305879592896e-01
2.855995297431945801e-02 6.602149456739425659e-02 3.266428783535957336e-02 4.235247895121574402e-02 9.547337889671325684e-02 -7.164440304040908813e-02 -9.143706411123275757e-02 -5.574470758438110352e-02 1.118535082787275314e-02 6.172673311084508896e-03 -4.130125790834426880e-02 -5.008298438042402267e-03 1.124991625547409058e-01 2.002408355474472046e-02 5.394496023654937744e-02 -4.729422740638256073e-03 -8.529330790042877197e-02 2.588640898466110229e-02 9.840202331542968750e-02 2.600124105811119080e-02 -2.376807108521461487e-02 -7.157630473375320435e-02 -3.675905242562294006e-02 3.148662392050027847e-03 -3.521139919757843018e-02 -8.197304606437683105e-02 -8.714468777179718018e-02 -7.882039248943328857e-02 1.501022372394800186e-03 4.091197252273559570e-02 -6.953921169042587280e-02 2.122478745877742767e-02 -1.038142442703247070e-01 -1.200447883456945419e-02 1.080894023180007935e-01 1.986871287226676941e-02 -3.241359442472457886e-02 6.142272427678108215e-02 3.575669601559638977e-02 2.704828232526779175e-02 9.228710830211639404e-02 3.520666854456067085e-03 -4.127790778875350952e-02 4.575138166546821594e-02 -2.919512428343296051e-02 -5.844231322407722473e-02 9.963444620370864868e-02 3.676204383373260498e-02 -8.752094954252243042e-02 1.009061932563781738e-01 -5.485251173377037048e-02 -7.297357078641653061e-04 -5.224925279617309570e-02 -1.215029284358024597e-01 -9.673752821981906891e-03 -3.308532387018203735e-02 -1.046946039423346519e-03 1.044073775410652161e-01 8.098059147596359253e-02 8.052585273981094360e-02 2.158388495445251465e-02 6.614158302545547485e-02 -3.732427954673767090e-02 -5.255914852023124695e-02 8.137287944555282593e-02 3.035052493214607239e-02 -3.425705060362815857e-02 8.175458759069442749e-03 -2.533755078911781311e-02 -5.609380081295967102e-02 5.850043147802352905e-02 9.318131953477859497e-02 2.053120918571949005e-02 8.070133626461029053e-02 -6.567484140396118164e-02 -1.430764701217412949e-02 -6.026449427008628845e-02 4.146112129092216492e-02 -2.278565056622028351e-02 -3.997005894780158997e-02 9.138827770948410034e-02 -6.535955518484115601e-02 -2.159141190350055695e-02 -4.711300134658813477e-02 8.760932087898254395e-02 3.777958080172538757e-02 1.296726912260055542e-01 -9.992944076657295227e-03 6.386524438858032227e-02 5.090478435158729553e-02 -4.987271130084991455e-02 -8.872502297163009644e-02 -5.553647875785827637e-02 8.346534520387649536e-02 1.763166785240173340e-01 1.804818026721477509e-02 1.101937424391508102e-02 -6.604374945163726807e-02 -3.358519077301025391e-02 -6.312706321477890015e-02
7.789766788482666016e-02 -1.447279304265975952e-01 7.212931290268898010e-03 -2.633613646030426025e-01 -1.009440142661333084e-02 -3.897299990057945251e-02 1.614586114883422852e-01 -2.008870244026184082e-01 -6.980443745851516724e-02 5.930994823575019836e-02 -1.227611303329467773e-01 2.977152541279792786e-02 -1.692007333040237427e-01 -7.546338438987731934e-02 -1.708099693059921265e-01 -1.968488991260528564e-01 1.429583132266998291e-01 -5.371583625674247742e-02 6.940040737390518188e-02 3.010969609022140503e-02 1.453446038067340851e-02 7.975729182362556458e-03 -2.025735564529895782e-02 -4.498723428696393967e-03 8.719960600137710571e-02 -2.948610186576843262e-01 3.636124730110168457e-02 1.405981779098510742e-01 -2.323863953351974487e-01 2.363114804029464722e-01 2.457478083670139313e-02 -1.404770929366350174e-02 -9.834608435630798340e-02 -1.739273406565189362e-02 1.361918747425079346e-01 6.900814920663833618e-02 -4.719175994396209717e-01 -2.731042504310607910e-01 1.238442137837409973e-01 1.933299750089645386e-01 2.710685878992080688e-02 -2.881257832050323486e-01 -2.136444449424743652e-01 -4.851067811250686646e-02 4.769665002822875977e-02 -6.347717344760894775e-02 8.257332444190979004e-02 2.088568955659866333e-01 -1.307082623243331909e-01 1.901108771562576294e-01 -8.316603302955627441e-02 -2.264304831624031067e-02 -1.598581671714782715e-01 -1.554443091154098511e-01 -7.671010494232177734e-02 -1.497585475444793701e-01 3.474878147244453430e-02 -8.732225000858306885e-02 6.452715396881103516e-02 2.604739069938659668e-01 -9.692240506410598755e-03 -1.177852228283882141e-01 1.132585033774375916e-01 -7.495745271444320679e-02 2.125542461872100830e-01 5.177516117691993713e-02 1.064729094505310059e-01 6.918670535087585449e-01 2.462529838085174561e-01 -4.131009876728057861e-01 -1.243420876562595367e-02 -2.326384931802749634e-02 3.015308380126953125e-01 -6.995560973882675171e-02 4.295826554298400879e-01 -9.010602533817291260e-02 -9.598007053136825562e-02 -2.395749464631080627e-02 -8.288519829511642456e-02 6.113237887620925903e-02 -1.414655596017837524e-01 -2.351002693176269531e-01 -7.673940062522888184e-02 -4.081633985042572021e-01 -3.898346330970525742e-03 -3.003429770469665527e-01 3.435704708099365234e-01 3.822533879429101944e-03 1.045640632510185242e-01 7.346112728118896484e-01 -2.819291502237319946e-02 -6.758418679237365723e-01 5.771535262465476990e-02 -9.535879492759704590e-01 -1.625178605318069458e-01 -1.044491976499557495e-01 6.882020086050033569e-02 6.982359886169433594e-01 -1.420850008726119995e-01 1.513070911169052124e-01
2.674036324024200439e-01 9.815547615289688110e-02 1.823872923851013184e-01 -6.923545151948928833e-02 1.640289276838302612e-01 -9.970787912607192993e-02 9.288460016250610352e-03 -2.376303970813751221e-01 3.749767318367958069e-02 5.458129197359085083e-02 -4.379606619477272034e-02 5.519156157970428467e-02 -1.152860373258590698e-01 1.415670514106750488e-01 7.218410074710845947e-02 3.520960733294487000e-02 2.185078412294387817e-01 -1.195087581872940063e-01 5.960960686206817627e-02 -9.911178797483444214e-02 1.365537196397781372e-01 1.707658022642135620e-01 -1.027598828077316284e-01 -4.857109114527702332e-02 -5.712205544114112854e-02 -6.878237705677747726e-03 -4.275878891348838806e-02 1.974341422319412231e-01 -1.555189788341522217e-01 5.456276703625917435e-03 1.424821913242340088e-01 -2.903332188725471497e-02 4.253812506794929504e-02 6.580711901187896729e-02 1.240775808691978455e-01 1.818643510341644287e-01 -2.529966235160827637e-01 -7.556763291358947754e-02 -3.462853608652949333e-03 1.076766103506088257e-01 2.281819656491279602e-02 -1.784678176045417786e-02 -2.023883908987045288e-01 1.228546425700187683e-01 -1.609195321798324585e-01 -1.288067549467086792e-01 3.959828987717628479e-02 -2.610631287097930908e-01 -1.876930743455886841e-01 1.279605180025100708e-01 5.223702639341354370e-02 -1.958690732717514038e-01 1.762200593948364258e-01 -1.557498425245285034e-02 -5.771446973085403442e-02 2.863867580890655518e-01 3.436154723167419434e-01 2.015984058380126953e-01 -5.362012386322021484e-01 3.855182230472564697e-01 3.290972486138343811e-02 7.112751156091690063e-02 -1.784355491399765015e-01 -2.736240625381469727e-01 2.376196235418319702e-01 -2.050429731607437134e-01 -6.204402446746826172e-01 5.577916279435157776e-02 -1.186748519539833069e-01 -8.486527204513549805e-02 1.445631682872772217e-01 -5.385762453079223633e-02 1.571238487958908081e-01 6.078768521547317505e-02 -3.022871911525726318e-01 3.286690637469291687e-02 -2.596788690425455570e-04 1.893133819103240967e-01 2.130030188709497452e-03 -1.419609487056732178e-01 -4.721338152885437012e-01 2.377947568893432617e-01 -3.379739448428153992e-02 -2.481279820203781128e-01 -2.086808979511260986e-01 -2.120208144187927246e-01 -4.610871374607086182e-01 -3.221907913684844971e-01 7.672052085399627686e-02 6.046484112739562988e-01 -2.984106540679931641e-01 7.199928164482116699e-01 5.172436311841011047e-02 1.099468588829040527e+00 2.497070133686065674e-01 4.390813410282135010e-02 -9.196371585130691528e-02 -4.872941970825195312e-01 -8.998259156942367554e-02 1.747547537088394165e-01
-8.569378405809402466e-03 2.389419265091419220e-02 -8.031902252696454525e-04 -3.363410010933876038e-02 1.719187386333942413e-02 9.037465602159500122e-02 -9.217377007007598877e-02 1.039396002888679504e-01 -7.455300539731979370e-02 -1.879239920526742935e-03 6.290338933467864990e-02 -4.482642933726310730e-02 1.208756770938634872e-02 5.583485588431358337e-02 -7.702971994876861572e-02 5.309273954480886459e-03 -8.402319997549057007e-02 1.796776987612247467e-02 -1.050511747598648071e-02 8.463137596845626831e-02 -4.432038962841033936e-02 -9.989234618842601776e-03 -1.694271154701709747e-02 -2.622731029987335205e-02 -7.510739564895629883e-02 8.000461012125015259e-02 6.517726182937622070e-02 1.976079121232032776e-02 7.607069611549377441e-02 -7.940606772899627686e-02 1.413622684776782990e-02 1.990169845521450043e-02 2.825672738254070282e-02 3.512324998155236244e-03 7.511147856712341309e-02 9.342759102582931519e-02 -5.873306095600128174e-02 -5.842190980911254883e-02 -6.892967969179153442e-02 -1.546920686960220337e-01 3.201383724808692932e-02 6.629615277051925659e-02 -7.320889830589294434e-02 4.370900616049766541e-02 1.075951382517814636e-01 4.456866160035133362e-02 -3.780473768711090088e-02 9.969200938940048218e-02 7.559249550104141235e-02 -4.115739092230796814e-02 -1.738569140434265137e-01 -2.065848186612129211e-02 4.535548016428947449e-02 3.648218885064125061e-02 7.185605913400650024e-02 -4.904342815279960632e-03 7.948778569698333740e-03 -9.156418032944202423e-03 6.513815373182296753e-02 -4.726241342723369598e-03 -6.144650746136903763e-03 -2.608270943164825439e-02 -8.292397856712341309e-02 5.595186352729797363e-02 -2.850116416811943054e-02 9.668952226638793945e-02 4.338282719254493713e-02 -1.657207310199737549e-01 -7.412633299827575684e-02 7.982460409402847290e-02 -3.292447328567504883e-02 -4.592731222510337830e-02 -5.565164983272552490e-02 -3.921023383736610413e-02 -1.007638350129127502e-01 1.308445725589990616e-02 -6.961801648139953613e-02 2.786809951066970825e-02 4.521518014371395111e-03 2.901270985603332520e-02 -8.976428955793380737e-02 4.454717040061950684e-02 9.829903393983840942e-02 7.645001262426376343e-02 9.881881996989250183e-03 7.550041377544403076e-02 3.467076644301414490e-02 7.666816562414169312e-02 -5.984007567167282104e-02 -7.778064161539077759e-02 -5.404159054160118103e-02 3.817315399646759033e-02 -8.949786424636840820e-02 1.631682962179183960e-01 8.807945251464843750e-02 9.859421849250793457e-02 -1.323404759168624878e-01 -1.264853030443191528e-02 -3.021736256778240204e-02 -2.820959128439426422e-02
1.192233152687549591e-02 7.764206826686859131e-02 -3.512291237711906433e-02 -2.089063823223114014e-02 4.510474577546119690e-02 5.945378541946411133e-02 -2.068156935274600983e-02 -1.763596199452877045e-03 -9.272471070289611816e-02 -5.525414273142814636e-02 -5.033948924392461777e-03 9.832105785608291626e-02 1.521465950645506382e-03 -4.646471515297889709e-02 7.770809531211853027e-02 9.517958387732505798e-03 -1.426577270030975342e-01 6.837178952991962433e-03 3.649600595235824585e-02 3.122633881866931915e-02 -2.279498055577278137e-02 -3.814204409718513489e-02 4.858691990375518799e-02 -3.934029024094343185e-03 1.357830688357353210e-02 1.193772628903388977e-01 -3.119182772934436798e-02 3.743410483002662659e-02 -1.138528138399124146e-01 -7.832902483642101288e-03 4.795728623867034912e-02 -1.133663859218358994e-02 -5.447580665349960327e-02 3.092656843364238739e-02 -3.944496437907218933e-02 -2.383209578692913055e-02 1.009623035788536072e-01 -3.987174131907522678e-04 -8.005090057849884033e-02 -3.778247162699699402e-02 2.696140483021736145e-02 8.342260867357254028e-02 2.302906662225723267e-02 -4.322954919189214706e-03 1.269676983356475830e-01 1.171020418405532837e-01 -9.580422192811965942e-02 -3.005645121447741985e-04 4.289722442626953125e-02 2.618307247757911682e-02 -1.441157609224319458e-01 1.325892508029937744e-01 -4.413690045475959778e-02 -4.696623887866735458e-03 3.790143877267837524e-02 -1.390495747327804565e-01 -4.140513017773628235e-02 -7.899081334471702576e-03 8.185395970940589905e-03 -1.446707732975482941e-02 -2.539120428264141083e-02 1.830050605349242687e-03 2.503281645476818085e-02 -1.474222242832183838e-01 -6.008882448077201843e-02 2.868779934942722321e-03 -1.419007778167724609e-02 8.553295582532882690e-02 -4.603668674826622009e-02 -2.905885223299264908e-03 5.091989785432815552e-02 1.089680492877960205e-01 6.384296342730522156e-03 -1.033530309796333313e-01 -4.029915854334831238e-02 -4.992473870515823364e-02 -8.078157156705856323e-02 -1.093909610062837601e-02 4.807367920875549316e-02 1.418563425540924072e-01 -5.276716500520706177e-02 9.838865697383880615e-02 1.280713528394699097e-01 -6.382558029145002365e-03 5.954897403717041016e-02 5.131343379616737366e-03 1.933081075549125671e-03 7.297799736261367798e-02 -7.802153378725051880e-02 6.821060925722122192e-02 1.602911651134490967e-01 -2.944785915315151215e-02 -8.313561975955963135e-02 2.117296494543552399e-02 1.652959883213043213e-01 -3.738548234105110168e-02 -4.867649823427200317e-02 -6.145539879798889160e-02 1.181520745158195496e-01 -1.718826405704021454e-02
6.978870183229446411e-02 1.997154653072357178e-01 4.087674245238304138e-02 1.158031225204467773e-01 1.706053763628005981e-01 5.894371867179870605e-02 -1.282146424055099487e-01 -4.425148665904998779e-02 1.472810357809066772e-01 -5.078101903200149536e-02 -1.089671999216079712e-01 1.670201122760772705e-02 -1.651078760623931885e-01 -4.633229225873947144e-03 -4.918978363275527954e-02 1.577699184417724609e-02 -1.375351548194885254e-01 9.441123902797698975e-02 -9.901119768619537354e-02 2.725501917302608490e-02 1.101006790995597839e-01 1.024953722953796387e-01 -1.674138903617858887e-01 8.498115837574005127e-02 -6.382049620151519775e-02 1.783311925828456879e-02 -1.578918695449829102e-01 7.518764585256576538e-02 3.436891138553619385e-01 5.200385116040706635e-03 5.317161604762077332e-02 8.728965371847152710e-02 -1.441195309162139893e-01 3.829708695411682129e-02 -1.162002161145210266e-01 -2.297207713127136230e-02 2.783202230930328369e-01 -7.777304388582706451e-03 8.912131190299987793e-02 1.609995961189270020e-01 -1.451110281050205231e-02 -7.031101733446121216e-02 3.382055461406707764e-01 5.405680742114782333e-03 8.668333292007446289e-02 -4.171541891992092133e-03 7.171836495399475098e-02 2.746210098266601562e-01 1.877533197402954102e-01 1.504183858633041382e-01 -1.208658069372177124e-01 1.474329382181167603e-01 -6.445093313232064247e-04 -4.634367674589157104e-02 -1.199822649359703064e-01 -8.843480050563812256e-02 -7.820902764797210693e-02 -5.229026079177856445e-02 1.722840070724487305e-01 -1.260500103235244751e-01 -4.065332561731338501e-02 -7.234942167997360229e-02 7.596597075462341309e-02 1.703248471021652222e-01 -8.555543422698974609e-02 6.063759326934814453e-02 6.723291426897048950e-02 1.649005562067031860e-01 1.221937090158462524e-01 -1.196427345275878906e-01 -4.184675216674804688e-02 1.194182690232992172e-02 6.069740653038024902e-02 3.890287503600120544e-02 3.349010273814201355e-02 -1.446192413568496704e-01 4.679262638092041016e-02 -3.102288022637367249e-02 7.435085624456405640e-02 4.205220937728881836e-02 -2.546847462654113770e-01 4.377320408821105957e-02 1.759850978851318359e-02 -7.267361879348754883e-02 5.047199502587318420e-02 -4.174160957336425781e-01 -6.018349155783653259e-02 -4.886534810066223145e-02 1.623935298994183540e-03 -2.253527753055095673e-02 1.781258583068847656e-01 -1.607746332883834839e-01 -8.978037163615226746e-03 8.090221285820007324e-01 2.189759761095046997e-01 7.574489712715148926e-02 -1.012433543801307678e-01 -2.232180386781692505e-01 4.079789854586124420e-03 -1.404663473367691040e-01
-1.382968127727508545e-01 -1.314874738454818726e-02 -4.035191237926483154e-02 1.075506508350372314e-01 -1.210889592766761780e-01 -3.088281117379665375e-02 4.693338274955749512e-02 8.233649283647537231e-02 -2.212337777018547058e-02 1.618791185319423676e-02 1.460963785648345947e-01 -8.865541964769363403e-02 9.766194224357604980e-02 3.191353008151054382e-02 4.915845021605491638e-02 -2.984054759144783020e-02 -2.368237264454364777e-02 -2.806695736944675446e-02 7.910414785146713257e-02 1.416278630495071411e-01 -8.119693398475646973e-02 -1.303368806838989258e-01 2.085902029648423195e-03 -1.024123728275299072e-01 2.013253793120384216e-02 -2.490639500319957733e-02 1.619087159633636475e-01 -1.840953081846237183e-01 -1.101035848259925842e-01 -4.881243407726287842e-02 -5.448770523071289062e-02 -1.267063766717910767e-01 2.100034616887569427e-02 -2.000349462032318115e-01 9.310322999954223633e-02 -1.268689632415771484e-01 -5.287469178438186646e-02 -4.034313932061195374e-02 -3.690131008625030518e-02 -1.087983474135398865e-01 1.843352615833282471e-01 7.162747532129287720e-02 1.332502625882625580e-02 -2.619272656738758087e-02 2.075617760419845581e-01 7.339850813150405884e-02 -3.715590760111808777e-02 3.589417412877082825e-02 -1.162989959120750427e-01 1.506916619837284088e-02 -9.936659038066864014e-02 4.281380027532577515e-02 -4.899595864117145538e-03 5.211033672094345093e-02 2.895931340754032135e-02 -1.572222113609313965e-01 -1.341061890125274658e-01 6.247162073850631714e-02 1.991364210844039917e-01 5.715608224272727966e-02 -7.134630531072616577e-02 1.539117842912673950e-01 8.038449101150035858e-03 4.539004713296890259e-02 -7.175751030445098877e-02 1.469061374664306641e-01 -2.926747128367424011e-02 -1.770210564136505127e-01 6.175123155117034912e-02 7.289262115955352783e-02 -9.620422124862670898e-02 2.569006010890007019e-02 -1.883790642023086548e-01 -1.010495610535144806e-02 3.927394002676010132e-02 5.244205147027969360e-02 4.444800782948732376e-03 3.978886827826499939e-02 1.939623244106769562e-02 4.781788215041160583e-02 3.011527657508850098e-02 -1.342166662216186523e-01 -8.914251811802387238e-03 1.255604773759841919e-01 3.133932501077651978e-02 -5.799290537834167480e-02 1.621715277433395386e-01 6.004720553755760193e-02 -1.258056759834289551e-01 -1.100618466734886169e-01 5.021757259964942932e-02 2.491718530654907227e-02 1.006889641284942627e-01 -7.613413333892822266e-01 -2.502625584602355957e-01 2.851147949695587158e-02 1.519642919301986694e-01 2.302855849266052246e-01 1.488009244203567505e-01 -1.820725649595260620e-01
9.472764283418655396e-02 6.144881248474121094e-03 -1.627078093588352203e-02 6.765166670083999634e-02 1.343296170234680176e-01 5.034020915627479553e-02 2.382946200668811798e-02 7.109289616346359253e-02 1.144057512283325195e-01 -1.127533987164497375e-02 7.226052880287170410e-02 3.760956227779388428e-02 2.192282862961292267e-02 -1.660585105419158936e-01 7.719228416681289673e-02 3.754172846674919128e-02 -2.319126203656196594e-02 4.907904565334320068e-02 -3.553597256541252136e-02 -1.253812909126281738e-01 2.097135595977306366e-02 3.860364109277725220e-02 1.769368536770343781e-02 1.099728420376777649e-01 1.309635490179061890e-01 -5.307653173804283142e-02 2.094097994267940521e-02 2.234748005867004395e-02 -6.363086402416229248e-02 8.768098428845405579e-03 -1.843910664319992065e-02 -2.408150769770145416e-02 -1.772014610469341278e-02 -4.065134562551975250e-03 -6.051572784781455994e-02 7.388210296630859375e-02 1.014205589890480042e-01 1.048513129353523254e-01 -8.621801622211933136e-03 1.230555176734924316e-01 -7.493240386247634888e-02 -1.706491410732269287e-01 -5.063641816377639771e-02 -4.212554544210433960e-02 9.700430557131767273e-03 -1.056331247091293335e-01 5.033948272466659546e-02 1.517945528030395508e-01 1.136381528340280056e-03 -5.530495196580886841e-02 1.229034438729286194e-01 -3.884570300579071045e-02 1.359006669372320175e-02 -2.132184163201600313e-04 -8.821629732847213745e-02 7.513772696256637573e-02 -8.117672987282276154e-03 -1.091632172465324402e-01 6.088881939649581909e-02 -4.482941329479217529e-02 4.027851298451423645e-02 7.361351698637008667e-02 -8.405598253011703491e-02 3.926315344870090485e-03 -2.068645693361759186e-02 -1.132552027702331543e-01 -6.544374674558639526e-02 -1.048157364130020142e-01 -8.413066715002059937e-02 -4.506990686058998108e-02 2.337918244302272797e-02 -4.118721187114715576e-02 -3.108611796051263809e-03 -9.897730313241481781e-03 -1.114441677927970886e-01 2.834257483482360840e-02 6.355022639036178589e-02 4.921848420053720474e-03 -7.137455046176910400e-02 -1.090571582317352295e-01 -3.055478213354945183e-03 -6.598144024610519409e-02 -9.091485291719436646e-02 7.550315558910369873e-02 -7.476081699132919312e-02 2.406365275382995605e-01 8.677844307385385036e-04 4.760028328746557236e-03 3.540111705660820007e-02 -1.173520535230636597e-01 -8.445003628730773926e-02 -1.910672187805175781e-01 6.600379478186368942e-03 2.807949483394622803e-02 -7.404114305973052979e-02 1.078328955918550491e-02 9.080021828413009644e-02 -5.742719396948814392e-02 3.466258198022842407e-02 -3.379908576607704163e-02
-7.972319424152374268e-02 -1.713546516839414835e-04 -3.996044769883155823e-02 -5.214434489607810974e-02 -6.831344217061996460e-02 2.689726091921329498e-02 -5.856985598802566528e-02 -8.290029317140579224e-02 6.775928288698196411e-02 4.569787159562110901e-02 -3.883441211655735970e-03 -8.204424381256103516e-02 8.841526508331298828e-02 -4.444761201739311218e-02 -6.198608130216598511e-02 -2.426957711577415466e-02 8.617091178894042969e-02 9.176854044198989868e-02 2.645663730800151825e-02 -8.592996001243591309e-02 1.090298369526863098e-01 -3.587825968861579895e-02 5.811351165175437927e-02 -7.922226190567016602e-02 1.205443311482667923e-02 6.345792859792709351e-02 2.286987192928791046e-02 -3.983474895358085632e-02 -2.634142339229583740e-02 -6.021232530474662781e-02 -1.601851359009742737e-02 2.226173132658004761e-02 1.043244600296020508e-01 -7.168041914701461792e-02 2.224686741828918457e-02 -1.329842116683721542e-02 9.293613024055957794e-03 1.412883549928665161e-01 -6.790777295827865601e-02 -6.709477305412292480e-02 -1.002727299928665161e-01 1.721993787214159966e-03 5.830220878124237061e-03 2.683306485414505005e-02 -9.840413182973861694e-02 1.744562201201915741e-02 1.529151486465707421e-04 -4.543831571936607361e-02 -3.815460577607154846e-02 -3.669633343815803528e-02 1.909898221492767334e-01 -7.576990406960248947e-03 -4.118131101131439209e-02 -7.956559956073760986e-02 3.473624959588050842e-02 1.862571761012077332e-02 9.450457990169525146e-02 -8.559925109148025513e-02 -3.841765597462654114e-02 6.978085637092590332e-02 -5.436359788291156292e-04 6.167896091938018799e-02 -4.317616298794746399e-02 3.989637643098831177e-02 9.653555601835250854e-02 -1.401114612817764282e-01 -2.955555729568004608e-02 -4.722085967659950256e-02 -8.583097159862518311e-02 -4.112390801310539246e-02 6.058240681886672974e-02 1.687612570822238922e-02 9.317304193973541260e-02 4.119263216853141785e-02 -5.443630740046501160e-02 -1.301420032978057861e-01 1.554227173328399658e-01 -8.294709026813507080e-02 9.219547733664512634e-03 -1.085699424147605896e-01 4.005149751901626587e-02 7.478595525026321411e-02 -6.384481489658355713e-02 7.379218190908432007e-02 5.563021823763847351e-02 5.895422399044036865e-02 -1.953485980629920959e-02 -5.573709309101104736e-02 -1.399474777281284332e-02 5.042451992630958557e-02 -2.018132247030735016e-02 -1.267146617174148560e-01 -2.803308889269828796e-02 7.674789428710937500e-02 -4.896099865436553955e-02 -1.286538690328598022e-01 4.099655523896217346e-02 -1.407451629638671875e-01 -4.725448042154312134e-02 -3.752081468701362610e-02
-3.218438476324081421e-02 2.905390970408916473e-02 -1.137776882387697697e-03 2.636081539094448090e-02 -3.897089511156082153e-02 -2.400803565979003906e-02 -4.555497318506240845e-02 -5.319243669509887695e-02 -6.387312710285186768e-02 -3.889829292893409729e-02 4.773518815636634827e-02 1.021766513586044312e-01 3.757524862885475159e-02 5.784294381737709045e-02 9.484615176916122437e-02 6.353203207254409790e-02 3.772492334246635437e-02 2.460057102143764496e-02 2.258552424609661102e-02 -5.030401796102523804e-02 1.072980165481567383e-01 5.379847064614295959e-02 4.241155833005905151e-02 4.136734083294868469e-02 1.131458394229412079e-02 8.854995667934417725e-02 -1.200760900974273682e-01 1.721256785094738007e-02 1.645354479551315308e-01 -9.605696797370910645e-02 3.601165115833282471e-02 -1.606097817420959473e-02 -2.949068555608391762e-03 -2.132933773100376129e-02 1.454742532223463058e-02 1.715880073606967926e-02 3.356498479843139648e-02 9.914765506982803345e-02 -1.062156725674867630e-02 -3.809049259871244431e-03 -1.252598017454147339e-01 5.747152119874954224e-02 -7.974492758512496948e-02 -1.257140487432479858e-01 6.670188903808593750e-02 -1.033722236752510071e-01 -2.918020635843276978e-02 -2.108665741980075836e-02 -6.163648143410682678e-02 5.518010631203651428e-02 6.487934291362762451e-02 -4.398139566183090210e-02 -8.138345927000045776e-02 6.081506237387657166e-02 6.097647827118635178e-03 1.046917960047721863e-01 3.467200323939323425e-02 -4.182885214686393738e-02 7.128009106963872910e-03 -5.974233150482177734e-02 -4.325647279620170593e-02 4.116185754537582397e-02 -1.015968024730682373e-01 1.309434324502944946e-01 -3.160564694553613663e-03 4.934412240982055664e-02 6.306026130914688110e-02 3.856351599097251892e-02 -7.500794716179370880e-03 -8.141834288835525513e-02 -1.144105046987533569e-01 -6.728187203407287598e-02 5.512323603034019470e-02 -6.321223080158233643e-02 5.094965174794197083e-02 4.363982379436492920e-02 2.504891715943813324e-02 -9.356725960969924927e-02 7.788553088903427124e-02 -8.916074037551879883e-02 -3.691212460398674011e-02 9.294282644987106323e-02 -1.959657110273838043e-02 -8.934073150157928467e-02 -5.227620247751474380e-03 7.949161529541015625e-02 -6.478583067655563354e-02 -2.787243761122226715e-02 8.949638903141021729e-02 -2.405508607625961304e-02 -2.300248481333255768e-02 -5.369549617171287537e-02 1.553580164909362793e-01 -4.812358692288398743e-02 -2.392606995999813080e-02 1.902069896459579468e-02 6.529594212770462036e-02 -1.272440701723098755e-01 -1.283150166273117065e-01 -6.660737842321395874e-02
-1.429095715284347534e-01 3.940572217106819153e-02 -8.120988309383392334e-02 8.632982522249221802e-02 -5.817507952451705933e-02 -1.994015090167522430e-02 -8.920503407716751099e-02 1.025019288063049316e-01 1.124616060405969620e-02 -1.733579672873020172e-02 4.473919048905372620e-02 -6.753704696893692017e-02 3.640527650713920593e-02 1.450135558843612671e-01 6.375633180141448975e-02 7.285266369581222534e-02 -2.245488762855529785e-01 -1.512204669415950775e-02 -1.692731748335063457e-03 -7.521139085292816162e-02 -6.318186223506927490e-02 2.429470233619213104e-02 4.143714532256126404e-02 7.619534432888031006e-02 -1.108032241463661194e-01 6.591992825269699097e-02 -1.530998107045888901e-02 -3.394170850515365601e-02 -2.325672656297683716e-02 -6.189120933413505554e-02 9.441900067031383514e-03 5.510793253779411316e-02 -4.235786199569702148e-02 -7.518563419580459595e-02 -7.053036242723464966e-02 -1.338878124952316284e-01 1.571378409862518311e-01 -1.165964547544717789e-02 7.488564401865005493e-02 -8.759918063879013062e-02 4.081952851265668869e-03 -1.005055475980043411e-02 1.231392174959182739e-01 3.911858797073364258e-02 -2.882605651393532753e-03 -2.062642946839332581e-02 -2.375300414860248566e-02 -1.639591716229915619e-02 -8.671174943447113037e-02 -1.175617724657058716e-01 3.718659747391939163e-03 -3.688247129321098328e-02 1.562490016222000122e-01 3.139344230294227600e-02 3.142420575022697449e-02 2.399956248700618744e-02 1.006215903908014297e-02 -3.005681000649929047e-02 5.871120095252990723e-02 -1.815128372982144356e-03 9.588701277971267700e-02 3.841326385736465454e-02 3.800573199987411499e-02 4.325469210743904114e-02 -5.094093084335327148e-02 7.691534608602523804e-02 3.692315891385078430e-02 -1.150607317686080933e-01 -9.588086046278476715e-03 -1.269506365060806274e-01 7.892914116382598877e-02 -8.496931940317153931e-02 -2.297903038561344147e-02 1.511919125914573669e-02 5.337024107575416565e-02 6.061211228370666504e-02 -9.614364057779312134e-02 8.192289620637893677e-02 2.427507378160953522e-02 5.747247859835624695e-02 1.282360870391130447e-02 -1.038450598716735840e-01 5.805685371160507202e-02 -9.122769697569310665e-04 1.146265026181936264e-02 -6.498914957046508789e-02 -2.102974802255630493e-02 -3.666994348168373108e-02 -4.316966980695724487e-02 2.014969885349273682e-01 7.744872570037841797e-02 2.234034799039363861e-02 9.138765931129455566e-02 -3.422113060951232910e-01 -1.661689579486846924e-02 1.278819888830184937e-02 -6.980469077825546265e-02 1.761249005794525146e-01 7.616391032934188843e-02 -7.667762786149978638e-02
7.474426180124282837e-02 1.061138138175010681e-01 8.319053798913955688e-02 5.214720591902732849e-02 1.480405479669570923e-01 1.515295952558517456e-01 -1.624967455863952637e-01 6.920313090085983276e-02 5.500508472323417664e-02 -7.982653379440307617e-02 2.301810868084430695e-02 -7.749554514884948730e-02 1.251931190490722656e-01 -9.088850021362304688e-02 -3.657418861985206604e-02 6.483799219131469727e-02 -4.239296540617942810e-02 -5.143237859010696411e-02 -9.665868710726499557e-04 -1.225861683487892151e-01 2.794428728520870209e-02 1.234475225210189819e-01 -1.753979325294494629e-01 9.157370030879974365e-02 5.887915194034576416e-02 -2.662006951868534088e-02 -2.839389443397521973e-01 8.206024765968322754e-02 2.337410897016525269e-01 2.563300170004367828e-02 4.730419814586639404e-02 6.723681930452585220e-03 -6.353611499071121216e-02 4.570022225379943848e-02 1.964057609438896179e-02 2.447612583637237549e-02 -6.373833864927291870e-02 -3.957404568791389465e-02 -2.505016140639781952e-02 7.000504992902278900e-03 3.742268681526184082e-02 -1.497025340795516968e-01 -3.745569661259651184e-02 1.770444028079509735e-02 -8.240221440792083740e-02 -4.249543882906436920e-03 1.524627506732940674e-01 -1.051022484898567200e-01 3.140330687165260315e-02 2.445244044065475464e-02 9.693726897239685059e-02 -8.219313621520996094e-02 -4.915720969438552856e-02 -2.448677551001310349e-03 3.717311471700668335e-02 8.556076139211654663e-02 -1.572027243673801422e-02 -2.448781393468379974e-02 -6.652802973985671997e-02 -4.138097167015075684e-02 9.263023734092712402e-03 -3.600443154573440552e-02 -1.245927289128303528e-01 -1.023172885179519653e-01 4.884793609380722046e-02 -1.091549694538116455e-01 -4.562557116150856018e-02 -1.423308849334716797e-01 -2.669170266017317772e-03 2.135264873504638672e-02 -7.962288707494735718e-02 5.417484790086746216e-02 -2.943739667534828186e-02 3.726217150688171387e-02 -1.125468686223030090e-01 -1.935153501108288765e-03 -7.235245406627655029e-02 -6.353776156902313232e-02 7.278302311897277832e-02 4.126309230923652649e-02 -1.827809363603591919e-01 1.744747161865234375e-01 3.355995938181877136e-02 2.682174369692802429e-02 -5.697733536362648010e-02 6.740439683198928833e-02 -1.990270465612411499e-01 -1.723504066467285156e-01 -5.691342428326606750e-02 3.652294725179672241e-02 1.115616858005523682e-01 5.133502483367919922e-01 6.674607098102569580e-02 6.255174279212951660e-01 2.469433844089508057e-01 1.666441112756729126e-01 6.494332849979400635e-02 1.259449571371078491e-01 -8.275076746940612793e-02 -9.962380863726139069e-03
1.414324063807725906e-02 8.300053328275680542e-02 5.830027535557746887e-02 3.510650619864463806e-02 3.688946366310119629e-02 9.950900077819824219e-02 2.335037477314472198e-02 -1.378032658249139786e-02 7.258700579404830933e-02 -8.933590352535247803e-02 9.861375391483306885e-02 -9.424103051424026489e-02 -9.715385735034942627e-02 6.029510870575904846e-02 1.045975014567375183e-01 -4.968690220266580582e-03 -7.596205919981002808e-02 -9.418006986379623413e-03 -5.888840928673744202e-02 -8.776127547025680542e-02 -1.004666369408369064e-02 -5.505429208278656006e-02 -4.843819141387939453e-02 -4.329648613929748535e-02 3.433802723884582520e-02 4.466151818633079529e-02 3.133599460124969482e-02 -2.638887381181120872e-03 -8.959744125604629517e-02 -4.854728654026985168e-02 1.018860340118408203e-01 6.251303944736719131e-03 7.617983967065811157e-03 -3.079523704946041107e-02 -6.864443421363830566e-03 5.446085333824157715e-02 -1.007024943828582764e-01 -1.985396631062030792e-02 3.125206008553504944e-02 7.966434210538864136e-02 6.489548832178115845e-02 -6.829434633255004883e-02 1.038121283054351807e-01 2.617355436086654663e-02 7.638271898031234741e-02 9.376586414873600006e-03 -4.324685316532850266e-03 -1.402660971507430077e-03 -1.059897709637880325e-02 4.897571355104446411e-02 -1.145395785570144653e-01 -9.902255982160568237e-02 1.850300841033458710e-02 -3.322232887148857117e-02 7.502761483192443848e-02 -2.633096091449260712e-02 7.582765072584152222e-02 5.242254957556724548e-02 4.993832483887672424e-02 -6.312763690948486328e-02 -3.439785167574882507e-02 -1.154074147343635559e-01 -5.719825997948646545e-02 4.620099812746047974e-02 4.767237603664398193e-02 -1.841779612004756927e-02 -2.753185294568538666e-02 8.696296066045761108e-02 7.084418088197708130e-02 3.728380426764488220e-02 1.006121933460235596e-02 -8.909358084201812744e-02 -5.302462261170148849e-03 -8.254881203174591064e-02 -6.326626241207122803e-02 4.615970328450202942e-02 -1.564236730337142944e-02 -5.239852517843246460e-02 -1.530415378510951996e-02 -4.881170764565467834e-02 7.289303094148635864e-02 -6.001572590321302414e-03 -7.419765740633010864e-02 -1.048955470323562622e-01 -4.168033972382545471e-02 1.077713072299957275e-01 -7.974234223365783691e-02 -6.223411113023757935e-02 3.273394703865051270e-02 4.945326223969459534e-02 -1.600930467247962952e-02 -2.157546207308769226e-02 -1.273376643657684326e-01 5.154499039053916931e-02 1.315147429704666138e-01 2.873532939702272415e-03 -7.963960617780685425e-02 -3.497505187988281250e-02 9.065041691064834595e-02 -3.789980337023735046e-02
-2.604782022535800934e-02 1.760608330368995667e-02 3.330793231725692749e-02 3.979059308767318726e-02 6.174480915069580078e-02 -6.837843358516693115e-02 7.762791961431503296e-02 7.508783787488937378e-02 -3.642773628234863281e-02 1.115425080060958862e-01 5.333413928747177124e-02 3.927021473646163940e-02 1.084427833557128906e-01 -7.967797666788101196e-02 5.245144292712211609e-02 9.183080866932868958e-03 -3.700714558362960815e-02 -1.023740097880363464e-01 1.373624503612518311e-01 1.288434714078903198e-01 -9.182778000831604004e-02 -3.517478704452514648e-02 9.508354216814041138e-02 -4.455107823014259338e-02 -3.930986300110816956e-02 7.040594518184661865e-02 8.669156581163406372e-02 -1.354363709688186646e-01 -1.286327540874481201e-01 1.053196862339973450e-01 -6.951717659831047058e-03 -2.916273660957813263e-02 -1.067692786455154419e-01 -3.717930614948272705e-02 -6.241092830896377563e-02 -1.526846438646316528e-01 -3.624390065670013428e-02 1.783305220305919647e-02 -9.081909805536270142e-02 -7.543320953845977783e-02 3.058606572449207306e-02 1.214550882577896118e-01 -1.298396885395050049e-01 9.433768689632415771e-02 8.252117037773132324e-02 7.843338698148727417e-02 3.703070059418678284e-02 6.812692433595657349e-02 1.037217769771814346e-02 -7.795537263154983521e-02 -6.327264010906219482e-02 1.052552983164787292e-01 1.083392724394798279e-01 1.408817470073699951e-01 1.289856880903244019e-01 -1.596827208995819092e-01 -2.297377586364746094e-02 6.817359477281570435e-02 6.757916510105133057e-02 3.976989910006523132e-02 1.123688444495201111e-01 2.031720988452434540e-02 -3.186190128326416016e-02 -1.194531023502349854e-01 -6.520331650972366333e-02 1.603584140539169312e-01 -8.977601677179336548e-02 -7.913137972354888916e-02 1.465550512075424194e-01 1.866959594190120697e-02 1.123157441616058350e-01 1.245425343513488770e-01 -1.418354213237762451e-01 3.003011271357536316e-02 -2.273632399737834930e-02 9.322756528854370117e-02 -1.518738120794296265e-01 1.055957823991775513e-01 1.086809337139129639e-01 1.197885349392890930e-01 1.016168743371963501e-01 -4.369036294519901276e-03 -3.216987475752830505e-02 3.313164040446281433e-02 8.322770893573760986e-02 -7.137165218591690063e-02 1.414721757173538208e-01 -1.245827693492174149e-02 2.815162017941474915e-02 -7.975404709577560425e-02 1.229394227266311646e-01 3.942208737134933472e-02 -4.577355831861495972e-02 -4.368596896529197693e-02 7.218335568904876709e-02 4.340896010398864746e-02 -1.727599352598190308e-01 9.940073639154434204e-02 1.206407919526100159e-01 -1.386835128068923950e-01
-1.811258122324943542e-02 4.390989243984222412e-02 -3.691139817237854004e-02 -9.805233031511306763e-02 1.178973466157913208e-01 -3.195032477378845215e-02 7.126423716545104980e-02 -9.801884740591049194e-02 8.585916459560394287e-02 5.547085031867027283e-02 -6.360838562250137329e-02 -6.284443289041519165e-02 -1.174075081944465637e-01 -1.105317696928977966e-01 4.048181325197219849e-02 -6.079822778701782227e-02 3.880114108324050903e-02 6.910241395235061646e-02 -8.571384102106094360e-02 -3.157931132591329515e-06 4.423227533698081970e-02 6.825224310159683228e-02 3.399690240621566772e-02 8.245132118463516235e-02 1.833693869411945343e-02 -1.182850003242492676e-01 -2.126393839716911316e-02 1.023216247558593750e-01 -3.595151752233505249e-02 -8.769340813159942627e-02 3.524516522884368896e-02 4.207562655210494995e-02 1.865497417747974396e-02 -2.471814164891839027e-03 3.215964883565902710e-02 -1.830901252105832100e-03 -2.850778214633464813e-02 3.054962120950222015e-02 -1.139202434569597244e-02 -1.087709609419107437e-02 -3.555546328425407410e-02 -7.631744444370269775e-02 -3.014410659670829773e-02 -7.610225677490234375e-02 -2.074947021901607513e-02 6.569852679967880249e-02 1.058569326996803284e-01 9.282863140106201172e-02 1.076889336109161377e-01 9.002603590488433838e-02 9.845587611198425293e-02 -1.943787932395935059e-02 -3.386420384049415588e-02 -4.582127556204795837e-02 -2.177714556455612183e-02 1.334399282932281494e-01 1.635295897722244263e-01 3.905217722058296204e-02 -5.011778324842453003e-02 2.729981392621994019e-02 3.395378589630126953e-02 -1.128711970522999763e-03 -7.254715263843536377e-02 2.760486491024494171e-02 2.802502363920211792e-02 -3.168667480349540710e-02 5.672698374837636948e-03 9.465908259153366089e-02 -8.544830232858657837e-02 1.403329372406005859e-01 8.747269399464130402e-03 -3.745820745825767517e-02 -3.869809955358505249e-02 8.418988436460494995e-02 8.552240207791328430e-03 8.145920932292938232e-03 1.108552291989326477e-01 6.369449198246002197e-02 -5.817853659391403198e-02 -7.150798290967941284e-02 1.112027764320373535e-01 4.733562842011451721e-02 -9.743321686983108521e-02 3.581204265356063843e-02 -1.330777257680892944e-01 1.500197947025299072e-01 9.114145301282405853e-03 -1.011846866458654404e-02 -5.625083670020103455e-02 -2.118906937539577484e-02 -9.437271952629089355e-02 -3.595254197716712952e-02 9.293501079082489014e-02 -5.474974587559700012e-02 -9.006195515394210815e-02 4.849392548203468323e-02 1.136651039123535156e-01 -2.531850710511207581e-02 -5.342687666416168213e-02 1.042258813977241516e-01
1.214142441749572754e-01 4.414455965161323547e-02 -4.574706032872200012e-02 -1.763490773737430573e-02 1.481941193342208862e-01 1.601631045341491699e-01 -2.133731544017791748e-01 6.652334332466125488e-02 9.424977004528045654e-02 -6.280369311571121216e-02 -1.156345233321189880e-01 5.311427637934684753e-02 1.100446730852127075e-01 6.203286349773406982e-02 8.274771273136138916e-02 6.741975247859954834e-02 -6.554938852787017822e-02 1.690853387117385864e-02 -4.252884164452552795e-02 -1.309543401002883911e-01 1.345613691955804825e-02 2.421782724559307098e-02 -1.067593544721603394e-01 1.825883984565734863e-01 4.160549957305192947e-03 9.211744181811809540e-03 -5.769194662570953369e-02 4.139029979705810547e-02 6.187749281525611877e-02 -1.290663480758666992e-01 -3.472442924976348877e-02 1.945727020502090454e-01 1.539153903722763062e-01 1.235425099730491638e-01 -1.722558736801147461e-01 1.796629428863525391e-01 1.186930909752845764e-01 6.227991357445716858e-02 3.609134256839752197e-02 -1.514124721288681030e-01 -2.147536873817443848e-01 -1.073765605688095093e-01 1.708588600158691406e-01 -1.515466570854187012e-01 -1.306151002645492554e-01 9.238859638571739197e-03 -6.244899332523345947e-02 1.627232995815575123e-03 -2.826007828116416931e-02 5.029437690973281860e-02 1.643154621124267578e-01 -9.270392358303070068e-02 2.372849173843860626e-02 -6.241224333643913269e-02 -1.133969724178314209e-01 3.550473600625991821e-02 -2.246190793812274933e-02 -1.726742684841156006e-01 -1.107009500265121460e-01 -3.366513922810554504e-02 -1.380626410245895386e-01 -8.941827714443206787e-02 -1.163815264590084553e-03 2.986972033977508545e-02 8.250240981578826904e-02 -5.172101780772209167e-02 4.507101327180862427e-02 -1.516565382480621338e-01 -1.225244626402854919e-01 8.724611252546310425e-03 -6.704307347536087036e-02 2.380035445094108582e-02 5.553595721721649170e-02 9.787643700838088989e-02 -4.885594919323921204e-02 -9.889508597552776337e-03 1.371573209762573242e-01 -5.183454602956771851e-02 -8.251317590475082397e-02 -7.827962748706340790e-03 4.981531761586666107e-03 -8.449382148683071136e-03 1.703745312988758087e-02 -1.185724958777427673e-01 -1.490975469350814819e-01 1.705609261989593506e-02 -1.504598110914230347e-01 4.865209385752677917e-02 -6.012233346700668335e-02 5.274227634072303772e-02 -3.349592164158821106e-02 -1.014129593968391418e-01 5.892905592918395996e-02 4.311956465244293213e-01 1.226610690355300903e-01 -7.674326002597808838e-02 2.339579910039901733e-02 -1.150194089859724045e-03 -6.166498363018035889e-02 1.615985669195652008e-02
-8.333072811365127563e-02 3.109122440218925476e-02 2.634367346763610840e-02 -8.682139962911605835e-02 -1.251978874206542969e-01 -6.592824123799800873e-03 4.937572777271270752e-02 -1.242547556757926941e-01 -1.282437592744827271e-01 1.303899884223937988e-01 3.448024764657020569e-02 -2.272720821201801300e-02 -6.860321015119552612e-02 -1.522416155785322189e-02 -4.451437667012214661e-02 -4.082063585519790649e-02 -1.224486827850341797e-01 -1.367518752813339233e-01 1.139327511191368103e-01 6.727930903434753418e-02 -6.568901240825653076e-02 -7.687259465456008911e-02 1.557411160320043564e-02 2.512022480368614197e-02 -1.390082687139511108e-01 1.211109459400177002e-01 1.934039406478404999e-02 -6.621735543012619019e-02 -5.774597078561782837e-02 4.416146501898765564e-02 -4.534106329083442688e-02 -6.384776532649993896e-02 6.419925391674041748e-02 1.241933368146419525e-02 -5.729678273200988770e-02 -8.300059288740158081e-02 -6.432197242975234985e-02 -1.435228586196899414e-01 2.611752040684223175e-02 -8.515566587448120117e-02 -2.685882896184921265e-02 1.887980848550796509e-01 1.210152171552181244e-03 8.025457710027694702e-02 6.245777010917663574e-02 5.620703846216201782e-02 -1.215766295790672302e-01 -7.693105936050415039e-02 2.603587694466114044e-02 6.055909674614667892e-03 2.576842345297336578e-02 7.452811300754547119e-02 1.079272627830505371e-01 1.318666525185108185e-02 1.301016211509704590e-01 -1.020082086324691772e-01 -7.621904462575912476e-02 8.737146854400634766e-02 1.326039880514144897e-01 1.018408387899398804e-01 5.987883731722831726e-02 1.200351566076278687e-01 -1.669313386082649231e-02 9.977304935455322266e-02 -7.024539262056350708e-02 1.067486479878425598e-01 -1.046712920069694519e-01 -1.518862396478652954e-01 -1.045694481581449509e-02 -1.021902710199356079e-01 5.247596278786659241e-02 -1.622535102069377899e-02 -1.020044088363647461e-01 -1.244023814797401428e-01 -4.606076329946517944e-02 4.012634977698326111e-02 -7.884314656257629395e-02 -4.898098856210708618e-02 7.735959440469741821e-02 -4.228605702519416809e-02 1.723086535930633545e-01 1.315830945968627930e-01 -8.853518962860107422e-02 2.096119970083236694e-01 5.653515458106994629e-03 -3.509214147925376892e-02 9.468040615320205688e-02 9.132758527994155884e-02 -9.148041158914566040e-02 9.408453106880187988e-02 1.128617152571678162e-01 -9.240163862705230713e-02 -9.422148764133453369e-02 -3.731951713562011719e-01 -1.566711068153381348e-01 -1.081790775060653687e-01 4.286964982748031616e-02 -3.602100163698196411e-02 1.039729490876197815e-01 -1.735342200845479965e-03
2.665097638964653015e-02 -6.433540582656860352e-02 -5.031121149659156799e-02 -1.041971296072006226e-01 -4.684882238507270813e-02 -5.353544838726520538e-03 9.209741652011871338e-02 -4.409772530198097229e-02 5.720720812678337097e-02 6.528496742248535156e-03 1.113027185201644897e-01 -3.990782424807548523e-02 4.539559409022331238e-02 -4.961510747671127319e-02 2.354717114940285683e-03 -2.473192662000656128e-02 1.410671602934598923e-02 -3.190020099282264709e-02 -9.412827901542186737e-03 4.217428341507911682e-02 1.907199062407016754e-02 -3.244005143642425537e-02 1.234660074114799500e-01 -3.626701980829238892e-02 -7.441217452287673950e-02 -3.436438739299774170e-02 1.263696104288101196e-01 -3.013073233887553215e-03 -1.428755521774291992e-01 -2.966579981148242950e-02 7.121781818568706512e-03 -8.730231970548629761e-02 6.116550415754318237e-02 -1.122153848409652710e-01 5.271573737263679504e-02 8.053098805248737335e-03 -9.835408069193363190e-03 -1.004685461521148682e-01 1.333389617502689362e-02 -9.260661900043487549e-03 1.489496883004903793e-02 -2.403227984905242920e-02 -4.766729101538658142e-02 3.733151033520698547e-02 8.345466107130050659e-02 -1.039739977568387985e-02 2.968496456742286682e-02 -8.820515871047973633e-02 -5.437367036938667297e-02 6.641855090856552124e-02 -1.496460884809494019e-01 7.739060372114181519e-02 5.847505480051040649e-02 2.074143663048744202e-02 3.480305895209312439e-02 -5.268660932779312134e-02 4.524698108434677124e-02 1.413036584854125977e-01 1.038588881492614746e-01 -5.782627686858177185e-02 1.215743646025657654e-01 3.248513489961624146e-02 8.930803090333938599e-02 -6.124658882617950439e-02 -9.697047621011734009e-02 4.361560568213462830e-02 -8.970174193382263184e-02 -9.307517111301422119e-02 2.693573385477066040e-02 8.814880996942520142e-02 1.008678376674652100e-01 5.892752483487129211e-02 -5.595930293202400208e-02 -1.006744652986526489e-01 -9.123512357473373413e-02 1.331209838390350342e-01 -1.422006040811538696e-01 -7.882772944867610931e-03 -3.835658729076385498e-02 -6.588040851056575775e-03 -6.280948221683502197e-02 2.039085142314434052e-02 1.134073287248611450e-01 1.086275726556777954e-01 3.398406319320201874e-03 -3.002084977924823761e-02 9.561194479465484619e-02 -5.429083481431007385e-02 -7.784616202116012573e-02 -2.383854612708091736e-02 5.892233178019523621e-02 1.387874484062194824e-01 -1.112852916121482849e-01 3.842149302363395691e-02 2.739605866372585297e-02 1.273872852325439453e-01 -2.830583043396472931e-02 8.786151185631752014e-03 1.337325870990753174e-01 -8.250933885574340820e-02
-1.762815378606319427e-02 4.842098057270050049e-02 -5.659291520714759827e-03 1.016434952616691589e-01 -2.699298085644841194e-03 -4.287691414356231689e-02 -5.334298685193061829e-02 5.546081811189651489e-02 1.263710558414459229e-01 1.350043993443250656e-02 -7.612718641757965088e-02 -8.080126345157623291e-02 7.720779627561569214e-02 -2.312470972537994385e-02 6.940521299839019775e-02 -4.851216077804565430e-02 -2.216482098447158933e-04 6.445090472698211670e-02 -1.164041012525558472e-01 -1.062945276498794556e-01 3.727605508174747229e-05 -4.705301299691200256e-02 -8.880513906478881836e-02 1.154119446873664856e-01 8.793588727712631226e-02 -2.673115953803062439e-02 5.553245171904563904e-02 -3.772935271263122559e-02 1.396469026803970337e-01 7.241443544626235962e-02 6.000381335616111755e-02 -5.786004941910505295e-03 1.568429730832576752e-02 9.541828930377960205e-02 -2.292326278984546661e-02 -5.749665945768356323e-02 -9.142363443970680237e-03 1.260060817003250122e-01 7.663084566593170166e-02 -2.850639261305332184e-02 1.731683872640132904e-02 -8.660817146301269531e-02 8.262363821268081665e-02 3.126962110400199890e-02 1.935832947492599487e-02 -1.009373441338539124e-01 7.278708368539810181e-02 -2.759179472923278809e-02 1.043310016393661499e-01 2.537883818149566650e-02 1.440418362617492676e-01 -1.865772902965545654e-02 -1.633222401142120361e-02 6.700988858938217163e-02 4.653302580118179321e-02 -5.007025226950645447e-02 2.109362930059432983e-02 -1.269754469394683838e-01 4.042990133166313171e-02 2.261297032237052917e-02 -9.255681186914443970e-02 7.874144613742828369e-02 -2.051486819982528687e-02 -1.536570396274328232e-02 3.792589157819747925e-02 -2.167570218443870544e-02 3.089947439730167389e-02 9.613116085529327393e-02 -9.025935083627700806e-02 -6.303887069225311279e-02 4.473435878753662109e-02 -1.203676238656044006e-01 -4.633770510554313660e-02 6.888823956251144409e-02 -1.129167806357145309e-02 -5.740329995751380920e-02 1.065590009093284607e-01 -1.711267791688442230e-02 -4.206111654639244080e-02 -7.812914997339248657e-02 -1.694741398096084595e-01 -5.956347659230232239e-02 3.699431568384170532e-02 -1.310482919216156006e-01 1.592106372117996216e-02 -1.541975047439336777e-02 -1.247673630714416504e-01 -1.362753361463546753e-01 1.216962859034538269e-01 1.131783705204725266e-02 -7.638856023550033569e-02 1.031606569886207581e-01 1.111518144607543945e-01 -1.501456648111343384e-02 -1.086103469133377075e-01 7.839032448828220367e-03 1.116662658751010895e-02 7.810594886541366577e-02 3.342330455780029297e-02 -2.105214074254035950e-02
-1.175806149840354919e-01 -4.039469361305236816e-02 1.233135350048542023e-03 1.332463175058364868e-01 1.644044555723667145e-02 -1.110102236270904541e-01 9.950350224971771240e-02 -1.451088339090347290e-01 -7.403399050235748291e-02 -5.461061745882034302e-02 1.276293490082025528e-02 -5.355512723326683044e-02 1.064789593219757080e-01 7.908917218446731567e-02 -1.599447578191757202e-01 -5.980690009891986847e-03 -1.152932550758123398e-02 -1.082205250859260559e-01 1.853050291538238525e-01 1.039838492870330811e-01 -7.530175894498825073e-02 -2.554591000080108643e-02 -4.574607126414775848e-03 -4.298746585845947266e-02 4.448139294981956482e-02 -5.126712843775749207e-02 2.448946833610534668e-01 -1.984022110700607300e-01 -7.910712063312530518e-02 1.703028976917266846e-01 -1.124535351991653442e-01 -1.812429577112197876e-01 -1.061365194618701935e-02 -1.319342255592346191e-01 -2.185455150902271271e-02 -7.460521906614303589e-02 -3.549472242593765259e-02 -1.134161651134490967e-01 1.273046992719173431e-02 1.127071157097816467e-01 1.394122391939163208e-01 3.531722351908683777e-02 -1.297051012516021729e-01 1.144416183233261108e-01 2.040040194988250732e-01 -3.572459565475583076e-03 4.836756363511085510e-02 -3.727306053042411804e-02 -4.455592483282089233e-02 -5.957891792058944702e-02 5.591982509940862656e-03 1.074146926403045654e-01 -8.341334760189056396e-02 1.208700612187385559e-01 1.419431865215301514e-01 -1.306030899286270142e-01 4.341040924191474915e-02 1.691067069768905640e-01 1.873579770326614380e-01 8.432435989379882812e-02 1.534723304212093353e-02 -2.673454210162162781e-02 1.673041284084320068e-01 -4.040821269154548645e-02 -1.400914341211318970e-01 1.169560030102729797e-01 3.996638953685760498e-02 5.095005407929420471e-02 1.509640067815780640e-01 1.253942586481571198e-02 9.327517449855804443e-02 5.757413059473037720e-02 -7.466422021389007568e-02 -5.336960405111312866e-02 -1.078630331903696060e-02 2.892873715609312057e-03 -3.448091447353363037e-02 9.334225952625274658e-02 9.418895095586776733e-02 -1.649213954806327820e-03 2.462197691202163696e-01 7.528175413608551025e-02 2.482062950730323792e-02 5.159812048077583313e-02 1.497412025928497314e-01 -1.025699004530906677e-01 1.146750822663307190e-01 9.505914151668548584e-02 -1.142773926258087158e-01 -4.446357488632202148e-02 8.190640807151794434e-02 -1.697280853986740112e-01 4.230253398418426514e-02 -4.400053918361663818e-01 3.608074411749839783e-02 -5.457181856036186218e-02 -5.320289731025695801e-02 2.343914285302162170e-02 3.496099635958671570e-02 -1.110396459698677063e-01
-5.978583794785663486e-05 -1.027362123131752014e-01 -4.619949311017990112e-02 7.177952677011489868e-03 5.532321054488420486e-03 -1.064577475190162659e-01 1.101749390363693237e-02 -7.162884622812271118e-02 3.467559814453125000e-02 1.382609922438859940e-02 -9.140495955944061279e-02 5.896358564496040344e-02 -6.540462374687194824e-02 -3.507969528436660767e-02 4.943563416600227356e-02 6.552101671695709229e-02 -4.273258149623870850e-02 1.461117994040250778e-02 -2.858957462012767792e-02 1.056843698024749756e-01 2.148193679749965668e-02 -2.720853872597217560e-02 2.338060177862644196e-02 5.328251421451568604e-02 5.367316678166389465e-02 -4.192359000444412231e-02 -1.069432869553565979e-02 1.228349562734365463e-02 -1.714026480913162231e-01 -3.993926569819450378e-02 -1.081499159336090088e-01 -9.852640330791473389e-02 2.292221225798130035e-02 -8.577296510338783264e-03 8.137436956167221069e-02 -1.339280903339385986e-01 -8.413093164563179016e-03 6.315238773822784424e-03 7.242553681135177612e-02 -1.902907155454158783e-02 7.634455710649490356e-02 -6.774768233299255371e-03 -1.158798485994338989e-01 9.840928018093109131e-02 1.310300976037979126e-01 1.252644956111907959e-01 -3.172332048416137695e-02 -5.342746526002883911e-02 9.539645165205001831e-03 -3.710285946726799011e-02 -7.852646708488464355e-02 -1.383566018193960190e-02 -7.023026794195175171e-02 3.614902123808860779e-02 -5.967359524220228195e-03 -1.116431504487991333e-01 -5.249051749706268311e-02 8.407174795866012573e-02 -3.385249525308609009e-02 -2.168297395110130310e-02 1.009526997804641724e-01 -4.888078197836875916e-02 8.581832051277160645e-02 1.677246578037738800e-02 8.275597356259822845e-04 8.121927268803119659e-03 -3.657923953142017126e-04 5.280212685465812683e-02 4.050550982356071472e-02 -6.642273068428039551e-02 2.169753797352313995e-02 -3.618824481964111328e-02 -7.063502073287963867e-02 3.635374084115028381e-02 -9.425026923418045044e-02 -1.217776536941528320e-02 -1.197598278522491455e-01 1.056897267699241638e-01 -4.449850693345069885e-02 -3.265001997351646423e-02 -2.144619636237621307e-02 4.255728796124458313e-02 5.924153700470924377e-02 7.847388088703155518e-02 1.264072507619857788e-01 1.960697956383228302e-02 1.225486174225807190e-01 1.461177617311477661e-01 -9.409476816654205322e-02 -4.259493947029113770e-02 8.923400938510894775e-02 -1.017996370792388916e-01 -1.188011243939399719e-01 -3.041689516976475716e-03 1.231355965137481689e-01 -9.670733474195003510e-03 1.052908506244421005e-02 -9.617114067077636719e-02 -1.701374351978302002e-02 -1.004727110266685486e-01
7.435625791549682617e-02 -9.742629481479525566e-04 -4.933599382638931274e-02 -2.159140771254897118e-03 5.718763545155525208e-02 3.611174970865249634e-02 1.000363901257514954e-01 -2.165385894477367401e-02 -8.253707736730575562e-02 3.475333377718925476e-02 1.012723445892333984e-01 -4.099097102880477905e-02 -6.095774471759796143e-02 5.687396973371505737e-02 -7.337331771850585938e-02 7.312234491109848022e-02 -7.760490477085113525e-02 -1.862419769167900085e-02 1.159120574593544006e-01 1.040241122245788574e-01 -3.487201780080795288e-02 4.559012129902839661e-02 -7.855013757944107056e-02 2.738202363252639771e-02 -6.117667071521282196e-03 -8.613154292106628418e-02 1.074132993817329407e-01 -6.644768640398979187e-03 -6.205402687191963196e-02 -6.726930290460586548e-02 -8.688925951719284058e-02 -1.171431392431259155e-01 1.645111478865146637e-02 -8.964229375123977661e-02 7.796324789524078369e-02 -1.191445346921682358e-02 -9.311446547508239746e-02 1.262867916375398636e-02 -6.679476797580718994e-02 7.453430444002151489e-02 1.389007782563567162e-03 9.729065001010894775e-02 -7.056549936532974243e-02 4.103286564350128174e-02 8.251261711120605469e-02 1.078580226749181747e-02 3.444804996252059937e-02 -5.133991129696369171e-03 5.048098042607307434e-03 -4.886606708168983459e-02 -4.160836711525917053e-02 1.003073304891586304e-01 8.074773475527763367e-03 8.064938336610794067e-02 8.890428394079208374e-02 5.483942851424217224e-02 5.118257552385330200e-02 -5.358748510479927063e-02 9.899906814098358154e-02 -3.841304779052734375e-02 -2.109673805534839630e-02 1.103053148835897446e-02 1.068737506866455078e-01 -1.457546204328536987e-01 6.424018647521734238e-03 2.564760297536849976e-02 1.516571640968322754e-02 -7.657648622989654541e-02 -2.726250328123569489e-02 -9.808376198634505272e-04 -1.113098766654729843e-02 2.491876296699047089e-02 -6.073496118187904358e-02 -7.012050598859786987e-02 -4.611058905720710754e-02 5.440323729999363422e-04 -1.428201496601104736e-01 1.208286061882972717e-01 1.732513681054115295e-02 9.993363171815872192e-02 1.455180719494819641e-02 4.902297630906105042e-02 1.111097410321235657e-01 1.012937575578689575e-01 1.093371957540512085e-01 8.099298179149627686e-02 9.900971502065658569e-02 2.602625638246536255e-02 -5.087099596858024597e-02 -3.404644876718521118e-02 6.167377158999443054e-02 -7.192319724708795547e-03 -1.161344721913337708e-01 -3.309736400842666626e-02 9.155209362506866455e-02 -3.347498178482055664e-02 -1.107906252145767212e-01 -8.080327510833740234e-02 6.286364793777465820e-02 6.334237009286880493e-02
1.411947160959243774e-01 5.794670805335044861e-02 -1.699066311120986938e-01 7.178885489702224731e-02 3.103141300380229950e-02 7.179431617259979248e-02 -5.114738643169403076e-02 1.441781520843505859e-01 1.604715287685394287e-01 1.459123846143484116e-02 -3.876105323433876038e-02 4.389237239956855774e-02 1.101820543408393860e-01 6.270673871040344238e-02 1.709899902343750000e-01 1.108962967991828918e-01 -1.016172319650650024e-01 5.849025025963783264e-02 -1.472027003765106201e-01 -3.641200438141822815e-02 9.110234677791595459e-02 -1.930175721645355225e-02 -7.461453205905854702e-04 1.713535934686660767e-01 9.510944597423076630e-03 5.134727433323860168e-02 -1.375899761915206909e-01 1.176789924502372742e-01 -5.884138401597738266e-03 -4.032878205180168152e-02 1.372579187154769897e-01 3.247992321848869324e-02 1.112429946660995483e-01 3.627659007906913757e-02 -6.208649650216102600e-02 1.245056763291358948e-01 1.281570345163345337e-01 1.824980974197387695e-01 1.468177437782287598e-01 -1.010125204920768738e-01 -1.746048629283905029e-01 -2.751123160123825073e-02 1.599619835615158081e-01 -6.890325993299484253e-02 -1.725027896463871002e-02 -1.065863817930221558e-01 -5.677907541394233704e-02 -4.136003926396369934e-02 6.406462192535400391e-02 5.210725590586662292e-02 1.140909790992736816e-01 1.187666412442922592e-02 -1.458479464054107666e-02 3.757397085428237915e-02 -8.603886514902114868e-02 8.458107709884643555e-02 -7.575887441635131836e-02 -1.713184267282485962e-01 -1.856099963188171387e-01 1.228950545191764832e-02 -6.506610196083784103e-03 -6.596493721008300781e-02 -1.077342554926872253e-01 4.037664085626602173e-02 -3.156468644738197327e-02 -1.046831533312797546e-02 4.246253892779350281e-02 -1.711232811212539673e-01 -2.853851579129695892e-02 5.068559199571609497e-02 -5.743909999728202820e-02 -1.406843960285186768e-01 1.571537256240844727e-01 7.975918799638748169e-02 -2.004533112049102783e-01 -2.848696894943714142e-02 1.608251333236694336e-01 -1.326319277286529541e-01 -1.258206665515899658e-01 -6.801243405789136887e-03 -1.528489738702774048e-01 4.432051442563533783e-03 -7.926294952630996704e-02 3.113518655300140381e-02 -1.021374836564064026e-01 2.143743336200714111e-01 -7.935441285371780396e-02 -2.079878374934196472e-02 4.058777540922164917e-02 3.286425955593585968e-03 -6.108395010232925415e-02 2.169654965400695801e-01 2.629615180194377899e-02 4.593174457550048828e-01 1.127153411507606506e-01 -7.531674951314926147e-02 1.263765692710876465e-01 1.463249772787094116e-01 -6.441960483789443970e-02 5.220492184162139893e-02
2.690038271248340607e-02 5.888708308339118958e-02 -6.870702654123306274e-02 -4.123668745160102844e-02 -5.079062283039093018e-02 8.452767133712768555e-02 -1.791574805974960327e-02 6.886589527130126953e-02 9.384682029485702515e-02 7.965996861457824707e-02 6.051358208060264587e-02 3.536348044872283936e-02 -1.182717084884643555e-02 4.351821541786193848e-02 7.378237694501876831e-02 1.106040999293327332e-01 -4.409893602132797241e-02 -4.906961321830749512e-02 -1.633136533200740814e-02 6.971155852079391479e-02 -3.522186726331710815e-02 1.073563843965530396e-01 9.761833585798740387e-03 -9.112011641263961792e-02 -5.967348814010620117e-02 -2.733309194445610046e-02 -3.131356462836265564e-02 8.236788213253021240e-02 6.863743066787719727e-02 -7.445290684700012207e-02 -1.416354998946189880e-02 -6.669407337903976440e-02 -5.266010761260986328e-02 -6.419305503368377686e-02 -8.563405275344848633e-02 -1.379630435258150101e-02 -2.859386429190635681e-02 1.068545505404472351e-01 2.587441541254520416e-02 -5.532666668295860291e-02 -2.706201281398534775e-03 -5.208595097064971924e-02 8.619060367345809937e-02 7.391886413097381592e-02 8.275882154703140259e-02 -6.313589215278625488e-02 8.706901222467422485e-03 -1.264310777187347412e-01 1.818526722490787506e-02 -1.495261490345001221e-02 4.704201593995094299e-03 -2.730472944676876068e-02 6.681238859891891479e-02 6.993028335273265839e-03 5.164276435971260071e-02 5.896127596497535706e-02 -9.623874723911285400e-02 -4.533331841230392456e-02 7.720434665679931641e-02 -3.630280122160911560e-02 8.100415579974651337e-03 -3.408666700124740601e-02 -7.152236253023147583e-02 6.084288656711578369e-02 -1.655176654458045959e-02 1.255459934473037720e-01 6.242587044835090637e-02 -1.031138151884078979e-01 -4.991914331912994385e-02 1.773324795067310333e-02 -1.435829233378171921e-02 2.910166047513484955e-02 4.590822756290435791e-02 -2.026428841054439545e-02 1.392166945151984692e-03 -3.969356417655944824e-02 -6.796741858124732971e-03 -9.090876579284667969e-02 1.275252364575862885e-02 1.242262497544288635e-02 -7.110731303691864014e-02 2.482248842716217041e-02 -7.826486229896545410e-02 5.779514089226722717e-02 -2.805041708052158356e-02 -5.680664628744125366e-02 -6.056107208132743835e-02 9.515147656202316284e-02 3.347457945346832275e-02 1.425256282091140747e-01 1.738703064620494843e-02 -6.177383288741111755e-02 6.463895738124847412e-02 5.977397039532661438e-02 7.338768988847732544e-02 6.619802862405776978e-02 1.019035372883081436e-02 -1.257056742906570435e-01 7.785229384899139404e-02 -5.296352505683898926e-02
1.660668291151523590e-02 2.484717406332492828e-02 -1.011273264884948730e-01 2.212681472301483154e-01 1.245304793119430542e-01 -8.406632696278393269e-05 5.584532395005226135e-02 -2.751184813678264618e-02 -1.649907976388931274e-02 -9.294953197240829468e-02 -1.017199084162712097e-01 -1.041604951024055481e-02 -6.608565896749496460e-02 -6.904138624668121338e-02 4.717912152409553528e-02 -6.440010666847229004e-02 7.704810053110122681e-02 -3.575723618268966675e-02 -3.242815658450126648e-02 7.177167385816574097e-02 -9.503537416458129883e-02 -5.013744160532951355e-02 4.378353059291839600e-02 4.263384267687797546e-02 8.890913426876068115e-02 2.007390744984149933e-02 -1.225713863968849182e-01 9.621770679950714111e-02 6.799482554197311401e-02 4.377487674355506897e-02 -7.459555566310882568e-02 9.965516626834869385e-02 7.250990718603134155e-02 3.562363237142562866e-02 -8.718819171190261841e-02 2.529506757855415344e-02 3.958136960864067078e-02 1.316673010587692261e-01 -5.926946923136711121e-02 1.032289266586303711e-01 -7.780035585165023804e-02 -1.715942770242691040e-01 -4.469874501228332520e-02 5.105584487318992615e-02 4.493778198957443237e-02 2.673598378896713257e-02 -6.572084035724401474e-03 1.760268062353134155e-01 -6.670841574668884277e-02 1.281165927648544312e-01 3.179978579282760620e-02 -4.701705276966094971e-02 1.024054712615907192e-03 -7.570444792509078979e-02 1.174316741526126862e-02 8.294328302145004272e-02 -2.286718226969242096e-02 -4.326775670051574707e-02 8.138360455632209778e-03 1.342447847127914429e-02 8.085038512945175171e-03 4.035289958119392395e-02 -1.005694121122360229e-01 1.025045737624168396e-01 2.602556906640529633e-02 2.366578020155429840e-02 4.397238045930862427e-02 3.344816341996192932e-02 2.490767464041709900e-02 5.676675215363502502e-02 -5.191918462514877319e-02 7.869005203247070312e-02 -4.320166260004043579e-02 6.864164024591445923e-02 -1.032571345567703247e-01 2.950666099786758423e-02 9.510794281959533691e-02 4.580102115869522095e-02 4.648336768150329590e-02 -6.576660275459289551e-02 -1.351103186607360840e-01 7.965832948684692383e-02 -4.542585834860801697e-02 -6.321409344673156738e-02 -2.203112933784723282e-03 -8.472255617380142212e-02 -1.772787049412727356e-02 -4.032558295875787735e-03 3.641172125935554504e-02 -7.875826209783554077e-02 -9.306170046329498291e-02 -5.492018908262252808e-02 -4.443194344639778137e-02 5.422353744506835938e-01 2.059311270713806152e-01 2.553212083876132965e-02 -9.123651683330535889e-02 -3.058239817619323730e-01 -5.865868553519248962e-02 5.210180580615997314e-02
3.041354939341545105e-04 1.002051606774330139e-01 -6.939833611249923706e-02 -1.101935803890228271e-01 1.124362722039222717e-01 -4.439511522650718689e-02 1.315691322088241577e-02 -7.174847275018692017e-02 1.059628650546073914e-01 1.766059920191764832e-02 7.086573541164398193e-02 -8.111977577209472656e-02 5.211141426116228104e-03 -3.403550013899803162e-02 4.612262547016143799e-02 -1.126580238342285156e-01 -4.380349814891815186e-02 9.935150295495986938e-02 1.303337886929512024e-02 -6.845176964998245239e-02 6.836143136024475098e-02 -4.100757092237472534e-02 -1.114126518368721008e-01 1.394931599497795105e-02 9.875791147351264954e-03 -4.297814145684242249e-02 -1.601483821868896484e-01 6.864735484123229980e-02 -3.296130150556564331e-02 -4.105517640709877014e-02 7.803758978843688965e-02 1.281727850437164307e-01 1.367521286010742188e-01 4.486611485481262207e-02 -7.463479042053222656e-02 1.730719804763793945e-01 -2.246013609692454338e-03 4.688058793544769287e-02 -2.713428810238838196e-02 6.433394551277160645e-02 2.605492435395717621e-02 -1.234200671315193176e-01 1.719383299350738525e-01 4.726356267929077148e-02 5.001106113195419312e-02 -1.261648386716842651e-01 5.974426120519638062e-02 9.236389398574829102e-02 -7.931020855903625488e-02 9.197343885898590088e-02 2.716159634292125702e-02 1.852259156294167042e-03 -2.460631914436817169e-02 -1.600576043128967285e-01 -2.573187462985515594e-02 1.323363780975341797e-01 7.875235378742218018e-02 -7.731787860393524170e-02 -2.154213190078735352e-01 2.655510790646076202e-02 -2.590955421328544617e-02 4.195531085133552551e-02 -1.813671886920928955e-01 -3.867409005761146545e-02 1.605632007122039795e-01 -4.066722095012664795e-02 -3.832349926233291626e-02 -1.087799146771430969e-01 -9.015664458274841309e-02 1.454827934503555298e-01 -4.614787921309471130e-02 -1.273525953292846680e-01 4.741887748241424561e-02 6.414064764976501465e-02 7.108799368143081665e-02 -3.452808037400245667e-02 7.037343829870223999e-02 2.025054767727851868e-02 -9.666721522808074951e-02 -6.839679181575775146e-02 -1.164919659495353699e-01 1.741800457239151001e-02 -4.458045586943626404e-02 -1.026787087321281433e-01 6.417909171432256699e-03 1.195065900683403015e-01 -3.919759765267372131e-02 -4.887108504772186279e-02 2.733217179775238037e-02 8.660882711410522461e-02 -8.958312869071960449e-02 -9.155546873807907104e-02 -3.041211515665054321e-02 1.717195957899093628e-01 6.442040205001831055e-02 1.918019913136959076e-02 -5.963151156902313232e-02 -2.100524492561817169e-02 -8.974988013505935669e-02 1.012795642018318176e-01
-4.862142726778984070e-02 -8.839069050736725330e-04 -1.639987379312515259e-01 -5.099324136972427368e-02 -1.062846034765243530e-01 -1.124860867857933044e-01 -3.218906521797180176e-01 -3.525848388671875000e-01 -1.223426610231399536e-01 -1.753274202346801758e-01 -1.731586828827857971e-02 -5.130618810653686523e-02 5.276832729578018188e-02 4.821498095989227295e-01 2.658641710877418518e-02 2.534645237028598785e-02 1.081850305199623108e-01 2.594042941927909851e-02 8.045932650566101074e-02 -9.725205600261688232e-02 1.472296714782714844e-01 1.936710253357887268e-02 -1.147619336843490601e-01 2.071453034877777100e-01 -1.223677620291709900e-01 -5.180647969245910645e-02 2.217406965792179108e-02 9.808675199747085571e-02 2.395360916852951050e-01 -1.806907206773757935e-01 1.316106915473937988e-01 -1.070937663316726685e-01 3.686222434043884277e-02 -3.718193247914314270e-02 -1.401717662811279297e-01 -1.504137367010116577e-01 7.515630871057510376e-02 2.147207260131835938e-01 1.916682522278279066e-04 -4.650845825672149658e-01 3.334408998489379883e-01 3.497975692152976990e-02 -1.202175244688987732e-01 5.855568125844001770e-02 3.735071420669555664e-02 1.104938387870788574e-01 -8.852519094944000244e-03 -9.089694917201995850e-02 -8.330094069242477417e-02 6.303943693637847900e-02 2.376632951200008392e-02 6.294464319944381714e-02 5.305441021919250488e-01 -2.220699936151504517e-02 1.164706330746412277e-02 7.890938781201839447e-03 -3.091020286083221436e-01 -1.534640640020370483e-01 -2.851218357682228088e-02 -1.692135483026504517e-01 -8.782609552145004272e-02 1.031420081853866577e-01 -9.937875717878341675e-02 1.192449554800987244e-01 4.665733128786087036e-02 4.324547573924064636e-02 -2.065150141716003418e-01 1.611840128898620605e-01 1.217246875166893005e-01 -5.764308944344520569e-02 -2.431578040122985840e-01 -7.168420404195785522e-02 -4.275995492935180664e-02 -5.338646098971366882e-02 -2.839367985725402832e-01 3.449215590953826904e-01 4.033110439777374268e-01 1.141895875334739685e-01 2.664710208773612976e-02 -1.988196074962615967e-01 -8.777465820312500000e-01 1.745778769254684448e-01 -1.409239470958709717e-01 -7.020966708660125732e-02 2.464748471975326538e-01 -1.773167014122009277e+00 2.778479158878326416e-01 -8.049743622541427612e-02 -3.652044534683227539e-01 2.618655562400817871e-01 1.977871544659137726e-02 -1.732877850532531738e+00 -1.611053645610809326e-01 9.883167743682861328e-01 8.024820089340209961e-01 -5.391782522201538086e-01 -4.744509160518646240e-01 -1.141096472740173340e+00 5.268738605082035065e-03 -1.503610908985137939e-01
-7.564371824264526367e-02 -1.814850792288780212e-02 -2.649985849857330322e-01 -1.868136972188949585e-01 -2.084560841321945190e-01 -1.709433645009994507e-01 1.162134036421775818e-01 -5.831026285886764526e-02 4.348580539226531982e-02 1.203047335147857666e-01 -1.182820126414299011e-01 7.273950427770614624e-02 9.762434288859367371e-03 -1.082648038864135742e-01 3.950715810060501099e-02 4.131487384438514709e-02 -2.215175181627273560e-01 5.101095512509346008e-02 -5.633835098706185818e-04 5.286406353116035461e-02 -7.136195898056030273e-03 -6.530337035655975342e-02 2.873146831989288330e-01 -4.811976104974746704e-02 -1.527786254882812500e-01 2.231515347957611084e-01 3.884641453623771667e-02 -9.695266187191009521e-02 -8.996353298425674438e-02 -1.051685810089111328e-01 -1.593571007251739502e-01 6.286675482988357544e-02 -7.058315724134445190e-02 -1.107215285301208496e-01 -2.786759659647941589e-02 1.467160414904356003e-02 4.080067873001098633e-01 1.013446673750877380e-01 -8.170645684003829956e-02 -1.509308367967605591e-01 -2.899745479226112366e-03 3.453856408596038818e-01 1.937814354896545410e-01 4.205327853560447693e-02 7.039102260023355484e-03 4.759720712900161743e-02 -5.195056647062301636e-02 1.594507843255996704e-01 6.359124090522527695e-03 1.234513893723487854e-01 -1.789504289627075195e-01 2.635014057159423828e-01 1.116585209965705872e-01 1.760771274566650391e-01 -2.523349784314632416e-02 -5.799833685159683228e-02 -1.809502542018890381e-01 -7.252519577741622925e-02 3.619854152202606201e-01 -1.616627424955368042e-01 -1.014196053147315979e-01 3.572550043463706970e-02 1.610127538442611694e-01 2.232066690921783447e-01 -1.706635057926177979e-01 1.868698894977569580e-01 6.326909363269805908e-02 3.791603818535804749e-02 1.811854355037212372e-02 -1.908385902643203735e-01 -4.483421891927719116e-02 5.391879752278327942e-02 -6.794770807027816772e-02 -8.830675482749938965e-02 -1.814822256565093994e-01 -1.572055928409099579e-02 4.615177586674690247e-02 -9.321059100329875946e-03 -3.575756773352622986e-02 1.137462630867958069e-01 7.698241621255874634e-02 2.011496871709823608e-01 -7.218559831380844116e-02 3.090552389621734619e-01 1.125236973166465759e-02 -2.098509967327117920e-01 8.658551424741744995e-02 -5.381622165441513062e-02 -8.979685604572296143e-02 -2.662257254123687744e-01 1.506286710500717163e-01 8.722677826881408691e-03 -1.252194195985794067e-01 6.642899513244628906e-01 2.185491472482681274e-01 1.600296348333358765e-01 -1.354788839817047119e-01 -1.885064542293548584e-01 2.265577949583530426e-02 6.046709138900041580e-03
7.090849429368972778e-02 -3.193314373493194580e-02 6.005492806434631348e-02 3.989414870738983154e-02 5.837030708789825439e-02 8.054271340370178223e-02 -1.920247077941894531e-02 -2.817145548760890961e-03 9.507090598344802856e-02 5.849445611238479614e-02 -3.127658739686012268e-02 -6.811629235744476318e-02 -2.087292633950710297e-02 7.501673698425292969e-02 3.414312005043029785e-02 -5.391173763200640678e-04 -5.217512696981430054e-02 -6.222898885607719421e-02 -1.132767274975776672e-01 -6.718645989894866943e-02 -5.086155142635107040e-03 6.505715847015380859e-02 -1.408291701227426529e-02 -5.766229704022407532e-02 2.910977788269519806e-02 7.054401934146881104e-02 -5.017320066690444946e-02 5.477493256330490112e-02 1.764233708381652832e-01 -6.754237413406372070e-02 2.355479449033737183e-02 3.095652908086776733e-03 4.285083152353763580e-03 1.397221833467483521e-01 6.543591618537902832e-02 9.258323907852172852e-02 8.639506995677947998e-03 -1.997990906238555908e-02 1.463290955871343613e-02 -2.465987019240856171e-02 -1.200104281306266785e-01 -9.256134182214736938e-02 -6.410882622003555298e-02 -1.245137453079223633e-01 -9.625850617885589600e-02 3.331894055008888245e-02 6.477878242731094360e-02 4.312629997730255127e-02 -2.691361121833324432e-02 -5.786648392677307129e-02 1.693302392959594727e-01 -9.345049411058425903e-02 2.427063323557376862e-02 4.661034420132637024e-02 3.657945990562438965e-02 5.570409446954727173e-02 7.390244305133819580e-02 4.627880826592445374e-02 -1.041178554296493530e-01 7.708830386400222778e-02 -1.285747736692428589e-01 5.364849418401718140e-02 -2.405039779841899872e-02 1.627573817968368530e-01 -4.302913323044776917e-02 -4.814993217587471008e-02 -1.885760389268398285e-02 2.826875448226928711e-02 -1.205169260501861572e-01 -3.387967497110366821e-02 -4.170839861035346985e-02 -7.013402879238128662e-02 7.700555026531219482e-02 8.713090419769287109e-02 -8.100191503763198853e-02 -3.512630611658096313e-02 1.078695952892303467e-01 3.363506495952606201e-02 -4.288605228066444397e-02 -5.027707293629646301e-02 -8.618583530187606812e-02 -6.752452999353408813e-02 -1.265125423669815063e-01 -4.564780741930007935e-02 -3.187907487154006958e-02 -1.626263489015400410e-03 -4.262013360857963562e-02 -1.034108176827430725e-01 5.313047394156455994e-02 6.170053966343402863e-03 -1.295017749071121216e-01 4.733325168490409851e-02 1.087740063667297363e-01 3.893145173788070679e-02 -1.776962727308273315e-02 -1.191450655460357666e-01 9.991244971752166748e-02 7.001654058694839478e-02 3.036996349692344666e-02 9.351548552513122559e-02
5.138150975108146667e-02 -5.785787478089332581e-02 5.483546108007431030e-02 -8.079838752746582031e-02 5.169887468218803406e-02 -5.279447510838508606e-02 1.017945632338523865e-01 4.851666092872619629e-02 3.658436611294746399e-02 -7.921519875526428223e-02 3.930067270994186401e-02 8.062274008989334106e-02 -1.766120083630084991e-02 -3.169367462396621704e-02 4.632278904318809509e-02 -7.580557465553283691e-02 -1.813249080441892147e-03 -7.305915653705596924e-02 8.651684224605560303e-02 9.822241030633449554e-03 1.049116253852844238e-02 -2.899685502052307129e-02 4.965168982744216919e-02 -1.167651712894439697e-01 -1.835102587938308716e-02 8.902478218078613281e-02 -1.706292480230331421e-02 -8.547526784241199493e-03 -1.606856882572174072e-01 5.641572177410125732e-02 -1.741214469075202942e-02 -5.826221406459808350e-02 3.368582949042320251e-02 -4.596078023314476013e-02 5.496409907937049866e-02 -3.420868888497352600e-02 5.744459573179483414e-03 -6.017815321683883667e-03 -5.024242028594017029e-02 4.692862182855606079e-02 1.043349206447601318e-01 5.482346750795841217e-03 -9.130334854125976562e-02 -1.837448216974735260e-02 1.688113808631896973e-02 7.958404719829559326e-02 -6.913816183805465698e-02 5.880299955606460571e-02 -7.832001894712448120e-02 5.477238446474075317e-03 -9.845580905675888062e-02 -1.602235436439514160e-02 1.006403844803571701e-02 -4.366431012749671936e-02 8.294119685888290405e-02 -1.011178642511367798e-02 -6.193699780851602554e-03 1.188998576253652573e-02 9.425631165504455566e-02 5.176945775747299194e-02 1.055275127291679382e-01 7.329153269529342651e-02 6.171042472124099731e-02 2.445631287992000580e-02 2.164065651595592499e-02 -9.239873848855495453e-03 -7.956442981958389282e-02 8.948133140802383423e-02 5.180839449167251587e-02 -8.222910761833190918e-02 1.914560608565807343e-02 4.575441777706146240e-02 5.322594195604324341e-02 -4.248600080609321594e-02 6.835935171693563461e-03 7.146850973367691040e-02 -1.280558407306671143e-01 -2.479720301926136017e-02 -2.540560811758041382e-02 5.805199220776557922e-02 6.321443617343902588e-02 6.088169664144515991e-02 7.224610541015863419e-03 -2.582895196974277496e-02 -2.570879459381103516e-02 -8.230746537446975708e-02 -2.632976695895195007e-02 -1.030459906905889511e-02 3.865610808134078979e-02 4.337537661194801331e-02 3.346799314022064209e-02 1.160135641694068909e-01 -1.680592298507690430e-01 4.707057774066925049e-02 1.946889162063598633e-01 1.518135517835617065e-02 -5.403768271207809448e-02 -8.967684209346771240e-02 9.845049120485782623e-03 -6.505108438432216644e-03
7.051390409469604492e-02 -4.637454822659492493e-02 8.664702624082565308e-02 3.170037269592285156e-02 -1.792091503739356995e-02 1.263264846056699753e-02 5.603539291769266129e-03 -1.140840724110603333e-01 7.780549675226211548e-02 -4.686778038740158081e-02 1.465268433094024658e-02 1.045705750584602356e-02 -6.269945204257965088e-02 -7.151999324560165405e-02 -9.636685997247695923e-02 -6.200278922915458679e-02 4.443102702498435974e-02 -6.701676547527313232e-02 1.571830362081527710e-02 3.044107183814048767e-02 1.299256831407546997e-02 8.536434918642044067e-02 -4.473840352147817612e-03 1.519054640084505081e-02 5.595792084932327271e-02 -8.869479596614837646e-02 -3.734469879418611526e-03 -4.173644632101058960e-02 3.245598077774047852e-02 1.105612982064485550e-02 5.102897062897682190e-02 6.608390808105468750e-02 -4.172217473387718201e-02 -4.629110544919967651e-02 -1.006950624287128448e-02 8.809809386730194092e-02 -4.319024831056594849e-02 -8.112591505050659180e-02 2.379144541919231415e-02 -5.086110532283782959e-02 -2.162703685462474823e-02 8.113892376422882080e-02 -3.912987187504768372e-02 -3.840124607086181641e-02 6.232180818915367126e-02 -8.869833499193191528e-02 8.937263488769531250e-02 -2.527245692908763885e-02 -3.535295400070026517e-05 -9.602940827608108521e-02 6.683522462844848633e-02 4.083494096994400024e-02 -7.862857729196548462e-02 -8.942122571170330048e-03 -4.131603520363569260e-03 2.116363309323787689e-02 2.951077558100223541e-02 8.616670034825801849e-03 -6.333869695663452148e-02 -1.968436129391193390e-02 3.200257569551467896e-02 -9.380718320608139038e-02 -5.615605786442756653e-02 -1.908409036695957184e-02 3.929473832249641418e-02 -1.692024245858192444e-02 4.531853273510932922e-02 5.755995586514472961e-02 -9.424485266208648682e-02 1.873297430574893951e-02 6.049303710460662842e-02 -8.474373072385787964e-02 2.704766392707824707e-02 1.856720820069313049e-02 -7.110829651355743408e-02 3.075757808983325958e-02 7.618160918354988098e-03 6.041696667671203613e-02 3.596143797039985657e-02 7.044055964797735214e-03 -1.388617455959320068e-01 -6.862209644168615341e-03 -4.123673588037490845e-02 -9.910354018211364746e-02 -3.958506882190704346e-02 4.733794927597045898e-02 -6.119789928197860718e-02 -5.856597423553466797e-02 3.669084981083869934e-02 -1.388454288244247437e-01 -3.340502828359603882e-02 -1.240334752947092056e-02 -3.510039672255516052e-02 -8.714932948350906372e-02 -1.792438775300979614e-01 -4.990245401859283447e-02 2.564532309770584106e-02 -8.249936252832412720e-02 -6.986806541681289673e-02 -9.570429474115371704e-02
-7.158168405294418335e-02 -1.699495464563369751e-01 4.025305807590484619e-02 1.780088841915130615e-01 -1.338099241256713867e-01 -1.662063598632812500e-02 6.539590656757354736e-02 -1.694950647652149200e-02 -2.220551818609237671e-01 1.082611232995986938e-01 5.268635973334312439e-02 4.099356755614280701e-02 -9.857699275016784668e-02 4.167046770453453064e-02 -1.932801902294158936e-01 -5.037761852145195007e-02 -9.255113452672958374e-02 -7.886143028736114502e-02 1.553629934787750244e-01 1.130600497126579285e-01 -1.814508140087127686e-01 -1.425967924296855927e-02 5.041722208261489868e-02 -1.090570390224456787e-01 -5.422946065664291382e-02 1.432032287120819092e-01 1.076447591185569763e-01 -1.823235601186752319e-01 -9.972464293241500854e-02 6.041721254587173462e-02 2.648322470486164093e-02 -1.213700100779533386e-01 6.122442334890365601e-02 -8.407440781593322754e-02 1.379631608724594116e-01 -1.471593230962753296e-01 1.436345726251602173e-01 -8.438979089260101318e-02 -6.956938654184341431e-03 -4.399190098047256470e-02 7.480812817811965942e-02 2.168620005249977112e-02 -1.279621720314025879e-01 4.919859766960144043e-02 1.852019280195236206e-01 1.331874579191207886e-01 -1.263981163501739502e-01 4.956494644284248352e-02 -7.279423065483570099e-03 1.497277524322271347e-02 -1.577690839767456055e-01 8.802480064332485199e-03 -3.601409122347831726e-02 8.087489008903503418e-02 4.600238427519798279e-02 -3.060846216976642609e-02 -1.140094399452209473e-01 2.089975327253341675e-01 7.439808547496795654e-02 -5.911824479699134827e-02 1.381016671657562256e-01 1.539338827133178711e-01 1.006534099578857422e-01 -7.049416750669479370e-02 2.847675699740648270e-03 6.195225194096565247e-02 -1.020800322294235229e-01 -2.097402699291706085e-02 7.794733345508575439e-02 -1.993931084871292114e-02 7.024157792329788208e-02 9.788625687360763550e-02 -1.666062176227569580e-01 -2.004628032445907593e-01 6.433978676795959473e-02 1.317915320396423340e-01 -9.289685636758804321e-03 1.265898346900939941e-01 1.318952590227127075e-01 1.134778782725334167e-01 -2.661282010376453400e-02 4.013962578028440475e-03 1.078237444162368774e-01 2.992303483188152313e-02 8.051982522010803223e-02 -2.352647297084331512e-02 1.450350433588027954e-01 5.151590332388877869e-02 8.764795958995819092e-03 -4.347972944378852844e-02 3.022915124893188477e-02 -8.353018201887607574e-03 5.237078294157981873e-02 -2.388592809438705444e-01 -1.750442571938037872e-02 7.716339081525802612e-02 -1.165791451930999756e-01 -1.615177541971206665e-01 -1.279751490801572800e-02 -1.985684633255004883e-01
4.125406965613365173e-02 -2.653321065008640289e-02 -1.184652596712112427e-01 5.677358433604240417e-02 9.242561645805835724e-03 7.220923900604248047e-02 4.809659719467163086e-02 9.400482475757598877e-02 1.071859244257211685e-02 9.500797092914581299e-02 -1.753467321395874023e-02 -1.712574437260627747e-02 1.098695471882820129e-01 9.794385731220245361e-02 7.383909821510314941e-02 5.887461081147193909e-02 -7.848306000232696533e-02 -9.895189851522445679e-02 2.961261756718158722e-02 3.317451104521751404e-03 6.143294647336006165e-02 -3.273040801286697388e-02 3.197793290019035339e-02 -8.397214114665985107e-02 3.362204506993293762e-02 2.764138765633106232e-02 1.147213652729988098e-01 3.892606124281883240e-02 -1.252526193857192993e-01 -4.421891272068023682e-02 6.351786665618419647e-03 -7.310838997364044189e-02 -1.015669330954551697e-01 -3.734481707215309143e-02 -8.082311600446701050e-02 -9.507988393306732178e-02 -1.838834374211728573e-03 -5.455531924962997437e-02 -1.036208719015121460e-01 1.279014535248279572e-02 6.781765818595886230e-02 6.805009394884109497e-02 -2.851152792572975159e-02 1.191883087158203125e-01 5.192010477185249329e-02 7.699732203036546707e-03 -6.213464215397834778e-02 8.608536422252655029e-02 -1.149082034826278687e-01 -4.254078865051269531e-02 -1.540970653295516968e-01 4.498032107949256897e-02 7.238885760307312012e-02 -2.448598667979240417e-02 -4.277592524886131287e-02 -3.836340084671974182e-02 7.814450562000274658e-02 -2.688510157167911530e-02 6.192035973072052002e-02 -5.431260913610458374e-02 1.266339272260665894e-01 3.771556541323661804e-02 1.167496293783187866e-01 -1.378241181373596191e-01 -3.741224855184555054e-02 1.255652755498886108e-01 -5.932182818651199341e-02 8.204034715890884399e-02 -5.279773846268653870e-02 -5.444750189781188965e-02 9.668955206871032715e-02 -2.208892442286014557e-02 2.809060364961624146e-02 3.949326276779174805e-02 3.099793754518032074e-02 9.164790064096450806e-02 -2.538140304386615753e-02 6.744708865880966187e-02 -5.153290182352066040e-02 1.419350653886795044e-01 9.167358279228210449e-02 3.872036561369895935e-02 2.245377935469150543e-02 8.171293139457702637e-02 -7.162467390298843384e-02 9.452445083297789097e-04 -2.453528344631195068e-03 -3.820091718807816505e-03 -3.064900636672973633e-02 3.004440339282155037e-03 1.119896247982978821e-01 -7.526985555887222290e-02 -3.970599733293056488e-03 -1.629886589944362640e-02 1.706961244344711304e-01 6.337217241525650024e-02 2.175257913768291473e-02 1.106385067105293274e-01 5.088407918810844421e-02 8.406744152307510376e-02
-1.533881947398185730e-02 3.697465732693672180e-02 7.384814321994781494e-02 6.785365194082260132e-02 -1.216323748230934143e-01 4.845934454351663589e-03 1.021238043904304504e-01 3.374965488910675049e-02 7.067321240901947021e-02 1.216258108615875244e-01 -8.539574593305587769e-02 2.002526447176933289e-02 5.846384912729263306e-02 -7.624270021915435791e-02 -2.339247055351734161e-02 5.184998735785484314e-02 5.108254030346870422e-02 1.938056387007236481e-02 6.261066347360610962e-02 -7.146230433136224747e-03 -2.795200981199741364e-02 -3.896643966436386108e-02 7.084918208420276642e-03 -5.718171969056129456e-02 -3.502149879932403564e-02 2.744117006659507751e-02 3.923175483942031860e-02 -3.668720275163650513e-02 -7.418894767761230469e-02 -6.369321793317794800e-02 6.981513649225234985e-02 -1.324378512799739838e-02 4.524001479148864746e-02 6.328871473670005798e-03 2.339229919016361237e-02 -1.153085082769393921e-01 -3.999336436390876770e-02 2.996261976659297943e-02 4.035926237702369690e-02 -1.128183007240295410e-01 1.359607726335525513e-01 3.158784657716751099e-02 -3.354607522487640381e-02 1.064290031790733337e-01 1.367614120244979858e-01 1.276101171970367432e-01 -1.031708642840385437e-01 -1.009927317500114441e-01 -4.408203531056642532e-03 -2.242268621921539307e-02 -5.909165483899414539e-04 -5.560513958334922791e-02 2.133262157440185547e-02 6.670273840427398682e-02 1.593500189483165741e-02 -9.552264958620071411e-02 3.320298343896865845e-02 -3.124602884054183960e-02 -5.153352394700050354e-03 5.277472361922264099e-02 4.048381000757217407e-02 -3.544220328330993652e-02 1.232160106301307678e-01 1.366171520203351974e-02 -2.752172946929931641e-02 4.469852522015571594e-02 -1.324819400906562805e-03 2.117073349654674530e-02 -5.233613774180412292e-03 -4.968966916203498840e-02 -5.410154908895492554e-02 -4.314031824469566345e-02 3.856151551008224487e-02 1.345691084861755371e-02 -3.977998159825801849e-03 -5.090245604515075684e-02 -8.317078649997711182e-02 -1.293476205319166183e-02 1.079865470528602600e-01 3.825544193387031555e-02 6.509329378604888916e-02 3.330048173666000366e-02 8.361576497554779053e-02 -3.170564770698547363e-02 -6.863694288767874241e-04 -9.784595668315887451e-02 4.179562628269195557e-02 -2.259487099945545197e-02 -5.919307097792625427e-02 1.856075366958975792e-03 1.612725406885147095e-01 -3.872704505920410156e-02 1.693926379084587097e-02 2.845516242086887360e-02 6.200501695275306702e-02 1.131549403071403503e-01 -1.291399151086807251e-01 -7.395014166831970215e-02 5.983816459774971008e-02 -6.527010351419448853e-02
1.242898106575012207e-01 9.562397003173828125e-02 2.269091829657554626e-02 5.580627173185348511e-02 2.137893252074718475e-02 7.290205452591180801e-03 -1.169168502092361450e-01 -3.103776648640632629e-02 3.490717336535453796e-02 -1.251209154725074768e-02 -6.334137171506881714e-02 6.115651503205299377e-02 -1.843861304223537445e-02 -6.425204686820507050e-03 3.079588338732719421e-02 9.980931133031845093e-02 -3.222318738698959351e-02 7.322374731302261353e-02 -9.832145273685455322e-02 -4.056251794099807739e-02 1.069604158401489258e-01 2.517005428671836853e-03 -1.082936674356460571e-01 8.891169726848602295e-02 -6.173376366496086121e-02 -3.109354525804519653e-02 -5.005132779479026794e-02 1.280341595411300659e-01 1.038421764969825745e-01 -9.105812758207321167e-02 -5.019356682896614075e-02 8.549535274505615234e-02 -6.930734217166900635e-02 2.954623103141784668e-02 -7.287958171218633652e-03 1.126817092299461365e-01 7.636778801679611206e-02 7.492251694202423096e-02 3.493883833289146423e-02 6.234082952141761780e-02 -4.752520471811294556e-02 5.631260573863983154e-02 -1.205345150083303452e-02 -7.981863617897033691e-02 -1.308149695396423340e-01 -6.196285039186477661e-02 7.851437479257583618e-02 6.968057155609130859e-02 1.365700364112854004e-01 -7.465794682502746582e-02 1.336668878793716431e-01 -1.077439412474632263e-01 7.332077622413635254e-02 -1.001631170511245728e-01 -6.382797658443450928e-02 2.329523116350173950e-02 3.454630076885223389e-02 -4.244813695549964905e-02 1.331403292715549469e-02 5.270262714475393295e-03 -7.942774891853332520e-02 1.325540244579315186e-02 3.713455423712730408e-02 1.115072518587112427e-01 1.881705829873681068e-03 -3.389344364404678345e-02 -3.647516295313835144e-02 -5.444995476864278316e-04 -8.571060001850128174e-02 5.504701286554336548e-02 -1.224374622106552124e-01 -4.847390204668045044e-02 8.446353673934936523e-02 7.117412984371185303e-02 -7.778546959161758423e-02 1.801390759646892548e-02 4.982294887304306030e-02 -2.233458310365676880e-02 3.244433552026748657e-03 -1.427260041236877441e-01 3.009456209838390350e-03 6.586989760398864746e-02 -7.249537855386734009e-02 -1.405861675739288330e-01 9.041232988238334656e-03 3.801852837204933167e-02 2.681402675807476044e-02 -8.579102344810962677e-03 8.619095198810100555e-03 -3.566201403737068176e-02 -9.568121284246444702e-02 6.089939922094345093e-02 1.620305031538009644e-01 -1.054639890789985657e-01 -9.474452584981918335e-02 -1.529826130717992783e-02 1.467182785272598267e-01 9.285458363592624664e-03 -9.371163696050643921e-02 3.769076988101005554e-02
-2.252378873527050018e-02 -4.076674953103065491e-02 -1.350721418857574463e-01 -1.402330994606018066e-01 1.678379066288471222e-02 -1.570565700531005859e-01 -7.062608376145362854e-03 -1.690099835395812988e-01 -3.458004295825958252e-01 -1.594464033842086792e-01 1.631419658660888672e-01 -8.672843128442764282e-02 4.592472687363624573e-03 -7.983507961034774780e-02 -1.207284256815910339e-01 6.377960741519927979e-02 -1.305333804339170456e-02 -1.419227272272109985e-01 1.958249807357788086e-01 -9.811083227396011353e-02 5.583789572119712830e-02 5.094036087393760681e-02 -4.104341194033622742e-02 5.117952823638916016e-02 7.506074011325836182e-02 -1.097669675946235657e-01 4.986193403601646423e-02 1.883308961987495422e-02 -2.113031297922134399e-01 1.264723837375640869e-01 -2.322190441191196442e-02 -2.239877879619598389e-01 4.953231662511825562e-02 -3.893236070871353149e-02 5.698190629482269287e-02 1.040970683097839355e-01 -1.712951362133026123e-01 -1.423077434301376343e-01 -1.650801301002502441e-01 2.749783992767333984e-01 -2.365144155919551849e-02 -1.411693990230560303e-01 -2.142320275306701660e-01 6.180911511182785034e-02 1.382523179054260254e-01 -4.037686809897422791e-02 1.490021049976348877e-01 -1.765298545360565186e-01 1.074866428971290588e-01 -3.744063526391983032e-02 1.532474346458911896e-02 -2.065324932336807251e-01 -1.330218557268381119e-02 -1.033832356333732605e-01 9.337269514799118042e-02 -2.120502144098281860e-01 5.281789898872375488e-01 3.872528970241546631e-01 -1.341833174228668213e-01 2.841553390026092529e-01 1.221878454089164734e-01 1.293325573205947876e-01 -6.689941883087158203e-02 1.338161826133728027e-01 2.790873870253562927e-02 -2.941516460850834846e-03 -3.869709670543670654e-01 -1.174014508724212646e-01 2.829825282096862793e-01 -3.895775973796844482e-02 -2.707768604159355164e-02 -1.371769458055496216e-01 2.102157771587371826e-01 -1.140436455607414246e-01 -1.304535269737243652e-01 -5.881897639483213425e-03 -5.542638152837753296e-02 1.706455796957015991e-01 1.858272962272167206e-02 1.585113406181335449e-01 8.287267088890075684e-01 3.162216544151306152e-01 -1.200828254222869873e-01 -1.065930277109146118e-01 -2.224177867174148560e-01 9.506353735923767090e-02 2.186861485242843628e-01 8.894539624452590942e-02 -1.022128462791442871e-01 2.141326189041137695e+00 -1.415290236473083496e-01 -1.646808266639709473e+00 1.924443393945693970e-01 -1.909097194671630859e+00 -4.669586122035980225e-01 -4.409520328044891357e-01 9.985840320587158203e-02 -2.408054023981094360e-01 1.051714122295379639e-01 -1.507999300956726074e-01
-2.049839124083518982e-02 8.381423354148864746e-02 -7.648777216672897339e-02 -4.211197793483734131e-02 2.181567624211311340e-02 9.298381209373474121e-02 6.335118319839239120e-03 2.040977589786052704e-02 -2.710651233792304993e-02 5.731380730867385864e-02 8.768664672970771790e-03 9.417886845767498016e-03 4.693515598773956299e-02 -1.107355877757072449e-01 3.821544349193572998e-02 -3.582892939448356628e-02 8.299508690834045410e-02 8.930804580450057983e-02 8.548657409846782684e-03 -1.849277876317501068e-02 1.786010339856147766e-02 6.248388905078172684e-03 5.696566402912139893e-02 -4.573033750057220459e-02 2.069816738367080688e-02 -5.590505152940750122e-02 -7.361104339361190796e-02 7.138135284185409546e-02 6.976795196533203125e-02 -6.577657163143157959e-02 9.129497408866882324e-02 -3.137193247675895691e-02 4.833551123738288879e-02 9.593643248081207275e-02 6.699442863464355469e-02 -2.280417364090681076e-03 6.205130741000175476e-02 -1.487804111093282700e-02 -8.837015926837921143e-02 5.192594602704048157e-02 -8.529198169708251953e-02 -1.213958486914634705e-01 8.850158751010894775e-02 3.019688278436660767e-02 -8.610167354345321655e-02 -2.949713915586471558e-02 1.428594253957271576e-02 -6.193125620484352112e-02 -4.967678338289260864e-02 -8.049864321947097778e-02 1.211865991353988647e-01 5.744661390781402588e-02 6.595803797245025635e-02 -2.258473820984363556e-02 -1.232435256242752075e-01 2.612368017435073853e-02 5.571516230702400208e-02 2.022031322121620178e-02 3.063458204269409180e-02 4.962997883558273315e-02 6.758859753608703613e-02 -5.170224234461784363e-02 1.698945462703704834e-02 1.399777382612228394e-01 -7.796079665422439575e-02 -1.341239213943481445e-01 1.049572080373764038e-01 -5.977743491530418396e-02 -5.965141952037811279e-02 8.372667431831359863e-02 -7.463239878416061401e-02 1.873027533292770386e-02 3.130955621600151062e-02 9.629989415407180786e-02 -5.388249084353446960e-02 -2.979761734604835510e-02 2.001094631850719452e-02 -1.240546032786369324e-01 -8.999289572238922119e-02 -1.129293516278266907e-01 3.839900717139244080e-02 4.659246653318405151e-02 -5.044252425432205200e-02 3.190392628312110901e-02 -1.382377296686172485e-01 5.745326355099678040e-02 -6.145763024687767029e-02 -4.174886643886566162e-02 6.684768199920654297e-02 1.972891949117183685e-02 -1.011634543538093567e-01 -1.802603006362915039e-01 1.658209562301635742e-01 -1.136408150196075439e-01 -1.754074096679687500e-01 -7.583570480346679688e-02 1.667574942111968994e-01 -5.921961367130279541e-02 -8.868495933711528778e-03 2.656843699514865875e-02
-1.459983885288238525e-01 4.814028367400169373e-02 -1.463117152452468872e-01 1.657985746860504150e-01 -9.359992295503616333e-02 -2.037378493696451187e-03 9.484694153070449829e-02 1.034760773181915283e-01 -6.795306503772735596e-02 4.154101759195327759e-02 -4.150281846523284912e-02 1.396342515945434570e-01 3.434895072132349014e-03 -7.504394650459289551e-02 -5.714698135852813721e-02 -5.393856763839721680e-02 -1.963136643171310425e-01 -9.198063611984252930e-02 -3.772728145122528076e-03 3.505490720272064209e-02 -6.293113529682159424e-02 -1.524852216243743896e-01 9.007142484188079834e-02 -7.754712551832199097e-02 -1.605505496263504028e-01 1.377651691436767578e-01 9.292132407426834106e-02 -1.008466035127639771e-01 -1.310398280620574951e-01 6.793079525232315063e-02 3.282719105482101440e-02 6.064294278621673584e-02 1.327922753989696503e-02 -1.014340519905090332e-01 6.276030093431472778e-02 -2.049190551042556763e-01 4.366724193096160889e-02 3.652291372418403625e-02 -2.427192404866218567e-02 -1.547270361334085464e-02 2.449012175202369690e-02 -8.894565701484680176e-02 5.010264739394187927e-02 -1.085382606834173203e-02 1.360346674919128418e-01 4.175982996821403503e-02 6.204855069518089294e-02 9.992032311856746674e-03 -5.287995561957359314e-03 4.843669012188911438e-02 -2.141350507736206055e-02 8.826500177383422852e-02 1.231562495231628418e-01 6.679148972034454346e-02 1.055202707648277283e-01 -3.473466634750366211e-02 -6.778411567211151123e-02 7.000432163476943970e-02 8.975414186716079712e-02 -7.142728567123413086e-02 -3.971847146749496460e-02 4.348478093743324280e-02 1.792247593402862549e-01 -7.231026887893676758e-02 -1.033870279788970947e-01 1.643803119659423828e-01 -1.001159697771072388e-01 -2.572554722428321838e-02 1.323767006397247314e-01 -6.299110502004623413e-02 -2.048698253929615021e-03 6.123210489749908447e-02 5.239472165703773499e-02 -1.010076403617858887e-01 3.709527850151062012e-02 1.122223399579524994e-02 7.338789105415344238e-02 -4.379019886255264282e-02 -5.325520038604736328e-02 4.417592287063598633e-02 3.006717562675476074e-02 5.004227906465530396e-02 7.433241605758666992e-02 5.673589929938316345e-02 7.575543224811553955e-02 -1.397630870342254639e-01 1.443316638469696045e-01 -3.330860659480094910e-02 4.265540838241577148e-02 -1.058142632246017456e-01 -5.470466986298561096e-02 9.838346391916275024e-02 -5.438448116183280945e-02 -2.379734367132186890e-01 -2.353322319686412811e-02 -4.613998904824256897e-02 -3.858252242207527161e-02 -8.270664513111114502e-02 4.168228432536125183e-02 -4.634372144937515259e-02
-4.745740815997123718e-02 4.875837638974189758e-02 1.083137616515159607e-01 7.025009393692016602e-02 1.366399787366390228e-02 -6.843788176774978638e-02 -6.323601305484771729e-02 6.160870194435119629e-02 8.046124875545501709e-02 -2.598218992352485657e-02 -1.185025498270988464e-01 -1.103473920375108719e-02 8.359850943088531494e-02 4.625900089740753174e-02 5.347065255045890808e-02 4.376582801342010498e-02 -1.487100031226873398e-02 -3.070770204067230225e-02 -6.963881105184555054e-02 1.085051055997610092e-02 -9.791951626539230347e-03 4.343067109584808350e-02 -5.676762387156486511e-02 1.021387130022048950e-01 7.583711296319961548e-02 -1.275294274091720581e-01 -8.807895332574844360e-02 1.338013708591461182e-01 4.625787958502769470e-03 -8.311084657907485962e-02 -4.066872596740722656e-02 -3.928371146321296692e-02 -3.616217896342277527e-02 2.952429093420505524e-02 5.050247069448232651e-03 1.861271075904369354e-02 1.041557937860488892e-01 8.806768059730529785e-02 -6.339266151189804077e-02 4.447528626769781113e-03 -1.053375452756881714e-01 2.597307600080966949e-02 -6.534419953823089600e-02 -1.038156226277351379e-01 -3.231446444988250732e-02 -5.418526753783226013e-02 -6.576353311538696289e-02 -8.139739185571670532e-02 9.509216994047164917e-03 1.060862541198730469e-01 5.244913976639509201e-03 3.039627103134989738e-03 1.646838034503161907e-03 5.222316831350326538e-02 -1.139264255762100220e-01 9.371365606784820557e-02 -6.043905764818191528e-02 -1.241826862096786499e-01 -1.454763561487197876e-01 7.893967628479003906e-02 -5.608331412076950073e-02 -9.177073836326599121e-02 -8.153375238180160522e-02 1.457454413175582886e-01 8.449419587850570679e-02 -1.427017599344253540e-01 -1.997037604451179504e-02 1.722238585352897644e-02 -1.327675953507423401e-02 -4.936196655035018921e-02 -1.792059396393597126e-03 -8.071032166481018066e-02 4.230418056249618530e-02 -2.400150895118713379e-02 9.159939736127853394e-02 -1.834663376212120056e-02 1.503332853317260742e-01 -2.798275649547576904e-02 -3.263423964381217957e-02 -1.326288189738988876e-02 -8.279155194759368896e-02 2.986677177250385284e-02 -1.316055804491043091e-01 -9.635500609874725342e-02 -1.263941526412963867e-01 2.841125987470149994e-02 -1.425404995679855347e-01 -1.252638697624206543e-01 -4.083244502544403076e-02 -3.251808509230613708e-02 -1.216739639639854431e-01 -7.421997189521789551e-02 1.244762986898422241e-01 -1.196409165859222412e-01 -1.665966212749481201e-01 -1.393403559923171997e-01 1.247785147279500961e-02 6.132733821868896484e-02 -1.217021644115447998e-01 3.388061001896858215e-02
4.732261225581169128e-02 8.809392899274826050e-02 -4.132726043462753296e-02 -2.906983904540538788e-02 -6.807978451251983643e-02 -4.324341192841529846e-02 -1.422999147325754166e-02 -7.773823291063308716e-02 1.191088557243347168e-02 9.327968955039978027e-02 -1.189612317830324173e-02 -7.115161418914794922e-02 -5.393667146563529968e-02 -4.060402885079383850e-02 -2.988228015601634979e-02 -7.401064783334732056e-02 9.650534391403198242e-02 -1.845906302332878113e-02 3.335681557655334473e-02 1.245001107454299927e-01 1.148175261914730072e-02 -6.508568674325942993e-02 -3.162290155887603760e-02 -6.271333247423171997e-02 -9.361401200294494629e-02 2.592629566788673401e-02 1.162567064166069031e-01 -4.448406770825386047e-02 4.219963029026985168e-02 1.155491620302200317e-01 -8.515936136245727539e-02 5.592313595116138458e-03 1.166866812855005264e-02 -8.069050312042236328e-02 1.225730329751968384e-01 -3.255078196525573730e-02 5.905460938811302185e-02 2.250078879296779633e-02 -7.985711842775344849e-02 -9.250491112470626831e-02 5.169911682605743408e-02 1.570167578756809235e-02 -8.426097035408020020e-02 7.145454734563827515e-02 5.541504546999931335e-02 -1.359994173981249332e-03 6.216361373662948608e-02 -3.353987261652946472e-02 2.932135015726089478e-02 2.549325488507747650e-02 -1.788069605827331543e-01 7.354790717363357544e-02 3.085931204259395599e-02 -4.258354008197784424e-02 7.301821559667587280e-02 -2.517900988459587097e-02 2.302295155823230743e-02 -5.772524327039718628e-02 -3.821850940585136414e-02 -8.243300020694732666e-02 1.238799169659614563e-01 -2.632239833474159241e-03 -3.626631572842597961e-02 -3.836565092206001282e-02 -6.692353636026382446e-02 7.234074175357818604e-02 -6.862377375364303589e-02 1.322192698717117310e-02 8.199037611484527588e-02 8.778553456068038940e-02 2.277015522122383118e-02 7.524865865707397461e-02 -1.235410198569297791e-01 -4.574010521173477173e-02 -6.063281744718551636e-02 4.021441563963890076e-02 -1.105389073491096497e-01 1.227212399244308472e-01 -4.712218046188354492e-02 -1.894488185644149780e-02 -9.069626033306121826e-02 7.492101192474365234e-02 1.172441393136978149e-01 1.048094630241394043e-01 1.812150888144969940e-02 2.315073460340499878e-02 4.745836183428764343e-02 8.946333825588226318e-02 -5.423327907919883728e-02 6.100403144955635071e-02 -3.523516282439231873e-02 -1.276512145996093750e-01 -8.528284728527069092e-02 1.733482778072357178e-01 9.840785712003707886e-02 -6.385107338428497314e-02 -2.113038301467895508e-02 -1.315490007400512695e-01 1.091795042157173157e-01 -1.074278801679611206e-01
-1.136981099843978882e-01 -6.260392814874649048e-02 -4.017124883830547333e-03 -3.519318625330924988e-02 7.267282903194427490e-02 9.982165880501270294e-03 1.385361701250076294e-02 -3.605906665325164795e-02 -1.391118112951517105e-02 2.087350562214851379e-02 3.538091201335191727e-03 -4.494753666222095490e-03 9.109357744455337524e-02 1.850946247577667236e-02 -4.590175813063979149e-04 1.079723611474037170e-01 -1.364662591367959976e-02 6.577331572771072388e-02 1.281565427780151367e-01 -4.097261279821395874e-02 -7.890924811363220215e-02 -2.689567580819129944e-02 6.636472791433334351e-02 -5.665436759591102600e-02 -1.098134592175483704e-01 2.051561884582042694e-02 -4.282467439770698547e-02 -3.881921991705894470e-02 -9.578172862529754639e-02 2.820107340812683105e-02 -1.264409255236387253e-02 -1.368406862020492554e-01 6.686680018901824951e-02 -4.064238816499710083e-02 9.593743830919265747e-02 -1.043314933776855469e-01 3.611710667610168457e-02 -5.686186254024505615e-02 8.675905317068099976e-02 -3.142282366752624512e-02 2.545624785125255585e-02 2.512440830469131470e-02 5.541979894042015076e-02 -1.608334016054868698e-03 5.280536785721778870e-02 9.422029554843902588e-02 3.397259116172790527e-02 -2.819678373634815216e-02 2.852609194815158844e-02 3.182287141680717468e-02 -1.073043569922447205e-01 4.050145298242568970e-02 4.667744785547256470e-02 9.586109220981597900e-02 2.505586855113506317e-02 5.843804031610488892e-02 -4.281953349709510803e-02 -1.099788956344127655e-02 1.146236881613731384e-01 -2.168250828981399536e-02 9.085734188556671143e-02 2.000400237739086151e-02 8.624564111232757568e-02 -7.475589960813522339e-02 -5.767274275422096252e-02 3.285472095012664795e-02 4.764433950185775757e-02 -5.640690028667449951e-02 2.121713943779468536e-02 -1.288404166698455811e-01 1.060330644249916077e-01 -7.008298486471176147e-02 -2.829923667013645172e-02 3.357771784067153931e-02 4.864552617073059082e-02 2.321000210940837860e-03 -3.282008692622184753e-02 1.369049251079559326e-01 8.961788564920425415e-02 3.017651475965976715e-02 5.665091052651405334e-02 1.671956665813922882e-02 7.740209996700286865e-02 3.773835301399230957e-02 4.358484968543052673e-02 -1.716544479131698608e-01 -2.620917186141014099e-02 6.839302182197570801e-02 -9.735216945409774780e-02 1.052175238728523254e-01 8.646957576274871826e-02 -2.380944639444351196e-01 -8.658104576170444489e-03 -1.299638766795396805e-02 -3.249333007261157036e-03 1.278648735024034977e-03 1.877529663033783436e-03 -5.739475041627883911e-02 2.844807319343090057e-02 2.049454487860202789e-03
-2.641555480659008026e-02 3.864420205354690552e-02 7.263621781021356583e-03 7.745144423097372055e-03 9.472212940454483032e-02 -8.254174143075942993e-02 -3.153833001852035522e-02 6.063098087906837463e-02 8.406475931406021118e-02 1.923863776028156281e-02 4.321382567286491394e-02 -4.700611159205436707e-02 -1.254274100065231323e-01 -2.110309153795242310e-02 -4.100153222680091858e-02 8.693750947713851929e-02 -2.409314364194869995e-02 -9.554040431976318359e-02 -2.661033347249031067e-02 5.439841374754905701e-02 5.470624566078186035e-02 1.826260797679424286e-02 -4.010577872395515442e-02 -5.920577794313430786e-02 -6.289555877447128296e-02 7.723410613834857941e-03 -9.085797518491744995e-02 -1.849310472607612610e-02 2.477255277335643768e-02 -8.597043901681900024e-02 8.296744525432586670e-02 -8.566848933696746826e-03 -5.501475557684898376e-02 6.182000786066055298e-02 9.093688568100333214e-04 1.157825514674186707e-01 4.769095405936241150e-02 -5.336088594049215317e-03 9.552840888500213623e-02 4.603509232401847839e-02 -5.532677844166755676e-02 5.608252808451652527e-02 -3.033818304538726807e-02 6.193850189447402954e-02 7.335063815116882324e-02 7.310358434915542603e-02 -7.978459820151329041e-03 8.590823411941528320e-02 9.568306617438793182e-03 8.485817909240722656e-02 1.754353344440460205e-01 -6.189504265785217285e-02 7.946119457483291626e-02 -6.348087638616561890e-02 -8.186460286378860474e-02 1.242723129689693451e-02 -3.751758858561515808e-02 -8.965303748846054077e-02 -3.771946579217910767e-02 -7.612279150635004044e-04 4.658958315849304199e-02 -9.656987339258193970e-02 6.767205893993377686e-02 4.801937937736511230e-02 9.357735514640808105e-02 -4.532153159379959106e-02 -6.019806489348411560e-02 4.650886356830596924e-02 -2.886663936078548431e-02 8.605905622243881226e-02 -1.158397570252418518e-01 5.807427316904067993e-02 3.508889302611351013e-02 -4.010373726487159729e-02 5.744433403015136719e-02 5.322970449924468994e-02 -1.763993129134178162e-02 8.472510427236557007e-02 -7.675456255674362183e-02 -1.120359301567077637e-01 5.889081209897994995e-02 -6.793928146362304688e-02 -4.204631969332695007e-02 -5.300190765410661697e-03 -1.390403322875499725e-02 -1.462615747004747391e-02 -3.018350154161453247e-02 -9.917140752077102661e-02 -1.347348466515541077e-02 -5.753858759999275208e-02 9.469276294112205505e-03 -1.223954260349273682e-01 2.759854495525360107e-02 -1.851484775543212891e-01 -1.802691519260406494e-01 -7.166293263435363770e-02 6.711282581090927124e-02 -2.782808803021907806e-02 -9.645675122737884521e-02 -8.995991200208663940e-02
4.186549410223960876e-02 -6.553921103477478027e-02 4.683335497975349426e-02 -7.330925762653350830e-02 -1.358964294195175171e-01 4.602966830134391785e-02 9.189671277999877930e-02 -3.457529842853546143e-02 -1.181843057274818420e-01 5.878509208559989929e-02 -6.386924535036087036e-02 7.898152805864810944e-03 -1.614458858966827393e-02 -2.736719325184822083e-02 -8.950409293174743652e-02 7.316121459007263184e-02 9.179278463125228882e-02 -3.483898239210247993e-03 -4.314438253641128540e-02 1.663442887365818024e-02 -2.834045886993408203e-02 -1.054798886179924011e-01 -6.653545051813125610e-02 5.983836203813552856e-02 -4.014840349555015564e-02 -5.093778669834136963e-02 1.576024107635021210e-02 -1.433790326118469238e-01 -5.106872692704200745e-02 -2.284697256982326508e-02 -4.880088567733764648e-02 -9.963393956422805786e-02 -6.709408760070800781e-02 -5.585929378867149353e-02 -1.888117380440235138e-02 -7.442181557416915894e-02 4.629289358854293823e-02 1.729995384812355042e-02 2.612447552382946014e-02 1.992230489850044250e-02 3.636066615581512451e-02 -1.263019349426031113e-02 -1.169199198484420776e-01 -3.397922962903976440e-02 1.224187109619379044e-02 -2.268457040190696716e-02 5.789611116051673889e-02 3.966274112462997437e-02 -9.207922965288162231e-02 -5.259325355291366577e-02 -8.503649383783340454e-03 2.768049575388431549e-02 5.138699896633625031e-03 -2.002682909369468689e-02 9.761255234479904175e-02 -1.207999605685472488e-02 2.605423144996166229e-02 1.333592683076858521e-01 -7.635693997144699097e-03 5.873290356248617172e-03 -4.112774506211280823e-02 8.172767609357833862e-02 7.656544446945190430e-02 -6.113650277256965637e-02 -8.156891167163848877e-02 6.416976451873779297e-02 -3.498408943414688110e-02 -7.514399290084838867e-02 -4.290031734853982925e-03 -4.595700185745954514e-03 9.915491193532943726e-02 1.186946779489517212e-01 4.464492201805114746e-02 -1.567210257053375244e-01 7.096722256392240524e-03 4.939132183790206909e-02 -1.082735061645507812e-01 2.929611504077911377e-02 1.445926725864410400e-01 4.556487128138542175e-02 -6.242584786377847195e-04 5.437440425157546997e-02 3.652042523026466370e-02 -4.041014239192008972e-02 -2.074915915727615356e-02 -3.745735809206962585e-02 1.088622119277715683e-02 6.520365923643112183e-02 -5.966078862547874451e-02 4.524046927690505981e-02 8.918888866901397705e-02 -4.945666715502738953e-02 -7.764682173728942871e-02 1.715914756059646606e-01 1.659113615751266479e-01 1.287661194801330566e-01 -1.413802057504653931e-01 3.777594119310379028e-02 7.236383855342864990e-02 -2.788250707089900970e-02
1.686081103980541229e-02 1.237331982702016830e-02 -1.477224752306938171e-02 -1.864199340343475342e-01 5.988190695643424988e-02 1.068632490932941437e-02 -5.988335609436035156e-02 6.327494513243436813e-03 4.649151861667633057e-02 -3.788622096180915833e-02 8.409420400857925415e-02 3.455703705549240112e-02 -4.603721667081117630e-03 4.522038996219635010e-02 2.276531048119068146e-02 -1.292654499411582947e-02 -2.037343941628932953e-02 5.385501682758331299e-02 -3.175191581249237061e-02 2.240660786628723145e-02 -6.488605588674545288e-02 -7.472489029169082642e-02 1.322950795292854309e-02 -3.238258510828018188e-02 3.422495350241661072e-02 6.795693188905715942e-02 -6.099514663219451904e-02 -9.767366200685501099e-02 1.054833177477121353e-02 -5.695743486285209656e-02 7.998359389603137970e-03 -5.090469494462013245e-02 -1.043157745152711868e-02 5.872393772006034851e-02 8.939440548419952393e-02 -9.997455030679702759e-02 -3.676756098866462708e-02 -6.252692639827728271e-02 9.999455884099006653e-03 5.852805450558662415e-02 -8.919634670019149780e-02 1.325012743473052979e-01 3.951643779873847961e-02 -7.914434373378753662e-02 1.148538142442703247e-01 6.027577072381973267e-02 -6.076462566852569580e-02 2.159474790096282959e-02 7.924845814704895020e-02 -8.035275340080261230e-02 -4.464158043265342712e-02 7.162485271692276001e-02 5.192719772458076477e-02 2.058907784521579742e-02 -3.921915218234062195e-02 -1.037550941109657288e-01 -5.089320614933967590e-02 1.115880608558654785e-01 6.553409248590469360e-02 -6.013397872447967529e-02 -5.211546644568443298e-02 -9.198174625635147095e-02 -4.038462042808532715e-02 9.741913527250289917e-02 -3.552150726318359375e-02 -8.151946589350700378e-03 1.850581355392932892e-02 -1.389370560646057129e-01 8.873855322599411011e-02 4.679897055029869080e-02 -1.020049955695867538e-02 7.254743576049804688e-02 -1.155342441052198410e-02 -5.528505146503448486e-02 4.227709397673606873e-02 2.510883146896958351e-03 3.563835844397544861e-02 -6.122866645455360413e-02 -6.070607900619506836e-02 -4.750634357333183289e-02 8.097912371158599854e-02 1.101509481668472290e-01 -7.773775141686201096e-03 -2.408538572490215302e-02 -1.852793502621352673e-04 2.841863222420215607e-02 1.378803253173828125e-01 1.257511973381042480e-01 -1.381354779005050659e-01 3.965926542878150940e-02 1.195711866021156311e-01 -2.951189577579498291e-01 -1.195634948089718819e-03 -5.335307493805885315e-02 -5.300290137529373169e-02 -8.592914789915084839e-02 -4.728341847658157349e-02 2.474578842520713806e-02 3.413069248199462891e-02 -1.905732788145542145e-02
-1.522807180881500244e-01 -2.458138577640056610e-02 -1.606378005817532539e-03 1.004802063107490540e-01 -8.868516981601715088e-02 -4.891780018806457520e-02 2.016949951648712158e-01 -9.350529871881008148e-03 -1.107196360826492310e-01 3.691883059218525887e-03 -1.370527967810630798e-02 -9.105847775936126709e-02 -6.954488903284072876e-02 1.106206607073545456e-02 -1.111130267381668091e-01 -1.242538169026374817e-01 3.751178458333015442e-02 -1.392404139041900635e-01 1.753622144460678101e-01 -2.139142452506348491e-05 -1.803558766841888428e-01 -5.433069914579391479e-02 1.761420071125030518e-02 -1.149617731571197510e-01 -9.188042581081390381e-02 1.831467449665069580e-02 1.781296283006668091e-01 -1.018125265836715698e-01 -1.539807468652725220e-01 1.792697012424468994e-01 -4.325194284319877625e-03 -2.038983106613159180e-01 1.354279965162277222e-01 -1.140331774950027466e-01 -4.080152139067649841e-02 -5.709366127848625183e-02 -4.667989909648895264e-02 -7.951070368289947510e-02 -4.907771199941635132e-02 9.576106071472167969e-02 2.005061358213424683e-01 -3.668618574738502502e-02 -2.484726347029209137e-02 1.641462147235870361e-01 8.383674174547195435e-02 1.207530573010444641e-01 -1.237931326031684875e-01 1.771992631256580353e-02 -6.551913917064666748e-02 -8.884261548519134521e-02 1.856853719800710678e-03 5.493478477001190186e-02 2.166280522942543030e-02 1.382115781307220459e-01 1.333017349243164062e-01 -1.659948676824569702e-01 4.867815598845481873e-02 1.262744665145874023e-01 1.633440405130386353e-01 -2.333756722509860992e-02 1.237748935818672180e-01 1.092335283756256104e-01 1.003264412283897400e-01 6.490883417427539825e-03 -1.420860588550567627e-01 1.076975986361503601e-01 6.445875018835067749e-02 1.840530782938003540e-01 1.252644956111907959e-01 -1.023385822772979736e-01 6.818319112062454224e-02 1.716614328324794769e-02 -1.904978603124618530e-01 -5.424989014863967896e-02 -1.040724199265241623e-02 1.038202792406082153e-01 -1.160325556993484497e-01 1.757992655038833618e-01 9.659953415393829346e-02 8.281835913658142090e-02 5.619267746806144714e-02 7.336736470460891724e-02 -3.495227172970771790e-02 9.989364445209503174e-02 1.831587851047515869e-01 -1.955916732549667358e-01 8.477279543876647949e-02 8.104037493467330933e-02 -1.552171558141708374e-01 -8.844503015279769897e-02 -1.713598705828189850e-02 -1.684797345660626888e-03 -5.098149925470352173e-02 -5.234249234199523926e-01 -1.492337882518768311e-01 1.178969396278262138e-03 -7.254966348409652710e-02 -1.040517818182706833e-02 1.898364350199699402e-02 -1.892185807228088379e-01
