1.158993765711784363e-01 7.086047530174255371e-02 4.418550804257392883e-02 1.020585224032402039e-01 -2.435882948338985443e-02 1.813713274896144867e-02 -4.801074042916297913e-03 1.005027666687965393e-01 8.974599093198776245e-02 -8.530863374471664429e-02 -8.655030280351638794e-02 -2.898881398141384125e-02 5.436473339796066284e-02 -1.131362095475196838e-01 -1.200959607958793640e-01 -1.354559361934661865e-01 -5.446241796016693115e-02 -2.695293538272380829e-02 6.858321279287338257e-02 2.439218759536743164e-02 -9.355291724205017090e-03 -1.220180243253707886e-01 -1.258611828088760376e-01 5.683981627225875854e-02 3.860936313867568970e-02 -3.975781425833702087e-02 6.880496442317962646e-02 8.997538685798645020e-02 1.413285434246063232e-01 -1.042250357568264008e-02 -1.317586749792098999e-01 7.786639779806137085e-02 1.559945493936538696e-01 9.570615738630294800e-02 -5.527285486459732056e-02 5.357685312628746033e-02 -9.007307142019271851e-02 -9.515505284070968628e-02 7.841754704713821411e-03 -2.961676381528377533e-02 2.612532116472721100e-02 -2.836222015321254730e-02 3.851925954222679138e-02 -6.190045177936553955e-02 -4.805557802319526672e-02 -6.962337344884872437e-02 8.465934544801712036e-03 1.353413611650466919e-01 -2.544973045587539673e-02 -3.468155115842819214e-02 -9.108588099479675293e-02 -6.372066587209701538e-02 7.159920781850814819e-02 -4.050471633672714233e-02 4.744530469179153442e-02 6.392222712747752666e-04 -2.408473193645477295e-02 2.605120651423931122e-02 -4.121723771095275879e-02 -1.110371947288513184e-02 9.846881777048110962e-02 -1.734215579926967621e-02 -5.760682374238967896e-02 3.722823783755302429e-02 -6.285276263952255249e-02 8.847269415855407715e-02 -9.331508725881576538e-02 -1.179836913943290710e-01 3.743392974138259888e-02 2.211567759513854980e-02 5.341397970914840698e-02 8.940272778272628784e-02 1.037223264575004578e-02 -5.003720894455909729e-02 -9.287462383508682251e-02 1.378504931926727295e-02 -2.443294599652290344e-02 -1.028479263186454773e-01 5.575014650821685791e-02 6.489519029855728149e-02 -6.010352080920711160e-05 5.750837922096252441e-02 -1.780261751264333725e-03 2.466662600636482239e-02 1.463708467781543732e-02 3.963404148817062378e-02 7.210478186607360840e-02 1.296640485525131226e-01 -1.142040044069290161e-01 5.821920931339263916e-02 -1.354231387376785278e-01 -1.052467897534370422e-01 -6.908379495143890381e-02 3.130098804831504822e-02 4.497058689594268799e-02 1.332987695932388306e-01 4.648137837648391724e-02 3.648860380053520203e-02 6.499896198511123657e-02 -1.191975176334381104e-01 -4.591214656829833984e-02
-5.621005315333604813e-03 -1.362678781151771545e-02 -3.588370233774185181e-02 -6.206659227609634399e-02 -1.580102182924747467e-02 -1.460089348256587982e-02 7.718992233276367188e-02 -8.121161162853240967e-02 -1.567541994154453278e-02 7.681386917829513550e-02 2.085790503770112991e-03 -7.401929795742034912e-02 5.888679996132850647e-03 -2.686692588031291962e-02 4.821595922112464905e-02 -2.222881093621253967e-02 1.198885440826416016e-01 -1.151256822049617767e-02 1.399645674973726273e-02 -1.147331744432449341e-01 7.116679102182388306e-02 6.175137683749198914e-02 -4.268945194780826569e-03 -1.994736306369304657e-02 -1.249660970643162727e-03 -4.160076379776000977e-02 2.547681331634521484e-02 2.819441631436347961e-02 -9.681926667690277100e-02 9.219226986169815063e-02 6.270366907119750977e-02 8.924981951713562012e-02 -6.360179930925369263e-02 -6.656152755022048950e-02 2.954952046275138855e-02 -1.301393751055002213e-02 -5.127284675836563110e-03 -8.280655741691589355e-02 2.177872508764266968e-02 -6.082461774349212646e-02 7.040537148714065552e-02 -5.278838425874710083e-02 1.225287653505802155e-02 4.985394701361656189e-02 3.625200316309928894e-02 5.397811904549598694e-02 8.587862551212310791e-02 -1.083562243729829788e-02 -3.965454176068305969e-02 -6.270573940128087997e-03 -3.542510420083999634e-02 2.077870070934295654e-02 -2.618070878088474274e-02 -5.395856499671936035e-02 -2.945165708661079407e-02 3.366639092564582825e-02 -4.765149205923080444e-02 -6.287951767444610596e-02 -1.228850986808538437e-02 6.775273382663726807e-02 5.863781273365020752e-02 -3.365763276815414429e-02 5.951867625117301941e-02 -4.026862606406211853e-02 1.271131075918674469e-02 -6.003281846642494202e-02 -4.154152050614356995e-02 3.180625662207603455e-02 9.453317523002624512e-02 -8.388175070285797119e-02 7.828355580568313599e-02 5.516536906361579895e-02 1.827610284090042114e-02 -1.193783059716224670e-01 8.202143013477325439e-03 2.526920288801193237e-02 -3.145528584718704224e-02 -2.501967735588550568e-02 8.694174885749816895e-02 -8.993452042341232300e-02 8.845204859972000122e-02 8.690694347023963928e-03 1.351610273122787476e-01 7.644885778427124023e-02 -3.555829450488090515e-02 -3.796182200312614441e-02 -1.256099939346313477e-01 -1.809738129377365112e-01 -1.275582462549209595e-01 6.700831651687622070e-02 7.901238277554512024e-03 1.992059051990509033e-01 1.143676489591598511e-01 8.219611644744873047e-02 7.317190617322921753e-02 -2.969318032264709473e-01 -2.880329191684722900e-01 4.486706852912902832e-02 1.091034244745969772e-02 2.713574469089508057e-01 -5.502672493457794189e-02
4.843653738498687744e-02 6.659481674432754517e-02 -3.442107141017913818e-02 1.111760083585977554e-02 5.325201153755187988e-02 -5.808704346418380737e-02 3.588047251105308533e-02 -4.415560141205787659e-02 -2.860624156892299652e-02 -2.235620468854904175e-02 -7.349560409784317017e-02 -4.194083064794540405e-02 3.728950396180152893e-02 2.406849153339862823e-02 4.392774030566215515e-02 1.482994947582483292e-02 -7.496896386146545410e-02 -2.260077372193336487e-02 4.025780595839023590e-03 -3.592894971370697021e-02 -6.551065295934677124e-02 1.054815351963043213e-01 8.382401615381240845e-02 -5.585283506661653519e-03 -6.572327017784118652e-02 1.275784597964957356e-04 6.467861682176589966e-02 -8.629974909126758575e-03 1.001592166721820831e-02 -8.158388733863830566e-02 1.160355508327484131e-01 1.364389359951019287e-01 -1.545097958296537399e-02 2.993312105536460876e-02 1.245021354407072067e-02 -9.697629511356353760e-02 -1.965359970927238464e-02 -7.648548483848571777e-02 -3.651736676692962646e-02 -1.184904500842094421e-01 -1.062275543808937073e-01 -9.078522026538848877e-02 -1.142905429005622864e-01 -2.534593641757965088e-02 9.514781832695007324e-02 9.673738479614257812e-02 9.053532779216766357e-02 1.284631937742233276e-01 -5.010879598557949066e-03 4.908192530274391174e-02 5.562765058130025864e-03 1.124065220355987549e-01 -1.098278444260358810e-02 -1.870860159397125244e-02 9.514044970273971558e-02 -1.154336109757423401e-01 -9.823210537433624268e-02 -6.588821113109588623e-02 -7.399887591600418091e-02 1.065525133162736893e-02 -7.790323346853256226e-02 9.250331670045852661e-02 4.475062713027000427e-03 1.433485466986894608e-02 1.054728180170059204e-01 1.457551568746566772e-01 2.849299646914005280e-02 -2.063910104334354401e-02 -5.803617462515830994e-02 6.133978068828582764e-02 1.019178089336492121e-04 -2.667824970558285713e-03 -1.510328985750675201e-02 -9.094145894050598145e-02 -4.096414148807525635e-02 -6.622898392379283905e-03 -4.845777526497840881e-02 1.244068518280982971e-01 -9.965772740542888641e-03 -3.193662501871585846e-03 -4.847634211182594299e-02 -1.621011793613433838e-01 -1.549475938081741333e-01 -1.019858792424201965e-01 6.485296040773391724e-02 4.622839018702507019e-02 3.258196637034416199e-02 3.694590926170349121e-02 2.006273716688156128e-01 1.550866514444351196e-01 1.021998971700668335e-01 -1.173851788043975830e-01 -1.218204274773597717e-01 -2.051312327384948730e-01 -1.501376926898956299e-01 -1.188470497727394104e-01 -2.002601511776447296e-02 1.413173526525497437e-01 2.016035169363021851e-01 5.168931558728218079e-02 -6.741027534008026123e-02
6.037024781107902527e-02 1.165932267904281616e-01 9.826165437698364258e-02 -3.161809220910072327e-02 1.017238050699234009e-01 -1.118566002696752548e-02 -3.688715025782585144e-02 4.885990172624588013e-02 7.587947696447372437e-02 -8.778245002031326294e-02 -1.457416266202926636e-01 -1.417389661073684692e-01 2.770693786442279816e-02 -1.231882125139236450e-01 6.216068286448717117e-03 2.112841047346591949e-02 -1.133554205298423767e-01 -4.119145125150680542e-02 9.480046480894088745e-02 1.877071410417556763e-01 1.254457086324691772e-01 4.030129909515380859e-01 3.064434528350830078e-01 1.626694798469543457e-01 -2.689445205032825470e-02 -1.844224929809570312e-01 -1.416171342134475708e-01 -1.665749698877334595e-01 -1.238560453057289124e-01 -8.003836125135421753e-02 -1.240412443876266479e-01 -6.000618264079093933e-02 7.751433551311492920e-02 4.550140723586082458e-02 -2.811365760862827301e-02 -1.247204956598579884e-03 -1.026130020618438721e-01 2.245547622442245483e-02 -2.306775189936161041e-02 1.910522580146789551e-03 -1.401017513126134872e-02 1.086123734712600708e-01 7.313163578510284424e-02 -2.760318480432033539e-02 -2.835091575980186462e-02 1.445795893669128418e-01 -2.995546965394169092e-04 1.380389481782913208e-01 -2.044546231627464294e-02 -5.845617875456809998e-02 -7.364299148321151733e-02 3.793935850262641907e-02 6.905853748321533203e-02 -6.639335770159959793e-03 -3.749187570065259933e-03 3.907789662480354309e-02 9.137185290455818176e-03 5.531356111168861389e-02 1.911652274429798126e-02 -1.015913113951683044e-01 2.290460281074047089e-02 6.776235997676849365e-02 -8.133922517299652100e-02 -3.222168609499931335e-02 -8.051079511642456055e-02 -6.742896884679794312e-02 -1.711821854114532471e-01 -1.116195172071456909e-01 -1.341346651315689087e-01 -1.307263523340225220e-01 -2.391738444566726685e-01 -2.928158044815063477e-01 -1.068734303116798401e-01 5.234450567513704300e-03 -8.958742022514343262e-02 -1.153598353266716003e-02 4.971813037991523743e-02 8.247820287942886353e-02 3.440940380096435547e-02 8.430670946836471558e-02 9.285969287157058716e-02 1.209923774003982544e-01 2.773064421489834785e-03 -2.616771962493658066e-04 -5.916914716362953186e-02 -7.130733691155910492e-03 -2.621999196708202362e-02 5.149896442890167236e-02 -5.484758615493774414e-01 -2.630207836627960205e-01 -3.254111111164093018e-01 -4.064819514751434326e-01 -3.797674477100372314e-01 -3.826763629913330078e-01 6.724748760461807251e-02 7.022846341133117676e-01 1.290547728538513184e+00 3.418461382389068604e-01 3.251583278179168701e-01 1.839498174376785755e-03 4.156731814146041870e-02
4.587279632687568665e-02 9.300743043422698975e-02 9.265797585248947144e-02 -8.619886822998523712e-03 1.066728085279464722e-01 -1.098861265927553177e-02 1.847541891038417816e-02 2.666627988219261169e-03 1.214292943477630615e-01 3.917498514056205750e-02 -6.773471832275390625e-02 4.230703413486480713e-02 -1.439065858721733093e-02 -1.166528165340423584e-01 -5.030779540538787842e-02 -6.866088509559631348e-02 -7.189038675278425217e-03 -3.454269096255302429e-02 9.018998593091964722e-02 9.514478594064712524e-02 1.002549380064010620e-01 9.398300200700759888e-02 1.845011711120605469e-01 -6.320196390151977539e-02 -9.754888713359832764e-03 -1.326802223920822144e-01 2.085121907293796539e-02 -1.771874129772186279e-01 -1.126997992396354675e-01 -1.371729224920272827e-01 -2.749007940292358398e-01 -1.895241290330886841e-01 -1.263568252325057983e-01 1.980133354663848877e-02 -1.647202521562576294e-01 -4.344744980335235596e-02 -1.066247746348381042e-01 -7.566597312688827515e-02 3.384456783533096313e-02 1.267067492008209229e-01 1.586780697107315063e-01 8.770243823528289795e-02 5.556378886103630066e-02 6.032997742295265198e-02 8.275156468152999878e-02 1.317754238843917847e-01 1.375205367803573608e-01 1.796718388795852661e-01 1.338824480772018433e-01 2.622897736728191376e-02 3.465410694479942322e-02 -1.390697807073593140e-01 -8.957417309284210205e-02 -1.431108713150024414e-01 -5.674430355429649353e-02 -1.449379045516252518e-02 -7.814158499240875244e-02 -6.943716853857040405e-02 -4.698417335748672485e-02 -5.841701477766036987e-02 -2.095350250601768494e-02 -1.634588651359081268e-02 -2.759265899658203125e-02 -2.488879300653934479e-02 -2.785928174853324890e-02 5.187872052192687988e-02 -7.398390769958496094e-02 7.031070441007614136e-02 2.738520875573158264e-02 3.962791711091995239e-02 -2.074107527732849121e-01 -2.535219490528106689e-01 -2.466693669557571411e-01 -1.751919984817504883e-01 -2.346654236316680908e-01 -3.231507241725921631e-01 -2.099489420652389526e-01 -1.372262835502624512e-01 -2.277016341686248779e-01 -8.799443393945693970e-02 -8.758648484945297241e-02 -1.191771104931831360e-01 -2.074584513902664185e-01 -1.422739177942276001e-01 -2.947517037391662598e-01 -9.670860320329666138e-02 -1.947958022356033325e-01 -1.655838638544082642e-01 -4.082390964031219482e-01 -1.101457178592681885e-01 3.008521161973476410e-02 -1.959324628114700317e-01 -1.733136177062988281e-01 1.388756651431322098e-02 1.716622561216354370e-01 2.909354865550994873e-01 1.054424405097961426e+00 6.518707871437072754e-01 3.890213370323181152e-01 2.793807983398437500e-01 5.725107714533805847e-02
6.226706504821777344e-02 -3.934849053621292114e-02 -9.360137581825256348e-02 -2.625547721982002258e-02 7.683264464139938354e-02 2.140781283378601074e-02 6.228403374552726746e-02 3.272799775004386902e-02 2.662513032555580139e-02 -1.937662251293659210e-02 3.176336362957954407e-02 -1.086798757314682007e-01 2.620600350201129913e-02 -1.248828619718551636e-01 -1.097267344594001770e-01 8.924642205238342285e-02 1.134118158370256424e-02 7.058732211589813232e-02 4.972331598401069641e-02 -5.245883762836456299e-02 -5.945446342229843140e-02 -9.462670981884002686e-02 -5.665241181850433350e-02 1.678355736657977104e-03 1.862719841301441193e-02 -4.366178531199693680e-03 4.147565737366676331e-02 1.531448494642972946e-02 6.763880606740713120e-03 -7.516599446535110474e-02 7.094081491231918335e-02 1.374418586492538452e-01 1.156973019242286682e-01 8.894039317965507507e-03 -2.472664602100849152e-02 -4.520711954683065414e-03 -1.929885521531105042e-02 1.257185544818639755e-02 -2.111426554620265961e-02 -6.098588183522224426e-02 2.847848087549209595e-02 -1.114861443638801575e-01 8.844312280416488647e-03 6.720160692930221558e-02 -1.034951861947774887e-02 -7.437727600336074829e-02 2.444035373628139496e-02 -9.899535030126571655e-02 2.761139534413814545e-02 -1.025498136878013611e-01 4.410238191485404968e-02 6.076628342270851135e-02 -1.564808189868927002e-02 4.598100483417510986e-02 -7.899150997400283813e-02 8.263540267944335938e-02 5.937895551323890686e-02 -8.684459328651428223e-02 1.730159111320972443e-02 -8.649025112390518188e-02 4.494723677635192871e-02 4.505296424031257629e-02 5.090712755918502808e-02 -7.957997918128967285e-02 -8.034045994281768799e-02 1.615944504737854004e-02 4.533230885863304138e-02 -8.817881345748901367e-03 3.785794228315353394e-02 -7.593111693859100342e-02 -5.029805004596710205e-03 -3.893968835473060608e-02 -7.315137237310409546e-02 -1.177899762988090515e-01 -1.216249912977218628e-01 -9.389565326273441315e-03 -5.433223769068717957e-02 2.287730015814304352e-02 4.893427342176437378e-02 4.983596131205558777e-02 2.387038432061672211e-02 3.940072283148765564e-02 3.270338848233222961e-02 -1.100974902510643005e-01 -6.528104096651077271e-02 6.345664709806442261e-02 7.076977193355560303e-02 5.626595020294189453e-02 -6.887802481651306152e-02 1.319568753242492676e-01 1.409968137741088867e-01 2.978594228625297546e-02 -5.721137300133705139e-02 -1.066339090466499329e-01 -7.282631099224090576e-02 -5.275096744298934937e-02 -4.402533173561096191e-02 8.568443357944488525e-02 1.690771132707595825e-01 1.271357834339141846e-01 -6.467229127883911133e-02
2.495636232197284698e-02 5.910058505833148956e-03 -3.753518685698509216e-02 -9.875349700450897217e-02 -5.924620851874351501e-02 8.171817660331726074e-02 2.325322106480598450e-02 -2.818331867456436157e-02 -6.313329096883535385e-03 1.085082516074180603e-01 7.605364918708801270e-02 9.583193808794021606e-02 2.455347031354904175e-02 4.599777981638908386e-02 5.953902006149291992e-02 -1.458491571247577667e-02 -6.264704465866088867e-02 -1.493284255266189575e-01 -6.817492097616195679e-02 1.332235336303710938e-01 -8.539481461048126221e-02 1.072455644607543945e-01 7.747570425271987915e-02 -3.530067577958106995e-02 -5.568186193704605103e-02 5.731984227895736694e-02 8.463676273822784424e-02 -9.411571919918060303e-02 1.319873780012130737e-01 -3.997355233877897263e-03 2.867880277335643768e-02 -5.205424502491950989e-02 -1.481177508831024170e-01 -1.460341662168502808e-01 4.034017771482467651e-02 8.474359661340713501e-02 5.460132658481597900e-02 1.179372891783714294e-01 7.836431264877319336e-02 -6.238892674446105957e-02 2.235910668969154358e-02 -1.782980561256408691e-01 -6.791172176599502563e-02 -9.336000680923461914e-02 -1.097570657730102539e-01 -4.494448751211166382e-02 -5.253126844763755798e-02 -5.741152539849281311e-02 1.333624217659235001e-02 7.760113477706909180e-02 -2.987234853208065033e-02 4.322268441319465637e-02 -3.483194857835769653e-03 1.308961361646652222e-01 1.197084113955497742e-01 3.260935470461845398e-02 3.590166941285133362e-02 -3.185576200485229492e-02 2.906661294400691986e-02 4.371223971247673035e-02 -1.826883479952812195e-02 -7.428626716136932373e-02 5.770591273903846741e-02 -1.252805441617965698e-02 2.407542243599891663e-02 5.938858166337013245e-02 -1.213994771242141724e-01 -2.444022148847579956e-02 -8.792871236801147461e-02 -3.188531100749969482e-02 -3.626728802919387817e-02 6.387232244014739990e-02 6.860748678445816040e-02 2.549319155514240265e-02 1.151245236396789551e-01 -2.028403338044881821e-03 -1.314238160848617554e-01 -1.020430698990821838e-01 -4.514098167419433594e-02 -5.559590458869934082e-02 -1.323006004095077515e-01 -8.401478081941604614e-02 6.372030358761548996e-03 5.408164113759994507e-02 7.128798961639404297e-02 7.319123018532991409e-03 -7.656193524599075317e-02 -6.654934585094451904e-02 -1.054858192801475525e-01 -1.418481022119522095e-01 -1.841641217470169067e-01 -6.552685797214508057e-02 1.198127567768096924e-01 2.858653366565704346e-01 3.166716992855072021e-01 3.046624362468719482e-01 2.059737406671047211e-02 -2.623061835765838623e-01 -2.900093197822570801e-01 -3.606985211372375488e-01 -8.941340260207653046e-03
3.215839713811874390e-02 1.320570409297943115e-01 3.760627657175064087e-02 9.728024154901504517e-02 2.182265929877758026e-02 -2.602552436292171478e-02 1.658765785396099091e-02 1.121711432933807373e-01 -2.690047211945056915e-02 1.109329015016555786e-01 8.600860834121704102e-02 1.185836363583803177e-02 2.102526836097240448e-02 1.160419881343841553e-01 1.029026322066783905e-02 5.174018815159797668e-02 2.312624454498291016e-01 3.394675552845001221e-01 4.101070761680603027e-02 -7.137063890695571899e-02 7.007487118244171143e-03 -3.876579180359840393e-02 -3.814994543790817261e-02 6.606898456811904907e-02 5.070574581623077393e-02 -8.189676736947149038e-05 -6.903496384620666504e-02 7.931323349475860596e-02 -4.561467096209526062e-02 3.283289074897766113e-02 4.065187275409698486e-02 8.319609798491001129e-03 9.795298427343368530e-02 1.721987724304199219e-01 1.569402217864990234e-01 1.158467456698417664e-01 1.238182410597801208e-01 -3.614911437034606934e-02 8.255952596664428711e-02 1.275187581777572632e-01 -5.955079570412635803e-02 2.063524350523948669e-02 -8.645209670066833496e-02 6.983981281518936157e-02 7.917669415473937988e-02 -4.164295643568038940e-02 2.011869847774505615e-02 -9.786681830883026123e-02 -8.982466161251068115e-02 4.977597296237945557e-02 -8.021143078804016113e-02 1.008553244173526764e-02 -1.060028597712516785e-01 -4.385870695114135742e-02 3.024817071855068207e-02 1.062069460749626160e-01 1.258320212364196777e-01 2.840554341673851013e-02 3.655539825558662415e-02 -4.158789664506912231e-02 1.690616831183433533e-02 -1.076658815145492554e-02 1.403976678848266602e-01 6.310839951038360596e-02 -1.939220912754535675e-02 -2.065171301364898682e-02 -4.268895369023084641e-03 -1.510211080312728882e-01 -1.280313879251480103e-01 -5.783802270889282227e-02 -1.699233204126358032e-01 -5.834865197539329529e-02 4.552053287625312805e-02 -1.013662759214639664e-02 5.794203374534845352e-03 6.007425859570503235e-02 1.252410858869552612e-01 -1.630795560777187347e-02 7.623751461505889893e-02 2.020031809806823730e-01 1.443988680839538574e-01 -7.724127266556024551e-03 1.394615173339843750e-01 -2.791198156774044037e-02 1.460320595651865005e-02 8.101993054151535034e-02 1.081313043832778931e-01 1.187064871191978455e-01 -5.280739665031433105e-01 -5.377217382192611694e-02 -2.551651298999786377e-01 -3.123062849044799805e-01 -3.493809401988983154e-01 -2.981634438037872314e-01 -2.318918853998184204e-01 2.024828344583511353e-01 4.611168801784515381e-01 1.027935966849327087e-01 8.435173332691192627e-02 -1.986280530691146851e-01 1.923722214996814728e-02
-7.842662930488586426e-02 -4.629191756248474121e-02 -7.240340858697891235e-02 -4.476871341466903687e-02 5.694723129272460938e-02 6.337878108024597168e-02 8.557655848562717438e-03 -2.694392576813697815e-03 3.395289182662963867e-02 7.820646464824676514e-02 4.483270458877086639e-03 -1.106910686939954758e-02 1.134880334138870239e-01 1.197210699319839478e-01 9.790782630443572998e-02 -9.435463696718215942e-02 7.221274822950363159e-02 -2.711576037108898163e-02 -1.007572282105684280e-02 -5.400445684790611267e-02 2.324123308062553406e-02 1.242804154753684998e-02 5.443361401557922363e-02 1.631989330053329468e-01 9.899922460317611694e-02 -8.738659322261810303e-02 -4.043589904904365540e-02 1.815378852188587189e-02 -1.191084831953048706e-01 -1.401833593845367432e-01 -2.180588990449905396e-01 1.085472851991653442e-01 1.452976912260055542e-01 7.449674606323242188e-02 4.821237549185752869e-02 -3.134014084935188293e-02 -9.408986568450927734e-02 -3.560641035437583923e-02 -2.343789674341678619e-02 -1.245674937963485718e-01 -7.795926928520202637e-02 -7.036166638135910034e-02 -5.284067243337631226e-02 6.883537024259567261e-02 -7.173433154821395874e-02 1.000584810972213745e-01 9.978708624839782715e-02 2.319706603884696960e-02 -1.521764323115348816e-02 1.860174387693405151e-01 8.015396445989608765e-02 1.418558508157730103e-01 2.573849447071552277e-02 -5.448453128337860107e-03 9.638592018745839596e-04 -1.154157426208257675e-02 -1.450559031218290329e-02 -1.116252392530441284e-01 -1.714814901351928711e-01 -1.239769011735916138e-01 -3.780198469758033752e-02 6.879143416881561279e-02 7.460571825504302979e-02 -1.942635700106620789e-02 -1.092310920357704163e-01 -5.724399164319038391e-02 -1.394005715847015381e-01 -5.708597227931022644e-02 -2.909413538873195648e-02 -3.973194211721420288e-02 -1.447880454361438751e-02 -1.424563769251108170e-02 1.212420910596847534e-01 2.755611762404441833e-02 3.731579333543777466e-02 -1.036992594599723816e-01 5.452161282300949097e-02 7.621578127145767212e-02 8.579426258802413940e-02 1.563840359449386597e-01 1.970844157040119171e-02 2.367870509624481201e-02 3.982774168252944946e-02 1.668924093246459961e-02 4.363380372524261475e-02 3.027727082371711731e-02 -4.499792307615280151e-02 1.342655718326568604e-01 -2.708982825279235840e-01 -1.795736253261566162e-01 -1.857009381055831909e-01 -2.396249324083328247e-01 1.122191697359085083e-01 1.385498195886611938e-01 1.913123428821563721e-01 4.821121096611022949e-01 3.161102831363677979e-01 -3.157636225223541260e-01 -2.076965421438217163e-01 -5.406977534294128418e-01 8.796081691980361938e-02
2.765655517578125000e-02 -4.928430542349815369e-02 -7.936116307973861694e-02 1.617391593754291534e-02 4.815034195780754089e-02 -6.635171826928853989e-03 3.646404668688774109e-02 -9.195984154939651489e-02 4.207717254757881165e-02 -5.147363618016242981e-02 5.830827727913856506e-02 5.959612131118774414e-02 9.199181199073791504e-02 -4.354495927691459656e-02 1.551575958728790283e-02 2.019875310361385345e-02 9.394571930170059204e-02 -1.811480335891246796e-02 7.735662907361984253e-02 -6.827092915773391724e-02 -5.637438595294952393e-02 -2.862003818154335022e-02 3.578627714887261391e-03 3.744053468108177185e-02 -1.034896075725555420e-02 -5.007260013371706009e-03 -4.550825804471969604e-02 1.928780227899551392e-02 -1.037282422184944153e-01 4.392256960272789001e-02 7.883612066507339478e-02 -3.422572975978255272e-03 6.445614993572235107e-02 -6.429028511047363281e-02 4.487220197916030884e-02 -4.998921602964401245e-02 -1.040882393717765808e-01 -1.170058697462081909e-01 2.800213545560836792e-02 -4.984947293996810913e-02 -1.251099407672882080e-01 -5.743655189871788025e-02 -1.832225732505321503e-02 1.108420416712760925e-01 7.747367024421691895e-02 7.944354414939880371e-02 6.661926209926605225e-02 -1.372434571385383606e-02 7.072508335113525391e-02 1.255141794681549072e-01 1.152857095003128052e-01 -2.931408584117889404e-03 2.688830532133579254e-02 1.349084675312042236e-01 1.335143204778432846e-02 1.749594062566757202e-01 1.259672921150922775e-02 1.355132907629013062e-01 9.350746124982833862e-02 -3.649147972464561462e-02 3.396634710952639580e-03 1.961177587509155273e-01 9.154495596885681152e-02 8.739770203828811646e-02 -7.025124132633209229e-02 -5.179702863097190857e-02 9.836980700492858887e-02 1.587721407413482666e-01 -2.059894427657127380e-02 -9.967387653887271881e-03 -7.064795494079589844e-02 -7.499593496322631836e-02 -1.053281873464584351e-01 -1.506954729557037354e-01 -1.801173835992813110e-01 -3.611961379647254944e-02 -5.255135148763656616e-02 1.623249202966690063e-01 1.377202123403549194e-01 1.625134199857711792e-01 1.156370416283607483e-01 5.335924774408340454e-02 -1.568798441439867020e-03 2.756272070109844208e-02 1.998711191117763519e-02 8.167988061904907227e-02 2.410357147455215454e-01 3.775533735752105713e-01 5.160303711891174316e-01 2.005981653928756714e-01 1.468433439731597900e-01 1.371847242116928101e-01 1.225398778915405273e-01 -3.056991398334503174e-01 -2.523903250694274902e-01 -3.681415617465972900e-01 -3.102257549762725830e-01 1.230973750352859497e-01 2.591500282287597656e-01 1.922633945941925049e-01 -7.103536278009414673e-02
-1.349559277296066284e-01 -1.463935524225234985e-01 -1.320355385541915894e-01 -1.378072798252105713e-01 -1.651858091354370117e-01 2.163543831557035446e-05 5.579932779073715210e-02 -1.184188425540924072e-01 9.494372457265853882e-02 4.544813930988311768e-02 -4.959363862872123718e-02 -6.672717630863189697e-02 -6.630294770002365112e-02 -6.125352531671524048e-02 -9.286804497241973877e-02 -1.681223958730697632e-01 -2.639434039592742920e-01 -2.824872434139251709e-01 1.419628709554672241e-01 8.612255752086639404e-02 -1.031539067625999451e-01 9.998778253793716431e-02 -9.570178389549255371e-02 -3.082026168704032898e-02 -1.959352195262908936e-02 1.326354742050170898e-01 7.291436195373535156e-02 2.914668917655944824e-01 2.963389456272125244e-01 3.014123141765594482e-01 2.445365935564041138e-01 3.887264132499694824e-01 6.248444318771362305e-01 7.039642333984375000e-01 5.429867506027221680e-01 5.389553904533386230e-01 3.800492584705352783e-01 1.932792514562606812e-01 1.335689276456832886e-01 1.050984635949134827e-01 -1.402236800640821457e-02 1.893838681280612946e-02 -1.316616404801607132e-02 -6.573548913002014160e-02 -1.353900134563446045e-01 -1.507948935031890869e-01 1.461283862590789795e-02 7.279755920171737671e-02 2.595633559394627810e-04 1.656368747353553772e-02 -4.055221378803253174e-02 5.755440797656774521e-04 3.034593537449836731e-02 5.966613814234733582e-02 -8.555720001459121704e-02 -1.539077609777450562e-01 -8.930115401744842529e-02 -7.582902163267135620e-02 -2.054301649332046509e-01 -4.335540905594825745e-02 -2.218359708786010742e-01 -1.897301375865936279e-01 -1.366082131862640381e-01 -1.908054500818252563e-01 -1.219062879681587219e-01 -1.709354072809219360e-01 1.231569610536098480e-02 6.441223621368408203e-02 3.827711567282676697e-02 1.580881625413894653e-01 2.197144329547882080e-01 4.257560372352600098e-01 3.740071058273315430e-01 2.674232125282287598e-01 3.459745943546295166e-01 3.479565680027008057e-01 1.497981101274490356e-01 2.858917415142059326e-01 1.398757994174957275e-01 2.805231837555766106e-03 -4.612723365426063538e-02 -8.180278539657592773e-02 -2.003766968846321106e-02 3.599668666720390320e-02 -1.563182100653648376e-02 -9.719980508089065552e-02 -1.582769155502319336e-01 -6.458041071891784668e-02 3.123115003108978271e-01 5.266634821891784668e-01 5.475711226463317871e-01 6.827768683433532715e-01 5.734949707984924316e-01 2.570070624351501465e-01 -4.362046346068382263e-02 -4.390141069889068604e-01 2.312560826539993286e-01 2.763779163360595703e-01 1.126922294497489929e-01 6.695196032524108887e-01 -1.510076671838760376e-01
2.913468284532427788e-03 -9.447577595710754395e-02 -1.404640525579452515e-01 3.068999201059341431e-02 4.309595562517642975e-03 3.560338914394378662e-02 -1.022836267948150635e-01 -1.067333947867155075e-02 2.266488410532474518e-02 -3.107733093202114105e-02 6.695652008056640625e-02 1.169725880026817322e-01 6.066376809030771255e-03 8.265813440084457397e-02 6.358531862497329712e-02 -1.357758138328790665e-02 1.279753353446722031e-02 -1.071892678737640381e-01 8.193662017583847046e-02 1.011034324765205383e-01 -5.327771976590156555e-02 -1.009078249335289001e-01 -3.161475807428359985e-02 1.053048181347548962e-03 5.048604682087898254e-02 6.208823993802070618e-03 -5.443679913878440857e-02 -1.597729511559009552e-02 1.079545840620994568e-01 -6.700970977544784546e-02 -3.055482357740402222e-02 1.102030649781227112e-01 4.409860353916883469e-03 -2.660578116774559021e-02 -1.023560389876365662e-01 -1.196387484669685364e-01 1.900427415966987610e-02 7.064490765333175659e-02 1.935590803623199463e-02 1.524083898402750492e-03 2.944630803540349007e-03 -7.918796688318252563e-02 1.300580217503011227e-03 -9.059007465839385986e-02 2.410897612571716309e-02 9.318823367357254028e-02 2.931875549256801605e-02 2.371823787689208984e-02 5.073959380388259888e-02 7.481247931718826294e-02 -1.099021267145872116e-02 6.556961685419082642e-02 -4.477750509977340698e-02 -3.231557458639144897e-02 -7.562063634395599365e-02 1.391018927097320557e-02 -4.953719303011894226e-02 -2.934715151786804199e-02 2.900078659877181053e-03 -1.486240047961473465e-02 5.887376889586448669e-02 -7.118723541498184204e-02 9.981794655323028564e-02 -8.565071970224380493e-03 -6.800163537263870239e-02 7.673958688974380493e-02 -2.088934928178787231e-02 2.326621674001216888e-02 -5.720126628875732422e-02 -9.268666803836822510e-02 3.262471035122871399e-02 9.307331405580043793e-03 1.227638423442840576e-01 -2.473969943821430206e-02 8.941070735454559326e-02 -8.904439955949783325e-02 -1.128891408443450928e-01 -6.735957413911819458e-02 3.509797528386116028e-02 -9.017691761255264282e-02 1.045017503201961517e-02 -7.451085746288299561e-02 6.199220940470695496e-02 1.268485933542251587e-01 1.225485876202583313e-01 4.389544576406478882e-02 -2.610114216804504395e-02 2.907515317201614380e-02 3.407181426882743835e-02 -8.165204524993896484e-02 -7.779931277036666870e-02 -6.373998522758483887e-02 7.103289477527141571e-03 -1.640654401853680611e-03 3.802956640720367432e-02 -6.227971240878105164e-02 -5.399589240550994873e-02 1.304621249437332153e-01 -4.345401003956794739e-02 3.697097674012184143e-02 -5.495520308613777161e-02
-2.611871808767318726e-02 5.877998471260070801e-02 -2.119359793141484261e-03 -1.343189626932144165e-01 3.194814920425415039e-02 -2.689187414944171906e-02 -1.515730321407318115e-01 -4.517804831266403198e-02 -1.346194744110107422e-01 -2.060261964797973633e-01 -4.587791860103607178e-02 -2.130664288997650146e-01 -2.263684570789337158e-01 -5.485115572810173035e-02 -1.720943003892898560e-01 -1.430688053369522095e-01 -7.015997916460037231e-02 7.396375387907028198e-02 3.328096568584442139e-01 3.324837982654571533e-01 2.287438660860061646e-01 2.415568679571151733e-01 -1.876571774482727051e-01 -8.368497714400291443e-03 -7.947173714637756348e-02 7.706702500581741333e-02 -8.610635250806808472e-02 8.016257733106613159e-02 1.367327272891998291e-01 1.713771820068359375e-01 -5.503991618752479553e-02 2.171116918325424194e-01 3.152676522731781006e-01 5.566618442535400391e-01 5.842556357383728027e-01 4.840390086174011230e-01 3.243874013423919678e-01 3.109219670295715332e-01 2.718923389911651611e-01 2.686208784580230713e-01 2.377331256866455078e-01 1.640166044235229492e-01 2.127247750759124756e-01 3.501646220684051514e-02 9.283299744129180908e-02 1.562483459711074829e-01 1.295516639947891235e-01 -3.004901483654975891e-02 -7.096358388662338257e-02 -6.810222566127777100e-02 -1.210707053542137146e-01 -1.312790364027023315e-01 -1.556837931275367737e-02 -7.974275946617126465e-02 -7.098899781703948975e-02 5.811018124222755432e-02 1.235172748565673828e-01 1.779121756553649902e-01 3.541440516710281372e-02 -9.486623108386993408e-02 -5.922476574778556824e-02 -3.593810647726058960e-02 -1.260421425104141235e-01 -1.042759269475936890e-01 -1.098172068595886230e-01 -5.712260678410530090e-02 -1.168719679117202759e-01 -8.665772527456283569e-02 2.501297928392887115e-02 2.293219268321990967e-01 3.026470541954040527e-01 4.688629508018493652e-01 7.358040213584899902e-01 4.566529393196105957e-01 3.629741370677947998e-01 2.889808714389801025e-01 1.809755265712738037e-01 7.466626167297363281e-02 -2.943119406700134277e-02 3.165528550744056702e-02 -9.261389076709747314e-02 -8.370401710271835327e-02 -2.299959063529968262e-01 -1.201666593551635742e-01 -2.336730062961578369e-01 -9.797891229391098022e-02 8.734732866287231445e-02 3.525669574737548828e-01 1.940877318382263184e+00 2.137728482484817505e-01 2.087348103523254395e-01 2.001060992479324341e-01 8.575692176818847656e-01 1.415109992027282715e+00 9.590898156166076660e-01 8.267078399658203125e-01 -5.568812489509582520e-01 -1.439190983772277832e+00 -1.120780825614929199e+00 -1.742079138755798340e+00 -1.075588315725326538e-01
4.670450836420059204e-02 -1.346283853054046631e-01 -1.553311757743358612e-02 -1.827006228268146515e-02 -2.045761980116367340e-02 4.803578928112983704e-02 4.305869340896606445e-02 1.106143146753311157e-01 7.219982147216796875e-02 6.932258605957031250e-02 8.152729272842407227e-02 8.513326197862625122e-02 6.765648722648620605e-02 2.627839893102645874e-02 4.255975037813186646e-02 3.994004800915718079e-02 -6.556249409914016724e-02 -1.039708256721496582e-01 -1.242206692695617676e-01 1.062570605427026749e-03 -6.577296555042266846e-02 8.811060339212417603e-03 1.431886404752731323e-01 1.791483163833618164e-02 -2.587790228426456451e-02 -1.543112937361001968e-02 -6.200336292386054993e-02 -1.131326556205749512e-01 -1.739693284034729004e-01 -5.412726849317550659e-02 -2.874001674354076385e-02 7.730629295110702515e-02 -1.963109821081161499e-01 -1.578251421451568604e-01 -1.446479111909866333e-01 -2.450492829084396362e-01 -4.318379983305931091e-02 -2.164849340915679932e-01 -1.142793148756027222e-01 -1.844519525766372681e-01 -9.574983268976211548e-02 3.494565188884735107e-02 -5.190791562199592590e-02 5.309509113430976868e-02 7.830636203289031982e-02 6.377565115690231323e-02 1.159543767571449280e-01 2.615570463240146637e-02 2.986971475183963776e-02 2.140532881021499634e-01 1.360155045986175537e-01 3.985301405191421509e-02 8.945468813180923462e-03 9.027113765478134155e-02 1.071424931287765503e-01 6.675990764051675797e-03 1.451752781867980957e-01 -1.146438624709844589e-02 -9.755717962980270386e-02 -9.030709415674209595e-02 1.327095087617635727e-03 6.945899128913879395e-02 -6.180242821574211121e-02 -9.029740095138549805e-02 -5.642063915729522705e-03 -1.947222277522087097e-02 6.101776286959648132e-02 8.226902782917022705e-02 8.339893817901611328e-02 1.287616044282913208e-02 -4.097723402082920074e-03 2.094651013612747192e-02 5.542640760540962219e-02 8.700511604547500610e-02 -8.740036189556121826e-02 4.226266592741012573e-02 -4.287431761622428894e-02 5.057105794548988342e-02 -1.654141582548618317e-02 -1.389133632183074951e-01 -7.511879503726959229e-02 -8.869241923093795776e-02 -1.045198440551757812e-01 -5.976207554340362549e-02 1.059359908103942871e-01 3.235446289181709290e-02 -1.395960152149200439e-01 -6.036644428968429565e-02 1.958707906305789948e-02 -1.282141059637069702e-01 1.166380196809768677e-02 7.879238575696945190e-02 2.857780158519744873e-01 2.442661672830581665e-01 4.446174800395965576e-01 1.469930857419967651e-01 -1.138945966958999634e-01 -2.475186735391616821e-01 -2.812197208404541016e-01 -2.674169242382049561e-01 -4.799669608473777771e-02
4.872979968786239624e-02 6.848212331533432007e-02 4.675868898630142212e-02 -3.503048047423362732e-02 -5.451779812574386597e-02 -5.834868177771568298e-02 -2.813627384603023529e-02 -1.858874410390853882e-02 4.287347942590713501e-02 -1.147034764289855957e-02 6.768964231014251709e-02 -1.071066595613956451e-02 -6.599071621894836426e-02 5.852756649255752563e-02 -2.099276706576347351e-02 2.337678335607051849e-02 -3.718646243214607239e-02 7.657258957624435425e-02 -1.615071892738342285e-01 -7.168135792016983032e-02 3.506750240921974182e-02 -2.595612220466136932e-02 8.814445137977600098e-02 -7.198116928339004517e-02 2.951959334313869476e-02 -1.802903227508068085e-02 2.596786245703697205e-02 6.640721112489700317e-02 -1.656048186123371124e-02 1.171640679240226746e-01 -9.399566799402236938e-02 7.246370613574981689e-02 1.340656131505966187e-01 1.551658511161804199e-01 5.921658128499984741e-02 -1.331600248813629150e-01 -1.439353227615356445e-01 -2.609540522098541260e-02 -9.049717336893081665e-02 7.965170592069625854e-02 1.253185886889696121e-02 1.026237383484840393e-01 6.766486167907714844e-02 9.575482457876205444e-02 -2.735151676461100578e-03 -9.333276003599166870e-02 -7.586881518363952637e-02 1.076398417353630066e-02 -1.146968826651573181e-01 4.324219003319740295e-02 -7.036174088716506958e-02 5.845586769282817841e-03 -2.797597087919712067e-02 3.951159119606018066e-02 -7.730447500944137573e-02 -2.473466470837593079e-02 -2.078362740576267242e-02 -3.471866482868790627e-03 9.712845087051391602e-02 4.972080141305923462e-02 -3.146630525588989258e-02 3.376701101660728455e-02 1.128487661480903625e-02 3.475984930992126465e-02 -7.290834188461303711e-02 1.625598222017288208e-02 -1.471992135047912598e-01 -1.181192323565483093e-02 1.908771879971027374e-02 -8.200289309024810791e-02 2.173352986574172974e-02 -6.480947136878967285e-02 -8.308779448270797729e-02 3.753231838345527649e-02 -8.479376882314682007e-02 7.525097578763961792e-02 1.117603629827499390e-01 -8.668047934770584106e-02 -2.410643268376588821e-03 4.515200853347778320e-02 1.155035495758056641e-01 1.262401342391967773e-01 7.234691083431243896e-02 6.347130239009857178e-02 7.653065025806427002e-02 -1.453478783369064331e-01 -4.561973363161087036e-02 -1.627710163593292236e-01 -2.269070446491241455e-01 -5.077789071947336197e-03 1.591060459613800049e-01 2.150173932313919067e-01 -3.467723028734326363e-03 4.015922844409942627e-01 -7.302261888980865479e-02 -3.326858580112457275e-01 -2.621654570102691650e-01 1.450692862272262573e-01 -9.676709026098251343e-02 2.717344462871551514e-01 1.587138324975967407e-02
-7.489482313394546509e-02 -9.327132254838943481e-02 -3.520938009023666382e-02 1.083133555948734283e-02 1.923671178519725800e-02 8.230021223425865173e-03 2.687941305339336395e-02 1.239715218544006348e-01 5.285071209073066711e-02 8.229370415210723877e-02 -5.627701524645090103e-03 -3.522123396396636963e-02 -3.194105252623558044e-02 1.162974908947944641e-01 -2.295569516718387604e-02 -5.959250777959823608e-02 -5.639319866895675659e-02 2.024575322866439819e-02 -6.708803772926330566e-02 2.460013516247272491e-02 1.712759956717491150e-02 -1.089822798967361450e-01 9.120629727840423584e-02 9.924565255641937256e-02 -2.564982511103153229e-02 9.189896285533905029e-03 1.707364432513713837e-02 4.264630749821662903e-02 -8.510644733905792236e-02 3.431866317987442017e-02 7.605938706547021866e-03 8.459694683551788330e-02 -1.251857280731201172e-01 9.357087314128875732e-03 -9.468835592269897461e-02 2.009903779253363609e-03 1.029179543256759644e-01 1.597933284938335419e-02 -2.954638563096523285e-02 -9.295374900102615356e-02 -9.725860506296157837e-02 5.211769416928291321e-02 -2.309338655322790146e-03 1.312804035842418671e-02 1.643464714288711548e-02 -1.094032600522041321e-01 -6.250904500484466553e-02 -8.496442437171936035e-02 7.755710184574127197e-02 1.050316244363784790e-01 -3.955449163913726807e-02 1.240014359354972839e-01 1.029263287782669067e-01 5.111451074481010437e-02 3.236982226371765137e-02 7.467127591371536255e-02 -4.849988594651222229e-02 5.229893326759338379e-02 8.494560420513153076e-02 -5.721894651651382446e-02 -5.732862651348114014e-02 -7.575348019599914551e-02 -8.325602859258651733e-02 1.109701693058013916e-01 3.467076271772384644e-02 1.164279803633689880e-01 -6.927941739559173584e-02 -1.082888022065162659e-01 -1.275008320808410645e-01 2.043919870629906654e-03 -7.136394828557968140e-02 -7.372314482927322388e-02 1.207763776183128357e-01 4.954862967133522034e-02 1.359103918075561523e-01 -4.194831103086471558e-02 -4.027564451098442078e-02 -1.630903407931327820e-02 -1.403962075710296631e-02 -1.137407496571540833e-01 -1.570758968591690063e-02 -1.931431703269481659e-02 3.615083545446395874e-02 1.376143842935562134e-01 -3.403798211365938187e-03 6.531293690204620361e-02 -4.356999322772026062e-02 1.331724226474761963e-01 6.603816151618957520e-02 -1.654182821512222290e-01 -2.430816888809204102e-01 -1.513795703649520874e-01 -9.824502281844615936e-03 2.366202771663665771e-01 3.239679932594299316e-01 3.154783248901367188e-01 4.011570289731025696e-02 -1.616656482219696045e-01 -1.530304849147796631e-01 -3.184924721717834473e-01 5.296291410923004150e-02
-1.727145910263061523e-02 -6.452140957117080688e-02 1.016532778739929199e-01 1.131581515073776245e-01 5.252792686223983765e-02 -2.841781079769134521e-02 8.566158264875411987e-02 -3.586431592702865601e-02 -9.110310673713684082e-02 -1.746216788887977600e-02 9.387651085853576660e-02 4.811875522136688232e-02 -7.691906392574310303e-02 2.000280097126960754e-02 -3.625151887536048889e-02 -7.306645158678293228e-03 -8.534090965986251831e-02 -5.211212858557701111e-02 -6.165200099349021912e-02 -6.041139364242553711e-02 6.082562729716300964e-02 7.994277030229568481e-02 3.252262249588966370e-02 -7.929124683141708374e-02 -1.930137909948825836e-02 3.609048575162887573e-02 7.659607380628585815e-02 -1.194838657975196838e-01 1.044887155294418335e-01 -1.948118209838867188e-02 -7.370711117982864380e-02 5.397513508796691895e-02 1.075099557638168335e-01 -1.359662786126136780e-02 7.437010295689105988e-03 -6.362951546907424927e-02 1.842435635626316071e-02 -1.364198699593544006e-02 -6.340040266513824463e-02 -1.515321712940931320e-02 3.178771585226058960e-02 -2.009714581072330475e-02 -4.963252693414688110e-03 6.399100273847579956e-02 8.929935097694396973e-02 1.819912344217300415e-02 -5.084889009594917297e-02 2.576028928160667419e-02 6.563805043697357178e-02 6.069721654057502747e-02 -3.009991906583309174e-02 -9.367442876100540161e-02 -1.032426580786705017e-01 2.971305511891841888e-02 -5.621638149023056030e-02 1.070548743009567261e-01 4.142912104725837708e-02 -1.164986565709114075e-01 -1.187010556459426880e-01 8.323301561176776886e-03 4.710729047656059265e-02 -6.017278507351875305e-02 4.274933785200119019e-02 -1.714683696627616882e-02 1.045185048133134842e-02 3.647285699844360352e-02 9.076261520385742188e-02 6.623944640159606934e-02 -9.274072200059890747e-02 -2.703827619552612305e-02 -4.547130689024925232e-02 -1.264792233705520630e-01 1.605946384370326996e-02 9.237594902515411377e-02 -2.284601517021656036e-02 -1.480359863489866257e-02 7.290796190500259399e-02 1.409996580332517624e-02 4.782080650329589844e-02 -8.276977576315402985e-03 1.628198102116584778e-02 3.388263285160064697e-02 -7.404331862926483154e-02 -2.577439509332180023e-02 -6.871218234300613403e-02 5.857336893677711487e-02 7.100106775760650635e-02 1.394554227590560913e-01 1.064914539456367493e-01 4.319907352328300476e-02 -1.295840442180633545e-01 -2.735998034477233887e-01 1.082844380289316177e-02 1.516653448343276978e-01 -1.052910387516021729e-01 -2.603993378579616547e-02 9.644935280084609985e-02 -1.255118288099765778e-02 7.492161542177200317e-02 -6.430610269308090210e-02 -3.615172812715172768e-03
3.029916062951087952e-02 2.898003673180937767e-03 -5.082681775093078613e-02 -8.511043339967727661e-02 -1.986093819141387939e-02 3.251663967967033386e-02 3.488525003194808960e-02 4.364458099007606506e-02 1.047928817570209503e-03 4.509083554148674011e-02 4.975170269608497620e-02 -2.473310381174087524e-02 2.536267507821321487e-03 8.935217559337615967e-02 -3.552028164267539978e-02 -4.697247967123985291e-02 -5.929063633084297180e-02 -4.121406376361846924e-02 8.738696575164794922e-02 -1.088883206248283386e-01 5.930349230766296387e-02 1.616444140672683716e-01 -7.053136825561523438e-03 -1.163794025778770447e-01 -6.235529202967882156e-03 -1.759657263755798340e-02 7.865788042545318604e-02 4.961795639246702194e-03 4.521889612078666687e-02 -2.553606405854225159e-02 -1.091809850186109543e-02 -2.342286519706249237e-02 -1.121781021356582642e-02 -5.394083634018898010e-02 1.550009697675704956e-01 1.851476430892944336e-01 1.386444568634033203e-01 -4.241417720913887024e-02 -9.287723340094089508e-03 -8.760429173707962036e-02 -1.233526915311813354e-01 -1.310433894395828247e-01 -1.122354567050933838e-01 -4.242962971329689026e-02 9.578738361597061157e-02 -5.163322016596794128e-02 -8.293190598487854004e-02 6.336865574121475220e-02 -5.894850566983222961e-02 1.574179530143737793e-01 2.231858205050230026e-03 4.298358038067817688e-02 1.033405028283596039e-02 -1.208115369081497192e-03 5.072420462965965271e-02 5.905916541814804077e-02 1.068377345800399780e-01 -1.356955617666244507e-01 -1.721369624137878418e-01 1.087203063070774078e-02 -1.387885585427284241e-02 1.891213506460189819e-01 7.263268530368804932e-02 -1.367470026016235352e-01 -1.190861016511917114e-01 -6.361035257577896118e-02 5.327693745493888855e-02 6.874410808086395264e-02 1.248871162533760071e-01 1.054137200117111206e-01 -1.894174143671989441e-02 -1.391417235136032104e-01 -7.876095175743103027e-02 9.631589055061340332e-02 1.190781667828559875e-01 5.674427747726440430e-02 -1.004217416048049927e-01 1.004949659109115601e-01 -9.761006385087966919e-02 -2.478902228176593781e-02 -8.931256085634231567e-02 3.344097360968589783e-02 7.983021438121795654e-02 -2.950636856257915497e-02 -1.021132916212081909e-01 -2.351074665784835815e-02 -6.186984106898307800e-02 -8.866541087627410889e-02 -4.349114745855331421e-02 8.000580966472625732e-02 9.001557528972625732e-02 4.635374248027801514e-02 2.185533195734024048e-01 -2.681853175163269043e-01 2.852941863238811493e-03 -6.992874294519424438e-02 5.788569524884223938e-02 2.438577078282833099e-02 -3.914335742592811584e-02 -4.403093457221984863e-02 6.651474535465240479e-02
-8.333832025527954102e-02 -7.198259979486465454e-02 -9.641513228416442871e-02 8.730754256248474121e-02 6.745931506156921387e-02 -8.460070192813873291e-02 7.325026392936706543e-02 1.098993122577667236e-01 -6.390844285488128662e-02 3.984506428241729736e-02 4.154758155345916748e-02 2.524512261152267456e-02 -3.438389301300048828e-02 -1.845580898225307465e-02 1.058196201920509338e-01 3.566967323422431946e-02 -1.035982463508844376e-02 2.607171237468719482e-02 3.541852533817291260e-02 -2.342088147997856140e-02 -1.486311387270689011e-02 1.456763446331024170e-01 1.238948702812194824e-01 3.437461704015731812e-02 -3.580037876963615417e-02 5.218472331762313843e-02 -1.225034240633249283e-02 -2.227944880723953247e-02 -6.749079562723636627e-03 -1.192961409687995911e-01 2.133996039628982544e-01 -2.042496390640735626e-02 -8.129294961690902710e-02 -1.617132425308227539e-01 -9.786479175090789795e-02 -1.680829003453254700e-02 -9.546020068228244781e-03 7.283076643943786621e-02 6.036525592207908630e-02 -6.826504319906234741e-02 3.805583808571100235e-03 -5.376294627785682678e-02 5.025791749358177185e-02 4.798238631337881088e-03 -1.301866769790649414e-01 -8.770714700222015381e-02 -1.366663128137588501e-01 -3.647919278591871262e-03 1.047770492732524872e-02 9.939184039831161499e-02 -5.495300982147455215e-03 1.754183322191238403e-01 3.319147974252700806e-02 -1.445456966757774353e-02 -2.746197767555713654e-02 6.834487617015838623e-02 -4.357046261429786682e-02 1.556893140077590942e-01 -5.022489465773105621e-03 6.708213128149509430e-03 6.427325308322906494e-02 -5.921327695250511169e-02 1.903847791254520416e-02 9.611803293228149414e-02 1.266403496265411377e-01 5.580670759081840515e-02 1.661467738449573517e-02 -4.866353049874305725e-02 5.702767521142959595e-02 -3.546080365777015686e-02 -7.004846632480621338e-02 -5.448803771287202835e-03 -9.150533936917781830e-03 -9.726616740226745605e-02 2.106581442058086395e-02 -2.836578339338302612e-02 -6.702058762311935425e-02 5.619838461279869080e-02 -1.879295893013477325e-02 3.443177416920661926e-02 -1.365234106779098511e-01 -1.109836250543594360e-01 -1.521990448236465454e-01 -1.422934234142303467e-01 -1.452998816967010498e-01 -1.695040017366409302e-01 -9.334918856620788574e-02 -3.268344998359680176e-01 -3.154030768200755119e-03 -7.946195453405380249e-02 1.091711744666099548e-01 2.694640457630157471e-01 2.475041449069976807e-01 3.456526100635528564e-01 9.269982576370239258e-02 -1.683399379253387451e-01 -3.590179085731506348e-01 -1.926265954971313477e-01 -2.474621981382369995e-01 -1.801635324954986572e-02 -6.348837912082672119e-02
-1.185735594481229782e-02 -3.735886141657829285e-02 2.560921199619770050e-02 1.592730870470404625e-03 -3.921992704272270203e-02 -9.847657382488250732e-02 -2.704098075628280640e-02 2.288689278066158295e-02 -4.865416884422302246e-02 2.003410644829273224e-02 3.561235591769218445e-02 9.930598735809326172e-02 4.837122559547424316e-02 3.500127699226140976e-03 7.563163340091705322e-02 1.107407081872224808e-02 -8.027885854244232178e-02 7.763490080833435059e-02 8.700471371412277222e-02 -6.985953450202941895e-02 -8.484389632940292358e-03 -3.203589096665382385e-02 1.044370457530021667e-01 -2.264981530606746674e-02 -4.627955704927444458e-02 -1.734150573611259460e-02 -4.927970841526985168e-02 -9.832497686147689819e-02 1.283757761120796204e-02 1.301562879234552383e-02 -2.826602160930633545e-01 -7.477887906134128571e-03 4.379829019308090210e-02 1.150982230901718140e-01 1.160078048706054688e-01 7.079908996820449829e-02 -1.425242796540260315e-02 -4.162147268652915955e-02 -3.763665258884429932e-02 4.085718095302581787e-02 1.812428422272205353e-02 4.154153913259506226e-02 4.048328101634979248e-02 4.562163352966308594e-02 -6.404376029968261719e-02 5.921358615159988403e-02 3.466017544269561768e-02 6.911047548055648804e-02 -8.764913678169250488e-02 -8.985558897256851196e-02 1.814966648817062378e-02 -8.575465530157089233e-02 -5.269800871610641479e-02 3.528439253568649292e-02 -4.177340120077133179e-02 1.553635485470294952e-02 -4.279749095439910889e-02 1.046563163399696350e-01 -2.301290631294250488e-02 2.586235664784908295e-02 9.811365604400634766e-02 -8.001478016376495361e-02 3.721734881401062012e-02 -1.644612401723861694e-01 -7.009130716323852539e-02 -1.062566488981246948e-01 -8.599003404378890991e-02 6.768363714218139648e-02 9.123999625444412231e-02 4.476121440529823303e-02 7.740479893982410431e-03 1.279610097408294678e-01 1.414490304887294769e-02 7.765310257673263550e-02 -6.420636922121047974e-02 -1.271794289350509644e-01 -5.348699167370796204e-02 -6.993756443262100220e-02 1.524408347904682159e-02 1.897349767386913300e-02 3.236673399806022644e-02 1.167096272110939026e-01 -9.938263334333896637e-03 2.879852196201682091e-03 1.167329251766204834e-01 9.058029204607009888e-02 4.217722639441490173e-02 -4.231050610542297363e-02 -8.095515519380569458e-02 -1.199319511651992798e-01 -1.140626743435859680e-01 -2.509749867022037506e-02 2.461855299770832062e-02 -2.772017754614353180e-02 1.719069778919219971e-01 8.538863807916641235e-02 -1.205195412039756775e-01 -3.818252682685852051e-02 -6.011261790990829468e-02 -9.687249362468719482e-02 9.316206909716129303e-03
7.040313631296157837e-02 7.960089296102523804e-02 1.052991300821304321e-01 -3.519538091495633125e-03 5.027753487229347229e-02 8.077766746282577515e-02 -2.731019258499145508e-02 6.652262061834335327e-02 2.882915176451206207e-02 1.239915005862712860e-02 5.280598253011703491e-02 1.220428273081779480e-01 1.591683328151702881e-01 1.177460253238677979e-01 1.353028565645217896e-01 3.245632052421569824e-01 4.161894023418426514e-01 3.855954110622406006e-01 -2.893993258476257324e-01 -4.500946998596191406e-01 -3.829689621925354004e-01 -3.619155883789062500e-01 4.267631471157073975e-02 5.560654774308204651e-02 7.210993766784667969e-02 1.364324837923049927e-01 2.305736988782882690e-01 -4.084349051117897034e-02 -9.565742313861846924e-02 -1.108987182378768921e-01 -4.875559210777282715e-01 -1.826267540454864502e-01 7.257053162902593613e-03 1.158588305115699768e-01 -6.214126944541931152e-02 -9.322886914014816284e-02 -3.675120696425437927e-02 -9.666945785284042358e-02 -5.417566373944282532e-02 5.416953936219215393e-02 6.469389796257019043e-02 1.227539107203483582e-01 1.665952503681182861e-01 -1.518629211932420731e-02 1.265397965908050537e-01 5.699863284826278687e-02 1.247096434235572815e-01 1.806480735540390015e-01 1.713352948427200317e-01 3.046528436243534088e-02 -9.726040996611118317e-03 1.618118584156036377e-01 6.626574695110321045e-02 1.152032837271690369e-01 6.789805367588996887e-03 -1.081710606813430786e-01 4.900350049138069153e-02 -3.181700408458709717e-02 6.280325353145599365e-02 -3.166709095239639282e-02 5.957628041505813599e-02 7.714161649346351624e-03 -3.020821325480937958e-02 1.582002490758895874e-01 4.557131975889205933e-02 1.032490953803062439e-01 -4.481302946805953979e-02 -6.697729229927062988e-02 -9.832713752985000610e-02 -6.725368648767471313e-02 -9.428102523088455200e-02 -1.197900474071502686e-01 -1.646571308374404907e-01 -2.128834426403045654e-01 -3.089119791984558105e-01 -3.823347687721252441e-01 -4.815138280391693115e-01 -5.454592704772949219e-01 -4.789589345455169678e-01 -1.640924215316772461e-01 -2.202837020158767700e-01 -1.569124609231948853e-01 -1.270672827959060669e-01 -1.890349388122558594e-02 -6.777027994394302368e-02 -3.037123009562492371e-02 7.918337732553482056e-02 8.382088690996170044e-02 -6.379213929176330566e-01 -8.824461698532104492e-02 -3.018226623535156250e-01 -4.109952449798583984e-01 -4.955781996250152588e-01 -4.409727454185485840e-01 -1.830802559852600098e-01 -4.432707652449607849e-02 -4.497470855712890625e-01 -3.274818658828735352e-01 -7.526694983243942261e-02 -3.479583263397216797e-01 1.362000554800033569e-01
2.658160810824483633e-04 1.971142552793025970e-02 -2.847684174776077271e-02 3.537556901574134827e-02 -2.686363831162452698e-02 6.034974381327629089e-02 -3.943018987774848938e-02 3.481242433190345764e-02 -4.903810098767280579e-03 1.007764786481857300e-01 -5.465736240148544312e-02 9.158378094434738159e-02 4.212755337357521057e-02 -2.938372828066349030e-02 3.806410357356071472e-02 6.038788706064224243e-02 -6.776829808950424194e-02 1.661594957113265991e-02 6.593834608793258667e-02 3.784345835447311401e-02 -5.225083976984024048e-02 3.435321524739265442e-02 7.805849611759185791e-02 1.069166138768196106e-01 6.886844336986541748e-02 9.834284335374832153e-02 1.823917478322982788e-01 7.876435667276382446e-02 -5.460992828011512756e-02 -1.267693098634481430e-02 8.767198026180267334e-02 -9.413492679595947266e-02 -1.343736201524734497e-01 -1.655520498752593994e-01 -4.250460490584373474e-02 5.779705476015806198e-03 1.390486508607864380e-01 8.236065506935119629e-02 3.716587787494063377e-03 -9.028796851634979248e-02 -1.101730167865753174e-01 -4.559806734323501587e-02 1.907380111515522003e-02 1.057710275053977966e-01 -4.765210300683975220e-02 8.203567564487457275e-02 -7.680284231901168823e-02 -1.007701382040977478e-01 -5.025157704949378967e-02 -1.055226195603609085e-02 -2.027337998151779175e-02 1.961637847125530243e-02 -7.018011063337326050e-03 3.517674282193183899e-02 1.023617610335350037e-01 1.162191629409790039e-01 7.866639643907546997e-02 7.991404831409454346e-02 -5.519339814782142639e-03 -1.659039221704006195e-02 1.195312291383743286e-01 1.905669271945953369e-01 7.746781408786773682e-02 -3.706249594688415527e-02 -1.740706502459943295e-04 -2.124941907823085785e-02 -8.914302289485931396e-02 -9.450021386146545410e-02 -5.108461901545524597e-02 1.391525100916624069e-02 -5.402963608503341675e-02 -5.548758804798126221e-02 -5.221879854798316956e-02 6.842963397502899170e-02 9.043686091899871826e-02 -1.096070855855941772e-01 -1.295894235372543335e-01 -2.590319514274597168e-02 1.226442120969295502e-02 -7.597819715738296509e-02 -1.338956225663423538e-02 2.712039090692996979e-02 -1.215682644397020340e-02 5.923833325505256653e-02 -7.379557937383651733e-04 1.148380190134048462e-01 -1.308158040046691895e-02 1.966473013162612915e-01 3.427907126024365425e-03 -4.895676672458648682e-02 -1.046739667654037476e-01 -3.392249047756195068e-01 -4.974124953150749207e-03 -1.244086027145385742e-01 3.547335416078567505e-02 3.135424256324768066e-01 2.153835594654083252e-01 -1.271250308491289616e-03 3.229029476642608643e-02 -3.796764612197875977e-01 -7.571075856685638428e-02
1.354385912418365479e-01 -8.922069333493709564e-03 6.802299618721008301e-02 1.575095392763614655e-02 8.468355052173137665e-03 -2.886649407446384430e-02 5.470002815127372742e-02 -6.022525951266288757e-02 -1.355438027530908585e-03 -5.042408034205436707e-02 7.530605047941207886e-02 -1.241540443152189255e-02 -8.106020092964172363e-02 4.979966580867767334e-02 3.768522292375564575e-03 5.069821700453758240e-02 -5.982623249292373657e-02 1.022948846220970154e-01 9.220636636018753052e-02 -1.149654015898704529e-02 1.355572938919067383e-01 2.807741239666938782e-02 -1.234733164310455322e-01 -9.976149350404739380e-02 -6.219181697815656662e-03 1.823459751904010773e-02 2.961943112313747406e-02 4.802359640598297119e-02 -5.234826728701591492e-02 4.460904374718666077e-02 2.175451219081878662e-01 6.845959275960922241e-02 -1.306703537702560425e-01 -8.174645155668258667e-02 -7.137943059206008911e-02 4.712036624550819397e-02 5.068993940949440002e-02 5.933417752385139465e-02 2.270019240677356720e-02 1.095909252762794495e-01 7.315450906753540039e-02 9.154863655567169189e-02 1.133730262517929077e-01 6.880762428045272827e-02 1.317399144172668457e-01 7.599049061536788940e-02 1.106571182608604431e-01 2.164992503821849823e-02 8.807645738124847412e-02 5.540918558835983276e-02 7.165102660655975342e-02 -1.011025626212358475e-02 8.211351186037063599e-02 -5.816159024834632874e-02 -2.362581901252269745e-02 -7.155841588973999023e-02 6.389624904841184616e-04 1.191420555114746094e-01 9.736333042383193970e-02 1.161811500787734985e-01 -5.819320678710937500e-02 -3.421280533075332642e-02 9.102824330329895020e-02 1.747123301029205322e-01 2.442598938941955566e-01 2.093786299228668213e-01 1.637303233146667480e-01 7.616128027439117432e-02 3.919953480362892151e-02 -8.293639868497848511e-03 -2.744790352880954742e-02 -1.410308927297592163e-01 -1.144492998719215393e-02 -3.071518428623676300e-02 -9.960432350635528564e-02 -1.519260704517364502e-01 -1.270741075277328491e-01 -1.227564215660095215e-01 -5.228018760681152344e-02 -1.730804145336151123e-02 3.221362596377730370e-03 -1.174427643418312073e-01 6.553712300956249237e-03 -1.420102864503860474e-01 9.918222203850746155e-03 9.510396048426628113e-03 2.178821265697479248e-01 1.636729091405868530e-01 4.369055032730102539e-01 6.317270547151565552e-02 -1.047021374106407166e-01 -1.062047183513641357e-01 -1.028354912996292114e-01 9.436285495758056641e-02 1.472697854042053223e-01 1.425805389881134033e-01 2.022418677806854248e-01 -1.172189507633447647e-02 2.383828721940517426e-02 -2.679443061351776123e-01 -3.911237791180610657e-02
-1.465285755693912506e-02 -7.387589663267135620e-02 -7.311936467885971069e-02 -4.364998638629913330e-02 4.563431441783905029e-02 7.994998991489410400e-02 6.508499383926391602e-02 -3.531965240836143494e-02 4.771362990140914917e-02 -1.194736361503601074e-02 1.345014125108718872e-01 4.224923439323902130e-03 3.269646689295768738e-02 6.156004965305328369e-02 2.647113054990768433e-02 1.998616009950637817e-02 -9.205879271030426025e-02 -1.503828167915344238e-01 -1.427435576915740967e-01 3.456549951806664467e-03 -1.621832139790058136e-03 2.836140431463718414e-02 7.998631894588470459e-02 1.370771229267120361e-01 1.361772567033767700e-01 -3.297986090183258057e-02 -1.004983186721801758e-01 -8.364842832088470459e-02 9.440983086824417114e-02 -1.373450458049774170e-01 -2.705097198486328125e-01 -9.933963418006896973e-02 -1.633346825838088989e-02 1.553200483322143555e-01 6.543987989425659180e-02 -1.010622680187225342e-01 9.051052853465080261e-03 -3.014319762587547302e-02 -3.088673390448093414e-02 1.183539815247058868e-02 1.111857499927282333e-02 2.620339952409267426e-02 1.658621802926063538e-02 -6.140831857919692993e-02 -1.257838606834411621e-01 5.837979912757873535e-02 1.304218173027038574e-01 -6.364675238728523254e-03 5.660329014062881470e-02 5.135229229927062988e-02 1.109059154987335205e-01 1.130710393190383911e-01 3.534393757581710815e-02 9.955797344446182251e-02 1.345586124807596207e-02 -5.515930056571960449e-02 -1.187864169478416443e-01 -6.430607289075851440e-02 9.655389934778213501e-02 -2.535999007523059845e-02 8.681070059537887573e-02 -9.709324687719345093e-02 -6.060145422816276550e-02 1.065364927053451538e-01 3.706310316920280457e-02 9.666374325752258301e-02 -1.402451843023300171e-01 -5.117128044366836548e-02 -5.028226971626281738e-02 -1.164734512567520142e-01 2.107539447024464607e-03 -4.262332990765571594e-02 1.065878793597221375e-01 8.909674733877182007e-02 3.153709694743156433e-02 1.195326261222362518e-02 -8.496726863086223602e-03 2.776633948087692261e-02 1.552967280149459839e-01 1.102560237050056458e-01 -4.477354139089584351e-02 1.553460676223039627e-02 -6.681190431118011475e-02 -1.459357008570805192e-05 1.073879599571228027e-01 -1.134991645812988281e-01 -9.668228775262832642e-02 -5.383514240384101868e-02 -9.232340753078460693e-02 -8.157376199960708618e-02 -2.350759878754615784e-02 1.021761149168014526e-01 8.403708785772323608e-02 2.138299196958541870e-01 1.106260120868682861e-01 1.211314201354980469e-01 1.287814229726791382e-01 -1.151590719819068909e-01 -3.430400788784027100e-01 -1.076747924089431763e-01 8.188507705926895142e-02
-2.257473580539226532e-02 4.868225380778312683e-02 3.463129699230194092e-02 3.185158595442771912e-02 -3.469263762235641479e-02 -3.179294988512992859e-02 -3.473616763949394226e-02 1.142988074570894241e-02 -2.394567988812923431e-02 4.776399210095405579e-02 -7.805784791707992554e-02 -5.410994589328765869e-02 -4.196990653872489929e-02 -2.759196050465106964e-02 3.448426723480224609e-02 -6.243161857128143311e-03 1.962513430044054985e-03 6.603431701660156250e-02 6.075117737054824829e-02 -2.609117189422249794e-03 -1.063084527850151062e-01 9.216823615133762360e-03 2.808108367025852203e-02 1.987739466130733490e-02 2.916535548865795135e-02 3.100362978875637054e-02 -7.317147403955459595e-02 -1.857925206422805786e-02 6.504939496517181396e-02 7.253540307283401489e-02 -1.339021697640419006e-02 -3.835369646549224854e-02 3.491620719432830811e-02 -1.944738253951072693e-02 5.903604323975741863e-04 6.255020946264266968e-02 -9.699602425098419189e-02 -2.602298744022846222e-02 -8.496403694152832031e-02 5.441512539982795715e-02 1.097710430622100830e-01 -7.116670161485671997e-02 -6.358571350574493408e-02 1.133132539689540863e-02 -5.685658380389213562e-02 -2.205974236130714417e-02 6.565947085618972778e-02 3.390697762370109558e-02 3.475012630224227905e-02 5.712041631340980530e-02 -2.158514596521854401e-02 3.152786940336227417e-02 -4.883041605353355408e-03 1.084741279482841492e-01 -1.090437620878219604e-01 -9.588387608528137207e-02 4.191929474472999573e-02 -6.927823275327682495e-02 1.321330815553665161e-01 1.941824448294937611e-03 -9.069646149873733521e-02 8.812907338142395020e-02 1.060569435358047485e-01 2.844464033842086792e-02 1.175717189908027649e-01 5.047519505023956299e-02 7.057543843984603882e-03 -1.454947795718908310e-02 1.164369285106658936e-02 -4.689687490463256836e-02 3.440107405185699463e-02 -1.196543201804161072e-01 3.709616139531135559e-02 -2.723486348986625671e-02 -2.100824564695358276e-02 7.415277510881423950e-02 -3.090744093060493469e-02 -1.134764682501554489e-02 1.236509084701538086e-01 5.861615017056465149e-02 -7.539378851652145386e-02 -2.160940319299697876e-02 -8.770698308944702148e-02 -3.468119725584983826e-02 -9.448473155498504639e-02 -1.492704004049301147e-01 1.139070019125938416e-01 4.200518503785133362e-02 4.128855466842651367e-02 3.278602287173271179e-02 1.994245313107967377e-02 -1.001179814338684082e-01 -6.622713059186935425e-02 2.452251017093658447e-01 -2.099436707794666290e-02 5.795551929622888565e-03 1.071089655160903931e-01 8.082032203674316406e-02 -1.812301129102706909e-01 -8.322204649448394775e-02 -7.847409695386886597e-03
-5.255530774593353271e-02 5.414598435163497925e-02 -8.369512856006622314e-02 7.103516254574060440e-03 -2.539904788136482239e-03 7.871136069297790527e-02 7.910479605197906494e-02 -2.196409367024898529e-02 6.720429752022027969e-03 -4.001010209321975708e-02 9.962081909179687500e-02 -7.804386317729949951e-03 -2.452267892658710480e-02 -5.321284756064414978e-02 5.992091074585914612e-02 -6.056548655033111572e-02 7.468949072062969208e-03 -8.663184940814971924e-02 1.117128655314445496e-01 1.817736215889453888e-02 -3.089028783142566681e-02 -7.825705409049987793e-02 -5.355814844369888306e-02 1.040390413254499435e-02 4.278099909424781799e-02 -5.197164788842201233e-02 -1.506642624735832214e-02 8.248487114906311035e-02 -3.651799634099006653e-02 2.784664556384086609e-02 5.039906874299049377e-02 5.731188133358955383e-02 3.845084225758910179e-03 -1.370768994092941284e-01 3.716100007295608521e-02 2.638421021401882172e-02 1.186872087419033051e-02 -7.183336466550827026e-02 1.472340058535337448e-02 -5.642827600240707397e-02 -1.199498027563095093e-02 -1.277964375913143158e-02 -7.095056772232055664e-02 -3.413242101669311523e-02 8.820809423923492432e-02 1.338850557804107666e-01 4.796849936246871948e-02 5.394937843084335327e-02 9.004752337932586670e-02 -2.620909921824932098e-02 -8.369276672601699829e-02 -3.032107651233673096e-02 4.351748619228601456e-03 -2.904235571622848511e-02 -1.216731891036033630e-01 -7.754997164011001587e-02 -6.136376038193702698e-02 3.101057559251785278e-02 -1.159414276480674744e-02 1.253288984298706055e-01 4.151106998324394226e-02 -8.239666372537612915e-02 3.860690817236900330e-02 1.058434024453163147e-01 -2.642480097711086273e-02 -6.673593819141387939e-02 4.955731704831123352e-02 7.810386270284652710e-02 -9.794753044843673706e-02 -1.057967320084571838e-01 -1.243917495012283325e-01 2.643883787095546722e-02 1.411339640617370605e-01 -5.298311635851860046e-02 1.360952109098434448e-02 -9.850914776325225830e-02 8.799675107002258301e-02 3.577083349227905273e-03 -5.743599310517311096e-02 -1.994920196011662483e-03 -2.178206108510494232e-02 -7.751286774873733521e-02 5.554715543985366821e-02 1.143374815583229065e-01 7.922877371311187744e-02 1.078667417168617249e-01 6.723513454198837280e-02 -6.708313524723052979e-02 -7.424225658178329468e-02 -2.087488770484924316e-01 5.524274334311485291e-02 -1.127794501371681690e-03 -2.939145080745220184e-03 -9.712246060371398926e-02 -3.379151225090026855e-02 4.687840864062309265e-02 5.943309515714645386e-02 1.092582046985626221e-01 -2.993137761950492859e-02 7.299050688743591309e-02 -9.560980834066867828e-03
5.106344819068908691e-02 7.138475775718688965e-02 -6.874869763851165771e-02 4.861321672797203064e-02 -2.918788976967334747e-02 -1.631195843219757080e-02 -9.526523202657699585e-02 1.076324749737977982e-02 -6.844174116849899292e-02 2.435637265443801880e-02 -3.338154032826423645e-02 3.425238654017448425e-02 7.207903545349836349e-03 -5.838124081492424011e-02 -3.864763677120208740e-02 -3.013435192406177521e-02 -5.583224073052406311e-02 -8.091111481189727783e-02 8.693882077932357788e-02 -1.502570929005742073e-03 -1.653449051082134247e-02 1.162891909480094910e-01 1.554628461599349976e-01 5.429974943399429321e-02 3.844550624489784241e-02 -5.588195472955703735e-02 1.157536823302507401e-02 -4.385407269001007080e-02 -1.213687099516391754e-02 -3.010344132781028748e-02 5.711446050554513931e-03 5.662933737039566040e-02 5.480131506919860840e-02 7.917782664299011230e-02 1.436604559421539307e-01 9.695299714803695679e-02 1.664398014545440674e-01 1.553004831075668335e-01 7.803895324468612671e-02 -1.017142669297754765e-03 -3.973092138767242432e-02 -5.835749953985214233e-02 -5.382050760090351105e-03 3.420880809426307678e-02 -6.561163067817687988e-02 -5.892875790596008301e-02 -7.565740495920181274e-02 -1.302633583545684814e-01 -3.205588832497596741e-02 -1.318480968475341797e-01 -1.112819090485572815e-01 1.357753877528011799e-03 -1.774057745933532715e-01 -8.293793350458145142e-02 7.805599272251129150e-02 1.537487804889678955e-01 1.108884215354919434e-01 -6.208841875195503235e-02 -6.131101399660110474e-02 6.677030026912689209e-02 6.887751072645187378e-02 2.439457625150680542e-01 1.138960570096969604e-01 5.325854197144508362e-02 6.965659093111753464e-03 -1.110039353370666504e-01 1.424568295478820801e-01 1.174378395080566406e-01 2.056673020124435425e-01 1.179167777299880981e-01 1.102702543139457703e-01 9.087008237838745117e-02 1.674993485212326050e-01 1.383100748062133789e-01 6.149416044354438782e-02 1.234185043722391129e-02 -1.237059682607650757e-01 -1.507588624954223633e-01 -8.563764393329620361e-02 -1.080007106065750122e-01 7.428842782974243164e-02 1.168717220425605774e-01 7.443063706159591675e-02 -1.521733682602643967e-02 7.691468298435211182e-02 4.023883957415819168e-03 -8.843855559825897217e-02 -3.076751530170440674e-02 -3.332803249359130859e-01 -2.145436555147171021e-01 -3.127733469009399414e-01 -4.799171686172485352e-01 -3.345713391900062561e-02 -3.147807717323303223e-02 3.679630756378173828e-01 5.867890715599060059e-01 4.084468483924865723e-01 -1.823817789554595947e-01 -6.215882301330566406e-02 -5.876672267913818359e-01 2.028801478445529938e-02
-6.832142919301986694e-02 -8.199384808540344238e-02 5.930894985795021057e-02 5.939926952123641968e-02 1.011546552181243896e-01 1.114579066634178162e-01 -1.513726636767387390e-02 3.547747060656547546e-02 -7.422631978988647461e-02 3.152625635266304016e-02 9.752350300550460815e-02 6.023592129349708557e-02 -6.855934858322143555e-02 -5.973463132977485657e-02 8.323945850133895874e-02 -5.176240950822830200e-02 -3.469254821538925171e-02 -1.475524455308914185e-01 -5.446238070726394653e-02 2.091291546821594238e-02 9.375076740980148315e-02 -5.344491451978683472e-02 7.745791226625442505e-02 4.708268865942955017e-02 -1.359056960791349411e-02 -4.373762756586074829e-02 -1.118171140551567078e-01 8.659896254539489746e-02 1.943665184080600739e-02 -3.477436304092407227e-02 -1.621220558881759644e-01 -6.227358803153038025e-02 4.064242541790008545e-02 7.102245837450027466e-02 5.059459060430526733e-02 -5.413789302110671997e-03 -1.088280156254768372e-01 4.340221174061298370e-03 3.392920363694429398e-03 -7.020937651395797729e-02 8.376963436603546143e-02 5.336016882210969925e-03 5.976628139615058899e-02 -1.011105254292488098e-01 2.359306998550891876e-02 -3.316576406359672546e-02 -2.236140705645084381e-02 7.948097772896289825e-03 9.358268231153488159e-02 -8.423329144716262817e-02 4.457942768931388855e-02 7.898294925689697266e-02 -7.226569112390279770e-03 1.363402581773698330e-03 -6.439147889614105225e-02 2.441521361470222473e-02 3.421230986714363098e-02 4.683487117290496826e-03 1.556008905172348022e-01 -2.351827919483184814e-02 -7.221222668886184692e-02 -4.306191951036453247e-02 -4.080516844987869263e-02 5.965021252632141113e-02 8.137490600347518921e-02 1.388096157461404800e-02 1.159136183559894562e-02 5.084012821316719055e-02 8.633760362863540649e-02 4.663022607564926147e-02 5.874584242701530457e-02 3.547105938196182251e-02 8.398013189435005188e-03 -6.775603443384170532e-02 1.005453616380691528e-02 -7.745602168142795563e-03 -6.476617604494094849e-02 -1.647786423563957214e-02 -4.763431474566459656e-02 -3.419947624206542969e-02 1.157729402184486389e-01 -4.783699288964271545e-02 -6.456100940704345703e-02 -2.926506474614143372e-02 5.209884047508239746e-02 -2.658173907548189163e-03 -8.035244047641754150e-02 -2.190815657377243042e-02 -2.358864098787307739e-01 -9.860361367464065552e-02 1.304550766944885254e-01 2.457361519336700439e-01 4.068006202578544617e-02 2.368552424013614655e-02 1.300474554300308228e-01 -9.696801751852035522e-02 -1.408733874559402466e-01 -9.954962879419326782e-02 -1.817376017570495605e-01 1.390840709209442139e-01 2.780223265290260315e-02
-4.983529075980186462e-02 3.800162300467491150e-02 -1.345322839915752411e-02 8.645755052566528320e-02 -1.973284408450126648e-02 -4.720526933670043945e-02 8.380435407161712646e-02 -2.260225079953670502e-02 -2.341723069548606873e-02 -3.769412636756896973e-02 -3.466570004820823669e-02 -2.035150676965713501e-02 -4.046523198485374451e-02 -3.954961895942687988e-03 7.931327074766159058e-02 -2.806491404771804810e-02 1.095918789505958557e-01 1.172618567943572998e-01 8.119085431098937988e-02 4.597642924636602402e-03 6.237504631280899048e-02 2.795078605413436890e-02 -2.704842947423458099e-02 6.758768111467361450e-02 1.734519563615322113e-02 -1.015151515603065491e-01 -5.082441121339797974e-02 -8.400087058544158936e-02 2.531472966074943542e-02 -2.834377251565456390e-02 -3.117707371711730957e-01 -1.052983775734901428e-01 8.321486413478851318e-02 2.217681556940078735e-01 5.377157032489776611e-02 -1.183001771569252014e-01 -9.147894382476806641e-02 -1.647510230541229248e-01 -7.643454521894454956e-02 -8.608350902795791626e-02 1.142598167061805725e-01 -2.549487398937344551e-03 5.241349712014198303e-02 -5.974173918366432190e-02 -5.577771365642547607e-02 -2.882134355604648590e-02 6.996070593595504761e-02 6.567415315657854080e-03 3.062034957110881805e-02 -8.097890764474868774e-02 1.548291556537151337e-02 5.977225303649902344e-02 8.008544147014617920e-02 1.071952208876609802e-01 6.624925136566162109e-02 -1.422955095767974854e-01 7.483929395675659180e-02 1.560133844614028931e-01 1.795577444136142731e-02 4.367248713970184326e-02 -2.581863664090633392e-02 -3.555289283394813538e-02 8.498798310756683350e-02 1.971668191254138947e-02 8.829920738935470581e-02 1.319587510079145432e-02 6.441407650709152222e-02 6.298567354679107666e-02 4.027926549315452576e-02 -8.004073798656463623e-02 7.346040755510330200e-02 -3.735761856660246849e-03 3.473280370235443115e-02 -4.676206782460212708e-02 -1.086005419492721558e-01 -5.923321470618247986e-02 -8.763252198696136475e-02 -9.648864716291427612e-02 -2.266034856438636780e-02 8.643113821744918823e-02 -1.249725446105003357e-01 -1.212358623743057251e-01 -4.541860893368721008e-02 -5.416333302855491638e-02 -1.201838478446006775e-01 -1.954137235879898071e-01 -7.132273167371749878e-02 -1.812572926282882690e-01 2.242594584822654724e-02 1.285981237888336182e-01 2.177756577730178833e-01 3.179212510585784912e-01 2.207205630838871002e-02 7.741831988096237183e-02 -2.742405533790588379e-01 -6.132339835166931152e-01 -1.737670898437500000e-01 1.948890835046768188e-01 1.643087267875671387e-01 5.691766738891601562e-01 5.197540298104286194e-02
-8.548235893249511719e-02 -1.335194334387779236e-02 -1.133191585540771484e-01 -7.070153951644897461e-02 3.573917597532272339e-02 -3.141189739108085632e-02 6.688741594552993774e-02 -9.593933820724487305e-02 -1.424964424222707748e-02 5.594624578952789307e-02 -2.269364148378372192e-02 -2.139004319906234741e-02 9.378540515899658203e-02 8.190932869911193848e-02 3.879836201667785645e-02 6.014090776443481445e-02 -2.245989814400672913e-02 1.133094877004623413e-01 -2.182386117056012154e-03 -1.126700490713119507e-01 1.236980035901069641e-01 5.523293837904930115e-02 2.301998808979988098e-02 -8.552030473947525024e-02 -1.262620743364095688e-02 -2.917034178972244263e-02 -5.763432476669549942e-03 5.445388960652053356e-04 -3.392550721764564514e-02 -2.656739205121994019e-02 4.024711996316909790e-02 -3.112748637795448303e-02 -7.729834318161010742e-02 4.296560958027839661e-02 -3.259814903140068054e-02 2.570421062409877777e-02 -3.738258406519889832e-02 -2.196633815765380859e-02 1.582402363419532776e-02 6.239524111151695251e-02 3.682022541761398315e-02 1.030896902084350586e-01 1.691128686070442200e-02 1.318592112511396408e-02 8.396317809820175171e-02 1.911946386098861694e-02 3.197726979851722717e-02 9.436704218387603760e-02 -1.568960584700107574e-02 -5.485339462757110596e-02 -1.067747473716735840e-01 -2.840053290128707886e-02 -1.040737926959991455e-01 -1.133534088730812073e-01 -1.719210669398307800e-02 -1.903073675930500031e-02 -1.089286580681800842e-01 4.861844703555107117e-03 -7.671973854303359985e-02 -1.683502923697233200e-03 2.406510151922702789e-02 8.443692326545715332e-02 4.349579662084579468e-02 3.772808238863945007e-02 1.304454952478408813e-01 1.481669256463646889e-03 2.768329344689846039e-02 -5.304351076483726501e-02 -4.134849086403846741e-02 -1.445237994194030762e-01 -1.928429119288921356e-02 -4.443485289812088013e-02 1.548507660627365112e-01 -1.234652288258075714e-02 8.558852970600128174e-02 1.409271825104951859e-02 -4.920232668519020081e-02 -3.298737108707427979e-02 -3.567504137754440308e-02 -1.391139179468154907e-01 3.243960812687873840e-02 -4.760435968637466431e-02 -3.921467065811157227e-02 8.356022834777832031e-02 1.073025539517402649e-01 1.000523790717124939e-01 9.392806142568588257e-02 2.174059748649597168e-01 -2.064042491838335991e-03 4.284117370843887329e-02 -1.571443825960159302e-01 -1.451062262058258057e-01 -3.162366449832916260e-01 -4.981543123722076416e-01 1.713231392204761505e-02 1.645882576704025269e-01 2.150753289461135864e-01 6.136846542358398438e-02 1.404982358217239380e-01 -6.989569216966629028e-02 -1.195546239614486694e-02
-2.738921903073787689e-03 -5.777808651328086853e-02 1.669271476566791534e-02 4.253698978573083878e-03 9.574832767248153687e-02 8.751146495342254639e-03 9.093623608350753784e-02 -7.856871187686920166e-02 -1.738553494215011597e-02 9.577782452106475830e-02 -7.207703776657581329e-03 -8.672705292701721191e-02 -3.987577557563781738e-02 -3.540308773517608643e-02 -6.174747645854949951e-02 -2.660216204822063446e-02 -5.751968547701835632e-02 9.074268862605094910e-03 -5.994519218802452087e-02 -1.780848950147628784e-01 -8.172489702701568604e-02 -2.508061826229095459e-01 3.598211705684661865e-02 2.253475040197372437e-01 1.647236496210098267e-01 9.288261085748672485e-02 3.797027841210365295e-02 -1.440310478210449219e-01 -1.098770275712013245e-01 6.543378345668315887e-03 3.320186957716941833e-02 -1.338358968496322632e-01 -1.121377348899841309e-01 3.329399228096008301e-02 -1.034369617700576782e-01 -2.702021971344947815e-02 -4.647915810346603394e-02 9.672281146049499512e-02 1.220342218875885010e-01 1.238021329045295715e-01 -2.959840372204780579e-02 3.264312818646430969e-02 7.298852503299713135e-02 7.262561470270156860e-02 1.218162551522254944e-01 -6.693127006292343140e-02 4.145785793662071228e-02 -9.925475716590881348e-02 3.181063011288642883e-02 6.726779043674468994e-02 1.897356659173965454e-02 -2.662267535924911499e-02 8.346483856439590454e-02 9.639615565538406372e-02 1.405543535947799683e-01 3.767280280590057373e-02 1.539350897073745728e-01 1.155823841691017151e-01 1.921665966510772705e-01 1.140889823436737061e-01 1.690812259912490845e-01 1.255156993865966797e-01 9.311719238758087158e-02 5.236347205936908722e-03 -8.073749393224716187e-02 -1.070583611726760864e-01 7.532677799463272095e-02 1.131175607442855835e-01 -3.226450085639953613e-02 -1.486009079962968826e-02 -9.965644776821136475e-02 -7.402457296848297119e-02 -7.278329133987426758e-02 -1.327331811189651489e-01 4.664998129010200500e-02 4.182591289281845093e-02 6.729769706726074219e-02 8.735963702201843262e-02 1.707922518253326416e-01 1.010849624872207642e-01 3.825086727738380432e-02 6.544239819049835205e-02 -5.708407843485474586e-04 1.795792728662490845e-01 3.065423108637332916e-02 1.097686737775802612e-01 6.695552170276641846e-02 3.778244182467460632e-02 -1.076118350028991699e-01 -6.211734563112258911e-02 -1.041472237557172775e-02 -1.251204162836074829e-01 -3.655456900596618652e-01 -8.007413744926452637e-01 -5.860769748687744141e-01 -5.790276527404785156e-01 -4.369126558303833008e-01 1.009016260504722595e-01 1.158010214567184448e-01 3.680756986141204834e-01 -1.249881684780120850e-01
2.088769339025020599e-02 -9.902086853981018066e-02 -5.286121368408203125e-02 -4.525087401270866394e-02 -8.871339261531829834e-03 5.478762462735176086e-02 2.972707338631153107e-02 -1.094072386622428894e-01 -9.787447005510330200e-02 3.123414330184459686e-02 8.241534233093261719e-02 8.664978295564651489e-02 -1.075662896037101746e-01 5.792381241917610168e-02 5.837636068463325500e-02 7.388865202665328979e-02 -2.116035111248493195e-02 -7.886167615652084351e-02 6.943675875663757324e-02 6.880982778966426849e-03 7.421002257615327835e-03 7.086300849914550781e-02 1.937174797058105469e-01 3.315868601202964783e-02 -1.109181120991706848e-01 -1.294107735157012939e-01 -6.380328536033630371e-02 1.158023066818714142e-02 -6.372399628162384033e-02 -4.417164251208305359e-02 -1.585922390222549438e-01 -1.573127321898937225e-02 4.446118324995040894e-02 5.714229494333267212e-02 -1.526007987558841705e-02 -1.497871149331331253e-02 -1.193174496293067932e-01 -4.740267246961593628e-02 -1.460322886705398560e-01 -6.008662283420562744e-02 -8.626545220613479614e-02 -1.102077588438987732e-02 8.607340604066848755e-02 -7.573638111352920532e-02 -7.234818488359451294e-02 1.087184622883796692e-01 -3.696062834933400154e-03 3.291036561131477356e-02 9.011729061603546143e-02 6.931664049625396729e-02 -4.854388069361448288e-03 6.279785186052322388e-02 1.235591322183609009e-01 1.631837040185928345e-01 8.022467792034149170e-02 9.664530307054519653e-02 7.743755728006362915e-02 -7.833346724510192871e-03 9.849872440099716187e-02 5.463577434420585632e-02 1.038426905870437622e-01 7.578841596841812134e-02 7.635530829429626465e-02 5.050646513700485229e-02 -9.326881915330886841e-02 -4.484996199607849121e-02 2.774210646748542786e-02 -3.521257266402244568e-02 -3.074013628065586090e-02 6.537937372922897339e-02 5.691901966929435730e-02 -2.458729967474937439e-02 -9.365227818489074707e-02 -3.704395517706871033e-02 -9.807634353637695312e-02 -1.010540947318077087e-01 -1.329835057258605957e-01 -1.452072989195585251e-02 -1.339303404092788696e-01 -7.204107940196990967e-02 -1.277228742837905884e-01 -1.239026561379432678e-01 -1.286354511976242065e-01 -2.848841622471809387e-02 -9.927082806825637817e-02 -1.652559787034988403e-01 -1.927186399698257446e-01 -1.698421984910964966e-01 7.917468994855880737e-02 1.662022620439529419e-01 3.835537135601043701e-01 3.889011442661285400e-01 5.085405334830284119e-02 -8.167162537574768066e-02 -3.563244342803955078e-01 -6.927208900451660156e-01 -5.820828080177307129e-01 1.044578254222869873e-01 -1.531355921179056168e-02 5.129467248916625977e-01 -3.766782581806182861e-02
5.064044147729873657e-02 -7.580656558275222778e-03 4.365778714418411255e-02 -1.588853821158409119e-02 -7.528424263000488281e-02 4.192478582262992859e-02 6.688067317008972168e-02 -5.136394873261451721e-02 -2.120220288634300232e-02 3.145741671323776245e-02 -6.520844995975494385e-02 -5.159642547369003296e-02 5.105844140052795410e-02 -8.619383722543716431e-02 -4.157632216811180115e-02 5.709064006805419922e-02 -6.382314115762710571e-02 -9.026549011468887329e-02 1.980616450309753418e-01 1.101687550544738770e-01 2.411209195852279663e-01 2.295921742916107178e-01 -6.467664241790771484e-02 6.213344261050224304e-02 -1.409971248358488083e-02 2.283729612827301025e-02 -1.256311982870101929e-01 -1.342169288545846939e-02 4.361262544989585876e-02 1.396137923002243042e-01 -1.749878078699111938e-01 -3.417844884097576141e-03 2.214575111865997314e-01 1.839821338653564453e-01 8.473234623670578003e-02 4.737294465303421021e-02 1.003838926553726196e-01 1.462815422564744949e-02 1.349252611398696899e-01 1.256899684667587280e-01 2.821226418018341064e-02 3.969326987862586975e-02 5.294734984636306763e-02 -1.511445939540863037e-01 -1.693338602781295776e-01 -5.815738067030906677e-02 -1.428399886935949326e-02 2.074261382222175598e-02 -1.796937920153141022e-02 6.491577718406915665e-03 -1.108956262469291687e-01 -8.274955302476882935e-02 3.807874396443367004e-03 -9.139949083328247070e-02 -1.880551502108573914e-02 -1.081588864326477051e-02 1.856831274926662445e-02 2.878075093030929565e-02 8.445282466709613800e-03 -1.093428060412406921e-01 3.627108410000801086e-02 -7.834285497665405273e-02 -6.974276900291442871e-02 -3.000577911734580994e-02 -1.964437216520309448e-02 -1.369546982459723949e-03 7.010303437709808350e-02 7.534850388765335083e-02 -1.555064227432012558e-02 7.213695347309112549e-02 4.901601374149322510e-02 1.217215806245803833e-01 2.183631509542465210e-01 1.454019695520401001e-01 9.815269708633422852e-02 2.618876397609710693e-01 3.093366920948028564e-01 1.601174473762512207e-01 1.809170991182327271e-01 7.744092494249343872e-02 9.622756391763687134e-02 1.468307822942733765e-01 -2.669131010770797729e-02 7.639735192060470581e-02 5.804959684610366821e-02 -1.562805473804473877e-02 -5.605653673410415649e-02 -5.042677745223045349e-02 5.350877642631530762e-01 2.139120697975158691e-01 5.104153603315353394e-02 1.609386205673217773e-01 8.284042775630950928e-02 3.672879040241241455e-01 -2.517723850905895233e-02 6.037583947181701660e-02 5.490944385528564453e-01 2.706442773342132568e-01 1.664185523986816406e-01 2.857057750225067139e-01 -7.533639436587691307e-04
-9.324917197227478027e-02 -3.173106117174029350e-03 -1.102237496525049210e-02 5.207967385649681091e-02 6.798423826694488525e-02 -1.239777170121669769e-02 -1.066988557577133179e-01 5.576355848461389542e-03 4.498638957738876343e-02 -5.748257040977478027e-03 3.384524211287498474e-02 4.227174445986747742e-03 1.213276199996471405e-02 -2.059192582964897156e-02 6.210539489984512329e-02 3.803082555532455444e-02 -8.124407380819320679e-02 4.288306832313537598e-02 1.159111317247152328e-02 2.734378911554813385e-02 -3.241163119673728943e-02 -8.378453552722930908e-02 -1.249258406460285187e-02 4.467890039086341858e-02 -3.288504853844642639e-02 3.223216161131858826e-02 4.288507625460624695e-02 -9.537245146930217743e-03 -8.097285777330398560e-02 7.444718480110168457e-02 -1.720507815480232239e-02 6.508066505193710327e-02 1.162360981106758118e-02 1.359553337097167969e-01 5.659400671720504761e-02 9.577609598636627197e-03 -7.987438142299652100e-02 -8.160050213336944580e-02 -7.887484133243560791e-02 1.157036945223808289e-01 2.409457787871360779e-02 -1.457788888365030289e-02 3.104117140173912048e-02 -5.346334725618362427e-02 1.203458011150360107e-02 -3.910269122570753098e-03 2.834465354681015015e-02 -2.204672619700431824e-02 7.116695400327444077e-03 -1.013657972216606140e-01 -4.377470165491104126e-02 -9.796391427516937256e-02 2.936126291751861572e-02 8.644991368055343628e-02 -9.883742779493331909e-02 1.242955215275287628e-02 -2.628428488969802856e-02 4.879256710410118103e-02 1.528304815292358398e-01 8.313602954149246216e-02 -1.655714586377143860e-02 2.535941824316978455e-02 2.912178449332714081e-02 -2.768897637724876404e-02 6.739171594381332397e-02 4.366018995642662048e-02 -1.339529752731323242e-01 -4.838850721716880798e-02 1.085476279258728027e-01 1.183134596794843674e-02 5.210737511515617371e-02 1.351627856492996216e-01 5.176094546914100647e-02 6.454704701900482178e-02 1.122363880276679993e-01 8.528747595846652985e-03 1.131637170910835266e-01 2.122887643054127693e-03 -6.041461229324340820e-02 7.283955812454223633e-02 4.319892823696136475e-02 -3.178222104907035828e-02 5.412933602929115295e-02 -6.319779157638549805e-02 -1.514917463064193726e-01 -2.491103708744049072e-01 -1.386224478483200073e-01 -2.857642471790313721e-01 -2.055392265319824219e-01 -2.241316810250282288e-02 2.252363711595535278e-01 2.194674164056777954e-01 2.155022323131561279e-01 3.239451944828033447e-01 -1.689434866420924664e-03 -2.746773660182952881e-01 -2.941394150257110596e-01 -1.579152494668960571e-01 -3.231766819953918457e-02 1.814473867416381836e-01 6.981901079416275024e-02
-1.054583117365837097e-01 1.802382431924343109e-02 1.937319524586200714e-02 -7.932339608669281006e-02 3.267834335565567017e-02 -1.169465668499469757e-02 -6.325336545705795288e-02 6.043049320578575134e-02 -8.352290838956832886e-03 -4.548903927206993103e-02 3.182291239500045776e-02 1.057135593146085739e-02 5.754503607749938965e-02 5.253899842500686646e-02 3.885959833860397339e-02 5.447262898087501526e-03 5.260368064045906067e-02 -7.215433754026889801e-03 1.179706901311874390e-01 7.461340725421905518e-02 3.163879737257957458e-02 -8.926725387573242188e-02 7.152030616998672485e-02 -7.453098893165588379e-03 3.711303323507308960e-02 -3.901087120175361633e-02 -2.021515741944313049e-02 -1.083294451236724854e-01 3.025490418076515198e-02 -7.272951304912567139e-02 -8.185881376266479492e-02 8.109189569950103760e-02 6.727758049964904785e-02 -1.053655967116355896e-01 -1.139651164412498474e-01 -1.389166265726089478e-01 -1.905264332890510559e-02 -1.162090152502059937e-01 5.055986717343330383e-02 8.115649968385696411e-02 -1.458051893860101700e-02 5.785344913601875305e-02 -1.152981519699096680e-01 -4.449693858623504639e-02 2.211630903184413910e-02 -5.760493874549865723e-02 3.258683253079652786e-03 5.336691066622734070e-02 1.265844553709030151e-01 6.144006550312042236e-02 1.309590693563222885e-02 -1.293075550347566605e-02 9.456630796194076538e-02 3.122164402157068253e-03 5.808470770716667175e-02 -1.211201250553131104e-01 3.132836520671844482e-02 1.086375787854194641e-01 6.242765113711357117e-02 7.576795294880867004e-03 -8.777759037911891937e-03 -1.259895414113998413e-01 -5.608047544956207275e-02 1.743192970752716064e-02 1.701991260051727295e-01 -8.072127401828765869e-02 -1.693477928638458252e-01 -1.506426334381103516e-01 -2.291185110807418823e-01 -1.617088466882705688e-01 6.900908052921295166e-02 3.066023625433444977e-02 3.340351954102516174e-02 9.328249841928482056e-02 -4.001658782362937927e-02 1.204016730189323425e-01 9.210278093814849854e-02 -4.111391492187976837e-03 -1.407906562089920044e-01 -1.018644347786903381e-01 -5.254027992486953735e-02 -1.795460134744644165e-01 -5.774884484708309174e-03 -2.565400488674640656e-02 1.390189081430435181e-01 3.948661312460899353e-02 2.311929687857627869e-02 -1.991203613579273224e-02 -2.430296875536441803e-02 -7.925324141979217529e-02 -4.752137511968612671e-02 -1.143587678670883179e-01 -2.760495841503143311e-01 2.831327021121978760e-01 1.335039883852005005e-01 9.780258871614933014e-03 2.878468930721282959e-01 3.253932297229766846e-02 -1.968282312154769897e-01 -1.363451480865478516e-01 1.247314084321260452e-02
-7.189257442951202393e-02 7.168631255626678467e-02 2.976267971098423004e-02 -4.218964022584259510e-04 -2.632289938628673553e-02 3.150038048624992371e-02 -8.695655316114425659e-02 -4.280615597963333130e-02 -4.278221353888511658e-02 -3.537075966596603394e-02 2.618094719946384430e-02 7.188917137682437897e-03 -2.751657366752624512e-02 5.416912585496902466e-02 -7.163576781749725342e-02 4.617828503251075745e-02 1.007992029190063477e-01 1.570114982314407825e-03 2.928369678556919098e-02 -4.701086133718490601e-02 3.519654273986816406e-02 -2.029770798981189728e-02 5.222879350185394287e-02 -6.627670023590326309e-03 8.263241499662399292e-03 2.857407368719577789e-02 -7.305769622325897217e-02 -5.133376456797122955e-03 -1.121811047196388245e-01 3.410914540290832520e-02 -8.211757987737655640e-02 -2.792674675583839417e-02 1.694946885108947754e-01 1.903735250234603882e-01 1.322717219591140747e-01 -1.013879925012588501e-01 -1.574057191610336304e-01 -5.444337055087089539e-02 -7.893738895654678345e-02 -5.562205985188484192e-02 -1.146124973893165588e-01 -5.073071643710136414e-02 3.999110683798789978e-02 6.923273950815200806e-02 -1.398356910794973373e-02 9.213903546333312988e-02 5.608985573053359985e-02 -2.746414951980113983e-02 8.686280995607376099e-02 -9.520160034298896790e-03 -9.604344144463539124e-03 -5.865779146552085876e-02 -8.896951377391815186e-02 -3.095043636858463287e-02 5.552807822823524475e-02 1.081775426864624023e-01 -3.779248148202896118e-02 5.833160877227783203e-02 3.225935995578765869e-02 8.282899856567382812e-02 -1.391174085438251495e-02 -3.793298453092575073e-02 -1.081221178174018860e-01 -1.027479916810989380e-01 -2.701226621866226196e-02 -1.720919907093048096e-01 1.743999123573303223e-02 -5.595096573233604431e-02 -9.054966270923614502e-02 -1.112652122974395752e-01 -4.412135481834411621e-02 -1.412238478660583496e-01 -2.141797989606857300e-01 -6.561177968978881836e-02 -1.388864815235137939e-01 -2.315092980861663818e-01 -4.665979743003845215e-02 -1.993750408291816711e-02 9.015008062124252319e-02 1.244084313511848450e-01 1.774521768093109131e-01 1.799213737249374390e-01 2.184197157621383667e-01 7.819230109453201294e-02 2.936611324548721313e-02 -1.029175892472267151e-01 -3.792037069797515869e-02 7.143601030111312866e-02 7.440660148859024048e-02 1.070963740348815918e-01 -2.484162151813507080e-02 1.448395699262619019e-01 -8.381383121013641357e-02 -7.079444080591201782e-02 3.152095898985862732e-02 -9.516443312168121338e-02 9.008539468050003052e-02 1.150407865643501282e-01 1.304687000811100006e-02 8.045405894517898560e-02 2.299275062978267670e-02
1.591945067048072815e-02 -6.183220539242029190e-03 1.058345139026641846e-01 1.210645586252212524e-01 8.956311643123626709e-02 -3.129441663622856140e-02 -6.392490863800048828e-02 -7.153364270925521851e-02 8.880129456520080566e-02 4.169617220759391785e-02 -7.293795794248580933e-02 -3.822044283151626587e-02 -1.971021480858325958e-02 4.308286309242248535e-02 -2.612464502453804016e-02 -8.008673042058944702e-02 3.480178490281105042e-02 -1.816978491842746735e-02 -1.655362844467163086e-01 -1.338995397090911865e-01 -7.650343328714370728e-02 -2.509866952896118164e-01 -1.359951347112655640e-01 -3.055147267878055573e-02 8.961696177721023560e-02 1.308165341615676880e-01 6.064907461404800415e-02 1.449240446090698242e-01 2.050140500068664551e-01 1.069964990019798279e-01 1.744669079780578613e-01 1.920906007289886475e-01 6.568353623151779175e-02 1.556312143802642822e-01 1.884694099426269531e-01 1.548184305429458618e-01 9.758721292018890381e-02 1.167265921831130981e-01 -2.628290094435214996e-03 -3.043602593243122101e-02 -8.304558694362640381e-02 -2.664411999285221100e-02 -1.491687726229429245e-02 -1.413389891386032104e-01 -1.515737175941467285e-02 -7.849144190549850464e-02 1.533070579171180725e-02 4.671638086438179016e-02 -6.988602690398693085e-03 -2.795283682644367218e-02 -2.915243059396743774e-02 -2.400339953601360321e-02 -5.407401360571384430e-03 -8.139097131788730621e-03 4.206793382763862610e-02 4.993936419486999512e-02 1.013894975185394287e-01 3.948202356696128845e-02 -3.224584460258483887e-02 -7.457327842712402344e-02 6.607213616371154785e-02 8.830510824918746948e-02 -4.566742107272148132e-02 -8.099957555532455444e-02 -1.022082045674324036e-01 -3.289623185992240906e-02 6.964889168739318848e-02 3.564579412341117859e-02 -1.125466153025627136e-01 -6.321007758378982544e-02 -1.306243706494569778e-02 -1.171180903911590576e-01 3.746498748660087585e-02 4.237823560833930969e-02 -1.194764277897775173e-03 5.226717516779899597e-02 3.231531009078025818e-02 8.775256574153900146e-02 1.922793090343475342e-01 1.563093364238739014e-01 3.945552185177803040e-02 9.993308782577514648e-02 5.498968437314033508e-02 7.361372560262680054e-02 1.678592860698699951e-01 2.332668304443359375e-01 2.659505903720855713e-01 3.052195012569427490e-01 8.620599508285522461e-01 3.398080170154571533e-01 9.351739287376403809e-02 -5.274707451462745667e-02 2.618629112839698792e-02 2.191209234297275543e-02 -2.242861539125442505e-01 -1.952769756317138672e-01 -3.161599040031433105e-01 -1.436400711536407471e-01 -7.721386849880218506e-02 -3.472913801670074463e-02 -5.164862051606178284e-02
7.293360680341720581e-02 -2.848898060619831085e-02 1.325293560512363911e-03 1.451833918690681458e-02 -7.408699393272399902e-02 -6.728299707174301147e-02 6.995990406721830368e-03 5.189589783549308777e-02 -4.283886030316352844e-02 5.486847832798957825e-02 5.590524524450302124e-02 1.309960894286632538e-02 7.931983470916748047e-02 7.021158188581466675e-02 -2.322778338566422462e-03 -5.171896144747734070e-02 -1.003478690981864929e-01 -1.093220263719558716e-01 2.693775668740272522e-02 -5.339958518743515015e-02 2.630106173455715179e-02 -4.736085981130599976e-02 5.968516319990158081e-02 -2.676086127758026123e-02 2.262092381715774536e-02 -1.065924167633056641e-01 4.639396443963050842e-02 -3.289115428924560547e-02 -2.316768281161785126e-02 -9.370940737426280975e-03 -1.787958145141601562e-01 3.090458363294601440e-02 -8.802619576454162598e-02 -4.208967089653015137e-02 6.269918382167816162e-02 1.307612061500549316e-01 1.499537378549575806e-02 7.142191380262374878e-02 -5.883874371647834778e-02 6.660677492618560791e-02 -8.696528151631355286e-03 -1.090107206255197525e-02 4.398955032229423523e-03 8.618152141571044922e-02 1.836993545293807983e-02 8.451417833566665649e-02 6.694389879703521729e-02 4.649488627910614014e-02 -8.008939772844314575e-02 -1.042184233665466309e-01 -1.173799857497215271e-01 -1.023862957954406738e-01 -5.336587131023406982e-02 -2.633335767313838005e-03 -8.347232826054096222e-03 1.104719638824462891e-01 1.395383030176162720e-01 2.262016013264656067e-02 -8.382756263017654419e-02 9.668512642383575439e-02 -3.338550403714179993e-02 2.488467283546924591e-02 -4.921386763453483582e-02 -1.109880656003952026e-01 -6.631288677453994751e-02 -5.887279659509658813e-02 -8.866190910339355469e-03 6.527642905712127686e-02 6.266667693853378296e-02 -2.154776826500892639e-03 -9.433759748935699463e-02 1.118499338626861572e-01 1.256475895643234253e-01 -1.114960946142673492e-02 -4.886470735073089600e-02 -1.278334558010101318e-01 -8.531144261360168457e-02 -2.016127575188875198e-03 4.025513306260108948e-02 1.219510734081268311e-01 6.598680466413497925e-02 1.212062165141105652e-01 7.003694027662277222e-02 -1.435233559459447861e-02 2.440664730966091156e-02 8.202999830245971680e-02 -1.051151081919670105e-01 -3.917765244841575623e-02 -1.429794877767562866e-01 -6.422643363475799561e-02 -1.308562606573104858e-01 -2.863787300884723663e-02 1.363102793693542480e-01 2.552608773112297058e-02 1.356057822704315186e-01 1.240692660212516785e-01 3.613686189055442810e-03 4.150500148534774780e-02 -4.876292869448661804e-02 -1.552450507879257202e-01 -4.547872394323348999e-02
6.216234341263771057e-02 5.653331428766250610e-02 7.414025068283081055e-02 -5.320832133293151855e-03 3.374332934617996216e-02 -9.358535706996917725e-02 -9.238071739673614502e-02 1.063840650022029877e-02 8.995065838098526001e-02 3.655567765235900879e-02 -2.492975443601608276e-02 6.505692005157470703e-02 -9.131977707147598267e-02 -5.303024500608444214e-02 5.546402186155319214e-03 -1.060899943113327026e-01 -3.210891410708427429e-02 9.537895023822784424e-02 -7.912900298833847046e-02 -4.090097174048423767e-02 2.911229059100151062e-02 3.005709312856197357e-02 -9.744127281010150909e-03 8.349766582250595093e-02 4.864367656409740448e-03 4.652840644121170044e-02 -1.015168204903602600e-01 8.178676664829254150e-02 -1.697318404912948608e-01 8.558685332536697388e-02 -1.481073200702667236e-01 -1.396170537918806076e-02 1.002274006605148315e-01 -3.131362423300743103e-02 -7.979690097272396088e-03 -1.177262440323829651e-01 -1.299853175878524780e-01 -9.995584189891815186e-02 -1.409167051315307617e-02 9.203433245420455933e-02 1.457155644893646240e-01 5.989090725779533386e-02 -5.573097243905067444e-02 6.068656966090202332e-02 4.681250825524330139e-02 -8.274962007999420166e-02 6.944185495376586914e-02 -1.499844621866941452e-02 1.228122413158416748e-01 -6.963349133729934692e-02 4.999175667762756348e-02 2.922717109322547913e-02 8.953006565570831299e-02 -2.186030894517898560e-02 1.143997535109519958e-02 -1.801266521215438843e-01 -1.326557435095310211e-02 1.285091191530227661e-01 2.799641713500022888e-02 -5.930543690919876099e-02 -1.439146399497985840e-01 -2.267757654190063477e-01 -3.201366215944290161e-02 1.255492269992828369e-01 1.101188585162162781e-01 1.768330186605453491e-01 1.122414916753768921e-01 -9.769595414400100708e-02 1.219174861907958984e-01 -1.982808299362659454e-02 4.791460186243057251e-02 6.309257447719573975e-02 7.498407270759344101e-03 -6.070583313703536987e-02 -7.303634285926818848e-02 5.791031196713447571e-02 7.324155303649604321e-04 -5.967273190617561340e-02 -2.346740663051605225e-02 1.152096018195152283e-01 1.146857962012290955e-01 -1.131971254944801331e-01 1.278413459658622742e-02 -3.650208562612533569e-02 -1.228261739015579224e-01 -7.459858804941177368e-02 -8.557195216417312622e-02 6.336042191833257675e-03 3.626140207052230835e-02 6.102389842271804810e-02 6.069055572152137756e-02 1.371105164289474487e-01 2.168440818786621094e-02 2.192589640617370605e-01 -8.581650257110595703e-02 -2.810418903827667236e-01 -1.437880396842956543e-01 5.619307048618793488e-03 -8.957904763519763947e-03 1.965666413307189941e-01 2.754344977438449860e-02
-1.320515200495719910e-02 3.148519620299339294e-02 -7.315941154956817627e-02 -9.700282663106918335e-02 -9.410534799098968506e-02 8.145835250616073608e-02 4.224590957164764404e-02 5.527370423078536987e-02 7.461200584657490253e-04 2.880339697003364563e-02 -7.799006067216396332e-03 -1.171492412686347961e-01 -1.571957394480705261e-02 -9.995868802070617676e-02 -6.486329250037670135e-03 -1.929068416357040405e-01 -1.774156391620635986e-01 -1.889081597328186035e-01 -3.081734292209148407e-02 1.801040768623352051e-02 -1.295752525329589844e-01 7.438246160745620728e-02 3.125795722007751465e-01 4.337517917156219482e-01 2.302010357379913330e-01 -1.737736910581588745e-02 -1.692201048135757446e-01 -1.251921802759170532e-01 -1.153362691402435303e-01 -7.353668659925460815e-02 -2.237005345523357391e-02 6.265452504158020020e-02 -9.929767251014709473e-02 -9.902615845203399658e-02 -1.262644380331039429e-01 -1.877011060714721680e-01 -1.856490224599838257e-02 -1.478069424629211426e-01 -7.791534066200256348e-02 -7.500239461660385132e-02 -4.335983842611312866e-02 -1.205939054489135742e-02 -7.383911311626434326e-02 -5.872061103582382202e-02 -2.110181152820587158e-01 -1.911249905824661255e-01 -7.793435454368591309e-02 -2.315368056297302246e-01 -1.310039311647415161e-01 -1.256825178861618042e-01 -1.357691586017608643e-01 1.262433361262083054e-02 -1.209292486310005188e-01 -1.086686775088310242e-01 -1.409408450126647949e-01 -6.178217008709907532e-02 -3.789490833878517151e-02 1.212124153971672058e-02 -5.645030364394187927e-02 2.315828576683998108e-02 -7.554095238447189331e-02 -6.308255344629287720e-02 6.530332565307617188e-02 -2.678368985652923584e-02 1.003540158271789551e-01 -4.146125912666320801e-02 -1.438592076301574707e-01 -1.166984289884567261e-01 -1.360454559326171875e-01 -1.226382926106452942e-01 -1.443709731101989746e-01 2.106672339141368866e-02 -1.326810941100120544e-02 1.415934134274721146e-02 1.624420732259750366e-01 2.665063738822937012e-01 2.476534545421600342e-01 2.945926487445831299e-01 2.800895273685455322e-01 2.073994427919387817e-01 2.002973854541778564e-01 2.509519457817077637e-01 1.890703588724136353e-01 1.319178938865661621e-01 1.004943549633026123e-01 5.506387352943420410e-02 1.673827618360519409e-01 9.814050048589706421e-02 7.379954457283020020e-01 1.808707267045974731e-01 2.302998155355453491e-01 2.431418150663375854e-01 1.998720318078994751e-02 1.167442128062248230e-01 8.472161740064620972e-02 -4.859568551182746887e-02 4.003216922283172607e-01 3.879284262657165527e-01 3.661641776561737061e-01 6.078236699104309082e-01 -3.688633814454078674e-02
-3.045158274471759796e-02 6.949382275342941284e-02 -2.833928726613521576e-02 6.474570184946060181e-02 4.773986712098121643e-02 4.715837165713310242e-02 -4.020147770643234253e-02 -8.411047607660293579e-02 1.030374318361282349e-01 1.071439087390899658e-01 -4.396710172295570374e-02 -5.804212763905525208e-02 -6.497894972562789917e-02 2.412844821810722351e-02 6.577191501855850220e-02 3.466159477829933167e-02 -9.832333028316497803e-02 -1.260384619235992432e-01 -4.692681506276130676e-02 -1.844626106321811676e-02 -5.140852928161621094e-02 5.987447872757911682e-02 6.671074032783508301e-02 6.807311903685331345e-03 6.337822228670120239e-02 -4.491938278079032898e-02 -7.589958608150482178e-02 2.041088975965976715e-02 4.687673598527908325e-02 3.468842804431915283e-02 -1.341695040464401245e-01 4.339566454291343689e-03 9.379654377698898315e-02 -3.637899830937385559e-02 -6.147301942110061646e-02 -1.583644449710845947e-01 1.366766542196273804e-02 2.492504566907882690e-02 5.355032533407211304e-02 4.695132374763488770e-02 7.950627803802490234e-02 9.550719708204269409e-02 -3.552522277459502220e-03 1.347511913627386093e-02 -1.025727763772010803e-01 3.562345728278160095e-02 -8.744035661220550537e-02 -7.043939083814620972e-02 1.116016358137130737e-01 -2.648014947772026062e-02 4.313933476805686951e-02 4.347612150013446808e-03 1.228628903627395630e-01 1.114217564463615417e-01 -3.692065551877021790e-02 -1.202163025736808777e-01 -8.573569357395172119e-02 -9.616502560675144196e-03 1.295382808893918991e-02 1.013768836855888367e-01 -5.663486570119857788e-02 3.602692112326622009e-02 -2.824003063142299652e-02 2.752043493092060089e-02 6.308283656835556030e-02 6.042172014713287354e-02 4.198338463902473450e-02 -5.404938384890556335e-02 1.630724780261516571e-02 -8.810832165181636810e-03 -3.380058333277702332e-02 -8.375967293977737427e-02 5.525860004127025604e-03 -2.212063968181610107e-02 1.430245041847229004e-01 7.631012238562107086e-03 5.438284575939178467e-02 7.495875936001539230e-03 2.812196500599384308e-02 -3.817166434600949287e-03 5.714252963662147522e-02 2.555852942168712616e-02 -7.374278455972671509e-02 -1.378866136074066162e-01 -7.748667895793914795e-02 5.330072250217199326e-03 1.011186391115188599e-01 -4.667383059859275818e-02 -2.452258020639419556e-02 -6.977602839469909668e-02 -5.270583182573318481e-02 3.904693946242332458e-02 -9.067103266716003418e-02 4.213186204433441162e-01 7.631248980760574341e-02 -4.327145963907241821e-02 1.128433737903833389e-02 -9.571775048971176147e-02 -1.927107870578765869e-01 -1.319235712289810181e-01 3.687605634331703186e-02
-8.488723635673522949e-02 -1.198229715228080750e-01 -3.571979701519012451e-02 -9.155020117759704590e-03 2.665525488555431366e-02 6.678784638643264771e-02 2.931689610704779625e-03 -4.482876043766736984e-03 5.965720117092132568e-02 -2.546895481646060944e-02 -4.381825774908065796e-02 1.004098504781723022e-01 -4.079781845211982727e-02 4.996823519468307495e-02 -6.356675177812576294e-02 1.450038980692625046e-03 -8.399992249906063080e-03 1.164032965898513794e-01 3.590245917439460754e-02 9.650392457842826843e-03 -4.763446003198623657e-02 1.599472463130950928e-01 9.690658771432936192e-04 -7.596715539693832397e-02 -3.079878538846969604e-02 4.130661860108375549e-02 -5.892341956496238708e-02 -6.879560183733701706e-03 -1.837015710771083832e-02 -6.831964105367660522e-02 3.202094137668609619e-02 -1.910412870347499847e-02 -7.838565111160278320e-02 -3.257380053400993347e-02 8.420855551958084106e-02 8.140794932842254639e-02 3.823313862085342407e-02 -2.193257212638854980e-02 -1.131763905286788940e-01 -8.245644718408584595e-02 -5.080118775367736816e-02 -7.836764305830001831e-02 -3.424602095037698746e-03 7.212616503238677979e-02 -6.301216781139373779e-02 -1.829211786389350891e-02 1.630282029509544373e-02 5.746278166770935059e-02 4.834098741412162781e-02 3.043101355433464050e-02 -3.532285988330841064e-02 6.210913509130477905e-02 -4.399345070123672485e-02 3.832371905446052551e-02 9.136330336332321167e-02 9.637840837240219116e-02 -4.858830571174621582e-02 -3.270045667886734009e-02 -5.855192989110946655e-02 8.456257730722427368e-02 9.208563715219497681e-02 4.294266924262046814e-02 9.591992013156414032e-03 -1.328247487545013428e-01 -8.667675405740737915e-02 1.533081755042076111e-02 4.900963976979255676e-02 9.213357418775558472e-02 5.153682082891464233e-02 7.280231919139623642e-03 -4.491094872355461121e-02 8.836168050765991211e-02 -5.944932624697685242e-02 -7.737624645233154297e-02 -3.550855815410614014e-02 2.943351864814758301e-02 -8.332974463701248169e-02 -4.549099598079919815e-03 -1.200081706047058105e-01 -1.528887003660202026e-01 -1.227317377924919128e-01 9.669924154877662659e-03 -2.929900400340557098e-02 1.137941628694534302e-01 1.324973534792661667e-02 4.116980358958244324e-02 6.557529419660568237e-02 1.652653664350509644e-01 2.295578569173812866e-01 -9.693122655153274536e-02 -8.426745235919952393e-02 6.029751151800155640e-02 -6.607582420110702515e-02 -2.869784832000732422e-01 -5.960847809910774231e-02 4.725679755210876465e-02 -7.505739573389291763e-03 1.444811820983886719e-01 1.273490339517593384e-01 2.839951962232589722e-02 -3.921319916844367981e-02
2.625472657382488251e-02 7.377202808856964111e-02 -1.764323003590106964e-02 1.064478140324354172e-02 5.670823156833648682e-02 -5.079076439142227173e-02 -1.405425462871789932e-02 -6.392244994640350342e-02 -3.419333323836326599e-02 -7.273601740598678589e-02 7.850797474384307861e-02 -2.810207940638065338e-02 2.490230649709701538e-02 -9.228545241057872772e-03 3.694880381226539612e-02 -2.861857973039150238e-02 1.262882053852081299e-01 1.583996117115020752e-01 7.071505486965179443e-02 -4.653769358992576599e-02 -1.710539311170578003e-02 1.668244600296020508e-01 1.771861165761947632e-01 9.315721690654754639e-02 -5.619953572750091553e-02 1.479492783546447754e-01 5.062717944383621216e-02 -9.066393971443176270e-02 -1.654531210660934448e-01 -6.279217451810836792e-02 -4.297673702239990234e-02 3.636195883154869080e-02 -6.763429939746856689e-02 -1.309812963008880615e-01 -1.655792593955993652e-01 -1.527352929115295410e-01 -8.352816104888916016e-02 -1.469802670180797577e-02 -1.395945847034454346e-01 -1.275734305381774902e-01 1.808106340467929840e-02 5.031861364841461182e-02 -7.538057863712310791e-02 -1.052284613251686096e-01 9.495477378368377686e-02 7.469414174556732178e-02 -7.896914146840572357e-03 -5.146827548742294312e-02 1.243803417310118675e-03 7.069189846515655518e-02 1.369875669479370117e-02 1.147695071995258331e-02 -2.281946688890457153e-02 3.453973680734634399e-02 -1.110815480351448059e-01 5.517566949129104614e-02 1.943665556609630585e-02 -6.243842188268899918e-03 9.813664853572845459e-02 -1.012284755706787109e-01 -4.189275577664375305e-02 -2.650721184909343719e-02 -6.060398370027542114e-02 -1.677910424768924713e-02 -6.521753221750259399e-02 7.884520292282104492e-02 -6.269881129264831543e-02 3.134347498416900635e-02 -3.171032294631004333e-02 -9.031426906585693359e-02 6.103934347629547119e-02 -1.090958993881940842e-02 6.301417946815490723e-02 -1.152984946966171265e-01 -8.850029855966567993e-02 -1.265412718057632446e-01 -1.264324486255645752e-01 -6.955625861883163452e-02 -6.433849781751632690e-02 1.122454926371574402e-02 -1.508609671145677567e-02 4.617002326995134354e-03 7.811429351568222046e-02 6.995362043380737305e-02 8.423711359500885010e-02 -1.311836950480937958e-02 1.268353685736656189e-02 -8.582838624715805054e-02 -2.087029069662094116e-01 -2.070209532976150513e-01 -1.854427754878997803e-01 -1.764825731515884399e-01 -1.678735017776489258e-01 -6.768952123820781708e-03 1.240421608090400696e-01 3.467404842376708984e-01 5.297916531562805176e-01 1.469039171934127808e-01 -3.723279014229774475e-02 -1.459421217441558838e-01 1.826858893036842346e-02
1.116069480776786804e-01 -8.836395107209682465e-03 9.179349243640899658e-02 4.946019127964973450e-02 -8.228823542594909668e-02 4.830229096114635468e-03 4.006745666265487671e-02 7.365905493497848511e-02 -6.359247863292694092e-02 -4.911220073699951172e-02 5.827421694993972778e-02 -4.165916889905929565e-02 -8.588362485170364380e-02 -2.857194095849990845e-02 -1.144899129867553711e-01 -6.495948135852813721e-02 3.842561691999435425e-02 9.836007654666900635e-02 -7.890316098928451538e-02 -5.223193019628524780e-02 7.325582951307296753e-02 -3.542462736368179321e-02 7.232905179262161255e-02 3.516614064574241638e-02 -8.659628778696060181e-02 2.624028921127319336e-02 -6.809613667428493500e-03 -1.680549420416355133e-02 3.108926117420196533e-02 1.126091554760932922e-01 -1.767284125089645386e-01 -2.595789544284343719e-02 1.391031891107559204e-01 1.405799984931945801e-01 6.271523237228393555e-02 -5.260800942778587341e-02 -3.203605860471725464e-02 -4.906708002090454102e-02 -9.407891333103179932e-02 -6.501047313213348389e-02 2.505687065422534943e-02 -7.135491818189620972e-03 -7.009571790695190430e-02 3.134061396121978760e-02 3.004365134984254837e-03 9.288659691810607910e-02 7.623084634542465210e-02 5.751134455204010010e-02 6.224777549505233765e-03 1.092481892555952072e-02 -5.331114307045936584e-02 -6.992366164922714233e-02 -1.086548119783401489e-01 5.236759036779403687e-02 -5.192189291119575500e-02 -6.923263892531394958e-03 8.598136901855468750e-02 -1.660152152180671692e-02 -1.476428844034671783e-02 9.586680680513381958e-02 -1.487017888575792313e-02 2.949250116944313049e-02 3.119479864835739136e-02 5.574562121182680130e-03 -8.390530943870544434e-02 5.831187218427658081e-02 -5.923140794038772583e-02 3.302931413054466248e-02 -3.161622211337089539e-02 -5.388562753796577454e-02 1.395065896213054657e-02 -1.075828727334737778e-02 4.225444421172142029e-02 -3.552679345011711121e-02 2.728811465203762054e-03 -1.133252680301666260e-01 -1.717559993267059326e-02 -9.765903465449810028e-03 2.374231070280075073e-02 -5.452080070972442627e-02 8.730098605155944824e-02 -6.393253803253173828e-03 5.738647282123565674e-02 4.366773739457130432e-02 7.956035435199737549e-02 -5.784814804792404175e-02 -5.989261344075202942e-02 2.505657263100147247e-02 -5.979638174176216125e-02 -5.214900709688663483e-03 -1.022979021072387695e-01 6.312448531389236450e-02 1.562995836138725281e-02 8.702280372381210327e-02 1.271843314170837402e-01 2.893987298011779785e-02 -1.213155612349510193e-01 -2.828166075050830841e-02 -5.450685694813728333e-02 1.449882090091705322e-01 -2.005335129797458649e-02
-4.667127132415771484e-02 1.617199182510375977e-02 -5.870379507541656494e-03 -7.175780832767486572e-02 -9.903064370155334473e-02 -5.502155423164367676e-02 -6.416816264390945435e-02 -3.003536490723490715e-03 -9.539944119751453400e-03 -9.908913075923919678e-02 -4.281065985560417175e-02 -2.107140421867370605e-01 -1.883207261562347412e-01 -1.723910719156265259e-01 -5.053721740841865540e-02 -2.396166510879993439e-02 -9.551374614238739014e-02 -1.216471418738365173e-01 -1.740564554929733276e-01 -9.636732935905456543e-02 9.846493601799011230e-02 -8.435331284999847412e-02 -1.097843144088983536e-02 -8.119495213031768799e-02 -1.032397821545600891e-01 -1.695598810911178589e-01 -2.034138441085815430e-01 6.900221109390258789e-02 -5.624131858348846436e-02 -1.314446777105331421e-01 1.265783011913299561e-01 1.736515387892723083e-02 -1.146256774663925171e-01 -1.009229496121406555e-01 -7.688792049884796143e-02 -1.186529174447059631e-01 -6.389678269624710083e-02 6.657528132200241089e-02 1.277732551097869873e-01 -9.647556580603122711e-03 3.345693275332450867e-02 -7.558686286211013794e-02 1.006731018424034119e-01 3.131470084190368652e-02 9.839838743209838867e-02 9.915634989738464355e-02 4.234106466174125671e-02 -2.291807346045970917e-02 -4.683270305395126343e-02 4.154442343860864639e-03 1.103923693299293518e-01 -3.130927914753556252e-03 -6.509976834058761597e-02 -3.973243385553359985e-02 -5.344643816351890564e-02 1.961438730359077454e-02 -8.960977941751480103e-02 2.269070409238338470e-02 2.173352614045143127e-02 -1.942156068980693817e-02 -3.863112628459930420e-02 -9.493411332368850708e-02 -2.015156000852584839e-01 -8.805115520954132080e-02 -8.814608305692672729e-02 4.168011248111724854e-02 -1.127241253852844238e-01 -1.057150885462760925e-01 -8.073970675468444824e-02 8.759561926126480103e-02 6.290137022733688354e-02 1.600222885608673096e-01 1.751302629709243774e-01 1.760503351688385010e-01 1.625974923372268677e-01 9.547827392816543579e-02 4.668893665075302124e-02 1.252115964889526367e-01 7.019539177417755127e-02 -4.876893013715744019e-03 2.706152200698852539e-02 4.016619175672531128e-02 -1.377125829458236694e-01 -7.520142477005720139e-03 8.937795460224151611e-02 1.313876360654830933e-01 1.148113831877708435e-01 3.267382979393005371e-01 9.652107357978820801e-01 2.074727714061737061e-01 1.325084567070007324e-01 5.183858051896095276e-02 3.566530942916870117e-01 8.414803147315979004e-01 8.311023712158203125e-01 1.104291439056396484e+00 1.595193505287170410e+00 6.634974479675292969e-01 4.165712893009185791e-01 1.203594133257865906e-01 9.270787239074707031e-02
-2.555263042449951172e-02 3.056242130696773529e-02 7.256934791803359985e-02 -3.877262026071548462e-02 9.498079121112823486e-02 -4.860582947731018066e-02 -7.936660945415496826e-02 -3.532227501273155212e-02 7.409588992595672607e-02 -1.134564355015754700e-02 -4.143929854035377502e-02 3.342755138874053955e-02 4.211728274822235107e-02 -7.430642098188400269e-02 -3.676220029592514038e-02 -2.934762975201010704e-03 3.906334564089775085e-02 3.245802968740463257e-02 -1.718709617853164673e-02 2.863694541156291962e-02 -3.503175824880599976e-02 -2.929092757403850555e-02 2.534458599984645844e-02 3.563988953828811646e-02 -3.870543092489242554e-02 -4.215207695960998535e-02 -2.313610725104808807e-02 -4.804918542504310608e-02 3.538241609930992126e-02 -7.142373919486999512e-02 -1.818557456135749817e-02 -6.674871593713760376e-02 -9.545946121215820312e-02 -8.427162468433380127e-02 -5.077441409230232239e-02 3.638697043061256409e-02 4.741061478853225708e-02 9.192532300949096680e-02 -3.397677093744277954e-02 -1.042511835694313049e-01 4.779497906565666199e-02 5.373256281018257141e-02 1.060292720794677734e-01 8.152686804533004761e-02 8.592171967029571533e-02 -2.021388337016105652e-02 -1.197023168206214905e-01 -4.205486923456192017e-02 -6.241996958851814270e-02 2.383815869688987732e-02 6.474766880273818970e-02 -9.168964810669422150e-03 -1.314424723386764526e-01 3.235522285103797913e-02 1.247581690549850464e-01 1.330828219652175903e-01 1.144985631108283997e-01 1.515361387282609940e-02 -8.109399676322937012e-02 8.546007424592971802e-02 6.221292167901992798e-02 4.480824340134859085e-03 3.731128526851534843e-03 -2.163279503583908081e-01 -2.084007710218429565e-01 -1.859843917191028595e-02 5.728412419557571411e-03 -7.427079230546951294e-02 4.305403679609298706e-02 7.900138944387435913e-02 -1.894628629088401794e-02 1.566673256456851959e-02 -9.902866184711456299e-02 -1.133782640099525452e-01 -9.193275123834609985e-02 -6.466732919216156006e-02 -1.104778889566659927e-02 -4.620448127388954163e-02 -3.431874886155128479e-02 2.537951059639453888e-02 1.042129471898078918e-01 2.294696308672428131e-02 1.610470712184906006e-01 1.128384172916412354e-01 4.910618439316749573e-02 8.968528360128402710e-02 7.111237198114395142e-02 -1.768036037683486938e-01 -5.693998560309410095e-02 -2.274041809141635895e-02 5.594388023018836975e-02 9.386570751667022705e-02 2.084966301918029785e-01 3.267935663461685181e-02 9.086773544549942017e-02 -4.910077527165412903e-02 -8.425000309944152832e-02 -1.556469220668077469e-02 5.738317966461181641e-02 1.555420458316802979e-02 -2.906676568090915680e-02
-4.711010679602622986e-02 2.116045169532299042e-02 -8.179473131895065308e-02 9.208033233880996704e-02 -3.089875541627407074e-02 8.448770269751548767e-03 -5.228091962635517120e-03 1.035603228956460953e-03 -8.863306790590286255e-02 7.960746064782142639e-03 7.472286373376846313e-02 7.686238735914230347e-02 5.380922555923461914e-02 -4.087706282734870911e-02 -6.962037086486816406e-02 4.007472842931747437e-02 -5.891552194952964783e-02 -1.190569922327995300e-01 3.254878148436546326e-02 -7.306829094886779785e-02 1.185678690671920776e-02 3.247201740741729736e-01 1.585147529840469360e-01 -6.800567265599966049e-03 9.549048542976379395e-02 1.426597684621810913e-01 3.447924181818962097e-02 1.953307073563337326e-03 -7.545886188745498657e-02 -1.103535890579223633e-01 2.400301843881607056e-01 -1.809888333082199097e-02 -1.250740736722946167e-01 -1.439114362001419067e-01 -2.401884645223617554e-02 1.329085230827331543e-01 8.419760316610336304e-02 -1.553364377468824387e-02 -2.999303303658962250e-02 -2.328358776867389679e-02 -7.454968243837356567e-02 2.089453488588333130e-02 -3.863165155053138733e-02 7.488591969013214111e-02 3.083701245486736298e-02 5.999612808227539062e-02 -7.341914623975753784e-02 -9.856430813670158386e-03 -3.176867589354515076e-02 -4.351335018873214722e-02 3.961662948131561279e-02 -3.462111949920654297e-02 -1.753297597169876099e-01 -3.771516308188438416e-02 -7.081553339958190918e-02 5.052642524242401123e-02 7.656585425138473511e-02 -5.341133847832679749e-02 -9.600801020860671997e-02 1.314193755388259888e-01 2.064036577939987183e-01 1.130521669983863831e-01 2.948306687176227570e-02 9.376894682645797729e-02 -4.903081059455871582e-02 1.974879764020442963e-02 1.420125365257263184e-01 1.434146761894226074e-01 6.110578775405883789e-02 1.093181818723678589e-01 2.693552523851394653e-02 7.720232754945755005e-02 7.941549271345138550e-02 1.240412369370460510e-01 4.783852025866508484e-02 -1.307700574398040771e-01 -6.363765895366668701e-02 -1.407418549060821533e-01 -1.423514187335968018e-01 -7.018049061298370361e-02 -7.751350104808807373e-02 -2.066407352685928345e-02 4.460567235946655273e-02 -1.331483721733093262e-01 -7.119210064411163330e-02 -4.321940243244171143e-02 -7.883024960756301880e-02 -6.184507161378860474e-02 4.890191927552223206e-02 -2.663908898830413818e-02 1.139144077897071838e-01 -6.757578253746032715e-02 1.106926649808883667e-01 -2.758651971817016602e-01 -5.491982400417327881e-02 1.707725226879119873e-02 1.348432004451751709e-01 7.620953768491744995e-02 -6.339859962463378906e-02 -1.967226713895797729e-02 -1.449857093393802643e-02
-1.364129129797220230e-02 4.808162897825241089e-02 -1.926564238965511322e-02 -5.003861337900161743e-02 -4.925650358200073242e-02 1.225811839103698730e-01 9.077037684619426727e-04 9.955690242350101471e-03 7.813346385955810547e-02 -2.583838626742362976e-02 -4.473763983696699142e-03 4.107053577899932861e-02 -5.602300539612770081e-02 6.930027622729539871e-03 1.063852086663246155e-01 -3.467060625553131104e-02 -7.167162746191024780e-02 2.336227707564830780e-02 -2.799184061586856842e-02 6.629590690135955811e-02 -9.057960659265518188e-02 5.507987737655639648e-02 1.846101833507418633e-03 1.837071962654590607e-02 3.588754683732986450e-02 3.489609807729721069e-02 -3.040656819939613342e-02 2.746653743088245392e-02 -6.094606965780258179e-02 1.526638418436050415e-01 -5.677335336804389954e-02 -1.665958762168884277e-01 -9.074515849351882935e-02 -3.161505982279777527e-02 8.162816613912582397e-02 -3.353736922144889832e-02 9.661591798067092896e-02 9.087825566530227661e-02 -4.799416754394769669e-03 -7.055483758449554443e-02 -1.798911392688751221e-02 1.720681227743625641e-02 4.490560665726661682e-02 -1.775657199323177338e-02 1.872320286929607391e-02 -7.840920984745025635e-02 -3.236363083124160767e-02 -1.291338412556797266e-04 -1.466208696365356445e-01 -1.766423322260379791e-02 -1.134900078177452087e-01 -7.089686393737792969e-02 -8.748305961489677429e-03 -7.428513467311859131e-02 3.570535406470298767e-02 1.377196013927459717e-01 1.359991729259490967e-01 8.611463010311126709e-02 3.151392191648483276e-02 1.324991434812545776e-01 1.202045232057571411e-01 8.808887749910354614e-02 1.090137362480163574e-01 -5.191681161522865295e-02 -2.913765236735343933e-02 -1.154322102665901184e-01 -1.337502151727676392e-01 -1.322826594114303589e-01 -4.855295643210411072e-02 1.007248014211654663e-01 -1.129706278443336487e-01 -1.091227009892463684e-01 3.168021887540817261e-02 7.615702599287033081e-02 4.634589329361915588e-02 -1.943523995578289032e-02 -2.833564206957817078e-02 6.089750677347183228e-03 -1.544556766748428345e-01 1.449617091566324234e-02 -2.213764702901244164e-03 7.223239541053771973e-02 9.939603507518768311e-02 -9.109141305088996887e-03 4.143203049898147583e-02 -2.676545828580856323e-02 -1.111699268221855164e-01 2.058424521237611771e-03 -5.665653198957443237e-02 -8.267872780561447144e-02 -2.223902642726898193e-01 -1.306264102458953857e-01 1.523777842521667480e-01 1.021846830844879150e-01 1.608452945947647095e-01 3.516250252723693848e-01 1.881769895553588867e-01 -1.000343263149261475e-01 -1.459651738405227661e-01 -2.967137396335601807e-01 8.386202901601791382e-02
2.418246306478977203e-02 3.377436473965644836e-02 6.424251943826675415e-02 2.157877944409847260e-02 -3.019169904291629791e-02 8.748245425522327423e-03 1.768142729997634888e-02 -6.433451175689697266e-02 -4.526361450552940369e-02 -1.073073223233222961e-02 -3.565283864736557007e-02 -9.036420285701751709e-02 2.747914732026401907e-05 -6.035767029970884323e-03 -2.642928436398506165e-02 7.133313268423080444e-02 2.960820682346820831e-02 1.252249930985271931e-03 6.528763473033905029e-02 -9.110040217638015747e-02 6.197811663150787354e-02 -6.867903470993041992e-02 5.143037810921669006e-02 1.901855319738388062e-02 -5.745073407888412476e-02 8.921836316585540771e-02 -4.886957351118326187e-03 2.432181872427463531e-02 -2.970326505601406097e-02 -2.999198995530605316e-02 1.056376770138740540e-01 1.025669649243354797e-01 -9.423840045928955078e-02 -6.896048784255981445e-02 1.103447284549474716e-02 -1.373584847897291183e-02 -8.990101516246795654e-02 2.073749713599681854e-02 -1.353745907545089722e-01 -7.684227544814348221e-03 -6.311920285224914551e-02 2.668693847954273224e-02 5.588965862989425659e-02 2.749933861196041107e-02 5.774120613932609558e-02 6.201910972595214844e-02 -1.313317194581031799e-02 -9.335298836231231689e-02 3.660448826849460602e-03 6.793178617954254150e-02 1.024379730224609375e-01 -2.363549731671810150e-02 -4.606656730175018311e-02 -3.590755537152290344e-02 -3.468923270702362061e-02 7.326643168926239014e-02 6.611120700836181641e-02 7.190049625933170319e-03 -1.389630418270826340e-02 7.996934466063976288e-03 -8.030816167593002319e-02 -3.010894730687141418e-02 -1.570519953966140747e-01 3.384217992424964905e-02 -5.958617478609085083e-02 9.875845909118652344e-02 -1.231856830418109894e-02 7.566215842962265015e-02 6.639128923416137695e-02 1.607108265161514282e-01 -3.246863139793276787e-03 5.068343132734298706e-02 -1.552536189556121826e-01 -6.767315417528152466e-02 6.104196980595588684e-02 -9.447734057903289795e-02 3.519326075911521912e-02 2.453446760773658752e-02 -5.705790594220161438e-02 1.035635732114315033e-02 7.855129241943359375e-02 6.814446300268173218e-03 7.718189060688018799e-02 -5.907509475946426392e-02 -8.943783491849899292e-02 -2.650307677686214447e-02 -1.864358410239219666e-02 2.205574139952659607e-02 1.238008812069892883e-01 1.341045796871185303e-01 9.841629117727279663e-02 8.557765185832977295e-02 -3.608651459217071533e-02 -1.754443049430847168e-01 -7.693351060152053833e-02 -1.719313859939575195e-01 -5.173986405134201050e-02 1.306549906730651855e-01 1.149322651326656342e-02 1.877094954252243042e-01 -7.662755250930786133e-02
5.821184720844030380e-03 9.886112064123153687e-02 2.364003844559192657e-02 -5.396145279519259930e-04 1.263607591390609741e-01 -3.011791780591011047e-02 -8.050961419939994812e-03 3.824512660503387451e-02 -5.379025265574455261e-02 -2.933034300804138184e-02 1.671790890395641327e-02 1.019264236092567444e-01 9.061071276664733887e-02 -7.510503381490707397e-02 1.126413512974977493e-02 1.496662572026252747e-02 -1.691005006432533264e-02 3.419836610555648804e-02 -7.807621359825134277e-02 -2.320519089698791504e-02 5.549184046685695648e-03 1.032712403684854507e-02 -1.669145226478576660e-01 -1.018395796418190002e-01 -1.082244068384170532e-01 -4.567613080143928528e-02 -7.623799890279769897e-02 -8.020235598087310791e-02 -1.822487264871597290e-01 -1.562650315463542938e-02 -5.463569611310958862e-02 1.575906574726104736e-01 2.094679027795791626e-01 1.405776888132095337e-01 3.056953102350234985e-02 -8.614692836999893188e-02 -2.262768975924700499e-04 -8.771347254514694214e-02 2.334044547751545906e-03 1.338089853525161743e-01 2.701292559504508972e-02 7.191813737154006958e-02 1.668676175177097321e-02 -4.119515791535377502e-02 -7.690963149070739746e-02 -1.606754660606384277e-01 -7.910569757223129272e-02 -9.576099365949630737e-02 -2.645878493785858154e-02 2.056017704308032990e-02 2.452671900391578674e-02 1.332038342952728271e-01 1.485096812248229980e-01 7.896866649389266968e-02 3.644956648349761963e-02 1.079101487994194031e-02 -3.717199340462684631e-02 1.218045800924301147e-01 1.012940257787704468e-01 -3.424796834588050842e-02 -1.208376586437225342e-01 -1.066359356045722961e-01 -7.828111201524734497e-02 1.476814001798629761e-01 1.856351345777511597e-01 1.980406194925308228e-01 -6.208196282386779785e-02 -7.455422729253768921e-02 -1.074665412306785583e-01 -8.616680651903152466e-02 -1.329586654901504517e-01 -6.133137643337249756e-02 5.169706419110298157e-02 -7.396479696035385132e-02 -8.693059533834457397e-02 3.770200908184051514e-02 -3.556521609425544739e-02 -3.888849914073944092e-02 1.088281422853469849e-01 1.382075101137161255e-01 1.703348010778427124e-01 -2.484980039298534393e-02 1.876183226704597473e-02 2.651616372168064117e-02 -2.365844883024692535e-02 -5.789645761251449585e-02 5.803225189447402954e-02 1.876014769077301025e-01 -1.775866597890853882e-01 -7.398579269647598267e-02 -1.950952410697937012e-01 -3.793722987174987793e-01 -3.720655143260955811e-01 3.047448694705963135e-01 2.267346233129501343e-01 5.623235702514648438e-01 7.028723359107971191e-01 1.157376393675804138e-01 1.302842497825622559e-01 -1.345163583755493164e-01 4.021292179822921753e-02
-3.187696263194084167e-02 -6.516911834478378296e-02 -8.416771888732910156e-02 -6.233713030815124512e-02 -9.813676774501800537e-02 -7.586025446653366089e-02 -2.657664241269230843e-03 3.578662127256393433e-02 1.173762232065200806e-01 7.373896241188049316e-02 -2.960985712707042694e-02 7.907010614871978760e-03 7.351087033748626709e-02 5.766493454575538635e-02 4.669087380170822144e-02 1.374842673540115356e-01 1.187981385737657547e-02 7.856515236198902130e-03 1.442596763372421265e-01 1.784701831638813019e-02 4.757046233862638474e-03 3.635296598076820374e-02 8.775924146175384521e-02 1.355249434709548950e-01 7.160845398902893066e-02 3.576694987714290619e-03 7.731788355158641934e-05 -3.241524845361709595e-02 -2.844798006117343903e-02 -7.690896838903427124e-02 1.682171225547790527e-01 5.935944151133298874e-03 -1.013321653008460999e-01 -1.357686221599578857e-01 -7.963862270116806030e-03 1.406579464673995972e-01 -2.448521554470062256e-02 -2.236956916749477386e-02 3.895320231094956398e-03 -6.644480675458908081e-02 -2.164520509541034698e-02 -1.034928113222122192e-01 -6.487854570150375366e-02 -2.435385622084140778e-02 -4.033285006880760193e-02 8.241789042949676514e-02 -8.762010931968688965e-02 -5.027323961257934570e-02 -2.383577084401622415e-04 1.192643046379089355e-01 -2.434395998716354370e-02 5.455794744193553925e-03 -1.700375974178314209e-02 -1.932720537297427654e-03 1.173688471317291260e-01 9.693338721990585327e-02 5.503339692950248718e-02 3.400007635354995728e-02 -1.156398952007293701e-01 -3.687277063727378845e-02 7.559764385223388672e-02 -5.700169503688812256e-02 -1.169047877192497253e-02 -1.108755767345428467e-01 -1.732883006334304810e-01 2.353213354945182800e-02 9.050233662128448486e-02 1.362645179033279419e-01 1.197706386446952820e-01 3.698401385918259621e-03 -1.410466991364955902e-02 -1.316946446895599365e-01 -1.017283946275711060e-01 -1.453935354948043823e-01 3.648963198065757751e-02 -1.728260964155197144e-01 -1.450054496526718140e-01 -2.028081379830837250e-02 -1.218390166759490967e-01 -1.474753115326166153e-02 -3.947279881685972214e-03 6.583543028682470322e-03 -3.656659275293350220e-03 -6.122549623250961304e-02 5.999203026294708252e-02 1.083411742001771927e-02 -4.775068908929824829e-02 -1.100839003920555115e-01 6.498727481812238693e-03 -1.383941620588302612e-01 3.147401660680770874e-02 -5.675402004271745682e-03 1.262560635805130005e-01 -5.904765799641609192e-02 9.403517097234725952e-02 -4.053137451410293579e-02 -1.085204556584358215e-01 -2.176516316831111908e-02 -3.594661131501197815e-02 -3.645206242799758911e-02 -7.765986770391464233e-02
1.952220313251018524e-02 -7.969631254673004150e-02 -4.229414835572242737e-02 -4.149731714278459549e-03 2.414370141923427582e-02 -1.886429637670516968e-02 4.797401488758623600e-04 8.253105729818344116e-02 -1.199177354574203491e-01 3.490225225687026978e-02 2.589364722371101379e-02 -2.085999213159084320e-02 -7.502765953540802002e-02 1.400104537606239319e-02 1.000897027552127838e-02 -8.291717618703842163e-03 3.906613215804100037e-02 8.737299591302871704e-02 3.836773708462715149e-02 -1.116754859685897827e-02 -6.141037866473197937e-02 4.504769667983055115e-02 5.500325188040733337e-02 4.541153553873300552e-03 6.132510304450988770e-02 1.119456999003887177e-02 -1.970500499010086060e-02 -2.001889608800411224e-02 -1.102093309164047241e-01 1.034877300262451172e-01 1.135963723063468933e-01 -5.967670306563377380e-02 -6.378950178623199463e-02 5.060007795691490173e-03 3.447437286376953125e-02 1.217462271451950073e-01 5.508735775947570801e-02 -7.116988301277160645e-02 -6.603102385997772217e-02 -7.165680080652236938e-02 -4.421583563089370728e-02 -1.432863026857376099e-01 -3.862680494785308838e-02 1.174960751086473465e-02 5.591092258691787720e-02 8.316381275653839111e-02 4.303961247205734253e-02 -7.453204691410064697e-02 -9.733830392360687256e-02 -1.438368111848831177e-02 -6.069145724177360535e-02 7.145346701145172119e-02 -4.803127795457839966e-02 -3.456430509686470032e-02 -2.428485825657844543e-02 2.787028439342975616e-02 1.158762574195861816e-01 6.337230652570724487e-02 1.945988461375236511e-02 1.269187331199645996e-01 -2.131954580545425415e-02 -4.151308164000511169e-02 -4.089976102113723755e-02 -4.074164852499961853e-02 1.852406188845634460e-02 -2.759233675897121429e-02 1.950717344880104065e-02 2.352715097367763519e-02 -7.678292691707611084e-02 4.035730287432670593e-02 5.501818284392356873e-02 4.259523749351501465e-02 -5.313203483819961548e-02 -3.938566520810127258e-02 -4.604571312665939331e-02 6.152451038360595703e-03 -1.984694600105285645e-02 -4.699831828474998474e-02 8.738359063863754272e-02 2.926329523324966431e-02 2.990591153502464294e-02 -2.861449867486953735e-02 5.224421620368957520e-02 -1.305050402879714966e-01 -1.274286210536956787e-01 -8.879866451025009155e-02 9.104168042540550232e-03 -9.375713020563125610e-02 -9.322157502174377441e-02 -5.211921036243438721e-02 -2.924560382962226868e-02 -2.707489393651485443e-02 1.589372307062149048e-01 1.692636609077453613e-01 1.582762300968170166e-01 3.305304795503616333e-02 -1.037927716970443726e-01 -1.150689199566841125e-01 6.014845520257949829e-02 -1.265695244073867798e-01 -1.867859624326229095e-02
2.313687466084957123e-02 6.262225657701492310e-02 -8.193040639162063599e-02 -9.434255957603454590e-02 8.462363481521606445e-02 -4.173132125288248062e-03 -5.293307080864906311e-02 -8.051742613315582275e-02 4.670098423957824707e-02 1.372966915369033813e-03 7.836404442787170410e-02 4.425467923283576965e-02 -8.109532296657562256e-02 -7.112658116966485977e-03 5.764939635992050171e-02 -4.082353413105010986e-02 1.020149979740381241e-02 -7.160633802413940430e-02 1.646795310080051422e-02 5.504185333847999573e-03 2.372918650507926941e-02 -7.868513464927673340e-02 -1.382202934473752975e-02 -1.757147312164306641e-01 -7.361128181219100952e-02 2.818220295011997223e-03 -1.264296565204858780e-02 6.810456514358520508e-03 -3.294093906879425049e-02 -1.118035055696964264e-02 1.855102926492691040e-01 -5.545360594987869263e-02 -1.350732743740081787e-01 -5.049990862607955933e-02 2.060517296195030212e-02 8.416393399238586426e-02 1.284893900156021118e-01 -3.919943422079086304e-02 -4.670133441686630249e-02 -6.557065993547439575e-02 1.141729578375816345e-01 1.141271293163299561e-01 9.204442799091339111e-02 1.215776875615119934e-01 1.504192352294921875e-01 2.106569893658161163e-02 1.026776656508445740e-01 -2.235372923314571381e-02 8.707516826689243317e-04 -7.042040117084980011e-03 -9.849112480878829956e-02 -9.530481696128845215e-02 5.081597715616226196e-02 -6.100040674209594727e-02 3.682411834597587585e-02 -1.333549767732620239e-01 -4.225118085741996765e-02 -1.314843744039535522e-01 -4.779609292745590210e-02 -8.877094835042953491e-02 -4.749234393239021301e-02 3.535136580467224121e-02 -3.684491291642189026e-02 -4.315625876188278198e-02 1.213112995028495789e-01 1.659392118453979492e-01 7.576069911010563374e-04 -2.174006402492523193e-02 -4.612552002072334290e-02 1.263458728790283203e-01 6.870888173580169678e-02 -6.842642277479171753e-02 -1.390486583113670349e-02 -3.435974568128585815e-02 -1.655335910618305206e-02 1.089296862483024597e-01 -4.059055075049400330e-02 3.437790647149085999e-02 -6.951362639665603638e-02 1.303185969591140747e-01 -4.769189283251762390e-02 -4.909821227192878723e-02 -4.671154171228408813e-02 6.734883785247802734e-02 7.532256096601486206e-02 8.344636112451553345e-02 8.405912667512893677e-02 -1.339497789740562439e-02 4.467045143246650696e-02 -7.277612388134002686e-02 -1.500063836574554443e-01 -1.735877394676208496e-01 3.478381037712097168e-02 -9.400250762701034546e-02 -1.429472677409648895e-02 -1.715476997196674347e-02 -2.140011191368103027e-01 -1.103276014328002930e-01 -7.472960650920867920e-02 -1.631442755460739136e-01 4.456621780991554260e-02
5.050233379006385803e-02 -1.121516600251197815e-01 -5.464972183108329773e-02 -4.040127620100975037e-02 8.100973069667816162e-02 -9.899270720779895782e-03 -1.812118105590343475e-03 -3.784893080592155457e-02 7.519060373306274414e-02 -5.333050340414047241e-02 7.536876201629638672e-02 5.852457508444786072e-02 -1.118951011449098587e-02 1.878076232969760895e-02 4.219640512019395828e-03 -1.481085270643234253e-01 -2.631369046866893768e-02 -7.196862995624542236e-02 -9.956046938896179199e-02 -1.206635311245918274e-01 -2.548070065677165985e-02 -1.130970492959022522e-01 3.525014733895659447e-03 1.246588584035634995e-02 9.183415025472640991e-02 -7.283610850572586060e-02 -4.510140046477317810e-03 7.774733006954193115e-02 2.467352524399757385e-02 5.957789719104766846e-02 3.737347573041915894e-02 7.038332521915435791e-02 -5.127234011888504028e-02 -8.706180751323699951e-02 -9.492805227637290955e-03 6.596717983484268188e-02 9.023220837116241455e-02 6.261170655488967896e-02 5.345006659626960754e-02 4.322358407080173492e-03 -7.258941233158111572e-02 6.571032106876373291e-02 5.310695990920066833e-02 1.057984307408332825e-01 1.016047000885009766e-01 -2.247544471174478531e-03 -7.244691252708435059e-02 2.216438017785549164e-02 9.266747534275054932e-02 1.225085631012916565e-01 -4.484383389353752136e-02 7.030173391103744507e-02 -7.057589292526245117e-02 -1.224986743181943893e-03 -7.603286206722259521e-02 -7.493469864130020142e-02 -4.776282235980033875e-02 -1.145151183009147644e-01 -1.365174502134323120e-01 -1.115764230489730835e-01 6.673559546470642090e-02 -1.084216870367527008e-02 2.919080108404159546e-02 7.153954356908798218e-02 1.021308898925781250e-01 1.960877776145935059e-01 -4.464123770594596863e-02 -3.541351109743118286e-02 2.435421384871006012e-02 3.477660939097404480e-02 6.982342153787612915e-02 4.827646538615226746e-02 -6.396962702274322510e-02 -7.150051649659872055e-03 -5.563340336084365845e-02 2.628090791404247284e-02 2.003827877342700958e-02 -3.295546025037765503e-02 -1.465403586626052856e-01 -1.228085439652204514e-02 3.426726534962654114e-02 -7.682929933071136475e-02 -1.133093535900115967e-01 3.079875372350215912e-02 -5.760862026363611221e-03 6.005000323057174683e-02 5.260428413748741150e-02 2.746754586696624756e-01 4.086930453777313232e-01 1.307383459061384201e-02 -2.228371798992156982e-01 -1.141167283058166504e-01 -7.820206880569458008e-02 1.803046017885208130e-01 3.977836668491363525e-02 5.218778550624847412e-02 -2.528072297573089600e-01 -1.938356161117553711e-01 -6.864856183528900146e-02 -3.591579794883728027e-01 1.944770477712154388e-02
-1.004647240042686462e-01 2.076768502593040466e-02 5.389648675918579102e-02 -8.979757130146026611e-02 -6.218113936483860016e-03 2.202313207089900970e-02 1.178774535655975342e-01 1.837669871747493744e-03 1.852335967123508453e-02 9.693703800439834595e-02 -1.858882419764995575e-02 -1.595119945704936981e-02 1.047479435801506042e-01 -7.062613032758235931e-03 2.274403721094131470e-02 -1.386002600193023682e-01 -1.147908791899681091e-01 -1.353288888931274414e-01 3.349060565233230591e-02 -1.170527860522270203e-01 9.182326495647430420e-02 3.444813657552003860e-03 3.483854234218597412e-03 4.142732545733451843e-02 -3.887626901268959045e-02 -3.803028957918286324e-04 1.742004603147506714e-02 -6.133075058460235596e-02 -4.538215324282646179e-02 3.900996968150138855e-02 -1.212410405278205872e-01 7.336744666099548340e-02 6.502690166234970093e-02 -8.426557481288909912e-02 5.242071580141782761e-03 -3.879735618829727173e-02 -7.959936559200286865e-02 -1.467962749302387238e-02 -9.813974052667617798e-02 -4.761978983879089355e-03 -9.173579514026641846e-02 9.738666936755180359e-03 2.497792243957519531e-02 -6.318464130163192749e-02 9.461592882871627808e-02 4.875070601701736450e-02 6.225107610225677490e-02 1.168539151549339294e-01 9.335560351610183716e-02 -4.352862015366554260e-02 1.182108297944068909e-01 1.074978038668632507e-01 -1.152811688371002674e-03 2.981309033930301666e-02 1.439321488142013550e-01 1.491842605173587799e-02 3.030089102685451508e-02 -7.583336532115936279e-02 -9.556964039802551270e-03 -7.745888829231262207e-02 1.688578911125659943e-02 1.068898439407348633e-01 4.849066957831382751e-02 9.769233316183090210e-02 1.805416122078895569e-02 -6.381399184465408325e-02 7.455158978700637817e-02 -6.271816045045852661e-02 1.169500127434730530e-01 -2.176916226744651794e-03 6.287596374750137329e-02 5.377044528722763062e-02 -2.671189839020371437e-03 1.430376768112182617e-01 5.656283814460039139e-03 -8.565878123044967651e-02 -1.137566417455673218e-01 -3.568116202950477600e-02 -3.832102939486503601e-02 -2.488151425495743752e-03 1.897277869284152985e-02 1.101110801100730896e-01 1.134543865919113159e-01 5.768886301666498184e-03 1.627147793769836426e-01 9.497489780187606812e-02 -1.030697207897901535e-02 2.676424384117126465e-02 -9.915137290954589844e-02 -1.654130071401596069e-01 -1.106970608234405518e-01 -9.288293868303298950e-02 -1.907596737146377563e-02 1.753713339567184448e-01 1.538613289594650269e-01 2.092801779508590698e-01 9.878903627395629883e-02 -2.380598336458206177e-01 -1.363957226276397705e-01 -1.643891483545303345e-01 9.958024136722087860e-03
-1.614410802721977234e-02 -5.560152977705001831e-02 -8.083248138427734375e-02 -4.010429605841636658e-02 7.649534195661544800e-02 -8.747299015522003174e-02 3.056418336927890778e-02 7.299162447452545166e-02 -5.269325897097587585e-02 1.631751423701643944e-03 3.749414533376693726e-02 -3.996397554874420166e-02 4.316541366279125214e-03 8.062078803777694702e-02 2.358437515795230865e-02 -1.179062388837337494e-02 3.921983391046524048e-02 4.815925285220146179e-02 -6.519449502229690552e-02 1.422677934169769287e-02 -9.772443026304244995e-02 9.180990606546401978e-02 4.694288223981857300e-02 -4.909851774573326111e-02 1.948663592338562012e-02 3.261363506317138672e-02 4.636992514133453369e-02 -3.458179533481597900e-02 1.106852367520332336e-01 -6.014112848788499832e-03 8.941586315631866455e-02 -1.481031719595193863e-02 6.087553128600120544e-02 -3.697968274354934692e-02 4.356547072529792786e-02 2.708758972585201263e-02 -8.709336817264556885e-02 -8.245568722486495972e-02 -5.522391200065612793e-02 -9.461801499128341675e-03 1.155539751052856445e-01 7.520801573991775513e-02 8.285889774560928345e-02 -1.109424754977226257e-01 -1.122602596879005432e-01 -1.009652540087699890e-01 -3.257738798856735229e-02 2.335001900792121887e-02 -1.112132519483566284e-01 -6.482661515474319458e-02 -5.399420484900474548e-02 -4.975874722003936768e-02 9.095465391874313354e-02 1.026102975010871887e-01 5.015202611684799194e-02 -3.149879397824406624e-03 -1.404839754104614258e-02 1.315066218376159668e-01 8.077125251293182373e-02 1.158311516046524048e-01 -3.938637301325798035e-02 -8.607743680477142334e-02 1.040166839957237244e-01 9.583604335784912109e-02 -8.295852690935134888e-02 -1.058095917105674744e-01 -7.487455010414123535e-02 -4.389480501413345337e-02 8.307308703660964966e-02 -1.961268112063407898e-02 -1.480021141469478607e-02 8.036443591117858887e-02 -6.890674680471420288e-02 2.534412965178489685e-02 5.241674184799194336e-02 -5.143683869391679764e-03 5.166318267583847046e-02 -1.230883896350860596e-01 -2.846311032772064209e-02 -4.964787513017654419e-02 -2.839371003210544586e-02 5.094883218407630920e-02 -5.509064346551895142e-02 7.945213466882705688e-02 -5.598817020654678345e-02 -9.548136591911315918e-02 6.008123606443405151e-02 2.598225884139537811e-02 -1.327528208494186401e-01 -1.169512793421745300e-01 -4.794084653258323669e-02 2.089078575372695923e-01 1.634294241666793823e-01 2.007833309471607208e-02 6.442539393901824951e-02 -6.787946075201034546e-02 -1.487190127372741699e-01 2.841898240149021149e-02 -1.029727533459663391e-01 1.518809944391250610e-01 1.721677184104919434e-02
-1.230195388197898865e-01 -2.239799126982688904e-03 -7.151784002780914307e-02 -4.780847206711769104e-02 -9.267123788595199585e-02 3.420599177479743958e-02 -6.287481170147657394e-03 3.913073614239692688e-02 -2.244716882705688477e-02 -3.663482144474983215e-02 -1.623438112437725067e-02 -4.364300519227981567e-02 -3.397412970662117004e-02 3.313623368740081787e-02 -5.744744464755058289e-02 -7.497234735637903214e-03 2.045066654682159424e-02 -1.569939404726028442e-01 4.362930729985237122e-02 1.056472882628440857e-01 1.065873131155967712e-01 1.399155110120773315e-01 -1.198461279273033142e-01 -3.110197000205516815e-02 -7.393390685319900513e-02 -1.731185764074325562e-01 -1.598523259162902832e-01 -7.869959622621536255e-02 -4.855033010244369507e-02 -3.234145790338516235e-02 4.826479777693748474e-02 -8.669170737266540527e-02 -7.083164528012275696e-03 -2.759589068591594696e-02 -6.344081368297338486e-03 -7.823882997035980225e-02 -8.001392334699630737e-02 -1.121289655566215515e-01 -3.398550301790237427e-02 5.154149606823921204e-02 -1.146004647016525269e-01 -8.236206322908401489e-02 -1.140073761343955994e-01 -1.576929241418838501e-01 -5.651185661554336548e-02 -3.030788712203502655e-02 -1.321514546871185303e-01 -1.306135952472686768e-01 -1.030485779047012329e-01 -6.343591958284378052e-02 2.812508307397365570e-02 1.231771633028984070e-01 1.394458264112472534e-01 5.811466649174690247e-02 7.817668467760086060e-02 1.413558721542358398e-01 1.727680563926696777e-01 2.219741344451904297e-01 1.938040405511856079e-01 2.744224369525909424e-01 2.549906969070434570e-01 2.043525278568267822e-01 1.411282271146774292e-01 2.651972174644470215e-01 2.302905917167663574e-01 9.574889391660690308e-02 1.862534880638122559e-01 1.003372594714164734e-01 1.901226490736007690e-01 1.535765528678894043e-01 2.359132617712020874e-01 3.430866599082946777e-01 3.543273806571960449e-01 2.491243481636047363e-01 1.589214056730270386e-01 -9.858264587819576263e-03 4.196428880095481873e-02 -9.810958057641983032e-02 2.833319129422307014e-03 2.005584770813584328e-03 -2.626281790435314178e-02 -9.112597443163394928e-03 7.842789590358734131e-02 7.472938299179077148e-02 1.253208220005035400e-01 -9.968478977680206299e-02 -8.210943639278411865e-02 -2.590557038784027100e-01 -1.889152526855468750e-01 -8.063235133886337280e-02 -1.331760138273239136e-01 2.301187627017498016e-02 1.347631216049194336e-01 2.256929874420166016e-01 3.990126848220825195e-01 2.825504243373870850e-01 7.378815412521362305e-01 3.049168288707733154e-01 2.150792628526687622e-01 2.182730734348297119e-01 -5.173073709011077881e-02
-3.030380420386791229e-02 7.462374120950698853e-02 -2.857036329805850983e-02 1.956237107515335083e-02 9.763309359550476074e-02 -9.742178954184055328e-03 -5.242003872990608215e-02 2.274270402267575264e-03 1.681972481310367584e-02 -1.600323431193828583e-02 -2.204658091068267822e-02 -2.576635964214801788e-02 7.652904093265533447e-02 -3.435490280389785767e-02 -6.690203212201595306e-03 1.666302047669887543e-02 -2.653142437338829041e-02 5.162411928176879883e-02 1.429456025362014771e-01 5.271019414067268372e-02 -1.542752683162689209e-01 5.065194889903068542e-02 -5.497692897915840149e-02 3.435230627655982971e-02 8.380943909287452698e-03 -2.218086831271648407e-02 -8.484970033168792725e-02 -2.944546192884445190e-02 6.511026620864868164e-02 6.428934633731842041e-02 -6.230218568816781044e-04 1.333365123718976974e-02 1.169126629829406738e-01 -5.005905032157897949e-02 6.546297669410705566e-02 6.808532401919364929e-03 1.390863489359617233e-02 -1.100336611270904541e-01 -1.203164905309677124e-01 -4.073509201407432556e-02 -1.542235910892486572e-01 -9.804152697324752808e-02 -4.689951613545417786e-02 -2.355869486927986145e-02 5.969746783375740051e-02 -2.792036347091197968e-02 6.813757121562957764e-02 1.261361837387084961e-01 9.514673799276351929e-02 -2.266934886574745178e-02 4.535568132996559143e-02 -9.816632606089115143e-03 -2.934892475605010986e-02 -9.182884544134140015e-02 -1.778846047818660736e-02 -8.316330611705780029e-02 6.683201342821121216e-02 -1.326962411403656006e-01 -7.102325558662414551e-02 7.429476082324981689e-02 8.544816076755523682e-02 7.534527033567428589e-02 5.460313707590103149e-02 -5.323763564229011536e-02 -1.439235918223857880e-02 -3.169841319322586060e-02 6.014711409807205200e-02 -3.338065370917320251e-02 6.953846663236618042e-02 8.281758427619934082e-02 -1.974478363990783691e-03 -1.090542972087860107e-01 -4.987416788935661316e-02 7.703862152993679047e-03 -1.138979867100715637e-01 1.045086327940225601e-02 -5.643125995993614197e-02 -6.533136963844299316e-02 4.028038308024406433e-02 -1.252509001642465591e-02 -1.386746466159820557e-01 -7.734476029872894287e-02 -1.501193791627883911e-01 -1.109283119440078735e-01 -3.609008714556694031e-02 6.125108897686004639e-02 2.389759384095668793e-02 -4.781030863523483276e-02 7.075066119432449341e-02 -5.361576750874519348e-02 5.815437808632850647e-02 -1.132678240537643433e-02 -1.181743592023849487e-01 -2.214484289288520813e-02 -1.122118309140205383e-01 1.214927807450294495e-01 1.598670631647109985e-01 -8.938835561275482178e-02 2.041269093751907349e-02 -2.573613449931144714e-02 -7.306091487407684326e-02
9.299802035093307495e-02 -9.435108862817287445e-03 7.040089368820190430e-02 3.528198972344398499e-02 5.968008190393447876e-02 -6.119528040289878845e-02 3.960033133625984192e-02 -2.849110402166843414e-02 -2.819839119911193848e-02 1.629024930298328400e-02 -8.115836232900619507e-02 -7.994151860475540161e-02 5.573352798819541931e-02 -2.616306766867637634e-02 -1.004826352000236511e-01 -2.432048507034778595e-02 2.709791809320449829e-02 -4.136622883379459381e-03 -7.585483789443969727e-02 -1.937618292868137360e-02 -5.563795566558837891e-02 5.073474720120429993e-02 2.118815667927265167e-02 6.912068277597427368e-02 -7.029899954795837402e-02 -4.044289886951446533e-02 2.343945950269699097e-02 1.112545356154441833e-01 -5.011823773384094238e-02 1.307970285415649414e-01 8.116576075553894043e-02 -2.956191636621952057e-02 -5.776306614279747009e-02 7.412467151880264282e-02 -1.843235827982425690e-02 7.772344350814819336e-02 -1.431130367564037442e-04 9.510414302349090576e-02 4.562932625412940979e-02 -1.036001369357109070e-01 -3.434162214398384094e-02 6.428723037242889404e-02 5.332541838288307190e-02 -2.700108289718627930e-02 8.962429314851760864e-02 -3.073764219880104065e-02 9.189395233988761902e-03 -4.978932812809944153e-02 -6.223923340439796448e-02 -1.020715236663818359e-01 -9.844575077295303345e-02 -1.144288256764411926e-01 -8.617366105318069458e-02 -7.636376470327377319e-02 -6.860335916280746460e-02 -4.741140455007553101e-02 8.756604790687561035e-02 7.116185128688812256e-02 1.219994854182004929e-02 -2.939513325691223145e-02 -2.371465787291526794e-02 -1.849524118006229401e-02 -9.876897931098937988e-02 -7.254937291145324707e-02 6.650912761688232422e-02 -4.627724736928939819e-02 2.770893089473247528e-02 1.232306808233261108e-01 2.644527144730091095e-02 3.148188069462776184e-02 1.661323159933090210e-01 8.909072726964950562e-02 -1.005046144127845764e-01 6.025343760848045349e-02 -1.043320260941982269e-02 -2.860929816961288452e-02 9.646821767091751099e-02 5.014218017458915710e-02 8.280842751264572144e-02 1.461270749568939209e-01 -4.359000921249389648e-02 -1.020226813852787018e-02 -5.222143232822418213e-02 -1.338467746973037720e-01 -1.520424932241439819e-01 -1.829068958759307861e-01 -2.125966697931289673e-01 -4.014420509338378906e-01 -2.120861113071441650e-01 -1.030929312109947205e-01 2.206422388553619385e-01 1.673911362886428833e-01 7.797750830650329590e-02 5.417510867118835449e-02 -2.930054441094398499e-02 -2.597406506538391113e-01 -1.242200434207916260e-01 2.794542908668518066e-01 1.142212226986885071e-01 3.552369475364685059e-01 7.021438330411911011e-03
6.830210331827402115e-03 -1.709325425326824188e-02 2.632507123053073883e-02 -1.682517817243933678e-03 -9.907617419958114624e-02 2.164273522794246674e-02 6.757080554962158203e-02 -2.309589087963104248e-02 -8.682676404714584351e-02 6.547462940216064453e-02 1.502293441444635391e-02 9.284781664609909058e-02 6.656121462583541870e-02 -6.542615592479705811e-02 -6.881704926490783691e-02 5.259724706411361694e-02 -2.405888400971889496e-02 3.618733212351799011e-02 5.836963653564453125e-02 -9.869981557130813599e-03 -3.917174763046205044e-05 1.887237094342708588e-02 -3.139134123921394348e-02 -5.304830614477396011e-03 -4.401664063334465027e-02 3.996619209647178650e-02 1.887561567127704620e-02 -1.269050091505050659e-01 -1.241925209760665894e-01 4.995171725749969482e-02 -7.512917369604110718e-02 -1.858113147318363190e-02 -3.376205638051033020e-02 -3.098097629845142365e-02 6.118768826127052307e-02 -6.976515986025333405e-03 1.343620717525482178e-01 5.575370043516159058e-02 -5.923225358128547668e-02 -9.939235448837280273e-02 -4.254331439733505249e-02 8.559187501668930054e-02 3.251038258895277977e-03 4.379074275493621826e-02 1.404088139533996582e-01 1.764741167426109314e-02 2.173213288187980652e-02 4.373512789607048035e-02 2.889256924390792847e-02 4.123269021511077881e-02 -9.885144233703613281e-02 -1.071161106228828430e-01 -1.592840254306793213e-01 -6.207067146897315979e-02 8.239221572875976562e-02 3.520476818084716797e-02 1.019973456859588623e-01 -4.593618959188461304e-02 -1.757283322513103485e-02 -8.203209936618804932e-02 -4.690152779221534729e-02 1.449098587036132812e-01 8.431790769100189209e-02 -1.283222436904907227e-01 -9.319467842578887939e-02 -1.244653016328811646e-01 3.455585241317749023e-02 -5.604250356554985046e-02 2.353071421384811401e-02 4.984687548130750656e-03 2.969025401398539543e-03 -7.446589320898056030e-02 -8.662214130163192749e-02 6.757870316505432129e-02 1.220972090959548950e-02 -4.268946871161460876e-02 6.895973347127437592e-03 5.968707799911499023e-02 7.493450492620468140e-02 3.263279050588607788e-02 2.317152544856071472e-02 -9.608773887157440186e-02 3.350045531988143921e-02 -8.081663399934768677e-02 4.968542233109474182e-02 7.412775605916976929e-02 1.293986290693283081e-01 1.708050370216369629e-01 -1.701907813549041748e-01 8.161213248968124390e-02 -8.304759860038757324e-02 -4.612130671739578247e-02 -4.735404625535011292e-02 -2.382214665412902832e-01 -6.863205134868621826e-02 2.012525349855422974e-01 2.414171993732452393e-01 -5.912692099809646606e-02 1.295807659626007080e-01 -1.778720319271087646e-01 1.946484483778476715e-02
-1.061442717909812927e-01 -1.099903210997581482e-01 -2.557944878935813904e-02 -1.338422857224941254e-02 -2.396858297288417816e-02 -1.093408167362213135e-01 2.076663449406623840e-02 -3.848965093493461609e-02 -8.480826392769813538e-03 7.435400038957595825e-02 1.899458095431327820e-02 6.850533932447433472e-02 -3.768787160515785217e-02 -8.926203101873397827e-02 -7.527616620063781738e-02 1.505120750516653061e-02 -1.681981682777404785e-01 -1.184384524822235107e-01 1.227160617709159851e-01 2.921976149082183838e-01 1.190802976489067078e-01 3.582364916801452637e-01 9.162816405296325684e-02 1.801414936780929565e-01 8.734998852014541626e-02 1.200332865118980408e-02 4.518471285700798035e-02 -6.505855172872543335e-02 -2.486113645136356354e-02 3.512844070792198181e-02 -1.928202062845230103e-02 -6.226986274123191833e-02 -1.238071452826261520e-02 5.324036348611116409e-03 -8.547864109277725220e-02 -7.508697360754013062e-02 4.376006498932838440e-02 -2.787766233086585999e-02 -5.286858975887298584e-02 1.072490587830543518e-01 5.074449256062507629e-02 -2.122489735484123230e-03 3.084241598844528198e-02 -2.784947305917739868e-02 -1.061002537608146667e-01 4.594054818153381348e-02 -3.619804233312606812e-02 1.477042119950056076e-02 4.068238195031881332e-03 6.148123741149902344e-02 -6.984470784664154053e-02 5.311945825815200806e-02 -4.077588766813278198e-02 3.680926188826560974e-02 7.443823665380477905e-02 -1.472246050834655762e-01 -5.320550873875617981e-02 -2.602142840623855591e-02 -5.203362926840782166e-02 -5.473685916513204575e-03 1.131965816020965576e-01 -2.112519927322864532e-02 -1.889722049236297607e-02 1.735896766185760498e-01 1.549902260303497314e-01 1.832617968320846558e-01 1.415627449750900269e-01 1.788295358419418335e-01 1.725610941648483276e-01 5.324504524469375610e-02 2.092062383890151978e-01 2.697789072990417480e-01 2.142450213432312012e-01 1.092109829187393188e-01 2.131976038217544556e-01 1.483589410781860352e-01 1.208425313234329224e-02 -7.847771048545837402e-02 1.034152600914239883e-02 -5.371516197919845581e-02 -7.943685352802276611e-02 -7.024449761956930161e-03 -4.319198802113533020e-02 -1.506215929985046387e-01 3.630933910608291626e-02 -1.450011134147644043e-01 -1.850423216819763184e-01 -1.704086512327194214e-01 5.705289170145988464e-02 6.743089109659194946e-02 4.608575627207756042e-02 3.643728792667388916e-01 3.092103302478790283e-01 3.064401447772979736e-01 1.715209186077117920e-01 -4.900321736931800842e-02 2.345269173383712769e-01 2.648644447326660156e-01 1.504598408937454224e-01 3.616241812705993652e-01 -1.404234580695629120e-02
-8.658358827233314514e-03 -1.298213750123977661e-01 -1.281336843967437744e-01 -1.693470776081085205e-01 -1.746233105659484863e-01 -1.720357239246368408e-01 1.420227158814668655e-02 -3.201773390173912048e-02 -1.013550758361816406e-01 5.280993878841400146e-02 2.869633212685585022e-02 -8.428855240345001221e-02 8.112479001283645630e-02 9.534516185522079468e-02 2.147012128261849284e-04 1.447409689426422119e-01 1.984813250601291656e-02 1.362242996692657471e-01 4.660002589225769043e-01 6.019554138183593750e-01 6.208313107490539551e-01 2.771245837211608887e-01 -2.544133961200714111e-01 -3.416041433811187744e-01 -4.110850989818572998e-01 5.624550394713878632e-03 6.647252291440963745e-02 -1.682328879833221436e-01 -7.581122964620590210e-02 -3.495657444000244141e-02 3.363460004329681396e-01 5.706378817558288574e-02 -9.129232913255691528e-02 -1.411396712064743042e-01 2.873342297971248627e-02 2.207164168357849121e-01 3.058044612407684326e-01 2.014227509498596191e-01 2.052337229251861572e-01 3.819810450077056885e-01 2.370470613241195679e-01 3.429034948348999023e-01 3.709398806095123291e-01 2.812786698341369629e-01 2.021553367376327515e-01 2.317577153444290161e-01 1.607714593410491943e-02 5.064613372087478638e-02 8.359002321958541870e-02 1.737097948789596558e-01 1.259732544422149658e-01 1.056255176663398743e-01 1.427187174558639526e-01 -3.618527203798294067e-02 -6.754536181688308716e-02 -1.083054915070533752e-01 2.181078679859638214e-02 -4.704915452748537064e-03 -6.009709462523460388e-02 -1.192722469568252563e-01 -1.005054414272308350e-01 -1.938979141414165497e-02 -4.952051490545272827e-02 -6.475775688886642456e-02 -1.036644354462623596e-01 -7.388572394847869873e-02 -1.189953759312629700e-01 -3.098912164568901062e-02 -1.907764524221420288e-01 -1.997754573822021484e-01 -1.506069451570510864e-01 -2.032671123743057251e-01 -3.459598124027252197e-01 -2.920364737510681152e-01 -2.195454984903335571e-01 -9.353795647621154785e-02 -1.598511189222335815e-01 -9.642054140567779541e-02 -9.526126086711883545e-02 -4.384838789701461792e-02 -5.057728383690118790e-03 1.258823424577713013e-01 1.028388664126396179e-01 1.184227913618087769e-01 2.096570432186126709e-01 2.349644899368286133e-01 2.259350717067718506e-01 2.484111189842224121e-01 5.606334209442138672e-01 4.042037129402160645e-01 1.281154602766036987e-01 1.631497591733932495e-01 6.030649691820144653e-02 -2.633762061595916748e-01 -2.979800403118133545e-01 -4.548106491565704346e-01 -5.283177495002746582e-01 1.113111525774002075e-01 1.060812547802925110e-01 1.418384015560150146e-01 -1.011520475149154663e-01
1.108019277453422546e-01 6.302165985107421875e-02 1.132576465606689453e-01 4.450051113963127136e-03 1.402991940267384052e-03 -6.321525201201438904e-03 3.787599876523017883e-02 -6.994220614433288574e-02 -6.295064836740493774e-02 -4.107400402426719666e-02 2.446117065846920013e-02 -1.272475626319646835e-02 4.943113774061203003e-02 -3.025342337787151337e-02 1.235179137438535690e-02 -9.892605990171432495e-02 -5.377272889018058777e-02 -6.210149824619293213e-02 -5.128798540681600571e-03 -4.188385233283042908e-02 6.727357953786849976e-02 3.052958473563194275e-02 1.745250262320041656e-02 -7.385211996734142303e-03 3.171768737956881523e-03 -1.129151904024183750e-03 -1.016050055623054504e-01 5.125096812844276428e-02 -1.148892659693956375e-02 1.095275394618511200e-02 -1.941622700542211533e-03 -6.345368921756744385e-02 -9.297921508550643921e-02 -1.211491376161575317e-01 -9.519533067941665649e-02 2.769362926483154297e-02 -5.603142455220222473e-02 2.547254599630832672e-02 1.113543659448623657e-02 -9.331755340099334717e-03 5.868764221668243408e-02 1.493500545620918274e-02 9.675218164920806885e-02 9.113729000091552734e-02 9.203412383794784546e-02 -1.840474456548690796e-02 5.580541491508483887e-02 4.574332758784294128e-02 8.078683167695999146e-03 -9.712640941143035889e-02 -1.010951697826385498e-01 4.730857163667678833e-02 2.033108659088611603e-02 -2.487462945282459259e-02 -3.433851152658462524e-02 -6.311077624559402466e-02 5.441282317042350769e-02 5.065698549151420593e-02 4.059590864926576614e-03 -6.949465721845626831e-02 -1.730053685605525970e-03 -8.969324990175664425e-04 1.345369368791580200e-01 -2.408459596335887909e-02 1.765669509768486023e-02 -6.782469898462295532e-02 3.341691195964813232e-02 -2.901015803217887878e-02 2.809400297701358795e-02 -4.854051768779754639e-02 -9.245957434177398682e-02 -1.004506833851337433e-02 3.534044697880744934e-02 -1.350632216781377792e-02 6.397145241498947144e-02 5.188897252082824707e-02 7.488634437322616577e-02 -5.344192683696746826e-02 9.229902923107147217e-02 -7.792253792285919189e-02 -6.798008084297180176e-02 -8.087001740932464600e-02 6.671458482742309570e-02 -8.041002601385116577e-02 -4.761084169149398804e-02 1.461829990148544312e-01 1.246705502271652222e-01 -3.636787459254264832e-02 -1.021461337804794312e-01 5.148834362626075745e-02 5.244240164756774902e-02 3.511005267500877380e-02 -2.989666536450386047e-02 -5.703258141875267029e-02 8.579504676163196564e-03 4.580700770020484924e-02 -3.837247192859649658e-02 -3.088046563789248466e-03 6.298464536666870117e-02 -1.576800793409347534e-01 -1.024981513619422913e-01
-3.919908404350280762e-02 -1.068632826209068298e-01 -1.553262919187545776e-01 -5.037384480237960815e-02 -1.433543264865875244e-01 -1.275149881839752197e-01 -3.592034429311752319e-02 -1.022497490048408508e-01 7.006743550300598145e-02 -9.124905616044998169e-02 8.086596429347991943e-02 8.323713392019271851e-02 1.041742414236068726e-01 4.932809993624687195e-02 1.105012074112892151e-01 1.001503989100456238e-01 5.059495940804481506e-02 8.291766047477722168e-02 1.222522705793380737e-01 -2.386228740215301514e-02 -2.566320449113845825e-02 -4.660933837294578552e-02 2.023017499595880508e-03 6.082471832633018494e-02 2.553633973002433777e-02 -7.767304778099060059e-02 -5.141976848244667053e-02 4.563524946570396423e-02 -1.369910687208175659e-01 -1.518664658069610596e-01 1.256447285413742065e-03 -6.974340230226516724e-02 -4.817111045122146606e-02 -8.027113974094390869e-02 -8.869101107120513916e-02 -1.009085029363632202e-01 -8.189049363136291504e-02 -7.592397183179855347e-02 -1.135597750544548035e-01 3.115405142307281494e-02 2.000829949975013733e-02 -2.942649088799953461e-02 4.892021045088768005e-02 4.046187177300453186e-02 9.483078122138977051e-02 -8.764228224754333496e-02 -2.956747636198997498e-02 1.809295266866683960e-02 6.664989143610000610e-02 5.347033217549324036e-02 -1.214538235217332840e-02 4.480657726526260376e-02 -9.841176122426986694e-02 6.472502648830413818e-02 2.872828021645545959e-02 5.537296831607818604e-02 3.968204930424690247e-02 5.453231558203697205e-02 9.282280504703521729e-02 1.034044474363327026e-01 -5.152212828397750854e-02 1.177235040813684464e-02 4.549340158700942993e-02 5.694456025958061218e-02 -9.082752466201782227e-02 -9.639155119657516479e-02 -3.434157371520996094e-02 7.588106673210859299e-03 -4.636963456869125366e-02 3.538340702652931213e-02 8.392283692955970764e-03 -1.640243455767631531e-02 9.515991434454917908e-03 -1.655599027872085571e-01 -8.295760303735733032e-02 -7.922392338514328003e-02 -1.146201193332672119e-01 7.249559857882559299e-04 -1.241083145141601562e-01 6.184641644358634949e-02 2.376242540776729584e-02 -6.587370485067367554e-02 -8.954675495624542236e-02 -7.045055925846099854e-02 4.429079964756965637e-02 2.073764987289905548e-02 -3.448050469160079956e-02 -1.251731216907501221e-01 2.347992733120918274e-02 -4.607228096574544907e-03 5.406344309449195862e-02 1.792281270027160645e-01 -6.969280540943145752e-02 -2.229502946138381958e-01 5.795632675290107727e-02 -9.963241964578628540e-02 -1.684897392988204956e-01 2.136279456317424774e-02 8.096582442522048950e-02 6.388466805219650269e-02 4.247743263840675354e-02
-2.823625877499580383e-02 -1.139773502945899963e-01 -7.550054229795932770e-03 1.994224265217781067e-02 -3.515433520078659058e-02 4.569448530673980713e-02 2.625094540417194366e-02 -4.594612121582031250e-02 4.362156987190246582e-02 -7.237524259835481644e-03 -7.214020937681198120e-02 2.759526669979095459e-02 8.002372831106185913e-02 4.056613147258758545e-02 2.783924806863069534e-03 -1.246140059083700180e-02 1.148823276162147522e-02 -7.376141846179962158e-02 1.207053884863853455e-01 -5.594041198492050171e-02 -1.182071790099143982e-01 8.503805100917816162e-02 -5.621960386633872986e-02 -5.924143642187118530e-02 1.003269404172897339e-01 2.118015848100185394e-02 -2.370047941803932190e-02 7.119554094970226288e-03 4.650918766856193542e-02 4.021724686026573181e-02 8.814162015914916992e-02 9.506196528673171997e-02 -4.824984446167945862e-02 -8.458343148231506348e-02 -1.146876141428947449e-01 3.285666182637214661e-02 3.819026798009872437e-02 1.168310791254043579e-01 6.797779351472854614e-02 -1.509562134742736816e-02 7.965151220560073853e-02 -1.085871011018753052e-01 -9.119588881731033325e-02 -9.915994107723236084e-02 -3.490947932004928589e-02 -1.552325040102005005e-01 -1.181708499789237976e-01 4.729420319199562073e-02 -7.277325540781021118e-02 8.604703098535537720e-02 7.152071595191955566e-02 2.108162939548492432e-01 1.284213513135910034e-01 7.048987597227096558e-02 8.838786929845809937e-02 3.968805447220802307e-02 -4.620108753442764282e-02 -7.850752025842666626e-02 -1.195458322763442993e-01 -6.436849385499954224e-02 7.756873033940792084e-03 -7.776018232107162476e-03 -5.768340826034545898e-02 9.914311766624450684e-02 2.090439666062593460e-03 4.352801293134689331e-02 4.546907171607017517e-02 1.475622206926345825e-01 1.446153223514556885e-01 7.738158572465181351e-03 2.000762149691581726e-02 -1.761537231504917145e-02 -1.060394793748855591e-01 -3.047832660377025604e-02 -6.007407605648040771e-02 -4.327138140797615051e-02 -5.256648361682891846e-02 1.228219494223594666e-01 1.244196966290473938e-01 5.060282349586486816e-02 -2.319830842316150665e-02 -2.925044856965541840e-02 1.636508479714393616e-02 -1.146611571311950684e-01 -1.000346913933753967e-01 -1.101420968770980835e-01 4.942744970321655273e-03 -1.300222426652908325e-01 8.834800124168395996e-02 -8.179791271686553955e-03 1.444767266511917114e-01 1.827065199613571167e-01 9.246596693992614746e-02 -1.190814301371574402e-01 -6.148808822035789490e-02 1.358564496040344238e-01 -3.122863546013832092e-02 -4.197822138667106628e-02 -6.211721524596214294e-02 -1.010427176952362061e-01 1.659160479903221130e-02
-5.339447036385536194e-02 -9.622071869671344757e-03 5.715639144182205200e-02 2.814606763422489166e-02 5.789651349186897278e-02 3.584937751293182373e-02 -8.883601427078247070e-02 5.004280060529708862e-02 -5.696639046072959900e-02 6.877560913562774658e-02 -8.388798683881759644e-02 -5.860957130789756775e-02 6.115906685590744019e-02 7.346900552511215210e-02 6.124501675367355347e-02 5.223355442285537720e-02 -1.087666898965835571e-01 -7.248058915138244629e-02 7.870214432477951050e-02 -1.148701459169387817e-01 4.482864215970039368e-02 -7.843358814716339111e-02 1.123373676091432571e-02 6.695167720317840576e-02 -6.303334981203079224e-02 3.123468346893787384e-02 -8.619174361228942871e-03 7.952243089675903320e-03 -2.985551953315734863e-03 6.428750604391098022e-02 1.075556688010692596e-02 3.395746229216456413e-03 -1.288608554750680923e-02 1.163026597350835800e-02 6.286592036485671997e-02 1.677206717431545258e-02 -2.411957271397113800e-02 -3.202708810567855835e-02 5.912498757243156433e-02 -9.674349799752235413e-03 -1.148101761937141418e-01 -3.909995779395103455e-02 2.320973761379718781e-02 -7.761795073747634888e-02 -3.104474209249019623e-02 1.146161779761314392e-01 -7.365370541810989380e-02 1.103914976119995117e-01 7.497778534889221191e-02 1.449889242649078369e-01 -2.195393666625022888e-02 6.995121389627456665e-02 -6.502539664506912231e-02 -3.512626513838768005e-02 -4.241791740059852600e-02 1.035822257399559021e-01 -1.398392952978610992e-02 -5.198200233280658722e-03 -1.676405668258666992e-01 -1.522121280431747437e-01 1.211119070649147034e-01 1.765156984329223633e-01 8.586459606885910034e-02 -7.600720971822738647e-02 -9.876005351543426514e-02 -2.191703068092465401e-03 -2.107838168740272522e-02 -1.269074082374572754e-01 7.493000011891126633e-03 -5.915287137031555176e-02 -1.691838353872299194e-01 -1.472910344600677490e-01 -4.270251840353012085e-02 2.241852134466171265e-02 1.086673066020011902e-01 -2.608692087233066559e-02 2.871028333902359009e-02 5.810683593153953552e-02 4.322690144181251526e-02 1.123690232634544373e-01 -2.292256243526935577e-02 -8.300650119781494141e-02 9.183251112699508667e-02 -7.412628084421157837e-02 1.938617788255214691e-02 6.481713056564331055e-02 -1.964795775711536407e-02 -2.832458540797233582e-02 8.277454413473606110e-03 1.474197804927825928e-01 -4.324576258659362793e-02 -3.690336048603057861e-01 -3.707673400640487671e-02 2.555815577507019043e-01 6.231559440493583679e-02 2.741342782974243164e-01 2.237802296876907349e-01 -1.812111437320709229e-01 -1.324482858180999756e-01 -2.887632846832275391e-01 2.784755639731884003e-02
8.984664827585220337e-02 4.170437902212142944e-02 -3.139882907271385193e-02 2.251850068569183350e-02 3.052917495369911194e-02 6.479904055595397949e-02 1.387098617851734161e-02 -1.020006835460662842e-01 1.230237632989883423e-02 2.057401463389396667e-02 4.986976832151412964e-02 -7.169262319803237915e-02 -1.365823894739151001e-01 1.786931790411472321e-02 3.092760033905506134e-02 -7.512127608060836792e-02 5.429893359541893005e-02 -5.442502722144126892e-02 -2.282921969890594482e-02 -6.854388117790222168e-02 4.501838982105255127e-02 1.780500076711177826e-02 4.373780265450477600e-02 -1.145176291465759277e-01 5.641806870698928833e-02 -2.372319437563419342e-02 -3.766018152236938477e-02 1.414327770471572876e-01 -1.585380882024765015e-01 -1.340063102543354034e-02 2.395732104778289795e-01 9.225268661975860596e-02 -1.519447863101959229e-01 -1.659148186445236206e-01 -1.298429560847580433e-04 4.250794183462858200e-03 9.459016844630241394e-03 -3.400672972202301025e-02 -1.172721832990646362e-01 -8.907327055931091309e-02 7.090345025062561035e-02 6.023517623543739319e-02 6.223089620471000671e-02 9.302400797605514526e-02 1.188773438334465027e-01 5.431558191776275635e-02 -3.396641463041305542e-02 -2.626086818054318428e-03 2.181472443044185638e-02 3.684362769126892090e-02 -3.652418032288551331e-02 -2.449328079819679260e-02 -1.083182990550994873e-01 -5.695893615484237671e-02 -7.025705277919769287e-02 -9.439871646463871002e-03 8.710592985153198242e-02 8.932802826166152954e-02 2.946093864738941193e-02 2.311487216502428055e-03 -1.670376770198345184e-02 -1.828718930482864380e-01 -5.527965724468231201e-02 -9.830696135759353638e-02 1.462677586823701859e-02 6.665042042732238770e-02 8.671700209379196167e-02 1.256604641675949097e-01 1.266052722930908203e-01 1.809555888175964355e-01 1.456381082534790039e-01 -5.314961820840835571e-02 -3.061357699334621429e-02 -2.105848342180252075e-01 -1.686750352382659912e-01 -1.551178991794586182e-01 -4.533827677369117737e-02 -5.202364549040794373e-02 -1.035159602761268616e-01 1.370816528797149658e-01 4.819778352975845337e-02 1.004376411437988281e-01 1.039195284247398376e-01 1.752874702215194702e-01 7.798382639884948730e-02 3.711036592721939087e-02 3.007030859589576721e-02 -9.445864707231521606e-02 3.174843266606330872e-02 6.210140138864517212e-02 6.115539744496345520e-02 2.518414333462715149e-02 -7.164676487445831299e-02 -1.560718715190887451e-01 -2.262950241565704346e-01 -2.655933797359466553e-01 -1.358071714639663696e-01 2.531751692295074463e-01 2.928834557533264160e-01 2.766299843788146973e-01 1.158490963280200958e-02
-5.388570576906204224e-02 9.051524847745895386e-02 6.164915487170219421e-02 -3.641611430794000626e-03 1.237538903951644897e-01 1.292601376771926880e-01 9.680797904729843140e-02 1.058911234140396118e-01 -3.300877660512924194e-02 -8.835045248270034790e-02 4.171252623200416565e-02 -2.534392848610877991e-02 -2.258957736194133759e-02 -1.145698577165603638e-01 7.680174428969621658e-03 -2.283934876322746277e-02 -1.268759071826934814e-01 -1.720787137746810913e-01 -1.185145825147628784e-01 4.561546817421913147e-02 -1.720103994011878967e-02 6.619949638843536377e-02 5.520233511924743652e-02 -7.604859024286270142e-02 6.337941624224185944e-03 -2.653930895030498505e-02 -8.718852698802947998e-02 8.164498955011367798e-02 -5.233122035861015320e-02 6.279123574495315552e-02 1.198941096663475037e-01 -6.549629569053649902e-02 -3.511017560958862305e-02 -1.342825442552566528e-01 4.361359030008316040e-02 2.240698784589767456e-03 -1.936303451657295227e-02 4.882080852985382080e-02 -9.698317199945449829e-02 -3.697248920798301697e-02 -1.073154285550117493e-01 -1.137781515717506409e-02 5.402142927050590515e-02 8.823551982641220093e-02 1.101818457245826721e-01 4.486689716577529907e-02 2.387719787657260895e-02 5.787198618054389954e-02 7.708462327718734741e-02 9.448123723268508911e-02 5.837898328900337219e-02 1.802096143364906311e-02 -1.428824663162231445e-01 -3.229028731584548950e-02 -1.375851482152938843e-01 -9.457249939441680908e-02 7.589468266814947128e-03 -5.525295436382293701e-02 3.382524102926254272e-02 3.712846338748931885e-02 9.508538991212844849e-02 -1.198669802397489548e-02 -4.944169148802757263e-02 5.181909352540969849e-02 6.744626164436340332e-02 6.518471986055374146e-02 5.188624933362007141e-02 2.311245165765285492e-02 -4.953155294060707092e-02 2.323533780872821808e-02 1.372363138943910599e-02 7.255886495113372803e-02 -6.659907754510641098e-03 -5.898027215152978897e-03 1.469672750681638718e-02 -8.281063288450241089e-03 -1.027853861451148987e-01 -1.105422526597976685e-02 -6.951711326837539673e-02 1.069192960858345032e-01 1.330476626753807068e-02 2.564938738942146301e-02 9.843537211418151855e-02 -1.283914595842361450e-02 3.488460183143615723e-02 1.168679669499397278e-01 -1.659099385142326355e-02 -2.381158433854579926e-02 -1.327181160449981689e-01 -6.730538606643676758e-02 -1.553219743072986603e-03 -9.057438373565673828e-02 -9.559353813529014587e-03 7.879735529422760010e-02 -4.326916113495826721e-02 3.588854521512985229e-02 -2.061251178383827209e-02 7.710056006908416748e-02 -1.452589184045791626e-01 5.586504004895687103e-03 -4.887660220265388489e-02
-4.803084302693605423e-03 -3.199893608689308167e-02 -9.500727802515029907e-02 5.785179138183593750e-02 6.103089451789855957e-02 -9.502781555056571960e-03 3.207998350262641907e-02 -7.671070098876953125e-02 -6.441423296928405762e-02 -1.111588925123214722e-01 -1.206845697015523911e-02 -1.291319914162158966e-02 7.510381937026977539e-02 2.408592775464057922e-02 -3.365463390946388245e-02 -5.006664618849754333e-02 -1.581192761659622192e-02 7.626858353614807129e-02 2.169139385223388672e-01 2.327231615781784058e-01 1.474384069442749023e-01 2.781105041503906250e-01 3.510367274284362793e-01 4.671557247638702393e-02 2.009078115224838257e-01 1.159883588552474976e-01 7.740062475204467773e-02 -7.048888131976127625e-03 -1.819834709167480469e-01 -5.332828313112258911e-02 1.759680360555648804e-01 -5.466242879629135132e-02 -1.356755793094635010e-01 -1.936898976564407349e-01 -7.748954743146896362e-02 -1.673813760280609131e-01 -1.353872418403625488e-01 -3.169987723231315613e-02 -2.017668634653091431e-02 8.330935984849929810e-02 1.552560776472091675e-01 1.320434957742691040e-01 -7.859290391206741333e-02 -1.168644949793815613e-01 1.082533318549394608e-02 2.108760178089141846e-02 -4.545095935463905334e-02 -8.578016608953475952e-02 1.142388209700584412e-02 -2.608824521303176880e-02 -7.849504798650741577e-02 -7.865685969591140747e-02 6.006482616066932678e-02 -6.679024547338485718e-02 -1.110252588987350464e-01 2.596998400986194611e-02 6.561551243066787720e-02 1.604138612747192383e-01 1.849629729986190796e-01 1.682853102684020996e-01 1.382358521223068237e-01 -6.228121463209390640e-03 8.265712857246398926e-02 3.991193696856498718e-02 1.516195982694625854e-01 1.069500595331192017e-01 1.328159570693969727e-01 -7.350506633520126343e-02 -4.172070696949958801e-02 -1.970697659999132156e-03 4.721862450242042542e-02 3.895544633269309998e-02 2.677193656563758850e-02 3.160750493407249451e-02 1.080416217446327209e-01 7.228451967239379883e-02 -4.207877814769744873e-02 -7.968079298734664917e-02 -4.443970322608947754e-02 -6.474694609642028809e-02 9.386602323502302170e-04 -1.590183079242706299e-01 -1.542197819799184799e-02 -6.985016912221908569e-02 -8.490244299173355103e-02 -3.530664369463920593e-02 -4.182299599051475525e-02 -7.296933233737945557e-02 2.919310629367828369e-01 4.300957545638084412e-02 -9.921361505985260010e-02 -1.264376044273376465e-01 3.420379385352134705e-02 3.376713693141937256e-01 1.422265470027923584e-01 2.357372790575027466e-01 4.597325026988983154e-01 1.521508842706680298e-01 1.464585363864898682e-01 3.119781240820884705e-02 2.350546792149543762e-02
-4.676628450397402048e-04 8.993570506572723389e-02 7.557209581136703491e-03 7.217655330896377563e-02 -6.542272865772247314e-02 -1.145942583680152893e-01 -9.028863161802291870e-02 -2.889865450561046600e-02 -9.080225229263305664e-02 -3.524072468280792236e-02 2.877069637179374695e-02 8.286894299089908600e-03 2.626490546390414238e-03 -6.957983225584030151e-02 -1.086697652935981750e-01 -3.191938623785972595e-02 -5.370314791798591614e-02 -8.422465622425079346e-02 -5.737839732319116592e-03 -7.823603227734565735e-03 4.590900987386703491e-02 1.108290255069732666e-01 3.294486701488494873e-01 1.368113607168197632e-01 5.617029964923858643e-02 4.065182805061340332e-02 1.359540075063705444e-01 6.512618158012628555e-03 -5.040631443262100220e-02 5.523420870304107666e-02 9.885085374116897583e-02 -2.196866087615489960e-02 -6.918865442276000977e-02 -9.328269958496093750e-02 -9.291995316743850708e-02 -1.718356907367706299e-01 -8.722071349620819092e-02 -1.210101097822189331e-01 -1.496401578187942505e-01 -3.977695107460021973e-02 -8.839942514896392822e-02 6.414573639631271362e-02 -1.834290474653244019e-02 3.619677200913429260e-02 -4.829641256947070360e-04 -2.196775190532207489e-02 1.207845583558082581e-01 -5.997092463076114655e-03 5.069192871451377869e-02 -1.468255463987588882e-02 3.054441697895526886e-02 -1.484028529375791550e-02 -7.637548446655273438e-02 -5.107384547591209412e-02 -6.059202831238508224e-03 4.831681773066520691e-02 4.298321530222892761e-02 -1.974621228873729706e-02 -7.316350936889648438e-02 -1.277638226747512817e-01 -1.333517581224441528e-01 -5.885427445173263550e-02 -3.137344866991043091e-02 1.003972720354795456e-02 1.286727190017700195e-01 1.076415330171585083e-01 5.128139257431030273e-02 -2.296914346516132355e-02 2.069782698526978493e-03 -3.677413240075111389e-02 -1.179676130414009094e-01 -8.677258342504501343e-02 -7.201375812292098999e-02 -3.587546572089195251e-02 -4.804474115371704102e-02 1.195788607001304626e-01 2.136219739913940430e-01 1.712243109941482544e-01 2.923230528831481934e-01 2.371094971895217896e-01 1.694694906473159790e-01 8.810564130544662476e-02 6.315628439188003540e-02 -5.699799861758947372e-03 -1.387677341699600220e-01 -7.138022780418395996e-02 1.140619367361068726e-01 2.596372663974761963e-01 5.911275371909141541e-02 -1.020673215389251709e-01 -1.957765221595764160e-01 -3.628584742546081543e-01 -3.047220110893249512e-01 -3.840054571628570557e-01 -5.701329931616783142e-02 3.181267976760864258e-01 1.071590185165405273e+00 6.871008276939392090e-01 6.482025384902954102e-01 5.460883378982543945e-01 6.966175138950347900e-02
3.258277848362922668e-02 3.165679052472114563e-02 8.472794294357299805e-02 -2.481014095246791840e-02 -6.103243678808212280e-02 9.400123730301856995e-03 4.720617551356554031e-03 -1.157054156064987183e-01 -8.140652626752853394e-02 -3.965239599347114563e-02 -2.414806634187698364e-01 -1.889278441667556763e-01 -2.110006064176559448e-01 -3.578267395496368408e-01 -4.813609719276428223e-01 -4.603098332881927490e-01 -7.171809077262878418e-01 -8.357764482498168945e-01 -1.538527756929397583e-01 -1.088123470544815063e-01 6.432683765888214111e-02 -2.141516096889972687e-02 2.884610369801521301e-02 -4.987392574548721313e-02 7.462494820356369019e-02 2.529985643923282623e-02 -5.844379588961601257e-02 -6.460518389940261841e-02 -1.141437888145446777e-01 8.764508366584777832e-02 -1.192312911152839661e-01 7.134068012237548828e-02 6.549630314111709595e-02 1.491132527589797974e-01 9.472586959600448608e-02 3.920480236411094666e-02 8.005352690815925598e-03 -8.346846699714660645e-02 -3.559883683919906616e-02 9.022671729326248169e-02 1.365403085947036743e-01 -3.628326207399368286e-02 3.404750674962997437e-02 -8.539089560508728027e-02 6.899328529834747314e-02 -7.483724504709243774e-02 2.303313277661800385e-02 2.853481285274028778e-02 -2.537517435848712921e-02 -3.048937208950519562e-02 6.587527692317962646e-02 4.588826000690460205e-02 -2.987860515713691711e-02 -1.644304953515529633e-02 3.805882483720779419e-02 3.549190238118171692e-02 6.214034510776400566e-04 6.155636906623840332e-02 6.996627431362867355e-03 4.109590128064155579e-02 -8.412582427263259888e-02 1.124465651810169220e-02 -6.186969578266143799e-02 1.584106534719467163e-01 4.038099944591522217e-02 5.506343021988868713e-02 -1.272571980953216553e-01 3.707299008965492249e-02 -1.179872080683708191e-02 -3.934786841273307800e-02 6.900760531425476074e-02 4.002610594034194946e-02 -4.850717261433601379e-02 1.187452599406242371e-01 -1.064884364604949951e-01 -7.136597484350204468e-02 -1.112316623330116272e-01 -1.020344719290733337e-01 -2.345569282770156860e-01 -8.043725043535232544e-02 -6.678370386362075806e-02 -6.598521769046783447e-02 6.157688330858945847e-04 -1.181230787187814713e-02 -9.869524277746677399e-03 -1.059055402874946594e-01 5.450764670968055725e-02 1.593551039695739746e-01 -5.898445844650268555e-02 -2.893034927546977997e-02 -1.994059532880783081e-01 -5.949813500046730042e-02 9.588368237018585205e-03 2.006665766239166260e-01 6.883399188518524170e-02 2.930535674095153809e-01 1.856475025415420532e-01 -3.868622779846191406e-01 -2.879495024681091309e-01 -4.603252112865447998e-01 1.088196411728858948e-01
-1.107549965381622314e-01 -6.322534382343292236e-02 -9.242839366197586060e-02 7.673268765211105347e-02 5.818421021103858948e-02 2.095098234713077545e-02 2.434771135449409485e-02 3.159484826028347015e-03 -6.080111954361200333e-03 1.011842042207717896e-01 5.483923852443695068e-02 2.711102738976478577e-02 -5.945538356900215149e-02 8.469451963901519775e-02 6.020446494221687317e-02 -3.061939403414726257e-02 -5.631629377603530884e-02 2.545236423611640930e-02 -4.888655617833137512e-02 5.170966498553752899e-03 1.135868355631828308e-01 7.126574963331222534e-02 -3.225498599931597710e-03 9.202557802200317383e-02 -1.066789589822292328e-02 -6.722625344991683960e-02 3.160859644412994385e-02 4.331660643219947815e-02 -6.543391197919845581e-02 -1.084725931286811829e-01 -9.763959795236587524e-02 -3.161836788058280945e-02 3.172099590301513672e-02 -9.095239639282226562e-02 -5.988671630620956421e-02 2.167369006201624870e-03 -1.057799207046627998e-03 -3.467909991741180420e-02 -6.295425351709127426e-03 -1.364247798919677734e-01 -1.310618221759796143e-01 1.086547132581472397e-02 -1.032654643058776855e-01 2.557444013655185699e-02 -8.272732049226760864e-02 -4.681659047491848469e-04 8.773062378168106079e-02 1.385944783687591553e-01 -1.884971279650926590e-03 1.457726657390594482e-01 4.786716401576995850e-02 1.512956768274307251e-01 7.740664482116699219e-02 -1.206744369119405746e-02 6.693762540817260742e-02 5.733669549226760864e-02 -1.773061417043209076e-02 -1.826291903853416443e-02 -1.714288443326950073e-01 3.917315602302551270e-02 -3.256608918309211731e-02 1.375126768834888935e-03 6.700287014245986938e-02 -1.976323872804641724e-02 -2.318676002323627472e-02 -1.608781665563583374e-01 -6.035193800926208496e-02 -3.972002863883972168e-02 -1.296354830265045166e-01 -4.967792332172393799e-02 -5.408472940325737000e-02 -1.050372570753097534e-01 -1.260025799274444580e-02 -1.980565488338470459e-02 -5.218208208680152893e-02 6.725043058395385742e-02 5.973391607403755188e-02 -4.737834259867668152e-02 9.030402451753616333e-02 -7.449482381343841553e-02 7.173871155828237534e-03 2.006398513913154602e-03 6.067848950624465942e-02 6.522817909717559814e-02 1.324817836284637451e-01 -7.781341206282377243e-03 1.093059629201889038e-01 5.243151634931564331e-02 -1.873927563428878784e-01 -1.564977020025253296e-01 -2.044053971767425537e-01 -2.374372482299804688e-01 -5.594491213560104370e-02 9.829513728618621826e-02 3.894630670547485352e-01 6.296356916427612305e-01 4.090356230735778809e-01 -2.610340714454650879e-01 -2.715468108654022217e-01 -4.183849692344665527e-01 1.255594100803136826e-02
2.136014774441719055e-02 -3.617892414331436157e-02 -4.582019988447427750e-03 9.650583565235137939e-02 8.026320487260818481e-03 1.030173227190971375e-01 6.497965008020401001e-02 -2.899592556059360504e-02 1.107426732778549194e-01 -3.994839638471603394e-02 9.860377758741378784e-02 5.544121563434600830e-02 -8.201967179775238037e-02 -1.250866241753101349e-02 2.465176954865455627e-02 -4.955647140741348267e-02 -1.161359399557113647e-01 -3.026531040668487549e-01 5.475901439785957336e-02 6.410737335681915283e-02 8.007125556468963623e-02 2.082341909408569336e-01 5.186002701520919800e-02 1.059972196817398071e-01 1.798661202192306519e-01 5.061843991279602051e-02 8.397597074508666992e-02 3.284838050603866577e-02 7.192848622798919678e-02 7.395797967910766602e-02 1.106038317084312439e-01 1.825350672006607056e-01 2.545056641101837158e-01 2.305815219879150391e-01 2.461321800947189331e-01 2.703305184841156006e-01 2.933713048696517944e-02 1.156445071101188660e-01 1.194334775209426880e-02 -1.221403554081916809e-01 -1.716112904250621796e-02 8.985190652310848236e-04 3.064821287989616394e-02 -3.596459329128265381e-02 3.406700119376182556e-02 -5.428764596581459045e-02 -6.907498091459274292e-02 3.817034512758255005e-02 5.967799201607704163e-02 -1.596366018056869507e-01 -1.210888326168060303e-01 -1.921851634979248047e-01 -1.802699118852615356e-01 -2.021562159061431885e-01 -7.425692677497863770e-02 -1.790760010480880737e-01 -1.085174921900033951e-02 -1.143218502402305603e-01 -5.403101816773414612e-02 1.512606814503669739e-02 1.244701817631721497e-02 9.291851520538330078e-02 -5.836476385593414307e-02 -7.247556000947952271e-02 -1.933014094829559326e-01 -8.579897880554199219e-02 -4.109736531972885132e-02 1.175367608666419983e-01 3.347751870751380920e-02 -7.643839716911315918e-02 7.967272773385047913e-03 -7.421965897083282471e-02 -8.828033506870269775e-02 2.864072658121585846e-02 8.565623313188552856e-02 -2.725568972527980804e-02 8.096473664045333862e-02 2.043734341859817505e-01 1.530138999223709106e-01 1.440865695476531982e-01 3.475721180438995361e-02 1.810234040021896362e-01 6.727645546197891235e-02 1.486404538154602051e-01 -1.642584428191184998e-02 1.291050910949707031e-01 -1.042675748467445374e-01 -9.408362954854965210e-02 -8.674354106187820435e-02 2.229297347366809845e-02 3.035552203655242920e-01 2.245363593101501465e-01 -1.619335636496543884e-02 -6.132953166961669922e-01 -4.978224337100982666e-01 -6.506562829017639160e-01 -1.542612910270690918e-01 2.819482088088989258e-01 6.823796778917312622e-02 5.122529864311218262e-01 -4.432931169867515564e-02
-4.838298261165618896e-02 -1.514292806386947632e-01 -1.895883493125438690e-02 -9.180694073438644409e-02 -1.767291575670242310e-01 -3.368701785802841187e-02 1.905667944811284542e-03 -9.176350384950637817e-02 -8.688867837190628052e-02 -7.018136978149414062e-02 -1.005086377263069153e-01 6.352779269218444824e-02 3.793775662779808044e-02 4.110382869839668274e-02 5.516817048192024231e-02 5.761749297380447388e-02 1.095639765262603760e-01 6.786992400884628296e-02 3.530712127685546875e-01 2.453563958406448364e-01 2.085383236408233643e-01 3.002228140830993652e-01 -4.036377072334289551e-01 -4.180825650691986084e-01 -2.554173171520233154e-01 -7.954970002174377441e-03 8.184128091670572758e-04 5.796099081635475159e-02 -1.687338054180145264e-01 -8.324170112609863281e-02 6.764294207096099854e-02 -5.679549649357795715e-02 1.688769087195396423e-02 6.083888933062553406e-02 -7.596409320831298828e-02 -5.069796461611986160e-03 -8.125524222850799561e-02 -1.532496213912963867e-01 -1.586904823780059814e-01 -1.188414543867111206e-01 -1.698832362890243530e-01 -1.386301964521408081e-01 -3.991650044918060303e-02 -7.969785481691360474e-02 -2.129147760570049286e-02 -2.127026207745075226e-02 2.306369692087173462e-02 -1.358757764101028442e-01 -6.415048846974968910e-04 -3.401776775717735291e-02 -1.252874881029129028e-01 -1.190613880753517151e-01 -1.613397002220153809e-01 -1.014195010066032410e-01 -1.089180856943130493e-01 -8.527132868766784668e-02 -7.700055837631225586e-02 8.838120847940444946e-03 -1.543430425226688385e-02 3.492076322436332703e-02 7.633945345878601074e-02 1.101178154349327087e-01 1.373189836740493774e-01 1.675262451171875000e-01 1.123254969716072083e-01 8.664817363023757935e-02 1.585915833711624146e-01 1.906688958406448364e-01 2.038040310144424438e-01 1.582802087068557739e-01 4.748656973242759705e-02 5.855941027402877808e-02 -4.483675956726074219e-02 1.868358813226222992e-02 4.481578990817070007e-02 -2.489827200770378113e-02 2.104279771447181702e-02 2.432369627058506012e-02 1.090556010603904724e-02 9.321841597557067871e-02 1.540517508983612061e-01 1.753211021423339844e-01 1.892646104097366333e-01 2.283665239810943604e-01 1.047039553523063660e-01 1.782953739166259766e-01 2.415891289710998535e-01 4.102417528629302979e-01 1.643475174903869629e+00 3.969637751579284668e-01 3.619699478149414062e-01 4.171004593372344971e-01 3.443315625190734863e-01 2.142975032329559326e-01 -2.205540984869003296e-01 -5.001679658889770508e-01 -9.936053752899169922e-01 -2.809216082096099854e-01 -3.236520290374755859e-02 1.093027293682098389e-01 -1.720845326781272888e-02
-5.520652607083320618e-02 -5.238938704133033752e-02 -2.916207164525985718e-02 -5.709487572312355042e-02 -7.584311813116073608e-02 1.385893579572439194e-02 -8.152320235967636108e-02 -4.119574278593063354e-02 7.708966732025146484e-02 -2.565053291618824005e-03 5.697612091898918152e-02 -7.288916409015655518e-02 7.904903963208198547e-03 9.242036193609237671e-02 1.224104091525077820e-01 -3.491311147809028625e-02 5.253283772617578506e-03 4.572143033146858215e-02 -8.946935087442398071e-02 -1.097009424120187759e-02 -6.236046552658081055e-03 5.356228724122047424e-02 8.922280371189117432e-02 -5.263008922338485718e-02 -3.537857159972190857e-02 3.493464738130569458e-02 6.834889948368072510e-02 -6.028698384761810303e-02 -1.015358716249465942e-01 -1.111330687999725342e-01 1.538312882184982300e-01 -3.460331633687019348e-02 -1.582022756338119507e-01 -2.097361832857131958e-01 -3.887825831770896912e-02 6.621605902910232544e-02 1.446669846773147583e-01 1.606523841619491577e-01 1.736044287681579590e-01 1.008841395378112793e-01 -7.369370758533477783e-02 -5.815380066633224487e-02 7.032486051321029663e-02 4.749666899442672729e-02 6.168438866734504700e-02 -6.956179440021514893e-02 -5.867575481534004211e-02 -7.427252829074859619e-02 -9.787382930517196655e-02 -6.868479773402214050e-03 -3.460218757390975952e-02 -7.154364883899688721e-02 -1.028141286224126816e-02 -6.965938955545425415e-03 -8.111809194087982178e-02 8.527203649282455444e-02 4.689972847700119019e-02 -5.784705746918916702e-03 7.417448610067367554e-02 5.403091385960578918e-02 -9.184227138757705688e-02 8.632767945528030396e-02 -1.120130866765975952e-01 6.740738451480865479e-02 9.656515717506408691e-02 -8.717986196279525757e-02 8.498012274503707886e-02 -2.184589765965938568e-02 7.459869235754013062e-02 -6.422910094261169434e-02 -4.213277250528335571e-02 -1.813226006925106049e-02 -5.163637921214103699e-03 1.049977540969848633e-01 1.620091795921325684e-01 8.299104124307632446e-02 4.320029914379119873e-02 2.803413569927215576e-02 6.438020616769790649e-02 -9.405047446489334106e-02 -1.505157053470611572e-01 2.150390483438968658e-02 1.035565417259931564e-02 -4.492965340614318848e-02 -1.740240156650543213e-01 4.137607291340827942e-02 -9.393134713172912598e-02 -2.855858206748962402e-01 6.746876239776611328e-02 1.008579730987548828e-01 1.657707244157791138e-01 5.949732288718223572e-02 5.114457011222839355e-02 5.271190777420997620e-02 -1.084880977869033813e-01 -1.901432126760482788e-01 -9.423168748617172241e-02 8.130655437707901001e-02 4.641104023903608322e-03 1.379534751176834106e-01 2.580019086599349976e-02
-2.577258460223674774e-02 -8.000897616147994995e-02 -2.244365401566028595e-02 5.584832653403282166e-02 4.114444181323051453e-02 8.689261972904205322e-02 -4.009927064180374146e-02 -9.349937736988067627e-02 -1.941207796335220337e-02 -8.223887532949447632e-02 -3.701266273856163025e-02 -9.177652001380920410e-02 -4.236708860844373703e-03 -1.332596782594919205e-02 1.114727407693862915e-01 1.403654515743255615e-01 1.119657754898071289e-01 1.700035035610198975e-01 4.325143992900848389e-02 3.187975659966468811e-02 4.427275434136390686e-02 -1.076398938894271851e-01 -1.071892306208610535e-01 -2.948928810656070709e-02 -5.425022449344396591e-03 5.896320566534996033e-03 1.619642041623592377e-02 8.421579748392105103e-02 1.356737017631530762e-01 1.405558139085769653e-01 2.428755462169647217e-01 2.420842796564102173e-01 7.760611176490783691e-02 1.108154356479644775e-01 9.678781777620315552e-02 1.565547310747206211e-03 -4.115272685885429382e-02 -4.916557669639587402e-02 -2.729248628020286560e-02 6.285139173269271851e-02 -3.153042122721672058e-02 -8.170839399099349976e-02 -5.571964010596275330e-02 -1.308520138263702393e-01 -2.517653629183769226e-02 4.239828512072563171e-02 -5.946367979049682617e-02 9.307590872049331665e-02 -3.516238182783126831e-02 -2.765631861984729767e-02 7.437969092279672623e-03 3.811949491500854492e-02 6.072327867150306702e-02 6.708136200904846191e-02 9.407696872949600220e-02 4.460202902555465698e-02 5.951664596796035767e-02 -8.802092075347900391e-02 -5.865596979856491089e-02 -9.100244194269180298e-02 -9.631230682134628296e-02 -2.873975411057472229e-02 -1.183621063828468323e-01 -5.539567023515701294e-02 -1.095242872834205627e-01 -1.034210808575153351e-02 4.930211231112480164e-02 -1.894097588956356049e-02 -1.614179275929927826e-02 2.842967770993709564e-02 -1.931817270815372467e-02 2.684987522661685944e-02 1.585142910480499268e-01 1.819077134132385254e-02 1.808048188686370850e-01 2.876031771302223206e-02 2.273676842451095581e-01 1.034317612648010254e-01 1.451344341039657593e-01 1.631332337856292725e-01 6.543177366256713867e-02 -4.841011017560958862e-03 3.958027064800262451e-02 -1.729042641818523407e-02 8.492321521043777466e-02 1.998185180127620697e-03 -2.939357422292232513e-02 1.315964162349700928e-01 -4.083921313285827637e-01 -1.053765639662742615e-01 -2.993889451026916504e-01 -2.795074582099914551e-01 6.404617428779602051e-02 -1.122835651040077209e-01 8.470652252435684204e-02 3.596255183219909668e-01 -5.388675630092620850e-02 -5.256158113479614258e-01 -2.521633505821228027e-01 -5.778630375862121582e-01 -1.644822955131530762e-02
6.332997977733612061e-02 -9.044233709573745728e-02 1.793064922094345093e-02 5.213243886828422546e-02 7.778482139110565186e-02 5.590562149882316589e-02 -2.530920691788196564e-02 -4.973910748958587646e-02 1.354053802788257599e-02 -4.338540881872177124e-02 4.910555109381675720e-02 -7.224062830209732056e-02 8.334535174071788788e-03 5.371216312050819397e-02 -5.007307603955268860e-02 -1.081387549638748169e-01 3.880969434976577759e-02 7.250959426164627075e-02 1.870613545179367065e-02 -5.126417148858308792e-03 -7.762740552425384521e-02 1.070572715252637863e-02 1.448923442512750626e-02 8.743632584810256958e-03 3.636456653475761414e-02 -5.472514405846595764e-02 2.805811725556850433e-02 5.018059909343719482e-02 -9.929329156875610352e-02 -1.772284880280494690e-02 -1.716290265321731567e-01 1.238975375890731812e-01 4.217557236552238464e-02 3.981462866067886353e-02 9.339526295661926270e-02 -1.855597645044326782e-02 3.883248567581176758e-02 -5.335483700037002563e-02 -1.311931014060974121e-02 -1.624771393835544586e-02 7.947368919849395752e-02 1.591370813548564911e-02 3.048935346305370331e-02 -4.809765145182609558e-02 -1.019550673663616180e-02 -7.782918214797973633e-02 -7.869863510131835938e-02 3.087510354816913605e-02 2.972568757832050323e-02 2.121403813362121582e-02 1.351453084498643875e-02 -1.212529763579368591e-01 5.595146864652633667e-02 -3.464630618691444397e-02 -3.331273794174194336e-02 2.761337719857692719e-02 -2.143958583474159241e-02 5.264101549983024597e-02 9.988559782505035400e-02 -9.003468602895736694e-02 8.602336049079895020e-03 7.018361240625381470e-03 5.301976576447486877e-02 8.412626385688781738e-02 -9.402219951152801514e-02 4.683618992567062378e-02 1.147133065387606621e-03 -7.896389067173004150e-02 3.635749220848083496e-02 -5.195326730608940125e-02 -3.753027692437171936e-02 4.959494248032569885e-02 1.135331392288208008e-01 -2.586418576538562775e-02 -5.569256097078323364e-02 6.897081434726715088e-02 2.385545708239078522e-02 -1.608139127492904663e-01 1.928151957690715790e-02 -1.158458739519119263e-01 6.699528545141220093e-02 4.076437279582023621e-02 8.920978754758834839e-02 -7.638053596019744873e-02 1.306055635213851929e-01 -9.113900363445281982e-02 -9.868605993688106537e-03 1.707617193460464478e-01 1.159036457538604736e-01 7.491378486156463623e-02 -1.554507315158843994e-01 -1.377494633197784424e-01 -1.902505308389663696e-01 -3.808984905481338501e-02 2.255387604236602783e-02 2.184446156024932861e-01 2.140522152185440063e-01 -1.079635620117187500e-01 7.260518521070480347e-02 -1.145503595471382141e-01 5.152473971247673035e-02
-6.339718401432037354e-02 1.700482517480850220e-02 9.922283142805099487e-02 -6.074817851185798645e-03 8.716142922639846802e-02 -7.632344961166381836e-02 -5.465500429272651672e-02 -3.341797739267349243e-02 2.756473608314990997e-03 -5.995444580912590027e-02 7.116426527500152588e-02 -8.685673587024211884e-03 -2.426952496170997620e-02 8.254709094762802124e-02 -9.460094571113586426e-02 5.186812952160835266e-02 -9.185254573822021484e-03 2.251655980944633484e-02 2.817857824265956879e-02 6.927506625652313232e-02 9.182522445917129517e-02 4.282448068261146545e-02 -1.351723223924636841e-01 -7.502739876508712769e-02 -1.600217819213867188e-01 7.154864072799682617e-02 -6.163523532450199127e-03 -1.999628730118274689e-02 1.197872459888458252e-01 1.322235632687807083e-02 4.648662731051445007e-02 7.082328200340270996e-02 -6.990727782249450684e-02 1.024121865630149841e-01 2.981221489608287811e-02 -5.625953525304794312e-02 -6.633285898715257645e-03 -8.326500654220581055e-02 -5.081699043512344360e-02 -5.658040940761566162e-02 -1.007348205894231796e-02 -5.351693835109472275e-04 3.904848545789718628e-02 -1.994237862527370453e-02 6.726579368114471436e-02 6.034187227487564087e-02 -5.698787420988082886e-02 -5.465305969119071960e-02 1.085632517933845520e-01 4.626506567001342773e-02 5.453513935208320618e-02 8.239066600799560547e-02 -5.999250337481498718e-02 -1.027554273605346680e-01 -1.088895052671432495e-01 -1.095005199313163757e-01 3.755757585167884827e-02 -3.606863319873809814e-02 7.177283614873886108e-02 -3.580201417207717896e-02 -7.152129709720611572e-02 -8.392829447984695435e-03 -6.216678768396377563e-02 2.608401142060756683e-02 -8.798649534583091736e-03 5.340106040239334106e-02 -5.658131465315818787e-02 -5.006641522049903870e-02 3.326808288693428040e-02 -2.743730880320072174e-02 -6.351656466722488403e-02 -5.008027888834476471e-03 4.321541637182235718e-02 -4.070779681205749512e-02 5.508497823029756546e-03 6.411516666412353516e-02 1.024165935814380646e-02 -4.419176280498504639e-02 2.296878769993782043e-02 9.412833303213119507e-02 -6.111174076795578003e-02 -9.120249748229980469e-02 -9.525082260370254517e-02 -3.705532476305961609e-02 7.994154840707778931e-02 5.934197455644607544e-02 -4.933778196573257446e-02 4.879695549607276917e-02 -6.073653325438499451e-02 -7.185756694525480270e-03 1.104137301445007324e-02 5.334873870015144348e-02 -2.683592438697814941e-01 -2.965910434722900391e-01 -9.280757606029510498e-02 -1.298379898071289062e-01 2.528665959835052490e-01 2.718929946422576904e-01 6.815824657678604126e-02 1.646805703639984131e-01 -4.800945520401000977e-02
6.449124962091445923e-02 3.228818997740745544e-03 7.498324266634881496e-04 -2.110979706048965454e-02 -4.411209747195243835e-02 -6.143919751048088074e-02 3.184015676379203796e-02 7.053180783987045288e-02 2.719351463019847870e-02 6.669192016124725342e-02 -2.369082346558570862e-02 -8.306846767663955688e-02 -2.662807703018188477e-02 -5.197580903768539429e-02 -7.208843529224395752e-02 1.038608402013778687e-01 1.512131541967391968e-01 4.455954208970069885e-02 1.627371162176132202e-01 -3.442704677581787109e-02 -4.786008223891258240e-02 6.198652461171150208e-02 -3.802947700023651123e-02 -1.359643340110778809e-01 -2.456311881542205811e-02 5.884302407503128052e-02 -1.192824691534042358e-01 -4.228724166750907898e-02 -9.613059461116790771e-02 1.363533828407526016e-02 1.394695341587066650e-01 -2.547597698867321014e-02 -1.222527921199798584e-01 4.896338656544685364e-02 7.274850271642208099e-03 1.142007634043693542e-01 2.650257945060729980e-02 -4.175822064280509949e-02 -1.160454750061035156e-02 -1.650709845125675201e-02 -1.495233327150344849e-01 -4.536965489387512207e-02 6.264688074588775635e-02 1.520448084920644760e-02 2.494436129927635193e-02 -6.651401519775390625e-02 5.088217929005622864e-02 -7.306332141160964966e-02 -1.157879903912544250e-01 -8.701529353857040405e-02 6.049767881631851196e-02 -1.219253242015838623e-01 -1.344922035932540894e-01 7.060409989207983017e-03 9.690740704536437988e-02 1.197461336851119995e-01 -5.277218762785196304e-03 -1.608468033373355865e-02 -8.911199867725372314e-02 2.392531000077724457e-02 2.264191396534442902e-02 -3.913018852472305298e-02 -3.035139665007591248e-02 -7.562804967164993286e-03 -8.583066612482070923e-02 -7.236184924840927124e-02 -3.526027500629425049e-02 -1.060442402958869934e-01 -5.278472229838371277e-02 -8.726926147937774658e-02 -4.139543697237968445e-02 -7.678922265768051147e-02 -1.440051794052124023e-01 -3.279819339513778687e-02 -4.410950466990470886e-02 -3.019277006387710571e-02 1.975120976567268372e-02 1.161686107516288757e-01 -2.654215320944786072e-02 7.355569303035736084e-02 -8.137013018131256104e-02 7.789186388254165649e-02 -2.478987537324428558e-02 4.011391848325729370e-02 -5.392500385642051697e-02 7.232044637203216553e-02 -6.370364874601364136e-02 -6.689237803220748901e-02 -3.141734004020690918e-01 -5.740562826395034790e-02 -8.921734243631362915e-02 -2.023230344057083130e-01 -1.301077306270599365e-01 -2.851558327674865723e-01 2.144742198288440704e-02 1.834663897752761841e-01 4.679822921752929688e-01 6.014531105756759644e-02 2.080583721399307251e-01 -1.887509226799011230e-01 1.906155236065387726e-02
4.231202974915504456e-02 -4.857172071933746338e-02 4.156625363975763321e-03 -7.882443070411682129e-02 4.467326402664184570e-02 1.141734234988689423e-02 9.535873681306838989e-02 3.600902482867240906e-02 1.231753155589103699e-01 6.923322379589080811e-02 7.376857101917266846e-02 1.291329711675643921e-01 -4.548919573426246643e-02 -2.138111367821693420e-02 -6.409993022680282593e-02 -1.223266050219535828e-01 -4.461083933711051941e-02 -2.088802009820938110e-01 3.917247802019119263e-02 2.094689570367336273e-02 2.179502509534358978e-02 -8.918825536966323853e-02 6.925106048583984375e-02 2.113889530301094055e-02 6.533417850732803345e-02 1.213059946894645691e-02 2.957686968147754669e-02 6.614154577255249023e-02 5.315303057432174683e-02 4.175823926925659180e-02 -3.022613823413848877e-01 -6.113943643867969513e-03 6.195615604519844055e-02 2.315037325024604797e-02 1.995701156556606293e-02 -2.450012229382991791e-02 -1.841840147972106934e-01 -5.319390445947647095e-02 -1.723352819681167603e-02 4.811066016554832458e-02 -3.086199425160884857e-02 -3.715970367193222046e-02 -9.607532620429992676e-02 3.626985475420951843e-02 -8.279337733983993530e-02 9.982286393642425537e-02 4.682194069027900696e-02 7.528490573167800903e-02 8.521614968776702881e-02 -3.787987306714057922e-02 2.080362662672996521e-02 4.412053525447845459e-02 1.007990464568138123e-01 2.124084718525409698e-02 -3.842405602335929871e-02 -1.243825629353523254e-01 -6.087654829025268555e-02 1.320723444223403931e-02 -7.451958954334259033e-02 -4.851764813065528870e-02 3.858333826065063477e-02 8.347548544406890869e-02 1.116011887788772583e-01 -5.147859081625938416e-02 -1.541341003030538559e-02 -5.638949573040008545e-03 -6.471616681665182114e-03 -6.057602167129516602e-02 -6.621166318655014038e-02 -1.092507913708686829e-01 -1.722871139645576477e-02 -4.858909547328948975e-02 8.180757611989974976e-02 7.228334899991750717e-03 9.502322971820831299e-02 -1.214917525649070740e-01 -4.568962007761001587e-02 -5.331534519791603088e-02 1.064705476164817810e-01 2.463687583804130554e-02 2.893671765923500061e-02 -3.212791308760643005e-02 3.302137600257992744e-03 9.514645487070083618e-02 1.223666816949844360e-01 -1.587652601301670074e-02 3.688785433769226074e-02 3.755262121558189392e-02 -1.531818211078643799e-01 -8.980812132358551025e-02 1.005936786532402039e-02 -1.781014911830425262e-02 -1.009138822555541992e-01 2.171431630849838257e-01 9.099078178405761719e-02 -4.030473530292510986e-02 -9.273251891136169434e-02 1.013436727225780487e-02 2.999123244080692530e-04 -2.016240358352661133e-02 -2.756774052977561951e-02
-2.731981128454208374e-02 8.534807711839675903e-02 6.542321760207414627e-03 -6.888501346111297607e-02 -1.001582816243171692e-01 5.425759032368659973e-02 -1.013423223048448563e-02 -1.577115803956985474e-02 3.415843844413757324e-02 6.922204047441482544e-02 -5.320223420858383179e-02 2.100700139999389648e-02 -3.349209576845169067e-02 -4.996792599558830261e-02 -1.074720919132232666e-02 8.147571235895156860e-02 1.010948326438665390e-03 1.186685860157012939e-01 1.554619520902633667e-01 1.266192495822906494e-01 -8.510026335716247559e-02 -1.863917335867881775e-02 -8.591379970312118530e-03 -1.188953220844268799e-01 3.497890383005142212e-02 4.739815741777420044e-02 2.261626534163951874e-02 3.919974341988563538e-02 -4.780770093202590942e-02 -3.269414603710174561e-02 1.250632256269454956e-01 5.313210934400558472e-02 -7.876677811145782471e-02 -4.491088446229696274e-03 -2.796550095081329346e-02 2.519662491977214813e-03 6.788453459739685059e-02 3.305375203490257263e-02 -2.991591952741146088e-02 -1.321568991988897324e-02 -5.997847393155097961e-02 -5.622687935829162598e-02 4.464227706193923950e-03 6.685554236173629761e-02 2.017053216695785522e-02 -3.104178234934806824e-02 -4.868331924080848694e-02 -8.390089124441146851e-02 -3.051283769309520721e-02 -4.888906702399253845e-02 -8.301606774330139160e-02 -3.229362890124320984e-02 -6.894249469041824341e-02 -1.848647184669971466e-02 4.470463842153549194e-02 -2.948254346847534180e-02 -1.059954240918159485e-02 2.636664174497127533e-02 -5.026224255561828613e-02 1.800110936164855957e-02 2.953541278839111328e-02 -4.125117510557174683e-02 -1.130122244358062744e-01 -1.475186496973037720e-01 -8.710715919733047485e-02 8.275579661130905151e-02 -2.541696466505527496e-02 3.374012932181358337e-02 4.387078061699867249e-02 6.143961101770401001e-02 -6.908843666315078735e-02 -6.468997895717620850e-02 1.551055535674095154e-02 3.706751391291618347e-02 -4.404726251959800720e-02 -7.928334921598434448e-02 5.876282230019569397e-03 1.095087453722953796e-01 -4.864678904414176941e-02 2.648455835878849030e-02 -3.053462691605091095e-02 7.301989942789077759e-03 -6.560231000185012817e-02 -7.004037499427795410e-02 -1.730134636163711548e-01 -6.549752503633499146e-02 -1.131557002663612366e-01 -1.542565822601318359e-01 -3.265703842043876648e-02 3.124511986970901489e-02 2.784742414951324463e-02 -1.092800945043563843e-01 -8.971185982227325439e-02 -1.839640438556671143e-01 -2.370571158826351166e-02 1.465408056974411011e-01 1.833667755126953125e-01 1.379829794168472290e-01 7.937350869178771973e-02 -1.332145631313323975e-01 1.518011838197708130e-02
3.006207942962646484e-02 6.079772114753723145e-02 9.088774025440216064e-02 8.260517567396163940e-02 -7.850380986928939819e-02 -1.354782003909349442e-02 7.609189301729202271e-02 8.392936736345291138e-02 -6.781254708766937256e-02 -4.660094156861305237e-02 4.892336204648017883e-02 -8.196390233933925629e-03 -8.703260868787765503e-02 5.779677256941795349e-02 -1.036905944347381592e-01 -2.385904639959335327e-02 3.328224644064903259e-02 -1.398472208529710770e-02 -3.969585895538330078e-02 -6.675501167774200439e-02 -6.671401206403970718e-03 9.790773689746856689e-02 6.188437342643737793e-03 -3.014455176889896393e-02 2.649598941206932068e-02 -3.138396656140685081e-03 -7.044884562492370605e-02 4.909584764391183853e-03 3.983682394027709961e-02 6.903849542140960693e-02 -2.691149711608886719e-01 -1.059522330760955811e-01 1.743094027042388916e-01 1.920943111181259155e-01 -1.047877594828605652e-03 1.042309701442718506e-01 8.357935398817062378e-02 7.224591076374053955e-02 -1.841111853718757629e-02 -3.618386760354042053e-02 1.558974385261535645e-02 -9.278958290815353394e-02 -1.050135046243667603e-01 -1.346642822027206421e-01 -1.009759157896041870e-01 -4.731038585305213928e-02 1.239025667309761047e-01 -4.720011726021766663e-03 4.409892018884420395e-03 5.729792267084121704e-02 -4.698866605758666992e-02 6.724976748228073120e-02 1.011199504137039185e-01 7.600893080234527588e-02 -5.767837166786193848e-02 -1.739461906254291534e-02 -3.317691758275032043e-02 -5.725998431444168091e-02 1.224237978458404541e-01 -6.489298492670059204e-02 4.431315511465072632e-02 -2.154228091239929199e-02 6.997115910053253174e-02 -4.347960278391838074e-02 -8.451213687658309937e-02 1.674799621105194092e-02 -1.114137098193168640e-01 2.379367686808109283e-02 -9.797777235507965088e-02 -3.858985751867294312e-02 -7.350871711969375610e-02 -3.897234797477722168e-02 6.306967884302139282e-02 1.699129641056060791e-01 -2.354562655091285706e-02 -5.192444100975990295e-02 7.149530202150344849e-02 -4.779237322509288788e-03 -8.371632546186447144e-02 -2.932944335043430328e-02 1.398436576128005981e-01 -7.780222594738006592e-02 1.002394855022430420e-01 9.515126235783100128e-03 -2.288188412785530090e-02 5.292217433452606201e-02 7.155315577983856201e-02 1.372505873441696167e-01 -9.431698918342590332e-02 -1.183032840490341187e-01 -1.386115700006484985e-01 -1.105848699808120728e-01 -1.297014653682708740e-01 1.664366722106933594e-01 1.887617856264114380e-01 3.786944448947906494e-01 2.162628173828125000e-01 -2.754718065261840820e-01 -1.361397355794906616e-01 -2.941933870315551758e-01 6.960538029670715332e-02
9.208977222442626953e-02 8.261533826589584351e-02 1.322040334343910217e-02 -5.103262886404991150e-02 2.469158731400966644e-02 8.873042464256286621e-02 -5.123050510883331299e-02 -6.061406061053276062e-02 4.396691173315048218e-02 8.798938989639282227e-02 -8.088388293981552124e-02 -4.408574849367141724e-02 -6.023650988936424255e-02 4.363375902175903320e-02 -6.312739849090576172e-02 3.043630532920360565e-02 5.715634673833847046e-02 -1.013699471950531006e-01 9.253214299678802490e-02 5.430738674476742744e-04 -8.207530714571475983e-03 -1.425030268728733063e-02 1.008836459368467331e-02 -2.245913445949554443e-02 -1.277076266705989838e-02 -3.657138347625732422e-02 5.333551205694675446e-03 -6.360089778900146484e-02 9.613181650638580322e-02 -3.535331040620803833e-02 1.373491063714027405e-02 2.597782202064990997e-02 -1.032573357224464417e-02 -2.060226351022720337e-02 -5.228599160909652710e-02 -7.194586843252182007e-02 -7.994737476110458374e-02 -1.188423559069633484e-01 9.748409502208232880e-03 8.355812728404998779e-02 1.380691304802894592e-02 4.374616965651512146e-02 8.703205734491348267e-02 9.800665080547332764e-02 3.611167520284652710e-02 -1.902228966355323792e-02 1.292203962802886963e-01 3.216505795717239380e-02 1.105285808444023132e-01 4.269889742136001587e-02 -5.258171260356903076e-02 4.033530130982398987e-02 -6.394841521978378296e-02 -1.085129156708717346e-01 -1.469433158636093140e-01 6.502696778625249863e-03 -1.480129212141036987e-01 -1.217371225357055664e-01 -3.258346393704414368e-02 -5.370006430894136429e-03 7.328563928604125977e-02 1.303916871547698975e-01 3.858921676874160767e-02 1.380463838577270508e-01 -8.996982127428054810e-02 -8.985127508640289307e-02 5.360063537955284119e-02 9.918224811553955078e-02 1.055765617638826370e-02 -1.295128613710403442e-01 -3.820163756608963013e-02 -5.381234735250473022e-02 3.530460968613624573e-02 4.005741700530052185e-02 -4.144987091422080994e-02 7.036884129047393799e-02 -3.432465344667434692e-02 8.038356155157089233e-02 1.148909628391265869e-01 2.495125308632850647e-02 -8.041843771934509277e-02 -1.258831620216369629e-01 -3.270576521754264832e-02 -1.769926957786083221e-02 2.523554256185889244e-03 1.419285498559474945e-02 -6.791492551565170288e-02 8.790311217308044434e-02 4.253259673714637756e-02 1.329412907361984253e-01 8.486994542181491852e-03 2.315580612048506737e-03 -8.262584917247295380e-03 -1.923002302646636963e-01 -1.745613515377044678e-01 -2.498465180397033691e-01 4.454620927572250366e-02 1.440242528915405273e-01 5.850543826818466187e-02 1.472538262605667114e-01 5.522407591342926025e-02
6.367964297533035278e-02 7.414080947637557983e-02 -1.714417152106761932e-02 4.198701307177543640e-02 -5.659637972712516785e-02 -4.506092891097068787e-02 2.160836197435855865e-02 7.433113455772399902e-02 -5.657451972365379333e-02 8.525370620191097260e-03 1.642215400934219360e-01 1.667575836181640625e-01 1.803798675537109375e-01 1.360311359167098999e-01 1.065433770418167114e-01 7.952293008565902710e-02 2.691120803356170654e-01 1.633780002593994141e-01 -2.981379330158233643e-01 -1.494556516408920288e-01 -1.511761397123336792e-01 -4.443354606628417969e-01 -4.139413833618164062e-01 -1.869747340679168701e-01 -1.583556979894638062e-01 -1.444023288786411285e-02 9.266328811645507812e-02 9.510332345962524414e-02 8.731503039598464966e-03 3.288290649652481079e-02 5.935138091444969177e-02 -1.102115660905838013e-01 5.217898264527320862e-02 -1.314416062086820602e-02 1.557695567607879639e-01 2.340869009494781494e-01 1.384422183036804199e-01 1.765803694725036621e-01 4.171411320567131042e-02 8.083103597164154053e-02 -9.100340306758880615e-03 9.734721481800079346e-02 6.379411369562149048e-02 -6.072127819061279297e-02 -1.164150312542915344e-01 -1.118091717362403870e-01 -1.473646759986877441e-01 -1.084180921316146851e-02 -2.331686578691005707e-02 -7.213895022869110107e-02 7.685704529285430908e-02 1.476015597581863403e-01 3.185014426708221436e-02 1.592635512351989746e-01 1.040436625480651855e-01 -3.698861459270119667e-03 9.955892711877822876e-02 -3.994635120034217834e-02 9.695069491863250732e-02 -9.648600593209266663e-03 -1.066674068570137024e-01 -2.260361611843109131e-01 -1.807633340358734131e-01 -1.925490647554397583e-01 -2.030788362026214600e-01 -1.610287725925445557e-01 -3.112375438213348389e-01 -3.490883708000183105e-01 -2.422363162040710449e-01 -3.656834661960601807e-01 -2.017737329006195068e-01 -1.139918789267539978e-01 -2.357491254806518555e-01 -1.666205376386642456e-01 1.453878451138734818e-02 -1.408236771821975708e-01 -1.566128134727478027e-01 -3.352908790111541748e-01 -2.461546063423156738e-01 -3.652969002723693848e-01 -2.054947018623352051e-01 -2.212375700473785400e-01 -2.527225613594055176e-01 -1.279687434434890747e-01 -3.903694823384284973e-02 -1.353816539049148560e-01 -3.563958704471588135e-01 -6.166261434555053711e-01 -1.242188334465026855e+00 -2.591405212879180908e-01 -2.051017731428146362e-01 4.971507564187049866e-02 -1.140708252787590027e-01 -3.067099153995513916e-01 -3.692101836204528809e-01 -3.122733235359191895e-01 -8.138234615325927734e-01 -5.299835801124572754e-01 -3.620625734329223633e-01 -2.660251259803771973e-01 1.046055406332015991e-01
6.758690625429153442e-02 2.672295831143856049e-02 -6.812945008277893066e-02 -6.849180161952972412e-02 -3.337173163890838623e-02 1.170582026243209839e-01 -5.103864893317222595e-02 8.718456327915191650e-02 -1.506893895566463470e-02 -5.918891727924346924e-02 3.185661043971776962e-03 2.329317294061183929e-02 6.262531876564025879e-02 1.052663698792457581e-01 -7.978932559490203857e-02 -8.514902740716934204e-02 6.068410724401473999e-02 -1.924260891973972321e-02 -6.241922080516815186e-02 -5.952744185924530029e-02 -1.283132191747426987e-02 -6.040680781006813049e-02 -1.389169842004776001e-01 -1.469804942607879639e-01 -3.731010854244232178e-02 -5.554371327161788940e-02 -6.102410703897476196e-02 4.571645334362983704e-02 1.036906316876411438e-01 2.554594911634922028e-02 2.026498317718505859e-01 2.195736616849899292e-01 1.384671628475189209e-01 2.524723997339606285e-03 -5.869499966502189636e-02 -5.565045401453971863e-02 1.877537742257118225e-02 -3.078058734536170959e-02 -2.022373676300048828e-02 -3.570035845041275024e-02 -1.855161041021347046e-02 -6.203442439436912537e-02 -1.501738578081130981e-01 -1.062108725309371948e-01 -5.020690709352493286e-02 -7.214155048131942749e-02 7.082495093345642090e-02 1.267368495464324951e-01 1.030863076448440552e-01 -2.793058753013610840e-02 -2.727868594229221344e-02 5.532450228929519653e-02 1.341371983289718628e-01 -2.637597732245922089e-02 1.455697417259216309e-02 -7.606067508459091187e-02 -1.660091057419776917e-02 4.227108880877494812e-02 -6.352511048316955566e-02 -4.894229024648666382e-02 -1.010833084583282471e-01 -1.130705326795578003e-01 3.716890141367912292e-02 -3.503151237964630127e-02 1.830926537513732910e-01 2.044820189476013184e-01 9.699068218469619751e-02 -8.354295790195465088e-02 -5.583664868026971817e-03 1.468007918447256088e-02 4.933415725827217102e-02 -1.658311346545815468e-03 5.175802856683731079e-03 -1.548197716474533081e-01 -9.148573875427246094e-02 -3.993215039372444153e-02 -7.902510464191436768e-03 -1.061592325568199158e-01 -9.022033959627151489e-02 -9.086596220731735229e-02 -8.716970682144165039e-02 -2.338801771402359009e-01 -2.221901118755340576e-01 -1.639474034309387207e-01 -3.966786339879035950e-02 2.471368573606014252e-02 -8.746695704758167267e-03 4.892022535204887390e-02 2.458826154470443726e-01 1.925013065338134766e-01 1.900063157081604004e-01 -3.540053591132164001e-02 -8.259362727403640747e-02 2.239505499601364136e-01 -1.188159286975860596e-01 -1.893908679485321045e-01 -3.494818210601806641e-01 6.697127968072891235e-02 9.821777790784835815e-02 4.049189388751983643e-02 -4.857867583632469177e-02
-5.744286626577377319e-02 1.143844891339540482e-02 -9.317150712013244629e-02 -3.850074857473373413e-02 -3.589308261871337891e-02 -6.552242487668991089e-02 2.521032467484474182e-03 -5.751435458660125732e-02 -6.899832747876644135e-03 -1.810351945459842682e-02 -3.845642507076263428e-02 -2.955768955871462822e-03 1.295554637908935547e-01 1.107572764158248901e-01 1.668129861354827881e-02 1.769988834857940674e-01 3.032527863979339600e-02 8.756357431411743164e-02 -3.589844331145286560e-02 -3.490556031465530396e-02 8.227612823247909546e-02 7.460866123437881470e-02 8.702720701694488525e-02 5.603211000561714172e-02 4.724358022212982178e-02 1.143616158515214920e-02 -2.910310961306095123e-02 8.229025453329086304e-02 -7.238176465034484863e-02 6.336450576782226562e-02 1.680076122283935547e-01 -8.896642923355102539e-02 -9.910243749618530273e-02 -1.278862357139587402e-01 -5.625102296471595764e-02 1.386856436729431152e-01 9.225896745920181274e-02 -7.092166692018508911e-02 -4.753023758530616760e-02 2.717904932796955109e-02 -1.415878832340240479e-01 5.035697296261787415e-02 7.761973887681961060e-02 1.553683076053857803e-02 1.017345041036605835e-01 9.550082683563232422e-02 -7.343026995658874512e-02 -1.131090745329856873e-01 -4.289138689637184143e-02 -5.443074926733970642e-02 -3.896885737776756287e-02 -3.296341374516487122e-02 -9.597320109605789185e-02 -2.072959765791893005e-02 6.653948687016963959e-03 -2.553792856633663177e-02 1.405200455337762833e-02 -7.658915221691131592e-02 4.705201834440231323e-02 4.589739069342613220e-02 -8.080006390810012817e-02 -2.764079533517360687e-02 3.654716163873672485e-02 -5.996434763073921204e-02 -4.478206858038902283e-02 -1.443457156419754028e-01 4.193524830043315887e-03 5.090622231364250183e-03 -4.556757584214210510e-02 3.397297486662864685e-02 -5.293061211705207825e-02 -5.365454405546188354e-02 4.046830534934997559e-02 4.082773625850677490e-02 6.216826662421226501e-02 -2.881906740367412567e-02 -9.385243058204650879e-02 2.624954842031002045e-02 -4.635204747319221497e-02 -8.835028856992721558e-03 -6.817985326051712036e-02 9.901712182909250259e-04 -1.672115176916122437e-02 5.206710193306207657e-03 -7.420956343412399292e-02 6.595090776681900024e-02 -9.514661878347396851e-02 -1.606324613094329834e-01 -5.438276752829551697e-02 5.485233291983604431e-02 -5.518585816025733948e-02 -1.242273896932601929e-01 -4.370525479316711426e-02 -5.314451176673173904e-03 4.583479836583137512e-02 -4.929382726550102234e-02 4.227134212851524353e-02 2.181855402886867523e-02 -6.639241427183151245e-02 -4.020929709076881409e-02 2.835003100335597992e-02
5.973683670163154602e-02 1.176427826285362244e-01 -4.699743911623954773e-02 -7.258501835167407990e-03 1.281826049089431763e-01 7.307985424995422363e-02 -3.794913738965988159e-02 3.160446882247924805e-02 8.894786238670349121e-02 1.082161888480186462e-01 1.023821607232093811e-01 8.196309953927993774e-02 5.026271566748619080e-03 2.357743121683597565e-02 -5.252376943826675415e-02 -3.768749535083770752e-02 1.377544645220041275e-02 9.752312302589416504e-02 2.740132808685302734e-01 1.534052044153213501e-01 5.927067250013351440e-02 4.394026398658752441e-01 3.471890389919281006e-01 2.918293476104736328e-01 2.354945242404937744e-01 1.219875961542129517e-01 -1.041783168911933899e-01 2.299524471163749695e-02 4.915463179349899292e-02 5.252281576395034790e-02 -2.674539573490619659e-03 2.390353195369243622e-02 1.717585176229476929e-01 9.063065797090530396e-02 -6.622219830751419067e-02 2.773059345781803131e-02 -2.984287030994892120e-02 -1.585591584444046021e-01 -1.665881127119064331e-01 -3.948050364851951599e-02 3.036402538418769836e-02 2.831312827765941620e-02 -8.613064140081405640e-02 -4.067290574312210083e-02 -6.188292056322097778e-02 -1.038064714521169662e-02 -1.275764219462871552e-02 1.079714298248291016e-01 4.591563716530799866e-03 -6.044296175241470337e-02 3.080731723457574844e-03 -3.890655189752578735e-02 3.541253507137298584e-03 3.127548843622207642e-02 1.137184798717498779e-01 6.575830280780792236e-02 1.806408762931823730e-01 6.997391581535339355e-02 6.441475450992584229e-02 5.769367143511772156e-02 2.571786753833293915e-02 7.154463976621627808e-02 -1.094780024141073227e-02 1.597529649734497070e-02 -9.476826339960098267e-02 3.090079315006732941e-02 -2.437327988445758820e-02 -1.732930354773998260e-02 -1.382852196693420410e-01 -1.363067328929901123e-01 -5.945158004760742188e-02 -2.346525043249130249e-01 -6.664548814296722412e-02 -1.044913306832313538e-01 -2.134052813053131104e-01 -1.874832212924957275e-01 -4.043148458003997803e-02 -5.396739020943641663e-02 5.676655471324920654e-02 1.191051155328750610e-01 1.466716267168521881e-02 8.383872359991073608e-02 1.801076233386993408e-01 1.402342617511749268e-01 -5.103850271552801132e-03 2.144028432667255402e-02 1.529686301946640015e-01 1.812751889228820801e-01 -1.534191817045211792e-01 -1.130675375461578369e-01 -2.188441008329391479e-01 -3.484073877334594727e-01 -3.779166936874389648e-01 -3.958384692668914795e-01 -9.152489900588989258e-02 7.615516334772109985e-02 5.470412969589233398e-01 1.214206889271736145e-01 2.238614708185195923e-01 1.730771660804748535e-01 5.134328454732894897e-02
8.102092146873474121e-02 -5.267766863107681274e-02 2.889723703265190125e-02 -1.527767069637775421e-02 -6.007442623376846313e-02 -3.342882543802261353e-02 3.748510777950286865e-02 2.406401000916957855e-02 7.730101794004440308e-02 4.580020904541015625e-02 -2.950701396912336349e-03 -2.140201069414615631e-02 4.971545189619064331e-02 2.143805660307407379e-02 -4.885202646255493164e-02 -1.731039136648178101e-01 -1.565096527338027954e-01 -2.919880747795104980e-01 -4.091596603393554688e-01 -2.069542557001113892e-01 -2.472013831138610840e-01 2.967315725982189178e-02 4.829427599906921387e-01 5.168893337249755859e-01 6.230245232582092285e-01 1.395929753780364990e-01 -6.332905590534210205e-02 1.202231198549270630e-01 -1.645867154002189636e-02 -1.698708161711692810e-02 1.938105821609497070e-01 3.910660743713378906e-02 -2.728215232491493225e-02 -2.718976140022277832e-02 3.725853562355041504e-02 1.133594885468482971e-01 9.254824370145797729e-02 8.234261721372604370e-02 2.328010275959968567e-02 4.003068897873163223e-03 5.086658056825399399e-03 2.551405690610408783e-02 1.381449773907661438e-02 -1.321718096733093262e-01 -1.882213652133941650e-01 -6.809111684560775757e-02 -1.779548674821853638e-01 -2.519908547401428223e-01 -1.958615481853485107e-01 -2.401485592126846313e-01 -1.288534402847290039e-01 -1.692539602518081665e-01 -1.242574900388717651e-01 -1.614225953817367554e-01 -1.838489472866058350e-01 -1.385438889265060425e-01 -1.374027580022811890e-01 3.819837467744946480e-03 -1.562283467501401901e-02 1.764214932918548584e-01 1.870471537113189697e-01 1.140756383538246155e-01 1.253006607294082642e-01 2.719476521015167236e-01 3.226549923419952393e-01 2.829543352127075195e-01 2.239065468311309814e-01 3.708668947219848633e-01 2.807317674160003662e-01 3.294723927974700928e-01 3.726689219474792480e-01 3.613219261169433594e-01 2.639898061752319336e-01 2.916187644004821777e-01 1.590140014886856079e-01 2.633885741233825684e-01 3.241026028990745544e-02 1.540078818798065186e-01 3.016154840588569641e-02 -9.612757712602615356e-02 -7.868823409080505371e-02 -9.976779669523239136e-02 -6.804744154214859009e-02 -1.329696178436279297e-01 -1.198433786630630493e-01 5.621247738599777222e-02 -9.793767333030700684e-02 -3.034212812781333923e-02 8.940157294273376465e-01 2.854887247085571289e-01 2.984209060668945312e-01 5.354110598564147949e-01 4.780470728874206543e-01 3.892945051193237305e-01 1.130098998546600342e-01 -3.029819130897521973e-01 -9.747862815856933594e-01 -4.255957901477813721e-01 -4.293991327285766602e-01 -1.757997572422027588e-01 -7.085186988115310669e-02
4.590516537427902222e-02 1.694442518055438995e-02 1.533460617065429688e-01 1.314490735530853271e-01 1.798755824565887451e-01 1.095837503671646118e-01 5.783225595951080322e-02 6.050234287977218628e-02 4.812055826187133789e-02 4.850216954946517944e-02 -5.722295865416526794e-02 -3.130366280674934387e-02 -9.431648999452590942e-02 -4.138407856225967407e-02 -1.664117351174354553e-02 -1.681809872388839722e-01 -2.182264626026153564e-01 -2.432222366333007812e-01 -2.400027960538864136e-01 -4.166646897792816162e-01 -2.594225108623504639e-01 -2.284547388553619385e-01 4.417289420962333679e-02 1.574294567108154297e-01 3.172004520893096924e-01 2.131367623805999756e-01 1.613244265317916870e-01 2.189595438539981842e-02 4.992904886603355408e-02 3.980842977762222290e-02 5.904823541641235352e-02 -2.514386177062988281e-02 2.679879404604434967e-02 -8.312685042619705200e-02 4.396577551960945129e-02 1.671447008848190308e-01 1.193759441375732422e-01 1.669670641422271729e-01 1.488766223192214966e-01 1.666296273469924927e-01 1.495090276002883911e-01 1.683175563812255859e-01 1.143493577837944031e-01 5.433395504951477051e-02 1.301694959402084351e-01 2.250486612319946289e-01 6.244933977723121643e-02 4.938121512532234192e-02 1.942423433065414429e-01 1.387128382921218872e-01 5.882865190505981445e-02 5.129917524755001068e-03 1.571103930473327637e-01 6.742493808269500732e-02 5.327423289418220520e-02 6.977048516273498535e-02 1.281854212284088135e-01 8.734145760536193848e-02 4.934551939368247986e-02 7.484857738018035889e-02 1.493091695010662079e-03 -3.554343059659004211e-02 9.766619652509689331e-02 -1.204959973692893982e-01 3.257560729980468750e-02 1.018835697323083878e-02 1.192957758903503418e-01 1.401329189538955688e-01 1.888066902756690979e-02 -2.560561895370483398e-02 2.047555148601531982e-02 -3.363177925348281860e-02 -7.280364632606506348e-02 5.553910159505903721e-04 4.959619790315628052e-02 1.751148886978626251e-02 3.460327535867691040e-02 1.523610204458236694e-01 -3.233519941568374634e-02 1.898165047168731689e-02 -5.573730543255805969e-02 -4.947066307067871094e-02 -9.647189080715179443e-02 -1.428738534450531006e-01 -1.336361281573772430e-02 -1.648534089326858521e-01 -2.439245730638504028e-01 -2.489544153213500977e-01 -8.313890099525451660e-01 -6.710070371627807617e-02 -2.128270082175731659e-02 7.845293730497360229e-02 -6.981211155652999878e-02 -2.189976274967193604e-01 -1.158289387822151184e-01 5.412964522838592529e-02 4.533097147941589355e-01 4.156364500522613525e-01 2.512447535991668701e-01 1.654474735260009766e-01 -1.864211112260818481e-01
1.127713173627853394e-01 4.564538970589637756e-02 4.032086580991744995e-02 -5.946469306945800781e-02 -2.250999771058559418e-02 -7.355082035064697266e-02 -5.644461512565612793e-02 7.882329076528549194e-02 -6.567922234535217285e-02 1.841557025909423828e-02 -1.558945234864950180e-02 6.605713069438934326e-02 -1.220756843686103821e-01 5.132916197180747986e-02 -3.593973442912101746e-02 -3.228586167097091675e-02 2.434290759265422821e-02 6.863111257553100586e-02 -5.821003764867782593e-02 2.857143431901931763e-02 5.561809521168470383e-04 6.802795082330703735e-02 -3.250993043184280396e-02 3.384240344166755676e-02 -6.460402905941009521e-02 8.895470947027206421e-02 -7.155668735504150391e-02 5.196808651089668274e-02 -7.642246782779693604e-02 7.257782667875289917e-02 1.339496076107025146e-01 6.561746820807456970e-03 -1.653117835521697998e-01 -1.461160629987716675e-01 -7.212007790803909302e-02 3.612203896045684814e-02 1.117810234427452087e-01 8.207410573959350586e-02 -3.601613640785217285e-02 2.589901722967624664e-02 -1.384906563907861710e-02 4.901858791708946228e-02 -1.532304007560014725e-02 1.298678964376449585e-01 1.680159382522106171e-02 -1.063432618975639343e-01 -1.348705291748046875e-01 -1.278288662433624268e-01 -9.262242913246154785e-02 -7.118193060159683228e-02 6.525020301342010498e-02 2.193813212215900421e-02 8.166441321372985840e-02 -6.825560331344604492e-02 8.908956497907638550e-02 -3.173861280083656311e-02 5.278093740344047546e-02 7.974410057067871094e-02 4.510165005922317505e-02 1.001695916056632996e-01 5.783531442284584045e-02 -1.091703679412603378e-02 -8.637492358684539795e-02 -1.547466218471527100e-01 -1.213802620768547058e-01 8.393682539463043213e-02 1.470920890569686890e-01 3.773310780525207520e-02 1.563138067722320557e-01 1.845361590385437012e-01 5.543613806366920471e-02 -7.741755992174148560e-02 -1.018391698598861694e-01 -3.447738662362098694e-02 -9.803748875856399536e-02 9.021220728754997253e-03 -7.044414430856704712e-02 5.626591667532920837e-02 2.875125966966152191e-02 -5.325954034924507141e-02 -1.203008294105529785e-01 1.753172464668750763e-02 -1.070066988468170166e-01 -7.888641208410263062e-02 4.871787875890731812e-02 -6.038334965705871582e-02 -2.669871412217617035e-02 1.975472457706928253e-02 9.417824447154998779e-02 2.649498917162418365e-02 1.111039891839027405e-01 2.234641760587692261e-01 1.029665470123291016e-01 -2.246470451354980469e-01 -8.638574928045272827e-02 -2.339085489511489868e-01 -1.872557103633880615e-01 1.711579710245132446e-01 1.576362699270248413e-01 2.282195836305618286e-01 -6.906348466873168945e-02
-1.733066514134407043e-02 -1.223629787564277649e-01 2.407230250537395477e-02 3.580156713724136353e-02 5.679770559072494507e-02 7.705175876617431641e-02 -2.175675705075263977e-03 7.446496933698654175e-02 -4.779261350631713867e-02 7.095490396022796631e-02 1.160099953413009644e-01 3.507965058088302612e-02 7.925201207399368286e-02 -2.143399417400360107e-02 -4.803177341818809509e-02 -1.233974471688270569e-01 -6.478127092123031616e-02 -1.197026818990707397e-01 -4.270493239164352417e-02 1.426267623901367188e-01 1.499864310026168823e-01 2.822038345038890839e-02 -1.457323133945465088e-01 -1.531269848346710205e-01 -1.866873353719711304e-01 2.786095626652240753e-02 -4.294248763471841812e-03 1.688800752162933350e-02 -4.085732158273458481e-03 -3.620354458689689636e-02 -3.658784031867980957e-01 -3.928320407867431641e-01 -2.830592989921569824e-01 -3.367637693881988525e-01 -2.893050014972686768e-01 -9.283991903066635132e-02 -3.436810895800590515e-02 -1.435889899730682373e-01 7.221408188343048096e-02 1.126804649829864502e-01 1.083815470337867737e-01 1.016026735305786133e-01 2.087713330984115601e-01 3.169440627098083496e-01 1.553390771150588989e-01 3.124738931655883789e-01 2.410455793142318726e-01 2.479082643985748291e-01 2.454262077808380127e-01 2.373401820659637451e-01 2.362750619649887085e-01 1.943540126085281372e-01 1.237991005182266235e-01 6.671126186847686768e-02 7.661386579275131226e-02 -3.368956968188285828e-02 -6.400972604751586914e-02 -9.843686223030090332e-02 -9.745311737060546875e-02 6.913913041353225708e-02 9.809947758913040161e-02 8.253962546586990356e-02 1.477549523115158081e-01 1.373166292905807495e-01 2.221937663853168488e-02 -2.524699829518795013e-02 5.766616016626358032e-02 -4.205435141921043396e-02 -4.960803315043449402e-02 8.125993423163890839e-03 -7.470886409282684326e-02 -1.200656369328498840e-01 -1.671237349510192871e-01 -2.300386130809783936e-01 -1.385358870029449463e-01 -1.537631452083587646e-01 -2.180082499980926514e-01 -2.181268334388732910e-01 -2.873832285404205322e-01 -1.193896308541297913e-01 -2.209416925907135010e-01 -1.982860118150711060e-01 -6.652258336544036865e-02 -6.782766431570053101e-02 -7.682984322309494019e-02 4.198440164327621460e-02 -1.286358088254928589e-01 2.239551208913326263e-02 3.362953960895538330e-01 9.075730293989181519e-02 1.383346319198608398e-01 2.771314382553100586e-01 3.953852951526641846e-01 4.148106276988983154e-01 3.847815096378326416e-01 4.616079851984977722e-03 5.655216798186302185e-02 1.430775225162506104e-01 8.682373911142349243e-02 1.607524007558822632e-01 -2.702141366899013519e-02
-1.190784201025962830e-02 2.393339015543460846e-02 -6.054613366723060608e-02 -1.165319234132766724e-01 -1.166230887174606323e-01 -1.066029667854309082e-01 2.913657575845718384e-02 -1.560871023684740067e-02 -4.762001708149909973e-02 -5.490415915846824646e-02 -2.166611328721046448e-02 6.647983938455581665e-02 8.586670458316802979e-02 7.375961542129516602e-02 9.110659360885620117e-02 -1.170758972875773907e-03 5.053652822971343994e-02 1.147691458463668823e-01 1.008313372731208801e-01 -9.474331140518188477e-02 -2.682837657630443573e-02 4.686560481786727905e-02 4.523189738392829895e-02 3.122403100132942200e-02 3.660957142710685730e-02 -3.230829536914825439e-02 -1.078130751848220825e-01 -4.528115969151258469e-03 7.708562910556793213e-02 -1.323281377553939819e-01 8.755087107419967651e-02 7.368586212396621704e-02 -8.843477815389633179e-02 1.174149382859468460e-02 -3.060301067307591438e-03 1.248674690723419189e-01 -5.871215090155601501e-02 -5.993038415908813477e-02 -1.004953458905220032e-01 -8.631453663110733032e-02 -4.194442648440599442e-03 -9.425419569015502930e-02 1.494715455919504166e-02 8.995194733142852783e-02 1.208810955286026001e-01 -5.598980560898780823e-02 -9.238651022315025330e-03 -2.117470465600490570e-02 -4.470210149884223938e-02 1.305966824293136597e-01 6.897308677434921265e-02 -4.136045277118682861e-02 1.036452315747737885e-02 7.421047240495681763e-02 -3.427393361926078796e-02 -7.203640788793563843e-02 -6.148809567093849182e-02 -1.156213805079460144e-01 -7.058120518922805786e-02 1.114416494965553284e-01 3.558826446533203125e-02 -2.897237427532672882e-02 1.065217927098274231e-01 -6.839727610349655151e-02 -1.226599290966987610e-01 -4.180552065372467041e-02 7.462778687477111816e-02 6.934621185064315796e-02 1.137578412890434265e-01 1.163254529237747192e-01 8.002991229295730591e-02 -7.065509445965290070e-03 -3.125710040330886841e-02 1.712412014603614807e-02 4.109666869044303894e-02 -2.696660161018371582e-02 6.839040666818618774e-03 -3.172066062688827515e-02 3.381347656250000000e-02 4.584659356623888016e-03 -1.572592109441757202e-01 -4.436799883842468262e-02 -2.329097688198089600e-02 5.297789350152015686e-02 8.333293348550796509e-02 4.668326303362846375e-02 -1.199678927659988403e-01 -1.834076792001724243e-01 -2.073374390602111816e-01 5.605565756559371948e-02 1.542521268129348755e-01 1.900157928466796875e-01 7.123459130525588989e-02 -2.036879956722259521e-01 -2.957001700997352600e-02 -2.195622473955154419e-01 -2.318057119846343994e-01 1.356543898582458496e-01 1.067872252315282822e-02 2.322035133838653564e-01 -9.708010405302047729e-02
1.348505378700792789e-03 -9.101460874080657959e-02 4.905635491013526917e-02 8.203543722629547119e-02 7.554224878549575806e-02 -1.317115407437086105e-02 8.708099834620952606e-03 1.098304428160190582e-02 1.098530739545822144e-01 3.334944322705268860e-02 -4.904134199023246765e-02 2.904583141207695007e-02 -4.021428152918815613e-02 7.744654268026351929e-02 -5.108541250228881836e-02 -1.163572892546653748e-01 -1.302173584699630737e-01 -8.082002750597894192e-04 3.164903074502944946e-02 -1.007391065359115601e-01 4.969947785139083862e-02 4.152859747409820557e-02 -5.414104834198951721e-02 2.020720951259136200e-02 1.015173494815826416e-01 2.419872581958770752e-02 2.258256077766418457e-02 1.036532130092382431e-02 -3.500494733452796936e-02 5.656231567263603210e-02 -3.105230815708637238e-02 3.455092385411262512e-02 -1.030954793095588684e-01 -1.363781988620758057e-01 -8.244505524635314941e-02 6.866709142923355103e-02 1.401143819093704224e-01 8.125803619623184204e-02 -8.811724185943603516e-02 5.507152900099754333e-02 -1.178783997893333435e-01 -7.030729949474334717e-02 -4.559858143329620361e-02 1.668101362884044647e-02 -4.298590589314699173e-03 -7.444915245287120342e-04 4.613428190350532532e-02 -7.545460760593414307e-02 -1.490699127316474915e-02 7.043366134166717529e-02 6.797840446233749390e-02 5.084801930934190750e-03 6.205719336867332458e-02 7.411781698465347290e-02 -1.352756936103105545e-02 1.086912751197814941e-01 -1.906287297606468201e-02 1.286459900438785553e-02 -1.008138805627822876e-01 5.818206444382667542e-02 -2.132763899862766266e-02 1.518317013978958130e-01 -3.106111846864223480e-02 4.814575426280498505e-03 -5.372715741395950317e-02 2.195750549435615540e-02 -8.771529048681259155e-02 6.733188033103942871e-02 -1.078418567776679993e-01 -6.603969633579254150e-02 -1.258300840854644775e-01 -4.418941959738731384e-02 2.590508386492729187e-02 1.084121391177177429e-01 -3.671726584434509277e-02 -1.183084622025489807e-01 -3.306996449828147888e-02 3.357679396867752075e-02 9.280560165643692017e-02 -6.034796312451362610e-02 7.647438347339630127e-02 1.269824802875518799e-01 1.031741425395011902e-01 8.897652477025985718e-02 -5.011012777686119080e-02 2.872508391737937927e-02 3.023103997111320496e-02 -1.944918781518936157e-01 -9.624523669481277466e-02 -1.139154136180877686e-01 -1.621265560388565063e-01 -8.789446204900741577e-02 2.637337744235992432e-01 1.990591883659362793e-01 2.573295533657073975e-01 2.837454974651336670e-01 1.886731088161468506e-01 -2.003907561302185059e-01 -1.670417934656143188e-01 -3.012718558311462402e-01 4.852021113038063049e-02
-8.246623724699020386e-02 -9.627753496170043945e-02 2.529353648424148560e-02 -3.283534944057464600e-02 5.102805420756340027e-02 -2.461404725909233093e-02 8.728908002376556396e-02 -6.507167220115661621e-02 -1.818139292299747467e-02 1.044534072279930115e-01 -4.112995788455009460e-02 3.166675940155982971e-02 5.510468408465385437e-02 2.362217754125595093e-03 6.814683228731155396e-02 1.538400445133447647e-02 -1.010561175644397736e-02 -1.793117448687553406e-02 -1.521306391805410385e-02 8.560771238990128040e-04 -4.672366194427013397e-03 9.251619875431060791e-02 6.058482825756072998e-02 -1.415691711008548737e-02 8.783692866563796997e-02 -7.092919945716857910e-02 -8.657461404800415039e-02 -3.077955171465873718e-02 -9.366836398839950562e-02 -4.907545819878578186e-02 3.541719913482666016e-02 8.856104686856269836e-03 -7.079643756151199341e-02 3.049999848008155823e-02 9.457747451961040497e-03 -6.081179901957511902e-02 7.044760882854461670e-02 -5.430180951952934265e-02 6.437390297651290894e-02 -2.077226899564266205e-02 1.091282516717910767e-01 1.806307211518287659e-02 1.276002824306488037e-01 -3.066557273268699646e-02 -2.135561406612396240e-02 -5.453211069107055664e-02 -7.548421155661344528e-03 -1.024142205715179443e-01 -2.558572217822074890e-02 2.957814373075962067e-02 -4.253184795379638672e-02 -8.133389800786972046e-02 6.294651888310909271e-03 1.194832921028137207e-01 8.420605957508087158e-02 9.284252673387527466e-02 5.796409025788307190e-02 2.923530340194702148e-02 3.646666184067726135e-02 8.365693688392639160e-02 7.916948944330215454e-02 -5.686157941818237305e-02 8.082110434770584106e-02 -9.050361812114715576e-02 2.371733309701085091e-03 -1.595706492662429810e-01 2.563062310218811035e-02 1.858348771929740906e-02 -1.050811707973480225e-01 -1.156563460826873779e-01 7.391356676816940308e-02 -4.879270866513252258e-02 -4.540357738733291626e-02 -7.175118662416934967e-03 -5.890828371047973633e-02 4.633826762437820435e-02 4.059406463056802750e-03 8.802100270986557007e-02 -6.315779685974121094e-02 7.396464794874191284e-02 6.519034504890441895e-02 4.879198968410491943e-03 2.647877857089042664e-02 7.699052221141755581e-04 7.330120541155338287e-03 -1.097115874290466309e-01 -2.176959663629531860e-01 -3.410060405731201172e-01 1.255082711577415466e-02 2.769542671740055084e-02 6.211622804403305054e-02 4.124115407466888428e-01 3.427059352397918701e-01 7.852514088153839111e-02 -9.114031493663787842e-02 -4.491721391677856445e-01 -5.524895191192626953e-01 -5.114334821701049805e-02 -2.314810007810592651e-01 3.267112970352172852e-01 6.339568644762039185e-02
5.479367449879646301e-02 -4.155042394995689392e-02 -1.026224121451377869e-01 -1.004247292876243591e-01 4.582609236240386963e-02 2.095744200050830841e-02 -1.020602881908416748e-01 5.541321635246276855e-02 -2.906193491071462631e-03 2.356689982116222382e-02 2.404958941042423248e-02 -6.397753953933715820e-02 -9.324818849563598633e-02 4.638217762112617493e-02 7.274079322814941406e-02 8.357344567775726318e-02 7.338350266218185425e-02 -3.435612015891820192e-04 -4.305819049477577209e-02 9.722835384309291840e-03 3.700961917638778687e-02 -8.723057061433792114e-02 -1.397631168365478516e-01 -6.053840741515159607e-02 7.651969045400619507e-02 1.654999852180480957e-01 2.748296558856964111e-01 1.037217751145362854e-01 1.286570429801940918e-01 1.135447695851325989e-01 2.201301306486129761e-01 1.104896143078804016e-01 1.322352439165115356e-01 1.846891045570373535e-01 2.392659336328506470e-01 1.436903327703475952e-01 1.880228146910667419e-02 1.096645593643188477e-01 1.697420142590999603e-02 -7.083429396152496338e-02 -7.952176779508590698e-02 -1.527491658926010132e-01 -5.639985203742980957e-02 -2.163505107164382935e-01 -1.624151766300201416e-01 -1.747612357139587402e-01 -9.957794845104217529e-02 -2.349272072315216064e-01 -1.083260998129844666e-01 -1.072401180863380432e-01 -1.272032558917999268e-01 -6.904650479555130005e-02 -1.123795658349990845e-01 -7.375807315111160278e-02 -1.044876724481582642e-01 -1.638267338275909424e-01 -2.561868727207183838e-02 3.227664530277252197e-02 -4.069656878709793091e-02 -2.308139391243457794e-02 -3.550604730844497681e-02 -8.882133662700653076e-02 2.109938301146030426e-02 -7.717129588127136230e-02 -7.408598810434341431e-02 -4.807110503315925598e-02 -7.015217561274766922e-03 -1.292681694030761719e-01 -2.813833765685558319e-02 -2.477816864848136902e-02 -2.470158785581588745e-02 1.379401236772537231e-01 1.729543954133987427e-01 6.559953838586807251e-02 2.028931975364685059e-01 2.267633378505706787e-01 1.284750401973724365e-01 1.363456398248672485e-01 1.584112346172332764e-01 6.042604520916938782e-02 -7.467328570783138275e-03 -7.078265398740768433e-02 1.709693670272827148e-02 -2.241203188896179199e-02 -5.269743502140045166e-02 5.516953766345977783e-02 -5.238239094614982605e-02 -3.647558987140655518e-01 -1.168809652328491211e+00 -3.792250156402587891e-01 -4.150224626064300537e-01 -3.129796981811523438e-01 -3.718518614768981934e-01 -4.963899850845336914e-01 -4.069152176380157471e-01 -1.496238261461257935e-01 -5.426976084709167480e-01 -3.878311514854431152e-01 -2.455304861068725586e-01 -2.427865415811538696e-01 -4.369404539465904236e-02
-1.144867911934852600e-01 -2.237276360392570496e-02 -5.082248896360397339e-02 1.337847113609313965e-02 5.728087946772575378e-02 1.725333742797374725e-03 -1.228581666946411133e-01 -5.498665571212768555e-02 3.546379506587982178e-02 -8.905477076768875122e-02 4.200167581439018250e-02 -8.984642475843429565e-02 -2.194595523178577423e-03 7.566087692975997925e-02 1.103094127029180527e-02 1.533090472221374512e-01 2.205088287591934204e-01 2.214520871639251709e-01 -6.492613255977630615e-02 -8.993483148515224457e-03 -9.345642477273941040e-02 4.816397652029991150e-02 -5.083620548248291016e-02 2.921598032116889954e-02 -5.433708801865577698e-02 1.370934396982192993e-01 1.342876106500625610e-01 8.995295315980911255e-02 -5.570929497480392456e-03 -4.805824533104896545e-02 2.411770671606063843e-01 6.734654307365417480e-02 -3.581188619136810303e-02 3.754447400569915771e-02 1.885903067886829376e-02 4.636100679636001587e-02 2.311809919774532318e-02 7.764842826873064041e-03 9.048774838447570801e-02 -4.473083838820457458e-02 6.035616248846054077e-02 1.178856845945119858e-02 -7.604269683361053467e-02 7.755251228809356689e-02 -5.946306884288787842e-02 4.192812368273735046e-02 -7.344822585582733154e-02 1.351731549948453903e-02 5.569962039589881897e-02 -1.143156141042709351e-01 7.829374819993972778e-02 -8.370167016983032227e-02 -3.130181878805160522e-02 7.194831222295761108e-02 4.995304346084594727e-02 1.043509244918823242e-01 2.676359750330448151e-02 -2.988437376916408539e-02 1.914455369114875793e-02 -5.622851103544235229e-02 -4.022594913840293884e-02 9.202171117067337036e-02 1.403834819793701172e-01 -2.139561809599399567e-03 1.181118413805961609e-01 2.379555255174636841e-01 2.713712751865386963e-01 2.143620997667312622e-01 1.255597472190856934e-01 2.459374815225601196e-01 3.847078653052449226e-03 6.874146312475204468e-02 -9.941495954990386963e-02 -1.863854825496673584e-01 -3.107615113258361816e-01 -2.091849893331527710e-01 -3.267350196838378906e-01 -2.534160614013671875e-01 -1.202170252799987793e-01 -7.710134238004684448e-02 -2.044595628976821899e-01 -4.250387474894523621e-02 2.412233315408229828e-02 -8.361606299877166748e-02 1.116012185811996460e-01 1.828497201204299927e-01 2.848030030727386475e-01 4.468257427215576172e-01 6.866980791091918945e-01 3.237666487693786621e-01 2.659228742122650146e-01 7.562185823917388916e-02 -1.143805310130119324e-01 -4.201352000236511230e-01 -7.074917554855346680e-01 -7.668352127075195312e-01 -1.292443037033081055e+00 -8.311743736267089844e-01 -4.147130548954010010e-01 -3.154589235782623291e-01 -1.173464283347129822e-01
-1.660303473472595215e-01 -1.830562502145767212e-01 -1.348702013492584229e-01 -6.006000563502311707e-02 -1.240758225321769714e-01 -7.698581367731094360e-02 -7.433322072029113770e-02 -1.996926665306091309e-01 -1.855002045631408691e-01 -1.134051010012626648e-01 -8.199954777956008911e-02 -8.898878097534179688e-02 -3.294521570205688477e-02 -6.524212658405303955e-03 8.196578361093997955e-03 5.692228302359580994e-02 2.448389083147048950e-01 3.466892242431640625e-01 3.082528412342071533e-01 1.480315905064344406e-02 1.455736309289932251e-01 -1.483159977942705154e-02 -1.481117755174636841e-01 -3.137381970882415771e-01 -3.806624412536621094e-01 -1.096039488911628723e-01 -4.143947362899780273e-02 -1.520580891519784927e-02 -7.263710349798202515e-02 -1.020807074382901192e-03 7.002960890531539917e-02 4.563403502106666565e-02 -3.370842896401882172e-03 -2.778697572648525238e-02 -1.062921807169914246e-01 -2.330060899257659912e-01 -2.162750810384750366e-01 -9.269265085458755493e-02 -1.714154183864593506e-01 -1.455806791782379150e-01 -1.818891242146492004e-02 -1.006586924195289612e-01 2.495818957686424255e-02 4.834485240280628204e-03 -4.260321706533432007e-02 1.053351759910583496e-01 1.724791363812983036e-03 -5.112118646502494812e-02 1.343243289738893509e-03 -1.096882447600364685e-01 -7.311659306287765503e-02 -1.262840181589126587e-01 -1.026666387915611267e-01 -9.855620563030242920e-02 -9.373693168163299561e-02 3.505571931600570679e-02 -1.332452520728111267e-02 -2.235319092869758606e-02 -1.049513593316078186e-01 -1.105283349752426147e-01 -1.093661785125732422e-01 -2.584848739206790924e-02 -1.518864035606384277e-01 -8.448472619056701660e-02 -1.929193139076232910e-01 -4.257567599415779114e-02 -2.105981484055519104e-02 5.548932123929262161e-03 5.450890958309173584e-02 1.049730181694030762e-01 -1.084929555654525757e-01 -1.119554042816162109e-01 -2.492034584283828735e-01 -2.090836465358734131e-01 -1.301413327455520630e-01 -1.331126987934112549e-01 -1.019520312547683716e-01 -1.706837415695190430e-01 -1.323249638080596924e-01 -3.434041514992713928e-02 -1.999262534081935883e-02 -6.382818520069122314e-02 -1.832776702940464020e-02 1.092567294836044312e-02 -3.245528414845466614e-02 -3.111902810633182526e-02 9.064328670501708984e-02 5.765201151371002197e-02 4.563854336738586426e-01 1.566474884748458862e-01 1.960760354995727539e-01 1.098565459251403809e-01 2.232294231653213501e-01 2.104659378528594971e-01 3.148956298828125000e-01 1.314302682876586914e-01 2.940327227115631104e-01 1.816357076168060303e-01 2.135446369647979736e-01 1.067305207252502441e-01 6.685850769281387329e-02
5.476357042789459229e-02 6.194517761468887329e-02 -5.128350574523210526e-03 -6.684707850217819214e-02 1.805658265948295593e-02 3.660673100966960192e-04 -9.641525149345397949e-02 6.692207604646682739e-02 -8.599650859832763672e-02 6.433197855949401855e-02 4.932573437690734863e-02 -6.739163398742675781e-02 8.821836113929748535e-02 -8.757881075143814087e-02 6.148656457662582397e-02 3.395600244402885437e-03 3.309215232729911804e-02 -1.829986460506916046e-02 -7.783740293234586716e-04 3.173591196537017822e-02 -1.730512231588363647e-01 1.635287106037139893e-01 2.662731893360614777e-02 -1.272677443921566010e-02 -1.868742331862449646e-02 5.715818703174591064e-02 1.227760538458824158e-01 7.598215341567993164e-02 4.138913005590438843e-02 -5.623048543930053711e-02 1.109566465020179749e-01 1.076506078243255615e-02 4.114440828561782837e-02 5.989877879619598389e-02 -7.240989711135625839e-03 1.590827852487564087e-02 -1.021777465939521790e-01 -6.307972222566604614e-02 -7.524861395359039307e-02 -7.266417890787124634e-02 -1.740279495716094971e-01 -1.741428077220916748e-01 -9.417451918125152588e-02 -8.034331351518630981e-02 -1.840554922819137573e-02 7.288683950901031494e-02 -2.940741926431655884e-02 1.180177479982376099e-01 8.120973408222198486e-02 1.823006570339202881e-02 -2.076343633234500885e-02 -1.667452603578567505e-02 1.458606272935867310e-01 1.269476264715194702e-01 9.265426546335220337e-02 8.753231167793273926e-02 -1.230480521917343140e-01 -1.465326398611068726e-01 -9.552607685327529907e-02 -8.911990374326705933e-02 -2.802692353725433350e-03 1.025038808584213257e-01 3.721609339118003845e-02 1.881270203739404678e-03 -1.869878545403480530e-02 7.711613923311233521e-02 2.107973210513591766e-02 5.115659162402153015e-02 1.160764321684837341e-01 -5.706337094306945801e-02 -1.181428208947181702e-01 1.065117493271827698e-02 2.148363366723060608e-02 4.927457123994827271e-02 -2.378088887780904770e-03 2.818011306226253510e-02 1.438962202519178391e-02 -1.591147184371948242e-01 -2.036435715854167938e-02 -9.479585289955139160e-02 -1.191420480608940125e-01 -1.642123609781265259e-01 -7.662067562341690063e-02 -3.943796083331108093e-02 6.139918789267539978e-02 -2.595128305256366730e-02 1.264270395040512085e-01 3.068551421165466309e-01 2.719558775424957275e-01 1.782230734825134277e-01 -1.552008986473083496e-01 -1.476298570632934570e-01 -3.294339179992675781e-01 -2.337655574083328247e-01 -8.447240106761455536e-03 7.447010278701782227e-02 2.827618718147277832e-01 -3.124119341373443604e-02 2.085181623697280884e-01 -1.588983535766601562e-01 -1.014661602675914764e-02
2.628284273669123650e-03 -9.314857423305511475e-02 -1.263708472251892090e-01 1.400403678417205811e-03 -7.704334706068038940e-02 -2.512714825570583344e-02 4.712198302149772644e-02 -5.383952334523200989e-02 2.254296652972698212e-02 -5.341533571481704712e-02 9.724701195955276489e-02 7.777711749076843262e-02 -4.879664629697799683e-03 -1.181146409362554550e-02 3.798343986272811890e-02 9.446974843740463257e-02 7.303313165903091431e-02 9.897536039352416992e-02 9.887585788965225220e-02 -7.669925689697265625e-02 2.722668275237083435e-02 -5.581478402018547058e-02 -1.786250434815883636e-02 -8.418713510036468506e-02 -7.106070965528488159e-02 5.536878481507301331e-02 -1.121331974864006042e-01 -2.889939397573471069e-02 -3.527933359146118164e-02 -1.363573875278234482e-02 1.073605790734291077e-01 9.449006617069244385e-02 7.417927682399749756e-02 1.128152161836624146e-01 1.114328354597091675e-01 4.913628473877906799e-02 -5.045616254210472107e-02 -7.778263092041015625e-02 -3.308747429400682449e-03 -7.017965614795684814e-02 -6.424355506896972656e-02 -9.421339631080627441e-02 -9.553754329681396484e-02 8.481457084417343140e-02 8.321099728345870972e-02 -7.025714032351970673e-03 3.594470769166946411e-02 9.759903699159622192e-02 6.528393924236297607e-02 3.325658151879906654e-03 -9.963288903236389160e-02 -6.350281089544296265e-02 -3.276259824633598328e-02 -8.114570379257202148e-02 1.368743274360895157e-02 -1.874763704836368561e-02 -6.017490476369857788e-02 5.602789460681378841e-04 7.382671535015106201e-02 9.178733080625534058e-02 6.280875951051712036e-02 -3.709466755390167236e-02 6.534106284379959106e-02 -5.831504240632057190e-02 -1.148821264505386353e-01 -2.967658825218677521e-02 -7.131668925285339355e-02 -3.346683830022811890e-02 -3.546632826328277588e-02 -1.116966903209686279e-01 2.349683456122875214e-02 5.016072466969490051e-02 7.444482296705245972e-02 6.163754500448703766e-03 3.725688904523849487e-02 4.605075344443321228e-03 -7.837416976690292358e-02 -8.421304076910018921e-02 5.116276443004608154e-02 -4.177641496062278748e-02 -7.555898278951644897e-02 -7.163370400667190552e-02 4.100080579519271851e-02 1.093371510505676270e-01 7.334398478269577026e-02 -6.414573639631271362e-02 -1.209813281893730164e-01 -6.342840939760208130e-02 -3.830559551715850830e-02 4.038506001234054565e-02 4.089667648077011108e-02 8.284915983676910400e-02 -2.423117309808731079e-02 1.819796487689018250e-02 -1.744998386129736900e-03 -1.672757416963577271e-01 -8.262334764003753662e-02 -3.976127877831459045e-02 1.694926433265209198e-02 6.363422423601150513e-02 2.250635437667369843e-02
-2.627062145620584488e-03 4.763469472527503967e-02 1.006860807538032532e-01 -5.304399877786636353e-02 7.952711731195449829e-02 6.601834297180175781e-02 3.298323974013328552e-02 -9.862303733825683594e-02 -1.065280735492706299e-01 -8.005003631114959717e-02 -2.679341286420822144e-02 4.690780118107795715e-02 -7.977548986673355103e-02 -9.290626645088195801e-02 -4.741348326206207275e-02 9.703397750854492188e-03 7.066044211387634277e-02 9.941391646862030029e-02 1.151043549180030823e-01 3.191016986966133118e-02 -7.016692310571670532e-02 -1.637869700789451599e-02 8.997750282287597656e-02 -8.726353198289871216e-02 -1.042694412171840668e-02 -7.303857803344726562e-02 1.976222358644008636e-02 7.335407286882400513e-02 2.158184908330440521e-02 9.025556594133377075e-02 4.832571744918823242e-02 -5.370153114199638367e-02 5.781566351652145386e-02 -3.611817583441734314e-02 -4.140755534172058105e-02 8.912321180105209351e-02 -6.785634160041809082e-02 7.954183034598827362e-03 -3.414538502693176270e-02 1.198699790984392166e-02 -6.426885724067687988e-02 -8.242741972208023071e-02 7.880064845085144043e-02 -8.031175471842288971e-03 7.876150310039520264e-02 -5.537377670407295227e-02 4.738526791334152222e-02 3.210653364658355713e-02 3.579345345497131348e-02 -8.134824782609939575e-02 -1.343297064304351807e-01 3.043551556766033173e-02 3.457210212945938110e-02 -2.966229058802127838e-02 -5.065098032355308533e-02 -1.221705134958028793e-02 3.558005765080451965e-02 1.211972832679748535e-01 1.136150583624839783e-01 5.291845882311463356e-04 -3.062053117901086807e-03 -5.175726022571325302e-03 8.596085011959075928e-02 7.609055936336517334e-02 -2.317287214100360870e-02 1.926605706103146076e-03 -3.451988846063613892e-02 1.336586624383926392e-01 -4.825231805443763733e-02 -4.827162250876426697e-02 8.051156997680664062e-02 -4.505755379796028137e-02 1.342341676354408264e-02 -4.690011963248252869e-02 -2.470697090029716492e-02 -5.788053199648857117e-02 -1.049809455871582031e-01 -7.055360823869705200e-02 2.422417514026165009e-03 2.138952910900115967e-02 1.140111312270164490e-02 1.691305823624134064e-02 -7.133116573095321655e-02 8.973111957311630249e-02 -8.152207732200622559e-02 -6.017753109335899353e-02 -5.655903741717338562e-02 6.088703125715255737e-02 -4.641658067703247070e-02 -3.314741700887680054e-02 1.215680912137031555e-01 2.680928409099578857e-01 2.949762344360351562e-02 -1.512592881917953491e-01 -1.831541508436203003e-01 -1.585801541805267334e-01 -3.302607312798500061e-02 7.925048470497131348e-02 1.140411347150802612e-01 2.159290462732315063e-01 9.606793522834777832e-03
