8.852757513523101807e-03 -7.440727204084396362e-02 -6.496046483516693115e-02 5.264719575643539429e-02 -6.375037133693695068e-02 4.601914435625076294e-02 -8.012962341308593750e-02 -2.190983667969703674e-02 -8.461732417345046997e-02 -2.216684632003307343e-03 2.101897820830345154e-02 -2.484609559178352356e-02 9.458696097135543823e-02 -5.045726522803306580e-02 -5.857581645250320435e-02 6.742793321609497070e-02 1.984154805541038513e-02 -2.903335168957710266e-02 -1.532327011227607727e-02 -1.534758484922349453e-04 9.177453815937042236e-02 9.337663650512695312e-02 -2.301801368594169617e-02 6.773828715085983276e-02 3.374289721250534058e-02 -1.756591163575649261e-02 -8.379155397415161133e-02 8.676484972238540649e-02 -8.245254307985305786e-02 1.222498994320631027e-02 8.792020380496978760e-03 3.494523093104362488e-02 -3.251802176237106323e-02 7.273717969655990601e-02 -5.546173825860023499e-02 1.555292867124080658e-02 6.116599962115287781e-02 8.588558435440063477e-02 3.623906150460243225e-02 6.857195496559143066e-02 2.969552017748355865e-02 3.680602461099624634e-02 -5.325058102607727051e-02 -7.458125799894332886e-02 7.659265398979187012e-02 3.225647658109664917e-02 7.352267950773239136e-02 -4.323736578226089478e-02 2.049195580184459686e-02 4.325932264328002930e-02 -2.830496430397033691e-02 6.347928941249847412e-02 -6.631067488342523575e-03 -2.291678823530673981e-02 -6.401610374450683594e-02 -2.823193930089473724e-02 1.073782965540885925e-01 7.202620059251785278e-02 2.177972719073295593e-02 -5.194543302059173584e-02 2.810237370431423187e-02 5.494006350636482239e-02 4.423776641488075256e-02 -9.614082425832748413e-02 4.656550660729408264e-02 5.618878826498985291e-02 -4.171171784400939941e-02 -2.345825545489788055e-02 3.267353167757391930e-04 3.571076691150665283e-02 1.760527677834033966e-02 -3.596731647849082947e-02 1.009155362844467163e-01 -8.991242200136184692e-02 -4.697008058428764343e-02 -7.170285284519195557e-02 9.569215029478073120e-02 -5.835790187120437622e-02 -6.974337249994277954e-02 3.415841609239578247e-02 -5.784148722887039185e-02 -1.577742025256156921e-02 9.074410051107406616e-02 -2.581106498837471008e-02 1.011972874402999878e-01 1.495077311992645264e-01 4.050390422344207764e-02 1.528836786746978760e-01 5.265286192297935486e-03 5.307605862617492676e-02 1.082800999283790588e-01 5.820664111524820328e-03 2.508536353707313538e-02 7.671444863080978394e-02 -1.782337017357349396e-02 1.467074155807495117e-01 1.839109361171722412e-01 1.790644824504852295e-01 -1.579496823251247406e-02 -8.673872798681259155e-02
1.500058220699429512e-03 -7.965714484453201294e-02 -3.838153555989265442e-02 -1.062034592032432556e-01 -1.576385274529457092e-02 1.662425138056278229e-02 6.672883778810501099e-02 6.827798485755920410e-02 7.814176380634307861e-02 7.587118446826934814e-02 -7.935253530740737915e-02 -3.621747344732284546e-02 1.057686433196067810e-01 -3.723690286278724670e-02 -1.622777059674263000e-02 -4.969635978341102600e-02 9.931801259517669678e-02 -1.740892417728900909e-03 7.910065352916717529e-03 3.143309429287910461e-02 1.079452037811279297e-01 -7.707240432500839233e-02 8.791205286979675293e-02 -4.455394297838211060e-02 -3.284236416220664978e-02 4.504883661866188049e-02 -4.392963834106922150e-03 9.659188985824584961e-02 -1.625471748411655426e-02 7.354054600000381470e-02 2.660357207059860229e-02 -1.522811828181147575e-03 -9.837286919355392456e-02 6.710743159055709839e-02 -2.693000808358192444e-02 -6.851045042276382446e-02 4.947031661868095398e-02 -2.074676752090454102e-02 -3.535077348351478577e-02 -4.709821194410324097e-02 5.489272996783256531e-02 -3.259677067399024963e-02 7.583365589380264282e-02 -9.666164219379425049e-02 2.499322406947612762e-02 3.295347467064857483e-02 -2.868208684958517551e-04 2.895691059529781342e-02 -4.011007025837898254e-03 5.628292262554168701e-02 8.105946332216262817e-02 -1.208564615808427334e-03 -8.040864020586013794e-02 1.894499734044075012e-02 1.999707333743572235e-02 -5.569869652390480042e-02 -6.421194411814212799e-03 1.492299791425466537e-02 -1.578219793736934662e-02 1.717003807425498962e-02 -3.638632223010063171e-02 9.601122885942459106e-02 -7.200380414724349976e-02 -1.445864513516426086e-02 8.109425753355026245e-02 -4.290778934955596924e-02 -4.586074128746986389e-02 1.260381750762462616e-02 -7.537226378917694092e-02 2.935655973851680756e-02 -3.855072427541017532e-04 4.055088385939598083e-03 -1.365092769265174866e-02 -1.132384017109870911e-01 -9.938982874155044556e-02 4.515689332038164139e-03 -2.959426864981651306e-02 5.272159352898597717e-02 -2.638564817607402802e-02 4.625053331255912781e-02 4.244302865117788315e-03 1.875974610447883606e-02 6.928186118602752686e-02 9.933196753263473511e-02 -4.469009116291999817e-02 5.558165535330772400e-02 -3.010502457618713379e-02 -1.278230845928192139e-01 -1.355198770761489868e-01 8.928862214088439941e-02 8.176966011524200439e-02 -4.204196389764547348e-03 -5.816505104303359985e-02 1.747510023415088654e-02 3.902542591094970703e-02 -2.167947776615619659e-02 4.117756336927413940e-02 1.426076740026473999e-01 -5.266214534640312195e-02 4.896577820181846619e-02
8.173389732837677002e-02 1.258006989955902100e-01 1.199124827980995178e-01 -2.860880084335803986e-02 -6.998793035745620728e-02 1.241176798939704895e-01 1.160187199711799622e-01 5.331932753324508667e-02 3.467684984207153320e-02 -6.246197596192359924e-02 1.186937168240547180e-01 -1.705002784729003906e-01 2.969905920326709747e-02 1.151937022805213928e-01 1.668315529823303223e-01 -7.261861860752105713e-02 3.442020341753959656e-02 -1.588910222053527832e-01 -7.598499301820993423e-03 -1.735075749456882477e-02 6.745591014623641968e-02 3.344212844967842102e-02 1.865796446800231934e-01 1.278113275766372681e-01 -1.041709631681442261e-02 1.430522054433822632e-01 -1.202805414795875549e-01 1.400439590215682983e-01 3.876776620745658875e-02 -6.526529043912887573e-02 -1.706386953592300415e-01 -8.030319213867187500e-02 -6.701478362083435059e-02 3.360592201352119446e-02 1.774589568376541138e-01 -4.381148144602775574e-02 -6.711845844984054565e-02 -1.559223979711532593e-01 2.236436307430267334e-02 1.239685192704200745e-01 -1.960496045649051666e-02 2.187839243561029434e-03 1.082060709595680237e-01 -1.454632580280303955e-01 -3.547059372067451477e-02 -7.069153338670730591e-02 6.145375594496726990e-02 -7.403293997049331665e-02 -1.728221923112869263e-01 -9.064111113548278809e-02 -1.185830086469650269e-01 2.501138858497142792e-02 1.597170978784561157e-01 -9.645698964595794678e-02 1.521365493535995483e-01 1.941824890673160553e-02 1.086876615881919861e-01 -2.159166336059570312e-02 2.338723745197057724e-03 -1.601922325789928436e-02 8.798860758543014526e-02 1.019538789987564087e-01 -6.669511087238788605e-03 1.038842722773551941e-01 7.416440546512603760e-02 4.477686807513237000e-02 -1.637515723705291748e-01 -1.034835577011108398e-01 1.195194125175476074e-01 8.525524288415908813e-02 6.756681948900222778e-02 1.333176624029874802e-02 -1.556510776281356812e-01 -5.106183886528015137e-02 -7.039689272642135620e-02 5.035087466239929199e-02 -2.156015858054161072e-02 3.439280763268470764e-02 -3.845086395740509033e-01 1.994277536869049072e-02 1.778186410665512085e-01 8.624519407749176025e-02 1.693676710128784180e-01 2.605744898319244385e-01 4.905584827065467834e-02 1.246722191572189331e-01 1.083086282014846802e-01 -7.061509788036346436e-02 -3.822945952415466309e-01 3.187310099601745605e-01 1.253099739551544189e-01 -1.648707687854766846e-02 7.904701679944992065e-02 -1.450408846139907837e-01 4.348256587982177734e-01 -6.286925822496414185e-02 2.473171502351760864e-01 1.302383691072463989e-01 -4.535908810794353485e-03 1.189292743802070618e-01
9.229774028062820435e-02 1.187144443392753601e-01 6.212267652153968811e-02 -1.128109842538833618e-01 4.028066061437129974e-03 1.067980155348777771e-01 1.177927479147911072e-02 4.862065240740776062e-02 -4.806363955140113831e-02 5.245587602257728577e-02 -1.788542233407497406e-02 -2.083152718842029572e-02 7.794625312089920044e-02 5.977362394332885742e-02 1.089373230934143066e-01 3.460882604122161865e-02 2.339017391204833984e-02 -1.270430982112884521e-01 1.042990759015083313e-02 -1.007225289940834045e-01 9.465997666120529175e-02 1.004995480179786682e-01 -5.334971472620964050e-02 -1.114129927009344101e-02 8.661245554685592651e-02 1.189518347382545471e-01 2.223980426788330078e-02 -3.768497845157980919e-03 1.169720888137817383e-01 -9.206423163414001465e-02 -8.389186114072799683e-02 -1.190376654267311096e-01 -3.902148082852363586e-02 -3.331628814339637756e-02 5.386759992688894272e-03 -7.832189649343490601e-02 -1.279659382998943329e-02 -1.129928790032863617e-02 1.128140091896057129e-02 -5.348886828869581223e-03 -6.174372136592864990e-02 1.249846294522285461e-01 1.127964183688163757e-01 5.569376423954963684e-02 -8.904731273651123047e-02 -5.725962668657302856e-02 5.454113706946372986e-02 -2.662146277725696564e-02 -1.204082369804382324e-01 3.318812698125839233e-02 -3.075099922716617584e-02 -1.300968229770660400e-02 1.270441114902496338e-01 -1.387166380882263184e-01 1.336079984903335571e-01 8.493134379386901855e-02 -1.908580027520656586e-02 -4.267488047480583191e-02 1.074658557772636414e-01 -1.033042371273040771e-01 1.284974664449691772e-01 -2.313186228275299072e-02 7.695958763360977173e-02 5.471675097942352295e-02 1.093023866415023804e-01 1.121041923761367798e-01 6.745957583189010620e-02 -6.817951798439025879e-02 9.724818170070648193e-02 5.744327604770660400e-02 -1.366060040891170502e-02 4.524688422679901123e-02 3.471853956580162048e-02 -6.903833895921707153e-02 -2.857789210975170135e-02 6.663815677165985107e-02 -8.272126317024230957e-02 7.400076091289520264e-02 1.436615479178726673e-03 1.578896939754486084e-01 6.496620923280715942e-02 1.409346312284469604e-01 1.151244193315505981e-01 3.707604855298995972e-02 -3.060624562203884125e-02 8.737152442336082458e-03 -7.173457741737365723e-02 1.978017622604966164e-03 -1.070718243718147278e-01 6.619622558355331421e-02 4.272462427616119385e-02 2.149265855550765991e-01 1.537210941314697266e-01 2.151490747928619385e-01 9.278254210948944092e-02 2.495071105659008026e-02 9.355559200048446655e-02 -1.363546308130025864e-02 -9.857311844825744629e-02 -3.908000886440277100e-02
8.333811163902282715e-02 -6.115784123539924622e-02 -5.099216103553771973e-02 -3.397180885076522827e-02 -6.909585744142532349e-02 -2.247992716729640961e-02 4.933527112007141113e-02 2.194674126803874969e-02 8.385518938302993774e-02 -9.286719560623168945e-02 -6.943570077419281006e-02 8.443532511591911316e-03 3.369324281811714172e-02 3.435484692454338074e-02 1.104364842176437378e-01 -1.211488917469978333e-01 1.080997437238693237e-01 -1.963528431951999664e-02 -6.292535457760095596e-03 -8.018723875284194946e-02 -4.033607244491577148e-02 1.188899725675582886e-01 6.270492076873779297e-02 7.246541231870651245e-02 1.041201408952474594e-02 1.248532757163047791e-01 -8.431423455476760864e-02 -4.426981508731842041e-02 -1.088823564350605011e-02 -4.388913139700889587e-02 -1.245213076472282410e-01 -2.091931411996483803e-03 -1.318682134151458740e-01 -2.633422380313277245e-03 5.239534750580787659e-02 -8.194768801331520081e-03 -7.907252758741378784e-02 -9.973751753568649292e-02 1.026120316237211227e-02 -7.202588766813278198e-02 -1.924336701631546021e-02 -8.881272748112678528e-03 3.663196787238121033e-02 1.375479903072118759e-02 6.998680531978607178e-02 -1.166464611887931824e-01 3.756787162274122238e-03 -6.547798961400985718e-02 -5.045567825436592102e-02 1.497176755219697952e-02 6.242746859788894653e-02 1.131664365530014038e-01 -1.506706979125738144e-02 -3.217639774084091187e-02 1.482763420790433884e-02 4.747555404901504517e-02 3.352454677224159241e-02 4.413129761815071106e-02 -2.137059532105922699e-02 -1.043055355548858643e-01 1.177401766180992126e-01 1.031772643327713013e-01 1.251464784145355225e-01 -3.506158292293548584e-02 -5.715037509799003601e-02 1.203385666012763977e-01 -1.087115425616502762e-02 -8.719891309738159180e-02 -4.652323201298713684e-03 2.279288321733474731e-02 1.034042146056890488e-02 -6.372933275997638702e-03 -4.649536684155464172e-02 2.643242850899696350e-02 -1.263438761234283447e-01 3.681372478604316711e-02 -6.048035249114036560e-02 7.016861438751220703e-02 -1.487045139074325562e-01 -3.498929738998413086e-02 1.073715239763259888e-01 6.915816664695739746e-02 -1.079726777970790863e-02 -7.957527413964271545e-03 3.799394890666007996e-02 1.287260204553604126e-01 3.773372247815132141e-02 -4.481769353151321411e-02 -4.900420829653739929e-02 2.091875113546848297e-02 4.869740456342697144e-02 1.222047284245491028e-01 1.586622893810272217e-01 1.387517601251602173e-01 1.466880142688751221e-01 -1.399534791707992554e-01 2.453868836164474487e-02 7.053966820240020752e-02 -9.615274518728256226e-02 5.619633942842483521e-02
8.839121460914611816e-02 -5.732751637697219849e-02 3.523541241884231567e-02 9.256289154291152954e-02 -7.309649884700775146e-02 -7.613985240459442139e-02 -4.082398861646652222e-02 2.898575924336910248e-02 -9.113978594541549683e-02 -2.589326910674571991e-02 -6.316608190536499023e-02 -1.500073540955781937e-02 -7.940741628408432007e-02 -6.676375865936279297e-02 3.005279041826725006e-02 -1.964302174746990204e-02 3.626842424273490906e-02 6.755449622869491577e-02 9.814930707216262817e-02 7.668168097734451294e-02 -5.919422022998332977e-03 2.756793424487113953e-02 1.705944910645484924e-02 -6.255137920379638672e-02 -3.435569256544113159e-02 -7.908206433057785034e-02 -5.185111612081527710e-02 4.479808360338211060e-02 3.796935826539993286e-02 5.752967298030853271e-02 -2.511337958276271820e-02 8.591195940971374512e-02 5.047990754246711731e-02 -6.650387495756149292e-02 -2.733633108437061310e-02 7.790168747305870056e-03 -7.236012816429138184e-02 3.582002595067024231e-02 -1.010789647698402405e-01 8.556210994720458984e-02 4.981027543544769287e-02 4.623406380414962769e-02 4.764055088162422180e-02 2.381481975317001343e-02 -1.179582625627517700e-02 1.021405607461929321e-01 3.120869025588035583e-02 -6.930317729711532593e-02 -2.467091660946607590e-03 -3.184927627444267273e-02 -5.528833344578742981e-02 -5.389914289116859436e-02 4.379800334572792053e-02 1.767120696604251862e-02 4.645192250609397888e-02 2.196159958839416504e-02 -2.473317459225654602e-02 -4.490374401211738586e-02 1.924784667789936066e-02 -4.106680676341056824e-02 -9.565124660730361938e-02 -1.253387145698070526e-02 9.150345809757709503e-03 -9.273376315832138062e-02 1.799132674932479858e-02 3.284596279263496399e-02 4.194365441799163818e-02 9.175157546997070312e-02 -3.781224787235260010e-02 6.496800482273101807e-02 5.990315973758697510e-02 -4.316149745136499405e-03 7.364926487207412720e-02 -3.748811781406402588e-02 7.630677521228790283e-02 -6.796481460332870483e-02 -4.037003591656684875e-02 -7.140753418207168579e-02 4.244738072156906128e-02 -1.081048026680946350e-01 -9.425365924835205078e-02 2.236502803862094879e-02 -2.981333620846271515e-02 -7.811435312032699585e-02 -1.566327363252639771e-01 -2.215392701327800751e-02 3.404015302658081055e-02 1.168907713145017624e-02 1.206520348787307739e-01 -7.831801474094390869e-02 3.061631135642528534e-02 -8.129990100860595703e-02 -1.029621809720993042e-01 3.987539187073707581e-02 -8.487337827682495117e-02 -7.025922648608684540e-03 -9.476464241743087769e-02 8.074512332677841187e-02 3.321524709463119507e-02 -3.203224390745162964e-02
-8.208204060792922974e-02 2.656649798154830933e-02 -9.795405715703964233e-02 4.439761396497488022e-03 3.641444444656372070e-02 8.600766211748123169e-02 -3.259447216987609863e-02 -1.486651878803968430e-02 -4.835972934961318970e-02 -6.037960201501846313e-02 -5.295448750257492065e-02 1.237609237432479858e-02 8.011441677808761597e-02 -1.623392477631568909e-02 -3.612462431192398071e-02 8.799645304679870605e-02 3.579661995172500610e-02 2.311307936906814575e-03 6.007626652717590332e-02 3.903370350599288940e-02 -1.295315194875001907e-02 7.708565145730972290e-02 -6.657075136899948120e-02 -8.986011147499084473e-02 -7.806321233510971069e-02 -3.421175852417945862e-02 -4.194218292832374573e-02 -8.957771956920623779e-02 2.030700072646141052e-02 -4.253597557544708252e-02 7.365133613348007202e-02 6.340494006872177124e-02 -5.690087378025054932e-02 -2.732905559241771698e-02 -9.781789034605026245e-02 1.224465481936931610e-02 6.666855514049530029e-02 1.825348474085330963e-02 1.490225084125995636e-02 -6.023945659399032593e-02 -5.835324898362159729e-02 -1.106615830212831497e-02 -1.464272383600473404e-03 7.057721912860870361e-02 4.812397807836532593e-02 9.147992730140686035e-02 -1.009109467267990112e-01 1.018168181180953979e-01 -4.997807368636131287e-02 -1.660988666117191315e-02 -5.238078534603118896e-02 4.434123262763023376e-02 8.059772104024887085e-02 4.624833911657333374e-02 8.329160511493682861e-02 -6.305570900440216064e-02 -3.638454526662826538e-02 6.134840194135904312e-03 -1.078766137361526489e-01 -2.414766699075698853e-02 -8.628389984369277954e-02 -1.026078239083290100e-01 -1.919219270348548889e-02 -1.034969091415405273e-01 6.765768863260746002e-03 -2.599411085247993469e-02 9.506453573703765869e-02 -4.977911338210105896e-02 -5.865033715963363647e-02 5.103816837072372437e-02 -8.917756378650665283e-02 7.645659148693084717e-02 4.757030308246612549e-02 -5.254488438367843628e-02 8.195862174034118652e-02 5.548544600605964661e-02 3.650826588273048401e-02 3.189895674586296082e-02 6.610777229070663452e-02 -9.811691194772720337e-02 -4.951670393347740173e-02 -8.634785562753677368e-02 -1.275155991315841675e-01 8.117541670799255371e-03 -2.525534667074680328e-02 -8.003766834735870361e-02 2.775648236274719238e-02 -8.023893833160400391e-02 8.394198864698410034e-02 -2.045165896415710449e-01 5.592705681920051575e-03 -8.671677857637405396e-02 -4.673482105135917664e-02 -8.434043824672698975e-02 7.360092550516128540e-02 1.838027872145175934e-02 2.864349633455276489e-02 2.375384327024221420e-03 2.357448823750019073e-02 -1.022774502635002136e-01
-1.254390925168991089e-01 -1.275685876607894897e-01 -1.501237303018569946e-01 1.660700291395187378e-01 8.911802619695663452e-02 -1.020418405532836914e-01 1.350977551192045212e-02 -8.347719162702560425e-02 2.088605193421244621e-03 1.224825531244277954e-01 1.193317491561174393e-02 -1.054909639060497284e-02 -8.400852978229522705e-02 -1.215156465768814087e-01 -5.438229069113731384e-02 9.639855474233627319e-02 -1.639574170112609863e-01 3.406728804111480713e-02 4.750484973192214966e-02 8.805444464087486267e-03 -1.332731544971466064e-01 2.364455536007881165e-02 -1.113873273134231567e-01 -1.249849721789360046e-01 -1.199990585446357727e-01 -1.005358323454856873e-01 2.976142428815364838e-02 -9.386882930994033813e-02 -1.454011052846908569e-01 6.444482505321502686e-02 1.041201129555702209e-01 1.961449906229972839e-02 9.692098200321197510e-02 -4.968147352337837219e-02 -1.213115677237510681e-01 4.686058312654495239e-02 1.125741526484489441e-01 7.782421261072158813e-02 -1.207940503954887390e-01 -4.791637416929006577e-03 -1.429749131202697754e-01 -1.115285381674766541e-01 3.208551788702607155e-03 -1.921389997005462646e-02 -4.774356260895729065e-02 1.422681286931037903e-02 -1.346872448921203613e-01 1.565494090318679810e-01 1.227182149887084961e-01 7.240292429924011230e-02 1.587352901697158813e-01 -1.132589131593704224e-01 -7.376968115568161011e-02 1.913978904485702515e-01 -1.141834538429975510e-03 -1.677846908569335938e-01 -6.235451996326446533e-02 -5.912172794342041016e-02 -1.867065280675888062e-01 1.373455971479415894e-01 -1.144525501877069473e-02 -1.645403951406478882e-01 -1.433602571487426758e-01 -1.052936986088752747e-01 -9.610645473003387451e-02 -7.851898670196533203e-02 -5.978614091873168945e-02 1.284871548414230347e-01 -1.479300111532211304e-01 -1.073557063937187195e-01 -1.729909181594848633e-01 -1.921079158782958984e-01 8.072916418313980103e-02 7.169891148805618286e-02 2.991996146738529205e-02 -1.499420218169689178e-02 6.446605175733566284e-02 -1.040394604206085205e-01 1.295866370201110840e-01 -4.212712869048118591e-02 -9.482534229755401611e-02 -5.102458223700523376e-02 -1.388614773750305176e-01 -9.448293596506118774e-02 3.826736286282539368e-02 -6.634677201509475708e-02 -3.685086593031883240e-02 3.234563022851943970e-02 -3.840854018926620483e-02 -9.742009639739990234e-02 -2.588438093662261963e-01 -1.733851432800292969e-01 -2.100015431642532349e-02 -1.544575095176696777e-01 -1.024894937872886658e-01 2.904693596065044403e-03 -1.115850061178207397e-01 -1.273711919784545898e-01 2.084336727857589722e-01 -5.409086495637893677e-02
-9.565515816211700439e-02 -8.845798671245574951e-02 -2.427646517753601074e-02 -6.710185110569000244e-02 7.494397461414337158e-02 4.370205476880073547e-02 1.827686652541160583e-02 7.207842916250228882e-02 9.700683504343032837e-02 -2.995743975043296814e-02 -7.355561945587396622e-03 5.476789548993110657e-02 -2.789813093841075897e-02 -4.752060770988464355e-02 -8.630201220512390137e-03 -1.086097117513418198e-02 -9.299296885728836060e-02 3.341762349009513855e-02 3.858408704400062561e-02 -5.314753204584121704e-02 3.234323486685752869e-02 2.714763768017292023e-02 -2.894249372184276581e-02 1.762225478887557983e-02 2.366620302200317383e-02 -2.702871896326541901e-02 4.118258878588676453e-02 -4.256692528724670410e-02 -7.657698541879653931e-02 3.861519694328308105e-02 5.881293118000030518e-02 5.553883314132690430e-02 -7.387148588895797729e-02 -7.886081002652645111e-03 -9.339711815118789673e-02 8.997922390699386597e-02 -6.658347696065902710e-02 3.587607294321060181e-02 -9.583800286054611206e-02 -9.102358482778072357e-03 2.637637965381145477e-02 6.243132799863815308e-02 2.472187764942646027e-02 -4.183242097496986389e-02 1.045780852437019348e-01 7.931804656982421875e-02 -2.204331196844577789e-02 -1.360982097685337067e-02 1.018122434616088867e-01 3.049929626286029816e-02 5.983028933405876160e-02 3.895017132163047791e-02 6.351497024297714233e-02 9.008328616619110107e-02 5.425149202346801758e-02 -4.322168231010437012e-02 -3.276124224066734314e-02 -7.246568053960800171e-02 -3.812908381223678589e-02 -6.722234934568405151e-02 2.557709440588951111e-02 8.774887025356292725e-02 4.694617539644241333e-02 -1.111501641571521759e-02 -2.769496850669384003e-02 -1.416813116520643234e-02 6.390717625617980957e-02 2.503021433949470520e-02 -3.540626913309097290e-02 -4.612451046705245972e-02 -8.013990521430969238e-02 6.853174418210983276e-02 9.532933123409748077e-03 8.730519562959671021e-02 -1.061555743217468262e-01 9.342857450246810913e-02 -4.729980230331420898e-02 3.504805266857147217e-02 -1.411846932023763657e-02 2.255623228847980499e-02 1.377207785844802856e-02 6.806381046772003174e-02 -3.465150669217109680e-02 2.889734320342540741e-02 -4.924010485410690308e-02 4.158523678779602051e-02 -3.385661914944648743e-02 5.351525172591209412e-02 1.637957990169525146e-02 -1.032749041914939880e-01 1.231783404946327209e-01 1.794831454753875732e-01 -9.951837360858917236e-02 -1.086174920201301575e-01 3.278282284736633301e-02 3.482482582330703735e-02 6.200736388564109802e-02 4.256993066519498825e-03 -4.628490423783659935e-04 -1.211054921150207520e-01
2.713054232299327850e-02 8.873019367456436157e-02 6.754719465970993042e-02 8.173140883445739746e-02 3.686214983463287354e-02 -2.677219361066818237e-02 2.637266926467418671e-02 -2.338569052517414093e-02 8.289788663387298584e-02 -3.807749599218368530e-02 -1.178280357271432877e-02 8.444288372993469238e-02 5.717431753873825073e-02 -6.725593004375696182e-03 -1.054302453994750977e-01 -8.443334698677062988e-02 -4.375858232378959656e-02 6.898105889558792114e-02 -3.611763939261436462e-02 9.607268869876861572e-02 4.508956626523286104e-04 6.486681103706359863e-02 -6.287981569766998291e-02 6.205483805388212204e-03 8.048805594444274902e-02 1.431339886039495468e-02 -4.746815189719200134e-02 -4.337663948535919189e-02 -1.591594330966472626e-02 7.665832340717315674e-02 1.926899328827857971e-02 1.138554215431213379e-01 3.569184988737106323e-02 4.314922913908958435e-02 -6.420186907052993774e-02 9.296208620071411133e-02 -5.134493112564086914e-02 6.763317622244358063e-03 5.798890069127082825e-02 5.169808864593505859e-02 -8.586572855710983276e-02 -4.062454402446746826e-02 7.964095473289489746e-02 -4.076927900314331055e-03 6.727699190378189087e-02 2.214618586003780365e-02 -5.098915472626686096e-02 -2.433972060680389404e-02 4.305028542876243591e-02 5.660831183195114136e-02 -6.515035778284072876e-02 8.173696696758270264e-02 -6.162533070892095566e-03 -6.311701983213424683e-02 -4.357692599296569824e-02 9.739368408918380737e-02 6.738021969795227051e-02 -3.836103528738021851e-02 -1.327564846724271774e-02 -3.007220290601253510e-02 -7.324363291263580322e-02 -5.619683489203453064e-02 -1.864569634199142456e-02 -2.643889747560024261e-03 -9.454951435327529907e-02 -5.718448013067245483e-02 -2.650439739227294922e-02 -5.488518252968788147e-02 3.429507464170455933e-02 6.638198345899581909e-02 2.911271527409553528e-02 -8.916334062814712524e-02 2.129453234374523163e-03 7.531102746725082397e-02 -4.780866578221321106e-02 2.846857719123363495e-02 1.027508080005645752e-02 1.030917689204216003e-01 2.404500842094421387e-01 6.589935719966888428e-02 7.268445938825607300e-02 -7.746603339910507202e-02 -1.101085990667343140e-01 4.458670690655708313e-02 -1.857031323015689850e-02 -8.117817342281341553e-02 4.709794372320175171e-02 -3.931446373462677002e-02 4.742911458015441895e-02 -4.530723765492439270e-02 -1.136664524674415588e-01 1.442786306142807007e-01 -7.815465331077575684e-02 1.050304174423217773e-01 -1.166599318385124207e-01 -4.269739240407943726e-02 -2.605200372636318207e-02 -1.614787578582763672e-01 7.184030860662460327e-02 -4.501863196492195129e-02
-2.824717573821544647e-02 -2.982974983751773834e-02 -7.354393601417541504e-02 -5.172406509518623352e-02 5.994009226560592651e-02 6.181900575757026672e-02 5.473083630204200745e-02 4.615977406501770020e-02 5.726579204201698303e-02 -3.720991313457489014e-02 1.027292162179946899e-01 -2.560764737427234650e-02 -5.658101662993431091e-02 -3.110079094767570496e-02 2.158912084996700287e-02 -9.825395792722702026e-02 7.089035958051681519e-02 4.325141012668609619e-02 -1.081552132964134216e-01 -1.098355427384376526e-01 1.053446382284164429e-01 -2.452666684985160828e-02 -3.743534907698631287e-02 1.279178541153669357e-03 4.221870377659797668e-02 -5.677763000130653381e-02 -1.032447069883346558e-01 5.443094298243522644e-03 1.056634709239006042e-01 2.123575843870639801e-02 -1.486456138081848621e-03 9.177133440971374512e-03 -1.051842272281646729e-01 -5.849110335111618042e-02 7.419192790985107422e-02 -2.879782766103744507e-02 -8.799711614847183228e-02 5.928815156221389771e-02 -9.173049032688140869e-02 4.763895645737648010e-02 3.965026885271072388e-02 5.315789580345153809e-02 1.206825394183397293e-02 8.143024146556854248e-02 -2.528977580368518829e-02 6.929788738489151001e-02 -4.056503623723983765e-02 5.011943355202674866e-02 5.907382816076278687e-02 -7.707259058952331543e-02 -9.357768110930919647e-03 4.792685434222221375e-02 6.027782708406448364e-02 -1.127337105572223663e-02 2.891427278518676758e-02 -5.089466646313667297e-02 -4.966122563928365707e-03 -5.316678434610366821e-02 7.734289765357971191e-02 -7.306148111820220947e-02 4.465889651328325272e-03 -8.834867179393768311e-02 1.018481925129890442e-01 -8.201799541711807251e-02 9.981316328048706055e-02 2.472060918807983398e-02 -8.352440595626831055e-02 -1.069652289152145386e-01 6.108056753873825073e-02 -6.069275084882974625e-03 -6.874411553144454956e-02 1.130334585905075073e-01 3.001532517373561859e-02 -8.925831317901611328e-02 -2.605759073048830032e-03 7.964784651994705200e-02 6.345789879560470581e-02 8.621419221162796021e-02 6.802008301019668579e-02 5.601136758923530579e-02 -4.412687197327613831e-02 1.074813157320022583e-01 6.170945707708597183e-03 -6.803953647613525391e-02 -4.154254123568534851e-02 8.913672715425491333e-02 1.163898110389709473e-01 9.398761391639709473e-02 -4.530255496501922607e-02 1.416441751644015312e-03 -8.732815086841583252e-02 3.681230545043945312e-02 9.978973120450973511e-02 5.860698968172073364e-02 1.094692274928092957e-01 -7.954960316419601440e-02 1.048838198184967041e-01 3.674889728426933289e-02 -1.590024530887603760e-01 1.330953091382980347e-01
-4.045245051383972168e-02 -6.023902446031570435e-02 -2.353027276694774628e-02 7.160940021276473999e-02 5.793800204992294312e-02 -8.349190652370452881e-02 5.488972365856170654e-02 -2.696320228278636932e-02 7.578224688768386841e-02 3.918979316949844360e-02 -5.090016499161720276e-02 -1.154822017997503281e-02 -9.569977223873138428e-02 -2.070526964962482452e-02 6.774333119392395020e-02 1.553646940737962723e-02 -1.063408795744180679e-02 1.012213826179504395e-01 -1.535594742745161057e-02 1.415967848151922226e-02 6.512811034917831421e-02 5.827388260513544083e-03 8.224774152040481567e-02 7.717933505773544312e-02 -5.263951793313026428e-02 3.955365717411041260e-02 1.790223829448223114e-02 -5.876616574823856354e-03 5.018812790513038635e-02 4.015571903437376022e-03 8.622130006551742554e-02 -4.540666565299034119e-02 -4.310235381126403809e-02 -1.059841215610504150e-01 9.725964814424514771e-02 -1.281643565744161606e-02 -2.390322834253311157e-02 4.877231642603874207e-02 -4.182242229580879211e-02 2.716299146413803101e-02 -1.017823219299316406e-01 1.760154217481613159e-02 3.868550807237625122e-02 9.673706442117691040e-02 -4.277284257113933563e-03 4.847371950745582581e-02 -7.357774674892425537e-02 -4.756641015410423279e-02 -5.326113663613796234e-03 3.111293353140354156e-02 6.957127898931503296e-02 5.635395646095275879e-03 4.199060052633285522e-02 -8.784634992480278015e-03 8.425448089838027954e-02 7.182147819548845291e-03 8.007459342479705811e-02 3.826536983251571655e-02 -4.228566959500312805e-02 6.872580945491790771e-02 -1.025722548365592957e-01 -1.876295544207096100e-02 -1.056892871856689453e-01 3.648893535137176514e-02 1.488863053964450955e-04 4.680742323398590088e-02 8.884441107511520386e-02 -4.057874437421560287e-03 1.190996915102005005e-01 -7.629160583019256592e-02 8.589302003383636475e-02 8.209051191806793213e-02 -4.975420981645584106e-02 -1.190380565822124481e-02 -7.311835885047912598e-02 6.464108824729919434e-02 5.454291030764579773e-02 9.545657038688659668e-02 2.828847765922546387e-01 1.734035462141036987e-02 -4.696593061089515686e-02 -1.187373623251914978e-01 -1.023538559675216675e-01 -1.752732247114181519e-01 -4.330078512430191040e-02 -4.333402216434478760e-02 -1.274732351303100586e-01 5.109096691012382507e-02 1.538494974374771118e-01 -2.686478197574615479e-01 4.260528832674026489e-02 -8.310438133776187897e-03 -3.397342190146446228e-02 -4.778726957738399506e-03 -2.005460113286972046e-01 -5.359630286693572998e-02 1.404229104518890381e-01 -1.076710969209671021e-01 -3.414789214730262756e-02 -6.327864527702331543e-02
8.248841762542724609e-02 -2.511353231966495514e-02 9.004272520542144775e-02 -7.600123435258865356e-02 -1.000520810484886169e-01 -3.699700534343719482e-02 -3.672575578093528748e-02 7.393020391464233398e-02 -2.834521979093551636e-02 7.987073063850402832e-02 -1.507411897182464600e-02 4.241310805082321167e-02 7.026539533399045467e-04 7.410863041877746582e-02 -3.524522110819816589e-02 -6.505923718214035034e-02 -5.511502176523208618e-02 3.895264491438865662e-02 -8.495028316974639893e-02 3.235095366835594177e-02 4.701856896281242371e-02 -4.806433245539665222e-02 -2.298978529870510101e-02 6.296928972005844116e-02 1.524105574935674667e-02 -7.921272516250610352e-02 -1.065301373600959778e-01 1.014550626277923584e-01 -5.055752396583557129e-02 6.668697297573089600e-02 1.631908863782882690e-02 -5.101852491497993469e-02 -7.897969335317611694e-02 -7.759778946638107300e-02 -1.956581324338912964e-02 1.596953719854354858e-02 -5.665414780378341675e-02 6.975253671407699585e-02 8.640751242637634277e-02 1.115702614188194275e-01 1.055986583232879639e-01 4.294259846210479736e-02 1.045878976583480835e-01 -2.690774761140346527e-02 -5.547121167182922363e-02 -4.020613431930541992e-02 -3.351401537656784058e-02 -9.940371662378311157e-02 8.519835025072097778e-02 8.342368155717849731e-02 -7.409141398966312408e-03 -4.046217724680900574e-02 -3.360676812008023262e-03 -7.145889103412628174e-02 -1.594157516956329346e-02 2.918840199708938599e-02 -8.771707862615585327e-02 4.233639687299728394e-02 7.957755587995052338e-03 6.408351659774780273e-02 1.104184053838253021e-02 -1.072592660784721375e-02 -5.827597528696060181e-02 5.863637477159500122e-02 5.496839061379432678e-02 -2.722213102970272303e-04 5.394521728157997131e-02 3.455835580825805664e-02 -3.212555125355720520e-02 -4.864702001214027405e-02 3.729329630732536316e-02 -3.178998827934265137e-02 3.099423134699463844e-03 -8.627148717641830444e-02 7.920749485492706299e-02 -3.261598199605941772e-02 8.796200156211853027e-02 -5.360262840986251831e-02 -4.088323935866355896e-02 -7.121808081865310669e-02 1.250794902443885803e-02 8.450098335742950439e-02 4.628895316272974014e-03 1.213962063193321228e-01 6.124630942940711975e-02 -1.615236513316631317e-02 -5.810611322522163391e-02 2.686199918389320374e-02 -1.260814815759658813e-01 4.981379956007003784e-02 -9.806466102600097656e-02 1.808847673237323761e-02 -8.106004446744918823e-02 1.092335674911737442e-02 1.449217945337295532e-01 1.952528982656076550e-04 -5.547230318188667297e-02 2.290418930351734161e-02 -1.563289612531661987e-01 1.080691367387771606e-01
-1.004908904433250427e-01 -7.957618683576583862e-03 -9.194398298859596252e-03 6.585322320461273193e-02 -7.423094660043716431e-02 -1.236792057752609253e-01 -1.181279569864273071e-01 -4.900018870830535889e-02 -2.310001291334629059e-02 3.838083148002624512e-02 -1.144081279635429382e-01 8.617980033159255981e-02 7.297744974493980408e-03 -8.105589449405670166e-02 -5.976124852895736694e-02 -6.753049790859222412e-02 -8.602793514728546143e-02 3.052864782512187958e-02 -3.360732272267341614e-02 1.308672968298196793e-02 -9.348392486572265625e-02 -2.535726875066757202e-02 4.264546185731887817e-02 2.480508200824260712e-02 -1.100497096776962280e-01 3.979757800698280334e-02 2.458303980529308319e-02 1.502746948972344398e-03 -5.522724986076354980e-02 -5.438664928078651428e-02 8.090065419673919678e-02 2.535906620323657990e-02 8.727692998945713043e-03 -4.821282997727394104e-02 -3.239761665463447571e-02 8.665201812982559204e-02 -6.789407879114151001e-02 3.928655758500099182e-02 -8.275942876935005188e-03 -3.683368908241391182e-03 -6.729396432638168335e-02 6.985841318964958191e-03 -1.298105530440807343e-02 2.840256318449974060e-02 6.954871118068695068e-02 -5.586984008550643921e-02 -1.099977418780326843e-01 3.654627874493598938e-02 7.719279825687408447e-02 -7.871871441602706909e-02 8.750673383474349976e-02 -3.230416774749755859e-02 -8.397573232650756836e-02 -1.599868573248386383e-02 -1.156456023454666138e-01 -9.831331670284271240e-03 -8.871574699878692627e-02 -6.722086668014526367e-02 -9.399448335170745850e-02 2.131893299520015717e-02 -1.471759937703609467e-02 4.763599857687950134e-02 -4.496541246771812439e-02 -7.811874896287918091e-02 1.688736118376255035e-02 -1.276711225509643555e-01 2.595147676765918732e-02 3.420841321349143982e-02 2.639487199485301971e-02 6.188141554594039917e-02 7.256261259317398071e-02 -1.777099259197711945e-02 1.017635017633438110e-01 4.496013280004262924e-03 -2.304823510348796844e-02 1.566568389534950256e-02 3.523920476436614990e-02 -4.697425290942192078e-02 3.740655183792114258e-01 -8.964182436466217041e-02 -6.224009674042463303e-03 -9.873472154140472412e-03 -3.354737907648086548e-02 -1.952973753213882446e-01 -1.554007530212402344e-01 -1.086792498826980591e-01 7.057126145809888840e-03 1.536802351474761963e-01 5.040453746914863586e-02 -2.484091967344284058e-01 -5.921548977494239807e-02 -1.814780831336975098e-01 -1.155079677700996399e-01 6.481021642684936523e-03 -2.920264899730682373e-01 8.845318853855133057e-02 -9.718633443117141724e-02 -1.982433646917343140e-01 5.674251914024353027e-02 -9.868881106376647949e-02
-3.891744464635848999e-02 5.872457101941108704e-02 2.276795916259288788e-02 3.847467899322509766e-02 -1.611388660967350006e-02 -1.389851211570203304e-03 -2.112616971135139465e-02 -1.136931870132684708e-02 1.656008511781692505e-02 1.997044123709201813e-02 -8.525908738374710083e-02 1.725710928440093994e-02 -6.041387096047401428e-02 -6.794453412294387817e-02 -9.053236804902553558e-03 8.736245334148406982e-02 -2.799008227884769440e-02 5.317762121558189392e-02 1.892086677253246307e-02 8.968579024076461792e-02 -3.719181567430496216e-02 -1.123056486248970032e-01 -4.061714932322502136e-02 -5.168480798602104187e-02 2.952713146805763245e-02 6.675600260496139526e-02 -7.346063107252120972e-02 -9.125562012195587158e-02 2.146660909056663513e-02 1.057954803109169006e-01 -5.414765328168869019e-02 -4.605632647871971130e-02 -7.558829337358474731e-02 -5.191572010517120361e-02 -3.167873248457908630e-02 3.918671607971191406e-02 1.514833886176347733e-02 -1.087680459022521973e-02 7.296701520681381226e-02 1.165242772549390793e-02 5.304262787103652954e-02 3.143940120935440063e-02 -6.234036013484001160e-02 7.133655250072479248e-02 -2.790234237909317017e-02 9.345918893814086914e-02 -8.661088533699512482e-03 5.830093473196029663e-02 9.645958989858627319e-02 1.053226925432682037e-02 1.028222292661666870e-01 -9.888097643852233887e-02 -3.247851505875587463e-02 8.091795444488525391e-02 2.856097929179668427e-02 4.757807590067386627e-03 -5.061975494027137756e-02 5.555836856365203857e-02 7.264648377895355225e-02 7.502612471580505371e-02 1.566990651190280914e-02 5.123445019125938416e-02 -2.477732195984572172e-04 -7.288383785635232925e-03 -2.143825218081474304e-02 -9.277434647083282471e-02 7.946984469890594482e-02 1.272703520953655243e-02 2.840029075741767883e-02 3.018068894743919373e-02 -6.669621169567108154e-02 -2.881856448948383331e-02 -8.249932527542114258e-02 -5.750863999128341675e-02 3.380435705184936523e-02 -5.406381562352180481e-02 4.228796809911727905e-02 -1.197225600481033325e-01 1.255130767822265625e-01 -9.665034711360931396e-02 5.101407319307327271e-02 -6.896907091140747070e-02 -5.445071309804916382e-02 1.629072241485118866e-02 2.263664454221725464e-02 -5.273163318634033203e-03 2.900416590273380280e-02 2.229415439069271088e-02 1.668588817119598389e-02 -2.101469635963439941e-01 -1.221975460648536682e-01 -2.251889109611511230e-01 -8.538177609443664551e-02 -1.898941546678543091e-01 4.527612403035163879e-02 -1.003541201353073120e-01 1.492356881499290466e-03 -1.058861240744590759e-01 1.347784698009490967e-01 3.428585082292556763e-02
6.305427104234695435e-02 3.875359194353222847e-03 -6.099658086895942688e-02 8.744192123413085938e-02 -4.070645198225975037e-02 5.337417498230934143e-02 7.474239915609359741e-02 -5.298142135143280029e-02 -4.082226380705833435e-02 -1.908433623611927032e-02 -7.663922756910324097e-02 3.846212103962898254e-02 -9.207130223512649536e-02 9.445348381996154785e-02 1.134762447327375412e-02 -6.469129770994186401e-02 1.023666188120841980e-02 3.171450272202491760e-02 1.975610852241516113e-02 -1.021512784063816071e-03 -5.524271726608276367e-02 2.750640548765659332e-02 7.345782965421676636e-02 6.827061623334884644e-02 -5.674763396382331848e-02 8.146213740110397339e-02 -6.947135180234909058e-02 -1.542770955711603165e-02 1.011132076382637024e-02 -7.525004446506500244e-02 -8.331131190061569214e-02 8.937821537256240845e-02 6.187305599451065063e-02 -6.713671982288360596e-02 2.410892338957637548e-04 -7.672426849603652954e-02 7.273731380701065063e-02 -9.674607962369918823e-02 6.943790614604949951e-02 4.325928539037704468e-02 -3.306028991937637329e-02 4.556430876255035400e-02 -1.002512723207473755e-01 -1.016744505614042282e-02 2.616361342370510101e-02 8.222881704568862915e-02 -5.557175353169441223e-02 2.257061749696731567e-02 2.398492768406867981e-02 -7.596778869628906250e-02 -5.834731459617614746e-02 -1.727479323744773865e-02 3.256655298173427582e-03 -3.842149861156940460e-03 -5.800372362136840820e-02 -8.596482127904891968e-02 6.617219746112823486e-02 6.311015039682388306e-02 7.672992348670959473e-02 5.951274558901786804e-02 8.497856557369232178e-02 -3.266817703843116760e-02 -5.708809196949005127e-02 1.237655617296695709e-02 6.573543697595596313e-02 3.343397751450538635e-03 9.879768826067447662e-03 9.651491791009902954e-02 -8.679082244634628296e-02 7.172368466854095459e-02 -2.658658288419246674e-02 1.021804735064506531e-01 -6.168080493807792664e-02 -7.770459353923797607e-02 -6.108839437365531921e-02 7.803589850664138794e-02 8.065021038055419922e-02 4.859935864806175232e-02 -5.462826415896415710e-02 -1.026166323572397232e-02 -1.510765287093818188e-03 3.060916066169738770e-02 7.481314986944198608e-02 -6.818210333585739136e-02 9.460777044296264648e-03 -8.268243074417114258e-02 -2.188620343804359436e-02 -5.955779924988746643e-02 -6.491678208112716675e-02 -4.350169375538825989e-02 1.111742481589317322e-01 1.416164487600326538e-01 -1.456504501402378082e-02 1.433026343584060669e-01 -7.092498242855072021e-02 2.560728229582309723e-02 6.138346344232559204e-02 -1.035607829689979553e-01 9.508023411035537720e-02 -9.985443204641342163e-02
2.308940514922142029e-02 4.422535747289657593e-02 1.964760757982730865e-02 -2.984748594462871552e-02 9.073555702343583107e-06 -4.260169807821512222e-03 5.286838114261627197e-02 -3.321404382586479187e-02 -4.260173067450523376e-02 7.802201062440872192e-02 8.425114676356315613e-03 1.219773199409246445e-03 2.674439363181591034e-02 3.495325893163681030e-02 9.273370355367660522e-02 8.087144047021865845e-02 -2.476800233125686646e-02 -3.141462802886962891e-03 3.053456172347068787e-02 6.882426887750625610e-02 -6.466940790414810181e-02 6.536361575126647949e-02 5.362021178007125854e-02 -5.437010899186134338e-02 8.885834366083145142e-02 9.357974678277969360e-02 6.778802722692489624e-02 -6.369796395301818848e-02 -5.936231091618537903e-02 -5.335330031812191010e-03 -4.508617147803306580e-02 -5.210009589791297913e-02 -1.042688563466072083e-01 -8.978365361690521240e-02 6.539112329483032227e-02 -8.443401008844375610e-02 -8.971631526947021484e-02 -1.044455394148826599e-01 7.741306722164154053e-02 -7.825277000665664673e-02 -1.167061505839228630e-03 4.317148774862289429e-02 -3.204309940338134766e-02 -2.485979348421096802e-02 2.899703010916709900e-02 -2.889481000602245331e-02 8.734945207834243774e-02 -7.922382652759552002e-02 -6.746625155210494995e-02 8.089184015989303589e-02 -6.958068162202835083e-02 5.693000182509422302e-02 -5.024038627743721008e-02 -7.689048349857330322e-02 -2.480113878846168518e-02 -8.149854093790054321e-02 6.811182945966720581e-02 -2.485313266515731812e-02 -1.504693459719419479e-02 -9.729010611772537231e-02 -3.398546576499938965e-02 -5.902124941349029541e-02 5.879466608166694641e-02 1.089171767234802246e-01 -2.166471630334854126e-02 1.058182213455438614e-02 -9.763608872890472412e-02 -7.348133623600006104e-02 2.972258441150188446e-02 7.581216096878051758e-02 -1.653674244880676270e-02 5.379899870604276657e-03 -7.134205847978591919e-02 -1.135908365249633789e-01 -7.717517018318176270e-02 7.671893388032913208e-02 7.787379622459411621e-02 7.437040656805038452e-02 7.704265415668487549e-02 -7.847514003515243530e-03 3.972829505801200867e-02 8.790446817874908447e-02 8.671931922435760498e-02 4.052661731839179993e-02 -8.271107822656631470e-02 -6.724350899457931519e-02 -2.919475547969341278e-03 -3.352650254964828491e-02 3.642055392265319824e-02 5.442416667938232422e-02 -2.285220101475715637e-02 5.283709987998008728e-02 1.099700853228569031e-02 3.305067494511604309e-02 -7.443493604660034180e-02 5.943574756383895874e-02 7.555600255727767944e-02 1.047130227088928223e-01 -1.476661860942840576e-01 1.052024662494659424e-01
1.040128245949745178e-01 8.598294854164123535e-02 -6.992941349744796753e-02 4.309288412332534790e-02 -1.643582247197628021e-02 8.719162642955780029e-02 7.428871840238571167e-02 -1.176961697638034821e-03 1.556033547967672348e-02 -9.567033499479293823e-02 3.912688046693801880e-02 -8.883566595613956451e-03 2.316575497388839722e-02 8.831195533275604248e-03 -5.565996468067169189e-02 1.663873344659805298e-02 6.159338727593421936e-02 2.471291460096836090e-02 -4.986456781625747681e-02 2.291579917073249817e-02 1.076101791113615036e-02 8.908146619796752930e-02 -4.576268047094345093e-02 6.539437174797058105e-02 -6.520630419254302979e-02 1.057303771376609802e-01 -3.073859959840774536e-02 4.309896379709243774e-02 2.388704940676689148e-02 -9.399291127920150757e-02 -1.051085367798805237e-01 -2.673333138227462769e-02 -7.497122138738632202e-02 2.155784703791141510e-02 -4.283862188458442688e-02 -4.291076213121414185e-02 -9.714058041572570801e-02 -9.488544613122940063e-02 -6.955653225304558873e-05 -4.137033969163894653e-02 -1.528165675699710846e-02 8.565297722816467285e-02 -8.562646806240081787e-02 1.587707363069057465e-02 3.805782273411750793e-02 1.097252685576677322e-02 3.315867111086845398e-02 1.745154522359371185e-02 -4.441012814640998840e-02 5.760915577411651611e-03 6.598981469869613647e-02 4.254708811640739441e-02 -9.009264409542083740e-03 -4.795493092387914658e-03 -5.402190610766410828e-02 5.213123187422752380e-02 -8.608903735876083374e-02 1.711912639439105988e-02 1.060774251818656921e-01 -7.335904240608215332e-02 6.021248921751976013e-02 1.151305437088012695e-01 5.539860576391220093e-02 9.029215574264526367e-02 6.968781352043151855e-02 1.012438833713531494e-01 -1.980762742459774017e-02 -1.210112720727920532e-01 3.419413417577743530e-02 -2.583234757184982300e-02 5.232624709606170654e-02 3.700715024024248123e-03 8.447572588920593262e-02 -6.595303118228912354e-02 -7.093579322099685669e-02 -1.106328889727592468e-02 7.169891614466905594e-03 -4.690730571746826172e-02 1.417403519153594971e-01 3.973468020558357239e-02 1.237672637216746807e-03 -3.136029466986656189e-02 2.458186633884906769e-02 -6.946724653244018555e-02 5.729350075125694275e-02 -1.800495944917201996e-02 -3.560124710202217102e-02 -1.236245408654212952e-02 1.212304830551147461e-01 -1.665844470262527466e-01 9.871201962232589722e-02 -1.164605934172868729e-02 1.045176908373832703e-01 2.052479609847068787e-02 8.718062192201614380e-02 -7.707242667675018311e-02 3.302679583430290222e-02 -3.755757212638854980e-02 3.038029186427593231e-02 4.616159945726394653e-03
6.400771439075469971e-02 2.756408788263797760e-02 -4.851215705275535583e-02 1.122136414051055908e-01 7.785738911479711533e-03 -3.593356162309646606e-02 -2.907777391374111176e-02 -5.776374018751084805e-04 -2.543743886053562164e-02 6.906172633171081543e-02 -9.240327775478363037e-02 -7.210418581962585449e-02 7.563950121402740479e-02 -5.318431556224822998e-02 3.584012389183044434e-02 6.626196205615997314e-02 -2.357714809477329254e-02 2.401500381529331207e-02 6.317380070686340332e-02 5.663788691163063049e-02 -9.346357733011245728e-02 4.299951717257499695e-02 4.776923358440399170e-02 -6.940110027790069580e-02 2.917718328535556793e-02 -5.379495397210121155e-02 4.188875481486320496e-02 -7.016654312610626221e-02 -6.187283620238304138e-02 2.554737590253353119e-02 -2.476325444877147675e-02 1.083078235387802124e-02 1.759736798703670502e-02 4.743134602904319763e-02 -1.052650529891252518e-02 -5.584026873111724854e-02 -7.903939695097506046e-05 -6.242091301828622818e-03 8.074626326560974121e-02 2.798378467559814453e-02 -1.647007651627063751e-02 7.272313348948955536e-03 -1.845413632690906525e-02 -3.927058540284633636e-03 2.358135394752025604e-02 -4.847043380141258240e-02 1.140389591455459595e-02 1.106558647006750107e-02 8.455380797386169434e-02 -5.470101535320281982e-02 4.453209415078163147e-02 7.672827690839767456e-02 2.394440583884716034e-02 -2.185466885566711426e-02 3.834122419357299805e-02 2.114328742027282715e-02 -5.505951866507530212e-02 1.017006859183311462e-01 -1.181716695427894592e-01 -6.036277860403060913e-02 -5.204743891954421997e-02 -2.516375854611396790e-02 -1.040812134742736816e-01 -5.583889782428741455e-02 -3.983320668339729309e-03 -9.705429524183273315e-02 8.342935144901275635e-02 -6.351376324892044067e-02 6.906798481941223145e-02 -1.081354841589927673e-01 2.661246433854103088e-02 4.811624437570571899e-02 -5.184688046574592590e-02 7.784361392259597778e-02 -1.009261142462491989e-02 9.627424180507659912e-03 -1.072545945644378662e-01 5.131376907229423523e-02 -1.332251727581024170e-01 -1.195601560175418854e-02 4.728573188185691833e-02 5.387056618928909302e-02 3.753705322742462158e-02 6.534875184297561646e-02 6.009665504097938538e-02 2.516187913715839386e-02 -9.523115120828151703e-03 7.443692535161972046e-02 5.659974366426467896e-02 7.513958960771560669e-02 9.215294569730758667e-02 -1.858047842979431152e-01 -1.334432959556579590e-01 4.615019634366035461e-02 5.147247761487960815e-02 6.804829929023981094e-03 -1.079040840268135071e-01 4.474220052361488342e-02 6.806293874979019165e-02 -1.069319173693656921e-01
6.003190949559211731e-02 9.985187649726867676e-02 1.046333089470863342e-01 2.691719681024551392e-02 -3.450678288936614990e-02 3.418331220746040344e-02 5.343452841043472290e-02 -7.609274704009294510e-03 7.121670991182327271e-02 -8.491790294647216797e-02 -6.181795150041580200e-02 -1.102374196052551270e-01 -2.607993315905332565e-03 -2.671219222247600555e-02 -4.881132021546363831e-02 1.974368095397949219e-02 9.595859795808792114e-02 1.479211077094078064e-02 -6.465913727879524231e-03 -2.132739871740341187e-02 1.172756105661392212e-01 2.776025235652923584e-02 -8.530235290527343750e-02 1.125377267599105835e-01 5.497139412909746170e-03 -1.973127387464046478e-02 -7.314297556877136230e-02 3.058696538209915161e-02 8.557250723242759705e-03 2.246003411710262299e-02 -1.006638556718826294e-01 -7.353607565164566040e-02 -4.972229525446891785e-02 -3.112845681607723236e-02 3.554756939411163330e-02 -4.236712306737899780e-02 -2.593440562486648560e-02 -6.870323419570922852e-02 1.036102324724197388e-01 2.872453816235065460e-02 -2.436961233615875244e-02 -5.855164676904678345e-02 -6.840072572231292725e-02 -2.748331613838672638e-02 3.561580553650856018e-02 -4.136575758457183838e-02 6.480569392442703247e-02 -7.818013429641723633e-02 -9.864796698093414307e-02 -8.846367150545120239e-02 -2.851101756095886230e-02 -1.337884273380041122e-02 1.320696342736482620e-02 -1.973532140254974365e-02 -7.812710106372833252e-02 -5.346688628196716309e-02 -4.231494851410388947e-03 9.312633424997329712e-02 9.474960714578628540e-02 -9.643892943859100342e-02 6.928186118602752686e-02 -3.292611613869667053e-02 -7.218389213085174561e-02 1.051147356629371643e-01 3.004940971732139587e-02 1.124730855226516724e-01 3.262288123369216919e-02 -1.224249787628650665e-02 -3.544211760163307190e-02 6.791146099567413330e-02 3.003431670367717743e-02 6.636472791433334351e-02 5.736216902732849121e-03 8.892826735973358154e-02 6.069324538111686707e-02 4.864738136529922485e-02 1.012809667736291885e-02 3.381793946027755737e-02 -9.856138378381729126e-02 2.304939366877079010e-02 -3.789954259991645813e-02 6.075799465179443359e-02 8.974909037351608276e-02 -3.831006586551666260e-02 -5.453323945403099060e-02 5.299010127782821655e-02 1.058957129716873169e-01 -5.825516581535339355e-02 -6.543542444705963135e-02 5.595424026250839233e-02 4.679264873266220093e-02 9.833746589720249176e-03 -3.978138044476509094e-02 -7.398723065853118896e-02 7.621221989393234253e-02 -1.880427636206150055e-02 5.175046622753143311e-03 -4.427295178174972534e-02 1.696159504354000092e-02 1.104403883218765259e-01
-8.946901559829711914e-02 8.057033270597457886e-02 5.262293294072151184e-02 4.110945388674736023e-03 -6.477040797472000122e-02 -9.817099571228027344e-02 7.346633076667785645e-02 7.572083175182342529e-02 7.668579369783401489e-02 3.405498573556542397e-03 -7.870771735906600952e-02 3.675992786884307861e-02 -7.049821317195892334e-02 -6.815720349550247192e-02 6.593480706214904785e-02 8.428914844989776611e-02 5.513525009155273438e-02 -6.189456954598426819e-02 -6.106025725603103638e-02 3.201078996062278748e-02 -1.821494288742542267e-02 -7.297046482563018799e-02 -6.813666224479675293e-02 -2.933827694505453110e-03 -2.760758996009826660e-02 -9.324459731578826904e-02 6.883534044027328491e-02 -1.052473559975624084e-01 -2.692047739401459694e-03 -7.518348842859268188e-02 1.196664012968540192e-02 2.477733977138996124e-02 -4.993322305381298065e-03 -9.966398775577545166e-02 2.198904938995838165e-02 -7.921931147575378418e-02 3.246621787548065186e-02 -1.332157291471958160e-02 -2.473789639770984650e-02 -1.148898899555206299e-01 3.152693435549736023e-02 -4.743470624089241028e-02 -9.122507274150848389e-02 -2.309208363294601440e-02 2.365819364786148071e-02 1.301179639995098114e-03 -1.583902537822723389e-02 4.284022748470306396e-02 6.557406485080718994e-02 8.229169994592666626e-02 6.395487487316131592e-02 -7.228421419858932495e-02 8.074682205915451050e-02 -1.915227249264717102e-02 -6.587908416986465454e-02 4.584815353155136108e-02 -1.033127158880233765e-01 -7.706741988658905029e-02 -7.311027497053146362e-03 -5.459625739604234695e-03 -1.055335476994514465e-01 -7.780857384204864502e-02 3.865453600883483887e-02 7.593964785337448120e-02 -5.153949931263923645e-02 5.417673662304878235e-02 -2.012354880571365356e-02 -2.029505372047424316e-02 3.090006858110427856e-02 -6.937280297279357910e-03 8.458406478166580200e-02 3.140589222311973572e-02 1.079331636428833008e-01 -5.708195641636848450e-02 -5.678932368755340576e-02 5.005625635385513306e-02 9.495825320482254028e-02 8.722723275423049927e-02 1.121194213628768921e-01 -8.558970689773559570e-02 7.428862899541854858e-02 -8.305524289608001709e-02 3.475159406661987305e-02 -4.869086667895317078e-02 -1.132396459579467773e-01 3.230370208621025085e-02 -1.061567217111587524e-01 -5.984338372945785522e-02 -2.030806988477706909e-02 -2.843358181416988373e-02 -4.913730174303054810e-02 -7.844623923301696777e-02 4.908066242933273315e-02 1.083343103528022766e-01 6.186988204717636108e-02 1.199103984981775284e-02 5.322469025850296021e-02 5.297790281474590302e-03 1.142737567424774170e-01 -1.516716741025447845e-02
9.111665189266204834e-02 8.101445436477661133e-02 5.329859256744384766e-02 -7.733539491891860962e-02 4.073617979884147644e-02 5.901060625910758972e-02 -7.760436087846755981e-02 7.113737612962722778e-02 -2.834409847855567932e-02 -4.240453243255615234e-02 -3.927374631166458130e-02 -4.668563231825828552e-02 7.201054692268371582e-02 -5.261207744479179382e-02 -1.696186140179634094e-02 8.518355339765548706e-02 1.012745276093482971e-01 -7.601761817932128906e-02 -8.490075124427676201e-04 -7.739047706127166748e-02 5.419983342289924622e-02 -5.419744923710823059e-02 6.576424092054367065e-02 1.009951010346412659e-01 -5.692291259765625000e-02 4.586112219840288162e-03 -6.745526194572448730e-02 -3.511656075716018677e-02 -1.499872095882892609e-02 7.794807106256484985e-02 1.507811527699232101e-02 7.856739312410354614e-02 -4.916525632143020630e-02 -5.265200883150100708e-02 -5.490937270224094391e-03 -4.053385555744171143e-02 -7.214984297752380371e-02 1.216222532093524933e-02 -7.340085506439208984e-02 4.544221609830856323e-02 -9.960450977087020874e-02 -7.558283209800720215e-02 4.835412651300430298e-02 -1.898425817489624023e-02 7.785690575838088989e-02 -2.174344100058078766e-02 6.413676589727401733e-02 2.345757558941841125e-02 -8.117846399545669556e-02 -3.989899531006813049e-02 -4.177164286375045776e-02 3.151398524641990662e-02 -2.861556038260459900e-02 5.215104296803474426e-02 -5.355053767561912537e-02 9.089614450931549072e-02 3.743388690054416656e-03 8.926952630281448364e-02 1.155879050493240356e-01 7.799251377582550049e-02 -4.014798998832702637e-02 4.564031958580017090e-03 7.746228366158902645e-04 1.625298894941806793e-02 -5.845380201935768127e-02 1.190496385097503662e-01 -1.801927946507930756e-02 7.962606102228164673e-02 -6.093578413128852844e-02 3.553088381886482239e-02 -2.743111364543437958e-02 6.582033634185791016e-02 5.935386195778846741e-02 6.142616644501686096e-02 -8.922381699085235596e-02 -5.273820459842681885e-02 -8.978164941072463989e-02 -2.737499214708805084e-02 -3.240374848246574402e-02 -6.017203256487846375e-02 7.884632050991058350e-02 -5.497114360332489014e-02 -5.504636466503143311e-02 7.196677476167678833e-02 5.496379919350147247e-03 9.341364726424217224e-03 -8.455336093902587891e-02 7.732064928859472275e-03 -5.785952089354395866e-04 2.080375142395496368e-02 9.075749665498733521e-02 2.077406644821166992e-02 -3.695420920848846436e-02 -6.425831466913223267e-02 -5.167654529213905334e-02 1.501448731869459152e-02 -4.118346422910690308e-02 7.218512892723083496e-02 -1.536850035190582275e-01 2.789499796926975250e-02
-8.285970240831375122e-02 -2.575653977692127228e-02 7.091410923749208450e-03 7.315930724143981934e-02 1.722246641293168068e-03 5.958233028650283813e-03 4.028848186135292053e-02 -1.901083998382091522e-02 7.734726369380950928e-02 4.054989665746688843e-02 -2.718998491764068604e-02 -6.762520875781774521e-03 -6.003553792834281921e-02 -9.785870462656021118e-02 -5.732636526226997375e-02 6.989844143390655518e-02 5.639826506376266479e-02 6.560539477504789829e-04 7.871633023023605347e-02 6.961827632039785385e-03 -4.178593307733535767e-02 7.077702134847640991e-02 -9.358625859022140503e-02 -1.949691586196422577e-02 3.662255778908729553e-02 -5.266161635518074036e-02 1.984990760684013367e-02 -4.171572625637054443e-02 3.841890767216682434e-02 9.487427771091461182e-02 3.088297881186008453e-02 -7.410463690757751465e-02 -7.352533191442489624e-02 -9.399960748851299286e-03 -1.138607189059257507e-01 -5.466167628765106201e-02 -1.059635635465383530e-02 1.871361583471298218e-02 -9.870743006467819214e-02 2.079392410814762115e-02 2.929149195551872253e-02 2.843321114778518677e-02 -7.137540727853775024e-02 2.218660339713096619e-02 -1.002800930291414261e-02 9.301834739744663239e-03 -1.854967139661312103e-02 2.902755513787269592e-02 -8.815921097993850708e-02 2.888434007763862610e-02 2.676555188372731209e-03 -2.761988900601863861e-03 -7.206350564956665039e-02 -6.725633889436721802e-02 -4.327401891350746155e-02 8.415192365646362305e-03 -5.228297039866447449e-02 -3.033020719885826111e-02 -1.069206073880195618e-01 6.439831107854843140e-02 3.234704583883285522e-02 4.651270806789398193e-02 -5.921621620655059814e-02 -7.906778156757354736e-02 1.863792166113853455e-02 -8.294583857059478760e-02 -4.137220233678817749e-02 -1.079944893717765808e-02 3.439956158399581909e-02 2.602817118167877197e-02 9.553787857294082642e-02 -6.585200782865285873e-03 3.284784033894538879e-02 -2.989220805466175079e-02 -1.698018237948417664e-02 -8.279941231012344360e-02 -7.496334612369537354e-02 -4.075008258223533630e-02 -1.195734441280364990e-01 2.284896373748779297e-02 1.082727685570716858e-01 -6.710145622491836548e-02 -3.320033848285675049e-02 -9.251240640878677368e-02 1.452140212059020996e-01 -5.381418392062187195e-02 2.504708431661128998e-02 9.202484786510467529e-02 -6.783574819564819336e-02 -8.551725000143051147e-02 1.853304170072078705e-02 2.997840056195855141e-04 -4.775861278176307678e-02 -1.206755638122558594e-01 3.677845746278762817e-02 3.591468185186386108e-02 4.048358276486396790e-02 -4.786031693220138550e-02 1.532522309571504593e-02 6.234930083155632019e-02
-8.956190943717956543e-02 3.128730505704879761e-02 -1.149949384853243828e-03 4.020839557051658630e-02 -5.756977200508117676e-02 -8.058081567287445068e-02 -5.878935754299163818e-02 -9.048824757337570190e-02 -1.070557832717895508e-01 3.705429658293724060e-02 -8.475724607706069946e-02 8.120206743478775024e-02 -6.257350742816925049e-02 -8.036984503269195557e-02 -6.759595125913619995e-02 1.199048710986971855e-03 -1.263068616390228271e-01 1.227672398090362549e-01 3.975206986069679260e-02 1.281264871358871460e-01 1.383416634052991867e-02 -9.073571115732192993e-02 -2.437453903257846832e-02 3.880953043699264526e-02 -9.457245469093322754e-02 -1.043123826384544373e-01 3.081182762980461121e-02 -1.053417548537254333e-01 6.339301355183124542e-03 5.616549775004386902e-02 -2.060391567647457123e-02 4.668278992176055908e-02 7.802896946668624878e-02 -1.157384514808654785e-01 -9.402215480804443359e-02 5.253136530518531799e-02 9.702918119728565216e-03 -2.364461869001388550e-02 -1.101942509412765503e-01 -8.391699194908142090e-02 -1.157535836100578308e-01 -3.120821528136730194e-02 4.167034849524497986e-02 -6.181416288018226624e-02 -6.439923495054244995e-02 4.250104352831840515e-02 3.464725613594055176e-02 3.345508873462677002e-02 -1.356928795576095581e-02 -7.157071679830551147e-02 5.298406258225440979e-02 -7.436922937631607056e-02 9.703651070594787598e-03 -1.893113180994987488e-02 -8.957997709512710571e-02 -6.585866957902908325e-02 4.362129420042037964e-02 3.956515574827790260e-04 1.749062538146972656e-02 8.840984851121902466e-02 -1.155766621232032776e-01 -8.683758974075317383e-02 -4.689888656139373779e-02 -2.359330654144287109e-02 -7.168587297201156616e-02 3.158171847462654114e-02 -3.466519713401794434e-02 1.801922470331192017e-01 -1.071603745222091675e-01 -4.486306384205818176e-02 -1.214508265256881714e-01 -1.840929314494132996e-02 6.955402344465255737e-02 -9.464867413043975830e-03 6.278727203607559204e-02 -8.407483994960784912e-02 1.168322935700416565e-01 -6.933671236038208008e-02 5.195017457008361816e-01 -3.253776580095291138e-02 -6.940728425979614258e-02 -9.859549812972545624e-03 1.906838081777095795e-02 -1.294622272253036499e-01 -2.228545956313610077e-03 -1.201461404561996460e-01 -5.212855339050292969e-02 7.946932315826416016e-02 8.568044006824493408e-02 8.977828919887542725e-02 -1.556457281112670898e-01 -8.643386512994766235e-02 -1.623197495937347412e-01 -2.011625766754150391e-01 -3.009718954563140869e-01 5.365384817123413086e-01 -1.603190600872039795e-01 -1.518928259611129761e-01 6.227989494800567627e-02 -1.014844849705696106e-01
-1.081698089838027954e-01 7.253435254096984863e-02 -5.389533564448356628e-02 1.737849228084087372e-02 7.999955862760543823e-02 5.614816024899482727e-02 2.701216936111450195e-02 -8.731812983751296997e-02 8.602640591561794281e-03 8.240067958831787109e-02 -7.098823785781860352e-02 6.364713609218597412e-02 -7.048778235912322998e-02 -3.467738255858421326e-02 -1.022769436240196228e-01 4.541014321148395538e-03 7.243116945028305054e-02 2.658851072192192078e-02 -9.243058739230036736e-04 5.693402513861656189e-02 -1.180674657225608826e-01 3.991306573152542114e-02 5.366943031549453735e-02 -1.191078871488571167e-01 -1.121287643909454346e-01 3.074473142623901367e-02 1.066518574953079224e-01 3.852061554789543152e-02 -2.449068240821361542e-02 1.319653261452913284e-02 9.299965947866439819e-02 9.217852354049682617e-02 3.053631074726581573e-02 4.776978865265846252e-02 -3.834569826722145081e-02 8.022046089172363281e-02 -2.277437783777713776e-02 1.053142771124839783e-01 3.834743052721023560e-02 2.160043455660343170e-02 -1.725658215582370758e-02 -1.640573143959045410e-02 -1.055874899029731750e-01 7.416363060474395752e-02 1.000969409942626953e-01 1.062966603785753250e-02 -4.589913412928581238e-02 3.788893297314643860e-02 3.678021579980850220e-02 1.203784272074699402e-01 8.361642807722091675e-02 -5.127381999045610428e-03 6.765587627887725830e-02 -7.521136105060577393e-02 2.245668508112430573e-02 5.655678361654281616e-02 -2.065261825919151306e-02 2.339309640228748322e-02 -2.997329458594322205e-02 1.180328708142042160e-02 -4.922590032219886780e-02 -6.701268255710601807e-02 6.862826645374298096e-02 5.521273240447044373e-02 -4.640998691320419312e-02 6.962458789348602295e-02 1.517744213342666626e-01 8.006301522254943848e-02 -1.122585609555244446e-01 -6.034459453076124191e-03 6.047573313117027283e-02 -3.728406876325607300e-02 7.352738827466964722e-02 1.508591137826442719e-02 -2.702720649540424347e-02 -6.146568432450294495e-02 3.716178238391876221e-02 -8.239819109439849854e-02 1.769378930330276489e-01 2.948043867945671082e-02 -2.254994772374629974e-02 -8.899869769811630249e-02 -3.717632219195365906e-02 -2.186068892478942871e-01 -1.226960793137550354e-01 4.485232383012771606e-02 -1.508425474166870117e-01 -1.209558825939893723e-02 1.239562332630157471e-01 -1.708432734012603760e-01 -7.766280323266983032e-02 -4.447538033127784729e-02 -2.841491252183914185e-02 -3.049307316541671753e-02 -1.612439453601837158e-01 -6.110475212335586548e-02 -8.924424648284912109e-02 -1.631941795349121094e-01 4.132092581130564213e-04 -1.030646339058876038e-01
-2.940023876726627350e-02 2.212123945355415344e-02 1.886843936517834663e-03 5.947152525186538696e-02 8.559128642082214355e-02 -7.468144595623016357e-02 -7.168039679527282715e-02 -9.128443896770477295e-02 -4.075898602604866028e-02 1.121210381388664246e-01 -7.308097183704376221e-02 8.856883645057678223e-02 5.291958805173635483e-03 -1.076873466372489929e-01 3.820375353097915649e-02 -5.582721903920173645e-02 -4.682596027851104736e-02 1.139524355530738831e-01 7.378885895013809204e-02 1.036690697073936462e-01 6.223717704415321350e-02 -1.058721542358398438e-01 3.952119126915931702e-02 6.191233173012733459e-02 -8.446907252073287964e-02 -8.748992532491683960e-02 1.740099675953388214e-02 6.999733299016952515e-02 -6.057476624846458435e-02 2.282452024519443512e-02 9.898465126752853394e-02 1.131148636341094971e-02 1.108287498354911804e-01 4.706933721899986267e-02 -7.645608484745025635e-02 8.277717977762222290e-03 8.977247774600982666e-02 -2.930022031068801880e-02 -3.331811726093292236e-02 -6.861387751996517181e-03 -9.739293158054351807e-02 -1.380789210088551044e-03 2.526641637086868286e-02 5.582507327198982239e-02 -6.938002258539199829e-02 1.175215933471918106e-02 -4.193659126758575439e-02 4.198591411113739014e-02 -7.587014883756637573e-02 1.174890175461769104e-01 -5.424317438155412674e-03 -1.028099209070205688e-01 1.335097569972276688e-02 7.962707430124282837e-02 -8.837455511093139648e-02 -1.057105883955955505e-01 -3.972009941935539246e-02 2.252823859453201294e-02 -4.559299349784851074e-02 6.839352846145629883e-02 -1.856251806020736694e-02 8.523394912481307983e-02 -9.692455083131790161e-02 -7.583636790513992310e-02 6.290661985985934734e-04 1.673707622103393078e-03 -3.033927269279956818e-02 -6.380877643823623657e-02 -2.748920209705829620e-02 -9.457997232675552368e-02 -5.059359967708587646e-02 7.145415991544723511e-02 3.196173161268234253e-02 -5.114230513572692871e-02 3.421283559873700142e-03 -2.444382943212985992e-02 4.160347394645214081e-03 -4.754896834492683411e-02 1.220316812396049500e-01 -3.626402467489242554e-02 -1.199824064970016479e-01 -4.464460164308547974e-02 -5.248707160353660583e-02 -6.374228745698928833e-02 -6.181680038571357727e-02 -6.386803090572357178e-02 6.716446578502655029e-02 1.271341275423765182e-02 8.255700021982192993e-02 -4.729715175926685333e-03 -9.974659234285354614e-02 -1.410137265920639038e-01 -5.025159567594528198e-02 -6.646396219730377197e-02 4.917189944535493851e-03 -3.451862558722496033e-02 5.510883033275604248e-02 4.571066796779632568e-02 6.417876482009887695e-02 -1.391557455062866211e-01
-3.564962372183799744e-02 2.127156220376491547e-02 7.565389573574066162e-02 -3.017063811421394348e-02 -1.153122782707214355e-01 -2.892675437033176422e-02 1.134454756975173950e-01 3.164500743150711060e-02 1.394039094448089600e-01 2.829382382333278656e-02 -5.496276170015335083e-02 -1.366092413663864136e-01 1.101555675268173218e-02 -3.631779551506042480e-02 -6.250921287573873997e-04 -2.996885962784290314e-02 1.312522292137145996e-01 -1.140241548418998718e-01 -3.873508796095848083e-02 -5.413762480020523071e-02 1.832532882690429688e-02 1.083937585353851318e-01 1.962194219231605530e-02 7.148391753435134888e-02 -4.110414534807205200e-02 1.143953427672386169e-01 -1.910399459302425385e-02 4.794391989707946777e-02 -7.832898758351802826e-03 -1.075428500771522522e-01 -6.523354351520538330e-02 2.081561647355556488e-02 -1.106560677289962769e-01 8.444475382566452026e-02 1.078328490257263184e-01 -8.533319085836410522e-02 -1.432190649211406708e-03 -1.396592259407043457e-01 -2.874108776450157166e-02 9.598628431558609009e-02 1.284049451351165771e-01 3.534749150276184082e-02 2.485443465411663055e-02 2.742509730160236359e-02 -7.834800332784652710e-02 -1.368118226528167725e-01 -1.745034940540790558e-02 -9.013193845748901367e-02 -1.170865744352340698e-01 -1.469834893941879272e-01 -8.447377011179924011e-03 3.876082133501768112e-03 3.781947121024131775e-02 -2.007760107517242432e-02 7.305095344781875610e-02 3.078107908368110657e-02 3.281957283616065979e-02 2.725422568619251251e-02 7.727310061454772949e-02 -1.335188150405883789e-01 -2.887744456529617310e-02 4.888888215646147728e-04 1.140360236167907715e-01 5.465997755527496338e-02 -1.413789344951510429e-03 1.139673814177513123e-01 -4.620047286152839661e-02 -4.188722744584083557e-02 -1.381323672831058502e-02 5.054441466927528381e-02 1.422215402126312256e-01 8.875469677150249481e-03 8.462798781692981720e-03 -2.695584483444690704e-02 7.887538522481918335e-03 1.101520881056785583e-01 -2.504389849491417408e-04 1.905568316578865051e-02 -2.876352667808532715e-01 7.249167561531066895e-02 1.703735440969467163e-02 3.766605630517005920e-02 1.586131900548934937e-01 1.841892600059509277e-01 -2.492048218846321106e-02 6.278984993696212769e-02 5.519140884280204773e-02 -4.817563295364379883e-02 -5.222150683403015137e-02 9.531455487012863159e-02 1.745177060365676880e-01 2.783964574337005615e-02 9.123516082763671875e-02 -5.776508152484893799e-02 2.671042084693908691e-01 3.442758694291114807e-02 1.772533655166625977e-01 1.178732737898826599e-01 -1.809572726488113403e-01 9.863213449716567993e-02
9.229133278131484985e-02 -8.903311192989349365e-02 -3.029142320156097412e-02 -7.848743349313735962e-02 4.034636169672012329e-02 5.095991119742393494e-02 2.943340130150318146e-02 4.568693414330482483e-02 -6.449363380670547485e-02 3.701441362500190735e-02 1.384988240897655487e-02 6.720772385597229004e-02 2.253833226859569550e-02 9.907756000757217407e-02 4.576459527015686035e-03 -1.211429759860038757e-02 -8.120017498731613159e-02 -1.225245650857686996e-02 -1.382696628570556641e-02 8.459477685391902924e-03 -3.268495202064514160e-02 1.193707808852195740e-02 -9.219311922788619995e-02 4.420544207096099854e-02 -4.866967350244522095e-02 3.674537315964698792e-02 9.088132530450820923e-02 1.498383190482854843e-02 5.725380778312683105e-02 -8.081167191267013550e-02 1.349796261638402939e-02 6.290413904935121536e-03 6.099491193890571594e-02 -5.310685187578201294e-02 5.116414278745651245e-03 -7.288230955600738525e-02 7.218249887228012085e-02 -4.926507547497749329e-02 1.114337239414453506e-03 2.139257267117500305e-02 7.449720799922943115e-02 7.314680516719818115e-02 6.633120775222778320e-02 -2.565882913768291473e-02 -2.608621865510940552e-02 -7.179923355579376221e-02 4.349099472165107727e-02 -1.513644587248563766e-02 -1.900922134518623352e-02 2.430051565170288086e-02 -9.839540719985961914e-02 -5.293304100632667542e-03 8.228085190057754517e-02 -8.484055846929550171e-02 8.315537124872207642e-03 6.499481201171875000e-02 -2.979968860745429993e-02 4.756162315607070923e-02 4.589180648326873779e-02 -5.879330635070800781e-02 -8.281626738607883453e-03 5.303809791803359985e-02 4.950059205293655396e-02 3.969734907150268555e-02 -5.356333777308464050e-02 6.514413654804229736e-02 6.281113624572753906e-02 6.541787832975387573e-02 5.854013562202453613e-02 -7.429245114326477051e-02 2.268981374800205231e-02 -8.384621888399124146e-02 -3.564481437206268311e-02 -5.511988326907157898e-02 -5.071571096777915955e-02 -5.245889769867062569e-04 -1.591870561242103577e-02 1.846758276224136353e-02 -4.275615885853767395e-02 -7.938775420188903809e-02 6.212339177727699280e-02 4.388922825455665588e-02 4.202159494161605835e-02 6.819387525320053101e-02 4.116743803024291992e-03 -7.895649969577789307e-02 6.834571808576583862e-02 7.463160902261734009e-02 1.132080554962158203e-01 -6.013707071542739868e-02 1.343654096126556396e-02 -1.020826958119869232e-02 1.164165064692497253e-01 1.096007972955703735e-02 5.004599317908287048e-02 -7.625968754291534424e-02 4.302495718002319336e-02 7.245935499668121338e-02 -4.442960023880004883e-02 1.191988438367843628e-01
7.260389626026153564e-02 -2.555705420672893524e-02 1.264688223600387573e-01 -9.160316735506057739e-02 -1.939155720174312592e-02 -4.470199346542358398e-02 -6.551065295934677124e-02 -5.057999119162559509e-02 8.257874101400375366e-02 -4.122867062687873840e-02 5.020777508616447449e-02 4.197274148464202881e-02 -4.393016919493675232e-02 4.597903415560722351e-02 6.892641633749008179e-02 -1.128904148936271667e-01 1.002540588378906250e-01 -9.118092805147171021e-02 -5.307462066411972046e-02 -7.162076979875564575e-02 3.177039325237274170e-02 6.646092981100082397e-02 1.252448409795761108e-01 6.382411718368530273e-02 7.556538283824920654e-02 -4.374413192272186279e-02 -4.792631417512893677e-02 4.631849378347396851e-02 -4.685318097472190857e-02 -7.475762814283370972e-02 -7.713368535041809082e-02 -1.573156267404556274e-01 -7.856395840644836426e-02 -3.273949399590492249e-02 2.727518044412136078e-02 -1.404766365885734558e-02 4.125607386231422424e-02 -8.029413968324661255e-02 7.219055294990539551e-02 1.141139492392539978e-01 -5.282331630587577820e-02 1.201373413205146790e-01 1.631156541407108307e-02 5.327842663973569870e-04 -3.137103468179702759e-02 -2.455714903771877289e-02 -8.565061725676059723e-03 -9.625216573476791382e-02 -1.215796396136283875e-01 -1.205872818827629089e-01 4.382204636931419373e-02 -6.447453051805496216e-02 1.299888174980878830e-02 -8.440773189067840576e-02 8.532419800758361816e-02 1.494037732481956482e-02 -2.319492585957050323e-02 7.711518555879592896e-02 8.593419939279556274e-02 7.246597111225128174e-02 2.562188729643821716e-02 8.052824437618255615e-02 2.963886782526969910e-02 1.235625967383384705e-01 -1.508865877985954285e-02 -1.251069549471139908e-02 -4.225299879908561707e-02 -1.686579883098602295e-01 7.819698750972747803e-02 -2.910521812736988068e-02 2.619032002985477448e-02 7.575129717588424683e-02 -1.369188874959945679e-01 -4.770932719111442566e-02 7.004396058619022369e-03 -5.232635419815778732e-03 -6.325030326843261719e-02 1.829636469483375549e-02 -4.006739258766174316e-01 -1.000095345079898834e-02 9.906488656997680664e-02 1.383853256702423096e-01 1.379768103361129761e-01 -2.132092975080013275e-02 1.162714958190917969e-01 3.703995794057846069e-02 -4.176343604922294617e-02 1.049174740910530090e-01 2.099913358688354492e-01 2.770000398159027100e-01 2.568737864494323730e-01 1.916122585535049438e-01 9.968825429677963257e-02 -1.599868088960647583e-01 1.481323987245559692e-01 -1.295029371976852417e-01 1.950783878564834595e-01 2.021202147006988525e-01 -6.746196746826171875e-02 4.884621873497962952e-02
-6.908701360225677490e-02 -6.918802857398986816e-02 -5.469399690628051758e-02 4.658937826752662659e-02 -5.721228197216987610e-02 7.215734571218490601e-02 1.134523227810859680e-01 -6.983725726604461670e-02 1.073430478572845459e-01 1.532404311001300812e-02 -2.609424665570259094e-02 -6.098303943872451782e-02 -2.897744439542293549e-02 -5.707836896181106567e-02 3.774749487638473511e-02 7.350912690162658691e-02 4.975460842251777649e-02 8.139042183756828308e-03 -7.230620086193084717e-02 4.392961785197257996e-02 9.136189520359039307e-02 -5.645621567964553833e-02 5.328697711229324341e-02 4.656934738159179688e-02 7.289532572031021118e-02 2.084102109074592590e-02 9.097886830568313599e-02 1.020952984690666199e-01 6.858155876398086548e-02 -2.600370347499847412e-02 5.468604341149330139e-02 -3.902838751673698425e-02 -3.500203415751457214e-02 4.087046161293983459e-02 1.505626644939184189e-02 -3.318694978952407837e-02 -3.694386035203933716e-02 4.812827706336975098e-02 9.381590783596038818e-02 -6.462377309799194336e-02 5.552526190876960754e-02 -8.155208826065063477e-02 4.929499328136444092e-02 2.028650604188442230e-02 -8.386977016925811768e-02 7.935671508312225342e-02 -1.914918795228004456e-02 -7.483930140733718872e-02 -6.488942354917526245e-02 6.581313163042068481e-02 7.763093709945678711e-02 -7.773757725954055786e-02 -7.428292185068130493e-02 6.838048249483108521e-02 -2.591334283351898193e-02 -2.167702279984951019e-02 3.814173862338066101e-02 1.186254248023033142e-01 3.723844885826110840e-02 5.591211467981338501e-02 3.361588343977928162e-02 -4.555031657218933105e-02 1.576472073793411255e-02 6.375809013843536377e-02 -1.912597380578517914e-02 1.111438423395156860e-01 -9.489453397691249847e-03 1.767235249280929565e-02 -1.139866933226585388e-02 1.079672202467918396e-01 6.682815402746200562e-02 -6.289672106504440308e-02 -9.089007042348384857e-03 1.801800355315208435e-02 7.796186488121747971e-03 1.177638955414295197e-02 8.765491098165512085e-02 2.399628050625324249e-02 -3.534904122352600098e-01 4.600395634770393372e-02 2.005146071314811707e-02 1.275424510240554810e-01 1.025425195693969727e-01 4.379475861787796021e-02 1.809823513031005859e-01 -2.057095116470009089e-04 -8.776585012674331665e-02 8.224055171012878418e-03 1.057043150067329407e-01 1.177373006939888000e-01 1.409667134284973145e-01 1.297329664230346680e-01 4.995767772197723389e-02 -4.688553139567375183e-02 6.283973157405853271e-02 1.318230479955673218e-01 -1.724343933165073395e-02 5.480383709073066711e-02 3.403501212596893311e-02 -7.644335925579071045e-02
8.045561611652374268e-02 -7.656821608543395996e-02 -4.213501140475273132e-02 -5.859249830245971680e-02 4.475558549165725708e-02 4.178272187709808350e-02 3.595551243051886559e-03 -5.287931114435195923e-02 -1.281725149601697922e-02 -7.959252223372459412e-03 -2.044874429702758789e-02 6.965275108814239502e-02 -9.801971167325973511e-02 -6.709666550159454346e-02 -1.047550886869430542e-01 -2.004263550043106079e-02 -3.470301628112792969e-02 -4.652798175811767578e-02 7.061661686748266220e-03 1.020786091685295105e-01 -7.899149507284164429e-02 2.423361875116825104e-02 8.645410835742950439e-02 -2.592373825609683990e-02 6.783527135848999023e-02 6.559490412473678589e-02 1.968496292829513550e-02 -3.378146514296531677e-02 7.865811139345169067e-02 7.125668972730636597e-02 8.356535434722900391e-02 8.297677268274128437e-04 -1.942511275410652161e-02 3.124454058706760406e-02 7.632032502442598343e-03 -9.291341900825500488e-02 -5.836234893649816513e-03 -6.345622241497039795e-02 8.032987266778945923e-02 -6.568431109189987183e-02 -5.924509093165397644e-02 -1.927471347153186798e-02 -8.994214236736297607e-02 -4.273324832320213318e-02 2.440109290182590485e-02 -2.115438506007194519e-02 -4.619188606739044189e-02 9.566389769315719604e-02 7.620290666818618774e-02 1.061834022402763367e-01 3.431728109717369080e-02 -7.914753258228302002e-02 -1.748740673065185547e-02 8.386108279228210449e-02 3.477949649095535278e-02 -5.648280680179595947e-02 -4.475468024611473083e-02 -6.707458943128585815e-02 -3.915441036224365234e-02 -1.871865242719650269e-02 -9.088516980409622192e-02 3.163296496495604515e-04 -5.912273749709129333e-02 3.359347581863403320e-02 9.278517216444015503e-02 4.576996900141239166e-03 4.224649071693420410e-02 3.208649158477783203e-02 5.694678798317909241e-02 -7.638153433799743652e-02 2.224430441856384277e-02 -3.199234232306480408e-02 -8.041878044605255127e-02 1.040236353874206543e-01 9.857347607612609863e-02 6.524770706892013550e-02 -1.031267344951629639e-01 1.975772902369499207e-02 -3.590905666351318359e-02 -6.185972690582275391e-02 6.656695157289505005e-02 -5.658403784036636353e-02 7.550211995840072632e-02 -2.175192162394523621e-02 -8.550484478473663330e-02 -9.234714321792125702e-03 -1.151809990406036377e-01 -7.968860864639282227e-02 7.216769456863403320e-02 5.300975753925740719e-04 -1.203699503093957901e-02 1.116182561963796616e-02 -7.473936676979064941e-02 -1.588929295539855957e-01 -1.567708700895309448e-01 -1.459820717573165894e-01 -1.809717863798141479e-01 -8.861147612333297729e-02 1.418725252151489258e-01 4.404013231396675110e-02
4.977840185165405273e-02 5.249887704849243164e-02 9.778209961950778961e-03 8.656839281320571899e-02 6.947933882474899292e-02 -3.462904319167137146e-02 -1.037069633603096008e-01 -2.993600629270076752e-02 -1.624024659395217896e-02 -3.471408784389495850e-02 -8.817151188850402832e-03 5.601252987980842590e-02 8.026964031159877777e-03 -1.148065626621246338e-01 -9.061069786548614502e-02 1.091152206063270569e-01 -2.013422921299934387e-02 5.531907454133033752e-02 4.367992281913757324e-02 -8.530814200639724731e-02 2.290407940745353699e-02 3.417127579450607300e-02 -4.635793156921863556e-03 -7.732412219047546387e-02 5.903803184628486633e-02 -2.446665614843368530e-02 1.679741963744163513e-02 -9.101289510726928711e-02 -1.080945581197738647e-01 -2.475714311003684998e-03 4.608992114663124084e-02 1.203154921531677246e-01 4.440344497561454773e-02 -4.334897547960281372e-02 6.146083027124404907e-02 -3.081470169126987457e-02 7.917384058237075806e-02 1.328555401414632797e-02 5.429707467555999756e-02 -9.523229300975799561e-02 -3.101754933595657349e-02 -2.400934899924322963e-04 4.188275709748268127e-02 -6.013437360525131226e-02 4.135265201330184937e-02 5.890558287501335144e-02 -9.661331027746200562e-02 -3.949476778507232666e-02 -3.225194662809371948e-02 9.894259274005889893e-02 4.000235348939895630e-02 -4.299914836883544922e-02 -8.087325841188430786e-02 -6.337249279022216797e-02 1.571325585246086121e-02 6.961589306592941284e-02 -3.862157464027404785e-02 -1.237434595823287964e-01 -3.662573173642158508e-02 5.100224539637565613e-02 -4.602736979722976685e-02 8.679478615522384644e-02 -7.600568979978561401e-02 -2.808422781527042389e-02 -2.122814767062664032e-02 -6.397193670272827148e-02 4.680731892585754395e-02 1.910452544689178467e-02 -1.422199904918670654e-01 -1.211019381880760193e-01 -8.743717521429061890e-02 6.018200144171714783e-02 4.125969856977462769e-02 4.093691334128379822e-02 1.211581602692604065e-01 -5.591512471437454224e-02 3.531035035848617554e-02 -4.710391163825988770e-02 2.234959751367568970e-01 -8.629013597965240479e-02 -1.281914114952087402e-01 2.285316959023475647e-02 -9.561112523078918457e-02 -7.478617131710052490e-02 -1.884000599384307861e-01 -9.931680560111999512e-02 -8.576869219541549683e-02 -2.139222249388694763e-02 -7.496812939643859863e-02 -1.167814284563064575e-01 -1.976435333490371704e-01 -9.327243268489837646e-02 -1.203309297561645508e-01 -7.851356267929077148e-02 -9.542714059352874756e-02 7.759085297584533691e-02 -1.299068778753280640e-01 -1.064327582716941833e-01 -3.102483786642551422e-02 6.031949445605278015e-02
-3.613970056176185608e-02 9.714494645595550537e-02 -2.147538959980010986e-02 8.287854492664337158e-02 -1.066158562898635864e-01 -7.261209934949874878e-02 3.616405650973320007e-02 -5.005721002817153931e-02 -3.105329908430576324e-02 1.486699003726243973e-02 7.243420183658599854e-02 -8.036589622497558594e-02 5.588488280773162842e-02 -4.770176112651824951e-02 1.104805544018745422e-01 -2.298086322844028473e-02 2.833822183310985565e-02 -6.971354782581329346e-02 -1.498229685239493847e-03 -5.657644197344779968e-02 -1.350870821624994278e-02 3.233839571475982666e-02 2.932631410658359528e-02 -4.727745056152343750e-02 1.362654846161603928e-02 -8.341041207313537598e-02 -8.378479629755020142e-02 -4.355974122881889343e-02 7.302618771791458130e-02 -3.121632710099220276e-02 -3.156438097357749939e-02 -4.472867026925086975e-02 4.779583960771560669e-02 5.634165555238723755e-02 -5.552462860941886902e-02 6.769052892923355103e-02 -3.397088870406150818e-02 2.184483408927917480e-02 1.014997437596321106e-01 3.521448373794555664e-02 4.471819475293159485e-02 1.404058374464511871e-02 2.470109425485134125e-02 -8.949772268533706665e-02 -5.338411405682563782e-02 6.476568523794412613e-03 5.114587023854255676e-02 -4.583898931741714478e-03 3.757176920771598816e-02 6.421819329261779785e-02 -1.134121119976043701e-01 4.488120600581169128e-02 3.911435604095458984e-02 -9.665223211050033569e-02 9.317906945943832397e-02 3.571755066514015198e-02 7.753751426935195923e-02 8.102888613939285278e-02 7.852726429700851440e-02 3.563555702567100525e-02 -3.377590700984001160e-02 6.887659430503845215e-02 -5.538970604538917542e-02 -8.331245929002761841e-02 5.136104300618171692e-02 7.858970016241073608e-02 6.587209552526473999e-02 6.564789265394210815e-02 8.812422305345535278e-02 -2.823906950652599335e-02 4.701646044850349426e-02 2.173314057290554047e-02 -6.714770197868347168e-02 2.947736531496047974e-02 -6.010222434997558594e-02 -3.244340419769287109e-02 -6.808374822139739990e-02 6.248404458165168762e-02 4.272456467151641846e-02 2.581349201500415802e-02 6.981630623340606689e-02 6.276352703571319580e-02 3.182232752442359924e-02 -4.514953494071960449e-02 -8.141639828681945801e-02 -2.162414602935314178e-02 1.541515626013278961e-02 8.736623823642730713e-02 1.003266125917434692e-01 -6.680198013782501221e-02 3.289237618446350098e-02 4.960456117987632751e-02 1.156435012817382812e-01 -4.550302866846323013e-03 1.162659004330635071e-01 -9.425634145736694336e-02 1.226128563284873962e-01 1.221386715769767761e-01 -6.545522809028625488e-02 9.729343466460704803e-03
-5.337044596672058105e-02 5.649852752685546875e-02 7.411429286003112793e-02 6.956855207681655884e-02 4.054727032780647278e-02 -1.001728400588035583e-01 -3.929635137319564819e-02 -7.699505239725112915e-02 -3.615975752472877502e-02 -2.964650280773639679e-02 -1.016630455851554871e-01 6.512104719877243042e-02 9.888955205678939819e-02 -1.753596216440200806e-02 4.346701502799987793e-02 -1.100716646760702133e-02 -7.296594325453042984e-03 5.968574807047843933e-02 -7.048146426677703857e-02 6.528864800930023193e-02 -7.298915646970272064e-03 -6.125239655375480652e-02 5.087112658657133579e-04 -3.028829116374254227e-03 -9.383007884025573730e-02 -2.948632230982184410e-03 6.966992467641830444e-02 4.724668711423873901e-02 -5.397355556488037109e-02 -1.094469055533409119e-02 2.583100460469722748e-02 2.747756894677877426e-03 6.921854615211486816e-02 -8.023446053266525269e-02 8.002298325300216675e-02 1.551148388534784317e-02 6.664104759693145752e-03 -1.527977455407381058e-02 -9.788866341114044189e-02 -1.130662560462951660e-01 -7.695729285478591919e-02 5.129880830645561218e-02 5.362264928407967091e-04 -3.818096593022346497e-03 -3.331981599330902100e-02 -4.356874525547027588e-02 -7.356090098619461060e-02 7.418292015790939331e-02 9.046058170497417450e-03 -5.573194846510887146e-02 -5.268296971917152405e-02 3.807553648948669434e-02 -7.753213867545127869e-03 3.477747738361358643e-02 -9.272745996713638306e-02 2.653670683503150940e-02 9.289708733558654785e-02 -2.741187624633312225e-02 3.803494200110435486e-02 -4.672867804765701294e-02 -3.154077008366584778e-02 1.335962582379579544e-02 -9.237000346183776855e-02 -9.532009065151214600e-02 -3.675591433420777321e-03 -5.753455683588981628e-03 8.176930248737335205e-02 6.843186914920806885e-02 -9.631247818470001221e-02 5.805866420269012451e-02 1.814778149127960205e-02 8.289197832345962524e-02 1.379305031150579453e-02 -1.009750179946422577e-02 7.123628631234169006e-03 9.884678758680820465e-03 -7.593164592981338501e-02 -1.599391363561153412e-02 1.859805285930633545e-01 4.699341952800750732e-02 4.247614741325378418e-02 4.551969468593597412e-02 4.263911768794059753e-02 9.890642948448657990e-03 1.150908321142196655e-01 -8.275213837623596191e-02 -5.881845578551292419e-02 -5.375424772500991821e-02 -8.130474388599395752e-02 1.566368937492370605e-01 -1.815790832042694092e-01 -6.726521998643875122e-02 5.626836046576499939e-02 1.325066387653350830e-01 8.080195635557174683e-02 3.711055219173431396e-02 7.042394578456878662e-02 1.006507426500320435e-01 2.891461737453937531e-02 -2.543431892991065979e-02
3.384139016270637512e-02 -2.427404187619686127e-02 -6.620774418115615845e-02 -1.832176372408866882e-02 5.244987830519676208e-02 6.461368501186370850e-02 1.006363481283187866e-01 -3.146838769316673279e-02 -2.778340689837932587e-02 -2.472720295190811157e-02 -1.967846415936946869e-02 -8.281871676445007324e-02 -8.828645944595336914e-02 1.032910868525505066e-02 1.001398824155330658e-02 1.144210621714591980e-02 2.825618162751197815e-02 -2.593441307544708252e-02 2.782344259321689606e-02 -6.071779876947402954e-02 -7.093702256679534912e-02 -8.333395421504974365e-02 9.295036084949970245e-03 -4.890010505914688110e-02 2.363623119890689850e-02 7.324105501174926758e-02 1.905499957501888275e-02 -1.254208036698400974e-03 9.370238520205020905e-03 6.989115476608276367e-02 5.103155225515365601e-02 -8.628760278224945068e-02 -1.130687445402145386e-02 2.561685629189014435e-02 2.678824216127395630e-02 -3.564860671758651733e-02 6.371653825044631958e-02 -7.977015525102615356e-02 6.042720377445220947e-02 6.688055396080017090e-02 -7.394617889076471329e-03 6.312003731727600098e-02 -4.072328656911849976e-02 -2.527085877954959869e-02 -8.961590006947517395e-03 6.047198921442031860e-02 2.619750052690505981e-02 1.528196223080158234e-02 -9.874666482210159302e-02 -1.377897709608078003e-02 4.323353245854377747e-02 -6.978139281272888184e-02 7.977859117090702057e-03 -6.413754075765609741e-02 3.951286524534225464e-02 7.421679049730300903e-02 -6.163698807358741760e-02 -1.413584686815738678e-02 -6.445679813623428345e-02 -5.705314874649047852e-02 -8.668954670429229736e-02 -3.101384267210960388e-02 6.085619702935218811e-02 -4.638343304395675659e-02 5.677305534482002258e-02 -8.774686604738235474e-02 5.348153039813041687e-02 5.636797845363616943e-02 -7.164644449949264526e-02 -1.204114779829978943e-02 5.366775020956993103e-02 8.739961311221122742e-03 7.402203977108001709e-02 -2.647713571786880493e-02 -8.998468518257141113e-02 -1.625915057957172394e-02 5.235685035586357117e-03 -8.308467268943786621e-02 -2.370549738407135010e-01 -2.764571271836757660e-02 -6.704051792621612549e-02 -7.434593141078948975e-02 1.109088957309722900e-01 6.689091026782989502e-02 2.043219655752182007e-02 -3.715926781296730042e-02 -3.597718104720115662e-02 1.234449744224548340e-01 7.403424382209777832e-02 6.537763029336929321e-02 1.085895895957946777e-01 -1.182381510734558105e-01 -1.681173802353441715e-03 -1.744380593299865723e-01 -4.250185936689376831e-02 -2.628874406218528748e-02 2.083441428840160370e-02 1.221121102571487427e-02 4.010943230241537094e-03 -1.250216662883758545e-01
-3.119065612554550171e-02 7.117088139057159424e-02 2.574655413627624512e-02 -5.291399359703063965e-02 9.214468300342559814e-02 -6.752635538578033447e-02 6.048708036541938782e-02 -2.082049846649169922e-02 -4.040334373712539673e-02 -9.528718143701553345e-02 -5.751459673047065735e-02 -7.150703668594360352e-02 -5.760439112782478333e-02 7.529153674840927124e-02 -2.530889771878719330e-02 2.127377688884735107e-02 -6.612062454223632812e-02 -1.048104651272296906e-02 -7.058793306350708008e-02 5.073699355125427246e-02 -1.138151809573173523e-02 -3.557996358722448349e-03 -1.108382246457040310e-03 -9.185875207185745239e-02 -3.790923580527305603e-02 4.984879493713378906e-02 -7.072702050209045410e-02 -6.486370693892240524e-03 -9.347113221883773804e-02 -8.011591434478759766e-02 4.095805808901786804e-02 -4.062475636601448059e-02 5.625999718904495239e-02 9.993553161621093750e-02 -7.561217248439788818e-02 2.211903780698776245e-02 9.359934180974960327e-02 2.013984322547912598e-02 7.900330424308776855e-02 -1.301168650388717651e-02 8.639188855886459351e-02 -5.487789865583181381e-03 5.997447296977043152e-02 4.765659105032682419e-03 1.165990531444549561e-02 -5.781034007668495178e-03 4.670989140868186951e-02 5.356234312057495117e-02 1.976467855274677277e-02 3.400544449687004089e-02 -4.226993024349212646e-02 5.822106450796127319e-02 -2.708600834012031555e-02 5.147385224699974060e-02 4.110072553157806396e-02 4.599883407354354858e-02 -2.006155438721179962e-02 4.973457660526037216e-03 -6.951773166656494141e-02 8.180909603834152222e-02 -1.004561334848403931e-01 -6.414029002189636230e-02 5.093012377619743347e-02 -5.506017804145812988e-02 7.173774391412734985e-02 5.752087756991386414e-02 -5.738117918372154236e-02 9.750695526599884033e-02 9.840237349271774292e-02 -6.265222281217575073e-02 -4.031483083963394165e-02 2.529286034405231476e-02 -1.633480750024318695e-02 7.025983184576034546e-02 -1.445219945162534714e-02 4.592249542474746704e-02 2.159163914620876312e-02 -9.275142103433609009e-02 -1.921218484640121460e-01 1.688683964312076569e-02 2.485800534486770630e-02 -9.008354693651199341e-02 2.885806933045387268e-02 1.161598935723304749e-01 -8.982279151678085327e-02 8.123686537146568298e-03 1.358726769685745239e-01 -1.007560119032859802e-01 -1.277981698513031006e-01 1.525692790746688843e-01 -3.838842269033193588e-03 2.488951086997985840e-01 1.297493875026702881e-01 -9.345337003469467163e-02 -1.169406920671463013e-01 -3.131456673145294189e-02 -4.818488657474517822e-02 -1.252186447381973267e-01 1.513225585222244263e-01 9.784688008949160576e-04
-1.266610622406005859e-02 -2.344390004873275757e-02 -1.390603277832269669e-02 2.494141459465026855e-02 -9.193468093872070312e-02 7.278331369161605835e-02 1.999665796756744385e-02 4.785627871751785278e-02 5.714307352900505066e-02 -5.085868760943412781e-02 -2.168077416718006134e-02 -3.937059640884399414e-02 -3.810273483395576477e-02 2.811607159674167633e-02 -2.174077741801738739e-02 -4.418609663844108582e-02 4.320906475186347961e-02 -8.878989517688751221e-02 -5.441775545477867126e-02 -5.173566937446594238e-02 -2.974228002130985260e-02 -8.042790740728378296e-02 9.710566140711307526e-03 -4.975912347435951233e-02 -1.982916891574859619e-02 -1.145768165588378906e-02 -5.789873003959655762e-02 -1.846927963197231293e-02 9.697814285755157471e-02 -1.017745062708854675e-01 -3.362953662872314453e-02 -3.568708896636962891e-02 3.721351921558380127e-02 -2.153438515961170197e-02 -1.202499773353338242e-02 -3.676771000027656555e-02 -1.961324177682399750e-02 2.748880162835121155e-02 -7.713526487350463867e-02 5.794962868094444275e-02 -1.708972640335559845e-02 -5.313765257596969604e-02 -1.898364163935184479e-02 -2.385653369128704071e-02 -2.603776752948760986e-02 -6.656598299741744995e-02 2.256946265697479248e-02 6.807807087898254395e-02 6.453450024127960205e-02 -6.130154058337211609e-02 4.439892992377281189e-02 6.262885779142379761e-02 1.553095877170562744e-02 -4.390656203031539917e-02 -1.069695055484771729e-01 -3.846081346273422241e-02 6.883384287357330322e-02 9.893445670604705811e-02 -1.321929972618818283e-03 -4.523241147398948669e-02 2.961704973131418228e-03 6.441914290189743042e-02 -1.314041949808597565e-02 -1.097511872649192810e-02 -6.959552317857742310e-02 5.000149458646774292e-02 -4.547999054193496704e-02 8.788079954683780670e-03 -3.015344263985753059e-03 -7.509734481573104858e-02 3.193844482302665710e-02 2.687584795057773590e-02 8.546882867813110352e-02 -4.650335758924484253e-02 1.978179672732949257e-03 3.997813910245895386e-02 -1.017581522464752197e-01 7.215149700641632080e-02 -1.170677989721298218e-01 -7.035175710916519165e-02 7.809288799762725830e-02 -1.051289662718772888e-01 -7.579752244055271149e-03 3.773709759116172791e-02 1.019264804199337959e-03 4.258297011256217957e-02 6.869947165250778198e-02 7.768000662326812744e-02 5.808111652731895447e-02 1.256043016910552979e-01 -6.107643991708755493e-02 1.922205276787281036e-02 9.427537024021148682e-02 6.571916490793228149e-02 2.422443777322769165e-02 4.337644949555397034e-02 -8.398163132369518280e-03 -6.397179793566465378e-03 4.495195671916007996e-02 1.287165433168411255e-01
8.863157778978347778e-02 -5.897473916411399841e-02 -2.995977364480495453e-02 -1.917265169322490692e-02 7.784785330295562744e-02 7.859258353710174561e-02 3.077788976952433586e-03 -4.731554910540580750e-02 3.090454079210758209e-02 1.515077240765094757e-02 -5.913631245493888855e-02 -2.580317109823226929e-02 5.305810272693634033e-02 8.271005004644393921e-02 -1.619692333042621613e-02 3.908385336399078369e-02 4.484632983803749084e-02 2.423057705163955688e-02 -3.285732865333557129e-02 4.013695567846298218e-02 2.972910180687904358e-02 4.195307940244674683e-02 -4.991618916392326355e-02 4.845247417688369751e-02 -1.291687693446874619e-02 -7.591144740581512451e-02 -7.436629384756088257e-02 -3.774898592382669449e-03 5.481041595339775085e-02 9.153405576944351196e-02 9.092934429645538330e-02 1.730249449610710144e-02 5.751226469874382019e-02 -8.597709983587265015e-02 1.448325533419847488e-02 -4.553256556391716003e-03 -8.824780583381652832e-03 9.335079044103622437e-02 -5.855164304375648499e-02 2.057979069650173187e-02 3.752556070685386658e-02 7.166736572980880737e-02 -7.289332896471023560e-02 -7.862975448369979858e-02 9.068987518548965454e-02 9.667887538671493530e-02 -8.101177960634231567e-02 -5.143957212567329407e-03 9.751550853252410889e-02 1.684829965233802795e-02 4.852803796529769897e-02 6.402164697647094727e-02 1.893828622996807098e-02 1.129248812794685364e-01 -4.182165116071701050e-02 6.402243673801422119e-02 5.540072545409202576e-02 -5.359507352113723755e-02 7.397302985191345215e-02 1.118416339159011841e-01 -6.669533997774124146e-02 5.440814048051834106e-02 -2.577879279851913452e-02 5.341580510139465332e-02 4.957445710897445679e-02 -5.263813585042953491e-02 6.982358545064926147e-02 4.408113658428192139e-02 -9.148338437080383301e-02 4.668688401579856873e-02 -5.738427489995956421e-02 7.906886190176010132e-02 1.275616977363824844e-02 -5.582465976476669312e-02 -2.773300744593143463e-02 -1.123556196689605713e-01 -9.572745300829410553e-03 -9.084616601467132568e-02 3.205831162631511688e-03 -2.716576866805553436e-02 2.660284750163555145e-02 -4.340352490544319153e-02 -1.244302168488502502e-01 -5.445471964776515961e-03 2.462134696543216705e-02 6.190322805196046829e-03 1.845864765346050262e-02 4.218504950404167175e-02 3.011660464107990265e-02 8.239842206239700317e-02 -9.255707263946533203e-02 -1.035572960972785950e-01 1.531837508082389832e-02 -8.022357523441314697e-02 5.751506425440311432e-03 2.185631729662418365e-02 -7.318014651536941528e-02 -7.084747403860092163e-02 2.207840792834758759e-02 -5.940784141421318054e-02
1.272012144327163696e-01 9.868242591619491577e-02 7.749731838703155518e-02 -1.702435128390789032e-02 -4.772580787539482117e-02 2.888838574290275574e-02 6.599389016628265381e-02 1.173615157604217529e-01 1.281647980213165283e-01 -1.640219241380691528e-02 1.305995732545852661e-01 6.193490326404571533e-02 1.126123890280723572e-01 6.425996124744415283e-02 1.268605701625347137e-02 -4.281305149197578430e-02 -2.904457785189151764e-02 1.718623680062592030e-03 4.989825189113616943e-02 6.530721485614776611e-02 1.422005519270896912e-02 -4.320038855075836182e-02 -3.202486410737037659e-02 9.327688068151473999e-02 1.107324212789535522e-01 2.442655619233846664e-03 -1.139270439743995667e-01 1.364977955818176270e-01 7.687938213348388672e-02 -8.252827078104019165e-02 -4.852733388543128967e-02 -1.051467135548591614e-01 -5.592723935842514038e-02 1.079382896423339844e-01 1.236857287585735321e-02 7.205004245042800903e-02 -3.546083718538284302e-02 2.502493560314178467e-02 1.432435121387243271e-02 5.007303133606910706e-02 8.484516292810440063e-02 9.412401169538497925e-02 -2.596508711576461792e-02 1.496835262514650822e-03 -8.810704201459884644e-02 -1.245671585202217102e-01 -3.322237357497215271e-02 5.874300003051757812e-02 -1.078510880470275879e-01 -1.432305425405502319e-01 -3.788311406970024109e-02 4.424123093485832214e-02 6.083740293979644775e-02 3.559117903932929039e-03 7.743488997220993042e-02 7.215373218059539795e-02 -1.342878956347703934e-02 2.685927611310034990e-04 1.269382387399673462e-01 -1.060966476798057556e-01 -4.864447936415672302e-02 2.164892666041851044e-02 8.889134228229522705e-02 1.327136307954788208e-01 1.779497228562831879e-02 7.403529435396194458e-02 2.591717988252639771e-02 5.203203298151493073e-03 7.232821732759475708e-02 6.380219012498855591e-02 3.435366973280906677e-02 5.351394787430763245e-02 3.770261257886886597e-02 -1.112121865153312683e-01 3.477991372346878052e-02 1.596926525235176086e-02 -1.905519217252731323e-01 -1.278499793261289597e-02 -7.310131192207336426e-01 -7.740983739495277405e-03 2.294465666636824608e-03 1.089276075363159180e-01 1.958569437265396118e-01 1.438032835721969604e-01 1.772286146879196167e-01 1.071017682552337646e-01 4.319644346833229065e-02 -8.343446254730224609e-02 -1.377829350531101227e-02 -2.803011238574981689e-02 3.031555116176605225e-01 3.331136107444763184e-01 8.441569656133651733e-02 -6.355450153350830078e-01 3.339678347110748291e-01 -4.385182261466979980e-02 1.906848847866058350e-01 1.270404458045959473e-01 -1.301350742578506470e-01 -4.511091113090515137e-02
-9.082365781068801880e-02 -1.088698357343673706e-01 -7.781249471008777618e-03 1.439026445150375366e-01 -4.756934195756912231e-02 -1.365023106336593628e-01 -9.983817115426063538e-03 -1.114699151366949081e-02 -5.378075689077377319e-02 4.191302135586738586e-02 -1.228394135832786560e-01 4.976727440953254700e-02 -5.862022936344146729e-02 -1.266646012663841248e-02 -9.227997809648513794e-02 -4.030798375606536865e-02 -5.906073749065399170e-02 -1.324412878602743149e-03 1.096468642354011536e-01 7.799890637397766113e-02 -1.395072340965270996e-01 2.269481122493743896e-02 -9.324707090854644775e-02 -2.144721150398254395e-02 1.172115467488765717e-02 -1.417332291603088379e-01 3.958115726709365845e-02 3.471594769507646561e-03 -6.515385955572128296e-02 5.500012263655662537e-02 1.756260916590690613e-02 4.375438764691352844e-02 6.627291440963745117e-02 -8.417834341526031494e-02 1.418147701770067215e-02 6.535446643829345703e-02 7.623580098152160645e-02 1.484953798353672028e-03 -4.263883456587791443e-02 -2.027577534317970276e-02 -1.332311332225799561e-01 -8.176735788583755493e-02 -9.889867901802062988e-02 1.341542750597000122e-01 1.268276423215866089e-01 2.588536217808723450e-02 -1.074475571513175964e-01 -4.047508165240287781e-02 -3.889785706996917725e-02 6.320158392190933228e-02 2.459625154733657837e-02 -6.227291002869606018e-02 -1.334113776683807373e-01 1.380511075258255005e-01 -7.139901816844940186e-02 3.013646695762872696e-03 -9.776126593351364136e-02 -1.111923903226852417e-01 -2.925328351557254791e-02 -3.128383681178092957e-02 -1.191730722784996033e-01 7.924256846308708191e-03 8.376772515475749969e-03 -8.391603827476501465e-02 -7.539831101894378662e-02 -1.330736726522445679e-01 -6.542681902647018433e-02 1.602439396083354950e-02 -9.552337974309921265e-02 -8.046048134565353394e-02 -4.368473310023546219e-03 -1.337024718523025513e-01 2.359479665756225586e-02 7.183247059583663940e-02 2.251694723963737488e-02 -2.353884465992450714e-02 1.557720452547073364e-02 -5.576374009251594543e-02 5.849048495292663574e-03 -2.948785014450550079e-02 -1.563667505979537964e-01 -1.712126843631267548e-02 -1.532113403081893921e-01 -2.296368479728698730e-01 -9.948984719812870026e-03 -1.122542098164558411e-01 -1.506530642509460449e-01 9.422110021114349365e-02 1.166631057858467102e-01 -1.229621618986129761e-01 -2.003509923815727234e-02 1.064399164170026779e-02 -1.501208990812301636e-01 -9.572242200374603271e-02 -1.445284634828567505e-01 -3.631364554166793823e-02 -1.682847440242767334e-01 -6.865067034959793091e-02 1.296304911375045776e-01 -2.494923211634159088e-02
-1.053012907505035400e-01 3.631276637315750122e-02 -3.844278980977833271e-04 -4.502011090517044067e-02 -1.981045678257942200e-02 -8.272878080606460571e-02 -6.802538782358169556e-02 -8.171246387064456940e-03 6.223575677722692490e-03 -3.136686235666275024e-02 3.317641094326972961e-02 3.236042102798819542e-03 -2.838521264493465424e-02 2.093193121254444122e-03 -4.476794227957725525e-02 -3.304660320281982422e-02 -6.297626346349716187e-02 3.530063480138778687e-02 -1.179649028927087784e-02 -3.294789418578147888e-02 -3.314306959509849548e-02 -9.055025875568389893e-02 -1.052967309951782227e-01 -1.054785773158073425e-01 -4.552384838461875916e-02 -3.742905333638191223e-02 2.262855879962444305e-02 3.270017215982079506e-03 -5.988534539937973022e-02 4.651222005486488342e-02 -6.721241516061127186e-04 7.266715914011001587e-02 2.996847592294216156e-02 -1.031913049519062042e-02 -1.097327098250389099e-01 -5.778730288147926331e-02 -4.421777650713920593e-02 -6.717132776975631714e-02 8.607219904661178589e-02 -3.083884157240390778e-02 7.772085815668106079e-02 -6.488887220621109009e-02 8.565498143434524536e-02 8.240608870983123779e-02 2.618662267923355103e-02 -5.088439583778381348e-02 -4.031990468502044678e-02 -4.757967963814735413e-02 -5.315421894192695618e-02 1.330109313130378723e-02 -5.876881256699562073e-02 -3.908403962850570679e-02 3.539739875122904778e-03 -3.374975174665451050e-02 1.412517973221838474e-03 -6.735087931156158447e-02 5.705128889530897141e-03 -6.369340419769287109e-02 4.935090616345405579e-02 -3.337560966610908508e-02 -3.613059874624013901e-03 -5.273189768195152283e-02 7.531186938285827637e-02 1.323095243424177170e-02 8.274301141500473022e-02 1.449642144143581390e-02 -2.536423318088054657e-02 1.003694236278533936e-01 2.961461432278156281e-02 -4.252680763602256775e-02 3.279661387205123901e-02 -9.308328479528427124e-02 -7.034681737422943115e-02 1.859775930643081665e-02 -3.388019511476159096e-03 -1.943245343863964081e-02 -8.511913567781448364e-02 7.730567362159490585e-03 -6.442552059888839722e-02 -8.091361075639724731e-02 6.265117228031158447e-02 -6.854459643363952637e-02 3.555421158671379089e-02 -2.982078492641448975e-02 3.665744885802268982e-02 -1.888225041329860687e-02 8.288840204477310181e-02 -6.778326630592346191e-02 3.022158145904541016e-02 -2.007776685059070587e-02 5.410243570804595947e-02 1.059829965233802795e-01 -2.986782416701316833e-02 1.091193314641714096e-02 -5.702127888798713684e-02 5.334307253360748291e-02 -1.931691169738769531e-02 -2.064087241888046265e-02 6.876280903816223145e-02 -8.835126645863056183e-03
-7.452914118766784668e-02 8.290147036314010620e-02 -3.694840148091316223e-02 7.398710399866104126e-02 1.889728754758834839e-02 -7.624185830354690552e-02 -8.666077256202697754e-02 6.576813757419586182e-02 7.047898322343826294e-02 -4.871289432048797607e-02 -9.530906379222869873e-02 -5.239581689238548279e-02 -2.800291590392589569e-02 -9.394426643848419189e-02 8.236892521381378174e-02 8.168049156665802002e-03 -4.062576591968536377e-02 -2.485810220241546631e-02 9.158850461244583130e-02 -8.787000179290771484e-02 -9.814446419477462769e-02 3.440913045778870583e-03 8.655802160501480103e-02 -9.852937608957290649e-02 7.000675052404403687e-02 6.545370444655418396e-03 -4.609807580709457397e-02 8.932564407587051392e-02 -6.336160749197006226e-02 -7.350562512874603271e-02 -6.327676773071289062e-02 -6.152432039380073547e-02 2.448728308081626892e-02 4.180964082479476929e-02 -5.347486212849617004e-02 4.507187008857727051e-02 5.920882895588874817e-02 7.030436396598815918e-02 5.853424593806266785e-02 -8.314568549394607544e-02 5.105943977832794189e-02 8.516763150691986084e-02 5.068755522370338440e-02 -4.154147207736968994e-02 3.000852651894092560e-02 9.710721671581268311e-02 -9.247171133756637573e-02 -3.618521243333816528e-02 6.202593445777893066e-02 3.315755724906921387e-02 -1.373626198619604111e-02 -9.239027649164199829e-02 1.735994778573513031e-02 7.150220870971679688e-02 -7.236623764038085938e-02 -3.118431940674781799e-02 -2.917939051985740662e-02 8.916862308979034424e-02 -6.580855697393417358e-02 1.793614774942398071e-02 6.433413922786712646e-02 3.934571146965026855e-02 2.999782003462314606e-02 6.471778452396392822e-02 3.932487592101097107e-02 1.470391917973756790e-02 7.033646851778030396e-02 -4.753021895885467529e-02 -9.182710945606231689e-02 -1.537725050002336502e-02 3.920387849211692810e-02 -1.034922823309898376e-01 -2.833322435617446899e-02 2.903427556157112122e-02 5.709835141897201538e-02 -6.308431178331375122e-02 1.683115400373935699e-02 -6.064105033874511719e-02 -3.720173984766006470e-02 -5.020990595221519470e-02 -3.808059915900230408e-02 -5.290458910167217255e-03 5.923279002308845520e-02 2.038354612886905670e-02 1.032815724611282349e-01 5.447006225585937500e-02 2.034715749323368073e-02 1.798370294272899628e-02 -7.020605355501174927e-02 7.254637777805328369e-02 9.611998684704303741e-03 5.118470266461372375e-02 -9.230298548936843872e-02 5.443311296403408051e-03 -4.643047600984573364e-02 4.602894932031631470e-02 6.199006736278533936e-02 2.797701954841613770e-02 7.710272073745727539e-02 2.036654390394687653e-02
6.305257324129343033e-03 -1.032737866044044495e-01 4.300855845212936401e-02 -4.490935802459716797e-02 -4.298276081681251526e-02 -1.087574064731597900e-01 -3.300607949495315552e-02 4.523934796452522278e-02 -1.013222336769104004e-01 9.683534502983093262e-03 -1.220238804817199707e-01 -2.355365268886089325e-02 -7.926308363676071167e-02 -1.777376979589462280e-02 2.552586980164051056e-02 -4.340937361121177673e-02 -1.010416299104690552e-01 -3.838962689042091370e-02 -4.063678532838821411e-02 6.524028629064559937e-02 6.751789897680282593e-02 2.154825197067111731e-04 -4.837561398744583130e-02 -8.778915554285049438e-02 -8.627416938543319702e-02 -1.176314875483512878e-01 5.999454855918884277e-02 3.638261556625366211e-02 -8.970427513122558594e-02 1.181135103106498718e-01 2.499691443517804146e-03 -2.008597366511821747e-02 -8.914426900446414948e-03 -5.651497840881347656e-02 -1.223729774355888367e-01 -9.943619370460510254e-03 1.057114265859127045e-02 -2.877159789204597473e-02 -9.875634312629699707e-02 4.154057428240776062e-02 6.818843632936477661e-02 -4.387487471103668213e-02 5.938548594713211060e-02 -7.264728844165802002e-02 1.010370776057243347e-01 9.334979206323623657e-02 -9.124087542295455933e-02 9.621219336986541748e-02 -2.147651044651865959e-03 -1.916299015283584595e-02 4.615246132016181946e-02 -6.814822554588317871e-02 -6.164112314581871033e-02 5.602681636810302734e-02 -8.989903330802917480e-02 -8.760592341423034668e-02 -4.496951587498188019e-03 -1.056754589080810547e-01 -7.700558751821517944e-02 1.166359037160873413e-01 -6.987719237804412842e-02 -1.763441413640975952e-02 -1.248750239610671997e-01 -1.135770529508590698e-01 -9.927108138799667358e-02 -1.090511232614517212e-01 8.362191170454025269e-02 1.371126249432563782e-02 6.856713443994522095e-02 -2.181294187903404236e-02 -1.030466109514236450e-01 -1.018588021397590637e-01 1.084038838744163513e-01 3.864428400993347168e-02 -1.384652871638536453e-02 -9.374907612800598145e-02 -5.653864145278930664e-02 1.424529869109392166e-02 3.729229047894477844e-02 -4.681228101253509521e-02 -2.131692320108413696e-02 -3.067647665739059448e-02 -1.098854914307594299e-01 4.272869601845741272e-02 -2.279006876051425934e-02 -1.440280526876449585e-01 -1.338617801666259766e-01 4.154256358742713928e-02 -5.756130069494247437e-02 -1.605491936206817627e-01 -1.240132898092269897e-01 1.108272522687911987e-01 -5.935820937156677246e-02 1.394266728311777115e-02 5.512565746903419495e-02 1.084849424660205841e-02 -1.443343162536621094e-01 -1.095068454742431641e-02 -1.792201958596706390e-02 -1.621392220258712769e-01
-6.083936244249343872e-02 2.044284716248512268e-03 -7.475819438695907593e-02 6.483431160449981689e-02 -8.093256503343582153e-02 -5.410584434866905212e-02 -7.166139781475067139e-02 -3.100358508527278900e-02 6.047780439257621765e-02 -5.793416500091552734e-02 -1.067194268107414246e-01 -6.834570318460464478e-02 -2.038788981735706329e-02 4.418394714593887329e-02 4.430317878723144531e-02 -5.628422647714614868e-02 -1.039492115378379822e-01 -5.497981607913970947e-02 3.241069987416267395e-02 -2.914158254861831665e-02 -5.016664043068885803e-02 -4.350716248154640198e-03 -1.412251498550176620e-02 7.320625334978103638e-02 -3.786422312259674072e-03 4.614122584462165833e-02 1.860455796122550964e-02 -9.444352984428405762e-02 -8.220428228378295898e-02 9.792986512184143066e-02 -5.952010676264762878e-02 -5.868506059050559998e-02 -3.489047288894653320e-02 -1.083293706178665161e-01 -1.185643225908279419e-01 -1.006329804658889771e-01 -7.370458543300628662e-02 1.786434464156627655e-02 -5.106869712471961975e-02 7.068340200930833817e-03 -4.834148660302162170e-02 4.963804036378860474e-02 7.255288213491439819e-02 -1.625085622072219849e-02 8.217291533946990967e-02 6.007716059684753418e-02 6.479091942310333252e-02 9.169556200504302979e-03 7.606102526187896729e-02 2.290357090532779694e-02 6.071088463068008423e-02 5.222878232598304749e-02 1.351636834442615509e-02 4.713702201843261719e-02 -1.074543371796607971e-01 5.175825580954551697e-02 -9.191533923149108887e-02 7.296871393918991089e-02 -3.264335170388221741e-02 6.637070327997207642e-02 -2.001720480620861053e-02 -6.748152524232864380e-02 -5.641513690352439880e-02 1.690523326396942139e-02 -8.136025816202163696e-02 -3.810485452413558960e-02 -2.845171838998794556e-02 -7.603180408477783203e-02 5.015990138053894043e-02 5.572019144892692566e-02 4.524773731827735901e-02 -5.776223912835121155e-02 6.249900907278060913e-02 8.618032932281494141e-02 2.217350155115127563e-02 -6.196801364421844482e-02 -9.355727583169937134e-02 -1.237575635313987732e-01 -5.264240503311157227e-01 -1.042401269078254700e-01 8.188965916633605957e-02 -9.893509000539779663e-02 6.790444254875183105e-02 1.253450959920883179e-01 2.134649753570556641e-01 1.024432033300399780e-01 -4.457471892237663269e-02 -8.859138190746307373e-02 -2.467213720083236694e-01 1.159746944904327393e-01 -8.358158171176910400e-02 2.679966390132904053e-01 2.006404697895050049e-01 3.982872962951660156e-01 7.970768958330154419e-02 -2.893401682376861572e-01 8.218934386968612671e-02 -1.157944351434707642e-01 -7.935125380754470825e-02 9.660582989454269409e-02
5.705512315034866333e-02 2.009974606335163116e-02 6.487958133220672607e-02 -2.749257162213325500e-02 3.764409199357032776e-02 1.100913733243942261e-01 3.369919583201408386e-02 3.222419321537017822e-02 5.352638289332389832e-02 -6.897275149822235107e-02 -4.658421094063669443e-04 -5.881818756461143494e-02 3.991058841347694397e-02 1.236268691718578339e-02 -8.000561594963073730e-02 -7.671060413122177124e-02 2.111607976257801056e-02 -3.805873915553092957e-03 -8.552308380603790283e-02 -7.249183952808380127e-02 -3.261166810989379883e-02 4.082718119025230408e-02 6.897767633199691772e-02 -5.712540075182914734e-02 -9.009460359811782837e-02 2.135643362998962402e-02 -2.690801583230495453e-02 -8.921314775943756104e-02 -1.425712835043668747e-02 -5.421891435980796814e-02 -9.965415811166167259e-04 -6.106024608016014099e-02 -1.091536357998847961e-01 -1.005535013973712921e-02 4.984778165817260742e-02 -3.510059788823127747e-02 -6.859193742275238037e-02 3.590247035026550293e-02 7.786599546670913696e-02 2.912760153412818909e-02 7.772102253511548042e-04 -4.917233809828758240e-02 -2.519495226442813873e-02 -7.071725279092788696e-02 6.615413352847099304e-03 -6.802612543106079102e-02 9.530891664326190948e-03 -2.541714347898960114e-02 5.473668873310089111e-02 1.002270430326461792e-01 -4.372632596641778946e-03 -6.346904672682285309e-03 -2.577198483049869537e-02 -4.234978929162025452e-03 8.123031258583068848e-02 9.823808819055557251e-02 3.905916213989257812e-02 -4.452778771519660950e-02 5.946971848607063293e-02 -8.436343818902969360e-02 7.559856027364730835e-02 8.853013813495635986e-02 6.771417707204818726e-02 -6.295183300971984863e-02 5.902711674571037292e-02 -5.830093845725059509e-02 -5.102288350462913513e-02 -7.385376095771789551e-02 -1.068800408393144608e-02 -4.061014950275421143e-02 6.584956496953964233e-02 -2.931152470409870148e-02 -3.017800673842430115e-02 1.332873944193124771e-02 5.103176925331354141e-03 -5.587978661060333252e-02 -5.246657133102416992e-02 -1.596129871904850006e-02 -1.638774126768112183e-01 6.051444634795188904e-02 9.444586932659149170e-02 -8.365947008132934570e-02 9.778632968664169312e-02 5.266586318612098694e-02 8.675125427544116974e-03 7.376018911600112915e-02 3.547595441341400146e-02 -2.501133643090724945e-02 3.473112359642982483e-02 9.788557887077331543e-02 1.476456373929977417e-01 1.196956336498260498e-01 4.505038261413574219e-02 5.761649459600448608e-02 -1.767975278198719025e-02 2.444282360374927521e-02 1.266728490591049194e-01 8.732626587152481079e-02 3.725734306499361992e-03 -1.012176182121038437e-02
-1.014842614531517029e-01 -7.271618396043777466e-02 -5.925533827394247055e-03 9.294911473989486694e-02 3.336636722087860107e-02 8.185563981533050537e-02 2.700875513255596161e-02 3.755128011107444763e-02 -5.943018570542335510e-02 -4.839043691754341125e-02 5.695211887359619141e-02 -7.059849053621292114e-02 2.336556836962699890e-02 -4.998177289962768555e-03 2.640362270176410675e-02 -9.458384662866592407e-02 -8.792017400264739990e-02 -1.758791133761405945e-02 6.337033212184906006e-02 1.695332117378711700e-02 -3.137845173478126526e-02 5.718544870615005493e-02 2.030754461884498596e-02 -1.004093792289495468e-02 -4.457211121916770935e-02 1.361874770373106003e-02 6.582676619291305542e-02 -4.419114068150520325e-02 -1.813261955976486206e-02 2.984662167727947235e-02 3.739849105477333069e-02 -2.774175954982638359e-03 -3.240629658102989197e-02 2.957234345376491547e-02 2.223979309201240540e-02 1.268211752176284790e-02 8.927767723798751831e-02 4.607370495796203613e-02 8.028066903352737427e-02 1.114080697298049927e-01 9.122654050588607788e-02 4.293696582317352295e-02 5.886390805244445801e-02 5.220969021320343018e-02 -6.636297330260276794e-03 -2.690105140209197998e-02 -8.724010735750198364e-02 -1.055374443531036377e-01 -4.076959937810897827e-02 3.482897579669952393e-02 9.113729931414127350e-03 5.722033604979515076e-02 -3.497559949755668640e-02 2.025971189141273499e-03 -9.924557525664567947e-04 -4.497932270169258118e-02 2.001233957707881927e-02 8.918870240449905396e-02 4.286989942193031311e-02 -8.396352827548980713e-02 -3.363224118947982788e-02 2.421840466558933258e-02 5.741424486041069031e-02 4.121715668588876724e-03 1.805419661104679108e-02 1.740804640576243401e-03 6.124692782759666443e-02 -1.237204670906066895e-01 -2.070891112089157104e-02 5.447058007121086121e-03 -6.084305793046951294e-02 -1.066002547740936279e-01 -2.290008217096328735e-02 -7.812067866325378418e-02 4.363940283656120300e-02 -8.004504442214965820e-02 6.641965359449386597e-02 8.769635856151580811e-02 1.330400630831718445e-02 5.967042595148086548e-02 1.906019076704978943e-02 3.113227337598800659e-02 -3.724752739071846008e-02 -2.565930597484111786e-02 5.376737937331199646e-02 -3.232834860682487488e-02 -5.975227430462837219e-02 7.583892345428466797e-02 9.812901169061660767e-02 7.161604613065719604e-02 -1.532697677612304688e-02 4.555561766028404236e-02 -5.283411592245101929e-02 3.793560341000556946e-02 6.659916043281555176e-02 2.638718858361244202e-02 2.542465180158615112e-02 3.574600443243980408e-02 -1.331805586814880371e-01 5.795789137482643127e-02
5.921864509582519531e-02 8.243338018655776978e-02 -7.370665669441223145e-02 2.204153314232826233e-02 -8.707736432552337646e-02 2.765266038477420807e-02 1.344928797334432602e-02 -3.566658869385719299e-02 1.426274925470352173e-01 1.180316507816314697e-02 1.338950991630554199e-01 -7.604940980672836304e-02 7.513120770454406738e-02 7.625628262758255005e-02 4.087368398904800415e-02 -6.679970026016235352e-02 1.439332813024520874e-01 4.258579388260841370e-02 -1.037493422627449036e-01 -6.553182029165327549e-04 -4.764665383845567703e-03 7.346076890826225281e-03 1.169699504971504211e-01 -1.274018548429012299e-02 -1.015386357903480530e-02 1.051315814256668091e-01 -7.949931174516677856e-02 -8.449334651231765747e-02 7.300853729248046875e-02 -1.183259710669517517e-01 -6.773781031370162964e-02 8.529469370841979980e-03 -1.408447474241256714e-01 -6.172557175159454346e-02 6.772049702703952789e-03 2.075632810592651367e-01 -1.327601820230484009e-01 -4.919130355119705200e-02 -1.885095238685607910e-02 -5.395553633570671082e-02 3.119180351495742798e-02 4.942071158438920975e-03 -1.866967603564262390e-02 -5.357547849416732788e-02 1.601351499557495117e-01 -1.336121112108230591e-01 -5.273464322090148926e-02 2.520505897700786591e-02 3.192458674311637878e-02 -7.028045505285263062e-02 -7.681029289960861206e-02 4.349660500884056091e-02 1.324432194232940674e-01 4.281890578567981720e-03 2.382309874519705772e-03 1.108123287558555603e-01 1.273404508829116821e-01 -7.138521969318389893e-02 1.527657359838485718e-01 -9.702377766370773315e-02 3.823811933398246765e-02 1.047157719731330872e-01 -1.020300015807151794e-02 -4.007693380117416382e-02 -1.674103364348411560e-02 6.323658674955368042e-02 1.153628900647163391e-01 2.467007562518119812e-02 -1.222659349441528320e-01 -3.159722685813903809e-02 -3.166539594531059265e-02 9.425927698612213135e-02 -4.893820732831954956e-02 -3.905588295310735703e-03 1.462445966899394989e-02 4.218305647373199463e-02 2.751749008893966675e-02 -4.214088898152112961e-03 -5.921358708292245865e-03 9.376289695501327515e-02 -7.079136092215776443e-03 1.450630743056535721e-02 2.028150111436843872e-01 -1.601526699960231781e-02 4.688321426510810852e-02 8.498936146497726440e-02 -1.027653738856315613e-01 -1.468428075313568115e-01 -6.067565828561782837e-02 9.148171544075012207e-02 1.550589203834533691e-01 9.550980478525161743e-02 -9.113690815865993500e-03 8.949931710958480835e-02 3.089277632534503937e-02 1.031349897384643555e-01 -9.628256410360336304e-02 -9.149897843599319458e-02 5.007723346352577209e-02 -8.648807555437088013e-02
4.072412848472595215e-02 9.030254930257797241e-02 1.541503965854644775e-01 -9.408753365278244019e-03 -3.468327224254608154e-02 1.076030582189559937e-01 4.182349145412445068e-02 9.724187105894088745e-02 6.796765327453613281e-02 -7.426915317773818970e-02 1.987862437963485718e-01 -1.081649586558341980e-01 1.557600796222686768e-01 7.452752441167831421e-02 6.167181581258773804e-02 -1.509348154067993164e-01 4.000236839056015015e-02 -1.943188011646270752e-01 -1.403108984231948853e-01 -8.999356627464294434e-02 7.515855878591537476e-02 9.774620831012725830e-02 8.607095479965209961e-02 1.209672540426254272e-02 1.089387238025665283e-01 1.644836664199829102e-01 -1.549800783395767212e-01 2.008035331964492798e-01 1.894182115793228149e-01 -1.699253767728805542e-01 -1.845744103193283081e-01 -1.249134466052055359e-01 -1.905534267425537109e-01 1.731684356927871704e-01 1.085874438285827637e-01 -2.849122881889343262e-02 -1.075059920549392700e-01 -7.009517401456832886e-02 1.855691522359848022e-01 1.395877003669738770e-01 9.271223843097686768e-02 6.649348884820938110e-02 3.046168200671672821e-02 -1.216085925698280334e-01 -1.190301999449729919e-01 -1.885210573673248291e-01 9.061210602521896362e-02 -2.723822370171546936e-02 -1.843352317810058594e-01 -1.754365116357803345e-01 -1.222057938575744629e-01 1.930860430002212524e-01 8.589164167642593384e-02 -1.023825332522392273e-01 1.298152655363082886e-01 1.695110648870468140e-01 1.125448122620582581e-01 1.048754602670669556e-01 1.456974446773529053e-01 -1.272122412919998169e-01 1.471414417028427124e-01 1.425659954547882080e-01 1.932909786701202393e-01 3.302238509058952332e-02 1.356642693281173706e-01 5.116693675518035889e-02 -1.887695789337158203e-01 -1.213298365473747253e-01 1.769265383481979370e-01 1.681756675243377686e-01 1.197673454880714417e-01 9.320943057537078857e-02 -1.872764378786087036e-01 -3.764526546001434326e-02 -1.191043332219123840e-01 1.645823866128921509e-01 -8.513725548982620239e-02 2.069076336920261383e-02 -2.687939107418060303e-01 5.490711331367492676e-02 6.043711677193641663e-02 1.365090906620025635e-01 2.498548626899719238e-01 2.271420061588287354e-01 1.595823653042316437e-02 9.685731679201126099e-02 2.701621651649475098e-01 5.323412269353866577e-02 -3.385742902755737305e-01 2.641190886497497559e-01 2.582199499011039734e-02 2.185658961534500122e-01 2.893712520599365234e-01 2.053685188293457031e-01 2.063142806291580200e-01 -2.316179126501083374e-01 5.066309869289398193e-02 1.259952336549758911e-01 -1.490498781204223633e-01 8.262052386999130249e-02
4.915647581219673157e-02 -7.643043249845504761e-02 3.522074222564697266e-02 -2.156012132763862610e-02 -2.203259151428937912e-03 -1.077291145920753479e-01 -3.100875392556190491e-02 8.763853460550308228e-02 -6.773201376199722290e-02 9.127800911664962769e-02 8.626002073287963867e-02 -6.254477053880691528e-02 -3.732324391603469849e-02 3.716808557510375977e-02 -1.038272976875305176e-01 -9.025319665670394897e-02 -5.049351602792739868e-02 2.898958325386047363e-02 -3.325650468468666077e-03 -2.236710861325263977e-02 6.847508717328310013e-03 5.055990442633628845e-02 -8.917737752199172974e-03 -5.370335653424263000e-02 3.777381405234336853e-02 2.256348729133605957e-02 -2.780580520629882812e-02 -8.455930650234222412e-02 -1.397451013326644897e-02 -2.876194752752780914e-02 6.210265308618545532e-02 -8.912697434425354004e-03 -1.870862580835819244e-02 -3.986571356654167175e-02 -5.340224131941795349e-02 -3.996612876653671265e-02 -5.717937275767326355e-02 -8.863995969295501709e-02 -9.231884032487869263e-02 -1.032950431108474731e-01 -9.646617621183395386e-02 -2.750060893595218658e-02 1.561828982084989548e-02 -4.365549609065055847e-02 4.217742756009101868e-02 -1.123101171106100082e-02 -9.477575123310089111e-02 -2.432778105139732361e-02 -4.286450147628784180e-02 2.570080570876598358e-03 1.079599335789680481e-01 7.835801690816879272e-02 -4.586524888873100281e-02 -4.220404103398323059e-02 7.373630255460739136e-02 5.679497867822647095e-02 2.923163957893848419e-02 -9.671838954091072083e-03 -3.796992450952529907e-02 -8.914042264223098755e-03 -3.918324783444404602e-02 -1.699571497738361359e-02 -7.450948655605316162e-02 -3.981974720954895020e-02 -6.833548098802566528e-02 2.117559127509593964e-02 6.406777352094650269e-02 -2.141587063670158386e-02 5.925245210528373718e-02 -1.053544357419013977e-01 7.644414901733398438e-02 -3.171146614477038383e-03 -1.347444858402013779e-02 3.862269222736358643e-02 9.726591408252716064e-02 -4.361652210354804993e-02 3.112329728901386261e-02 1.654357276856899261e-02 4.110306799411773682e-01 5.196222662925720215e-02 -2.002183347940444946e-02 2.829477936029434204e-02 -5.971410125494003296e-02 -9.663033299148082733e-03 2.679914832115173340e-01 -4.133241623640060425e-02 8.988057076930999756e-02 -1.925686150789260864e-01 -4.291593432426452637e-01 -4.021433293819427490e-01 -8.150468021631240845e-02 -6.054922342300415039e-01 -3.071938157081604004e-01 -4.452418386936187744e-01 8.124483227729797363e-01 -7.445464730262756348e-01 7.518789917230606079e-02 -6.370153278112411499e-02 3.931237757205963135e-02 -4.253131896257400513e-02
1.649135164916515350e-02 1.946702599525451660e-02 8.204938471317291260e-02 -1.041595712304115295e-01 -3.107331879436969757e-02 -5.329737812280654907e-02 -4.619406908750534058e-02 -4.873646423220634460e-02 -2.669328823685646057e-02 -4.839870706200599670e-02 6.927876919507980347e-02 6.911275535821914673e-02 1.002788171172142029e-01 8.805116266012191772e-02 -1.456208061426877975e-02 -8.775665611028671265e-02 7.686867564916610718e-02 -5.546009913086891174e-02 9.550397843122482300e-02 -3.130253404378890991e-03 1.008256897330284119e-02 -5.991592770442366600e-04 -6.860539317131042480e-02 1.133226440288126469e-03 5.386078730225563049e-02 8.924970403313636780e-03 -7.208803202956914902e-03 -8.444354683160781860e-02 7.262701541185379028e-02 2.697989158332347870e-02 5.765106528997421265e-02 -7.981764525175094604e-02 7.521780580282211304e-02 9.322079829871654510e-03 1.553642936050891876e-02 -5.675823614001274109e-02 -4.061611369252204895e-03 -8.807674795389175415e-02 6.271126121282577515e-02 -6.350724399089813232e-02 4.094616323709487915e-02 -5.392353609204292297e-02 -2.788203768432140350e-02 -7.429593708366155624e-03 7.490567862987518311e-02 6.787592917680740356e-02 4.674913827329874039e-03 -2.320465072989463806e-02 -8.968491107225418091e-02 -1.247363444417715073e-02 -2.823536284267902374e-02 4.766872525215148926e-02 8.106724917888641357e-02 -3.078315639868378639e-03 5.671420693397521973e-02 -4.475320130586624146e-02 -6.511616706848144531e-02 -1.333469301462173462e-01 -2.068498171865940094e-02 -1.020146831870079041e-01 8.710343390703201294e-04 -4.725458845496177673e-02 -6.186002492904663086e-02 -4.976842179894447327e-02 -5.653899163007736206e-02 -8.783102966845035553e-03 -5.165939405560493469e-02 -7.464904338121414185e-02 -1.133120730519294739e-01 6.675070524215698242e-02 -5.947388336062431335e-02 8.686098456382751465e-02 1.499124057590961456e-02 7.666608691215515137e-02 3.700051456689834595e-03 2.447088947519659996e-03 -5.610135570168495178e-02 -1.771870814263820648e-02 1.742668263614177704e-02 -4.750434309244155884e-02 -1.156670134514570236e-02 -8.743306994438171387e-02 6.697307527065277100e-02 -7.929175347089767456e-02 -1.033767238259315491e-01 4.542104899883270264e-02 4.745062906295061111e-03 -1.584209874272346497e-02 7.098110020160675049e-02 -1.749035269021987915e-01 8.602750301361083984e-02 2.049988359212875366e-01 2.891789190471172333e-02 -4.294274374842643738e-02 -8.507443219423294067e-02 -1.042952314019203186e-01 7.002436369657516479e-02 -6.298591196537017822e-02 1.044168025255203247e-01 -4.280603677034378052e-02
3.905665874481201172e-02 5.193581432104110718e-02 2.267114119604229927e-03 3.543984889984130859e-02 -6.627257168292999268e-02 -5.761967226862907410e-02 -6.755838543176651001e-02 6.880736351013183594e-02 -2.213851176202297211e-02 2.699092775583267212e-02 5.386295542120933533e-02 -2.492501772940158844e-02 4.579317942261695862e-02 -1.116085797548294067e-02 8.828941732645034790e-02 5.625676736235618591e-02 -5.111956223845481873e-02 -9.654617309570312500e-02 -4.484850913286209106e-02 -7.558892667293548584e-02 -7.733541727066040039e-02 -5.072718858718872070e-02 8.526290208101272583e-02 1.677505858242511749e-02 -1.297526527196168900e-02 -8.817599713802337646e-02 -8.491990715265274048e-02 3.392343223094940186e-02 -7.312783598899841309e-02 2.316379360854625702e-02 -2.289588749408721924e-02 3.198415413498878479e-02 7.025646045804023743e-03 4.090519994497299194e-02 4.255115985870361328e-02 1.419610250741243362e-02 -5.617184937000274658e-02 -8.281639963388442993e-02 8.948736637830734253e-02 8.140699937939643860e-03 -3.677442669868469238e-02 2.742770873010158539e-02 1.578392833471298218e-02 4.469025507569313049e-02 1.588925532996654510e-02 -6.490489840507507324e-02 1.929723098874092102e-02 2.534204395487904549e-03 4.244076833128929138e-02 -4.371646326035261154e-03 1.028237789869308472e-01 -1.971706561744213104e-02 -6.912171840667724609e-03 8.764266967773437500e-02 6.514243036508560181e-02 2.893584780395030975e-02 5.076899379491806030e-02 -2.994374558329582214e-02 -8.054251968860626221e-02 -7.912871986627578735e-02 7.003023754805326462e-03 2.733281813561916351e-02 -8.047022670507431030e-02 8.882246911525726318e-02 5.397092178463935852e-02 -5.458891391754150391e-02 -3.200075402855873108e-02 -8.076471090316772461e-02 3.120651282370090485e-02 7.483538985252380371e-02 -5.027076695114374161e-03 -4.866933077573776245e-02 5.976684018969535828e-02 4.445528611540794373e-03 -3.366865590214729309e-02 -9.030816704034805298e-02 -4.127890244126319885e-02 6.605602800846099854e-02 4.159445315599441528e-02 8.396715670824050903e-02 3.910125792026519775e-02 8.958835154771804810e-02 9.339825063943862915e-02 -9.509927779436111450e-02 8.841053396463394165e-02 6.976485252380371094e-02 1.017990522086620331e-02 -5.484375357627868652e-02 2.182934619486331940e-02 -4.552980884909629822e-02 -4.931231215596199036e-02 -1.078464537858963013e-01 5.442617461085319519e-02 -4.668020084500312805e-02 -8.853341639041900635e-02 -6.853029131889343262e-02 1.121942102909088135e-01 3.198476880788803101e-02 -6.306317448616027832e-02 9.012331813573837280e-02
4.290892928838729858e-02 -6.305326521396636963e-02 7.988535612821578979e-02 -6.189056113362312317e-02 -2.755391038954257965e-02 -7.546193897724151611e-02 -2.064228430390357971e-02 3.565581142902374268e-02 4.416785761713981628e-02 -5.680879577994346619e-02 -7.950539886951446533e-02 3.015050105750560760e-02 -5.533031374216079712e-02 2.815067395567893982e-02 -1.009046658873558044e-01 3.510016947984695435e-02 4.968582466244697571e-02 9.695343673229217529e-03 -4.283946752548217773e-02 1.096396595239639282e-01 -1.775296032428741455e-02 3.661893308162689209e-02 -1.127863004803657532e-01 -4.613714292645454407e-02 -9.392309188842773438e-02 5.901585891842842102e-02 4.686451703310012817e-02 6.040003523230552673e-02 5.433785542845726013e-02 5.983667448163032532e-02 -8.320122957229614258e-02 6.864153593778610229e-02 -6.571777164936065674e-02 -8.710815757513046265e-02 -6.550573557615280151e-02 -1.612634025514125824e-02 -2.160230837762355804e-02 -8.873505517840385437e-03 1.645076461136341095e-02 -6.647955626249313354e-02 -5.124757066369056702e-02 -8.495917171239852905e-02 -4.598843306303024292e-02 3.932781890034675598e-02 -7.929499261081218719e-04 4.084657877683639526e-02 -1.514559797942638397e-02 7.902767509222030640e-02 -6.159924436360597610e-03 5.717186629772186279e-02 -6.775090843439102173e-02 -5.406203493475914001e-02 -5.189616233110427856e-02 -7.697756588459014893e-02 5.924456939101219177e-02 -8.406053483486175537e-02 -6.886830180883407593e-02 -8.993000537157058716e-02 -1.139522716403007507e-01 -7.466951012611389160e-02 -6.122435908764600754e-03 -3.191294893622398376e-02 -1.099425330758094788e-01 -8.657702803611755371e-02 8.430963009595870972e-02 4.160259664058685303e-02 1.591588184237480164e-02 -5.082359164953231812e-02 -1.072393544018268585e-02 -1.011564433574676514e-01 -1.052890866994857788e-01 -5.074515938758850098e-04 1.116489470005035400e-01 5.613650009036064148e-02 3.038968332111835480e-02 3.223636373877525330e-02 3.076462820172309875e-02 2.656864002346992493e-03 -1.055715158581733704e-01 -1.004509329795837402e-01 -2.978736348450183868e-02 -1.192846819758415222e-01 7.546968758106231689e-02 1.220846455544233322e-02 1.667259819805622101e-02 2.231407538056373596e-02 5.645072832703590393e-02 4.227979108691215515e-02 5.191882699728012085e-02 9.498134255409240723e-02 -4.552374407649040222e-02 -8.603101223707199097e-02 8.658824115991592407e-02 -1.802369719371199608e-03 -5.059858039021492004e-02 -5.366404354572296143e-02 2.606309764087200165e-02 -2.137805521488189697e-02 8.089505881071090698e-02 9.275508671998977661e-02
6.767703592777252197e-02 -2.814286760985851288e-02 -3.325800597667694092e-02 -9.820346534252166748e-02 6.256733834743499756e-02 9.527643769979476929e-02 6.071907281875610352e-02 1.689645461738109589e-02 7.655025273561477661e-02 -6.836561858654022217e-02 6.494691967964172363e-02 1.597904600203037262e-02 7.645108550786972046e-02 4.861944541335105896e-02 9.303890168666839600e-02 -8.444742113351821899e-02 -7.084777206182479858e-02 -4.574577789753675461e-03 4.883500933647155762e-02 9.154600650072097778e-02 -2.286778949201107025e-02 6.220638006925582886e-02 5.735019966959953308e-02 -4.184179008007049561e-02 3.529547899961471558e-02 3.381720557808876038e-02 -8.618324995040893555e-02 -6.284892559051513672e-02 9.659626521170139313e-03 1.736241951584815979e-02 3.151161223649978638e-02 -2.561866492033004761e-02 5.734211951494216919e-02 -5.307603627443313599e-02 1.019139811396598816e-01 6.516004353761672974e-02 -5.907936021685600281e-02 -2.283750288188457489e-02 9.820539504289627075e-02 -1.823078095912933350e-02 -4.378121346235275269e-02 9.120665490627288818e-02 -3.371364250779151917e-02 3.847847506403923035e-02 -1.033274643123149872e-02 -4.618967697024345398e-02 -2.030320093035697937e-02 -7.504479587078094482e-02 2.554073557257652283e-02 -2.523365803062915802e-02 7.520233094692230225e-02 2.995152212679386139e-02 -3.681504633277654648e-03 -6.382793188095092773e-02 6.805031746625900269e-02 7.894769310951232910e-02 -6.930661946535110474e-02 -5.465121567249298096e-02 -4.725947603583335876e-02 1.283280551433563232e-02 -1.456530578434467316e-02 5.959565937519073486e-02 -5.098661035299301147e-02 1.395203918218612671e-02 7.083887606859207153e-02 2.239337563514709473e-02 -3.701412305235862732e-02 -4.726183414459228516e-02 -1.947606448084115982e-03 7.632960565388202667e-03 -7.379990816116333008e-02 7.130233198404312134e-02 -5.355401337146759033e-02 7.211834937334060669e-02 7.104076445102691650e-02 7.635755091905593872e-02 8.213685452938079834e-02 2.564188279211521149e-02 -7.492573559284210205e-02 4.732428118586540222e-02 -2.799309790134429932e-02 -5.324761569499969482e-02 -4.706859216094017029e-02 3.823488950729370117e-02 -2.756077423691749573e-02 -3.900337219238281250e-02 -6.933856755495071411e-02 8.346133679151535034e-02 -5.268776789307594299e-02 -6.812665611505508423e-02 -5.038197711110115051e-02 -3.466444090008735657e-02 8.355392515659332275e-02 -5.342030897736549377e-02 9.132377803325653076e-03 4.713576287031173706e-02 6.711547076702117920e-02 5.779867619276046753e-02 -9.835144877433776855e-02 6.392446905374526978e-02
-4.865740984678268433e-02 8.397828787565231323e-02 -5.058655887842178345e-02 3.580201044678688049e-02 -3.541650250554084778e-02 -1.835123822093009949e-02 -4.867237806320190430e-02 -1.344834566116333008e-01 5.773210152983665466e-02 1.035991013050079346e-01 -1.169819012284278870e-02 2.970512257888913155e-03 -7.724758237600326538e-02 4.620058834552764893e-02 1.509779132902622223e-02 1.448699831962585449e-01 -1.152666006237268448e-02 2.908845804631710052e-02 -6.122369319200515747e-02 -9.762041270732879639e-03 -1.279235929250717163e-01 -1.810020394623279572e-02 6.626832298934459686e-03 -3.614736720919609070e-02 -9.316199272871017456e-02 5.986525490880012512e-02 3.631230071187019348e-02 -1.023430377244949341e-01 -2.970442920923233032e-02 -1.093083294108510017e-03 -5.236699432134628296e-02 6.585807353258132935e-02 -3.627898171544075012e-02 -1.455350965261459351e-01 9.624165296554565430e-02 1.813400834798812866e-01 6.479316949844360352e-02 -4.334996268153190613e-02 7.799386978149414062e-02 -1.861757040023803711e-01 -1.808833777904510498e-01 -7.273194193840026855e-02 -8.565708994865417480e-02 2.995540760457515717e-02 2.480235248804092407e-01 -8.060999214649200439e-02 4.902889207005500793e-02 7.287106662988662720e-02 1.385698169469833374e-01 7.508600503206253052e-02 -6.201535463333129883e-02 -5.200980231165885925e-02 -6.772478669881820679e-02 -5.723575502634048462e-02 1.355558820068836212e-02 2.885757572948932648e-02 -8.805079013109207153e-02 -1.041801273822784424e-01 -4.027205519378185272e-03 1.143706664443016052e-01 -1.235968843102455139e-01 -2.876965142786502838e-02 -1.013688221573829651e-01 -3.751358389854431152e-02 -1.226623170077800751e-02 -9.492027014493942261e-02 1.955521404743194580e-01 2.264329940080642700e-01 -1.566991955041885376e-01 -1.446806341409683228e-01 -7.215956598520278931e-02 1.041430085897445679e-01 1.365511268377304077e-01 1.283502727746963501e-01 7.186174392700195312e-02 4.042576067149639130e-03 4.352005422115325928e-01 3.149069845676422119e-02 1.822854757308959961e+00 2.048352509737014771e-01 -2.561070322990417480e-01 -1.997625231742858887e-01 -4.078304469585418701e-01 -3.685941100120544434e-01 -2.300781458616256714e-01 -4.914635717868804932e-01 -3.956355154514312744e-01 1.717238277196884155e-01 5.458059310913085938e-01 -5.978491902351379395e-01 5.093114450573921204e-02 -2.099268287420272827e-01 -8.296707272529602051e-02 -2.263253480195999146e-01 -5.151397734880447388e-02 7.561117410659790039e-01 -1.175763905048370361e-01 -1.631058007478713989e-01 3.592403605580329895e-02 -1.363435685634613037e-01
-1.071267649531364441e-01 -1.276215165853500366e-01 -7.678300887346267700e-02 3.230946511030197144e-02 6.690007448196411133e-02 -2.822439745068550110e-02 -7.297462318092584610e-03 4.206289013382047415e-04 -6.334176659584045410e-02 2.402441576123237610e-02 -1.675308682024478912e-02 1.330150663852691650e-01 -2.291817963123321533e-02 -4.457153379917144775e-02 -6.746285594999790192e-03 1.148130837827920914e-02 -5.544248595833778381e-02 9.758016094565391541e-03 2.860556729137897491e-02 9.454885870218276978e-02 -6.545679271221160889e-02 -8.237394690513610840e-02 1.937917247414588928e-02 -2.854959666728973389e-02 -1.629415526986122131e-02 2.635513246059417725e-02 -2.254200913012027740e-02 -1.075825020670890808e-01 4.667200520634651184e-02 -6.237635016441345215e-02 -3.401557356119155884e-02 2.069836854934692383e-02 1.119567826390266418e-01 2.434729970991611481e-02 -7.340671122074127197e-02 7.719587534666061401e-02 7.512707263231277466e-02 4.268436878919601440e-02 -1.308142989873886108e-01 -7.660117745399475098e-02 2.014626935124397278e-02 -7.936367392539978027e-02 -6.509658694267272949e-02 1.036352068185806274e-01 6.967009603977203369e-02 8.064575493335723877e-02 -9.420987218618392944e-02 1.044802069664001465e-01 -1.959013752639293671e-02 -1.907895319163799286e-02 1.328914612531661987e-01 1.101640798151493073e-02 5.123631283640861511e-02 9.705241024494171143e-02 -1.600313000380992889e-02 1.627599820494651794e-02 -1.231971383094787598e-01 1.847896538674831390e-02 -1.209333688020706177e-01 1.009947955608367920e-01 -5.441985279321670532e-02 -1.180210262537002563e-01 -1.403727978467941284e-01 -1.103737875819206238e-01 2.186520211398601532e-02 -1.151644065976142883e-02 3.579666838049888611e-02 -6.829748302698135376e-02 3.271086886525154114e-02 4.855690523982048035e-02 4.339408501982688904e-02 6.059665232896804810e-02 9.129343926906585693e-02 -1.519448310136795044e-02 6.335854995995759964e-03 -3.489445894956588745e-02 -1.172565668821334839e-02 -9.447737038135528564e-02 3.493790626525878906e-01 -3.508174791932106018e-03 -1.498609930276870728e-01 3.385171666741371155e-02 -7.115190476179122925e-02 -5.722910538315773010e-02 2.039233595132827759e-02 -4.464795067906379700e-02 -1.135263871401548386e-02 1.469297241419553757e-02 -4.735495895147323608e-02 -2.236633747816085815e-01 -1.921401619911193848e-01 -2.474876344203948975e-01 -1.506674289703369141e-01 -2.181512862443923950e-01 -1.316671352833509445e-02 1.962877810001373291e-01 -1.772514432668685913e-01 -1.915366351604461670e-01 -2.244926989078521729e-02 -1.125382259488105774e-01
6.856767833232879639e-02 -9.851939231157302856e-02 5.760955158621072769e-03 3.548340126872062683e-02 -2.349068643525242805e-03 -1.014311686158180237e-01 -6.118699535727500916e-02 -7.741378247737884521e-02 3.101049549877643585e-02 6.638541072607040405e-02 -4.470366239547729492e-02 -5.429797619581222534e-02 -6.314621120691299438e-02 1.430270541459321976e-02 -6.830587238073348999e-02 -4.551889374852180481e-03 4.661070182919502258e-03 7.720933854579925537e-02 9.803568571805953979e-02 9.569424390792846680e-02 -4.972954466938972473e-02 1.239039003849029541e-02 -8.295081555843353271e-02 5.821891129016876221e-02 -5.457318574190139771e-02 -3.352370113134384155e-02 7.686901954002678394e-04 -4.709266358986496925e-04 8.153699338436126709e-02 -1.340924110263586044e-02 1.768669299781322479e-02 7.106011360883712769e-02 -1.724342629313468933e-02 -9.727817028760910034e-02 3.372133895754814148e-02 1.265260279178619385e-01 1.014319509267807007e-01 -7.286296039819717407e-02 1.198760792613029480e-02 -1.909235678613185883e-02 -6.862977147102355957e-02 -8.450631797313690186e-02 -1.141790896654129028e-01 1.142381876707077026e-01 -7.165825366973876953e-02 8.066726475954055786e-02 1.502652838826179504e-02 -7.527245581150054932e-02 2.393880859017372131e-02 5.557551607489585876e-02 -7.482233922928571701e-03 -4.159942269325256348e-02 -9.249215573072433472e-02 2.106226235628128052e-02 2.017469517886638641e-02 3.615704178810119629e-02 -2.874003723263740540e-02 -1.252796649932861328e-01 1.349404454231262207e-02 1.054906621575355530e-01 -1.173825040459632874e-01 -6.674925237894058228e-02 -1.152227818965911865e-01 1.877448335289955139e-02 -3.691754490137100220e-02 -3.519663214683532715e-02 -7.639947533607482910e-02 -3.572795167565345764e-02 -5.819986015558242798e-02 -9.596177190542221069e-02 5.672540515661239624e-02 -2.421358227729797363e-02 8.125150948762893677e-02 9.405399113893508911e-02 -7.165534794330596924e-02 -3.209324553608894348e-02 9.511057287454605103e-02 -4.642156511545181274e-02 1.056134328246116638e-01 -9.220972657203674316e-02 1.915265992283821106e-02 -7.573784887790679932e-02 2.192992530763149261e-02 5.194098502397537231e-02 -1.388095617294311523e-01 1.080206502228975296e-02 -1.028062999248504639e-01 -6.724151223897933960e-02 -4.095428064465522766e-02 2.633152715861797333e-02 -2.084230771288275719e-03 -3.841584920883178711e-02 1.090660132467746735e-02 2.030574157834053040e-02 -4.307883977890014648e-02 2.342931926250457764e-02 -1.033014208078384399e-01 -1.021303012967109680e-01 6.315249949693679810e-02 -1.340849548578262329e-01
7.559116184711456299e-02 9.521386772394180298e-02 1.015432644635438919e-03 -5.950827617198228836e-03 9.356209076941013336e-03 -6.628875434398651123e-02 -8.803865313529968262e-02 9.379183873534202576e-03 3.921483829617500305e-02 3.483004868030548096e-02 1.060705929994583130e-01 9.011428803205490112e-02 -8.898233063519001007e-03 -5.144320428371429443e-02 7.516732811927795410e-02 6.946565955877304077e-02 6.055471301078796387e-02 9.125774353742599487e-02 -9.534988552331924438e-02 -5.877507850527763367e-02 -8.312933892011642456e-02 5.073546897619962692e-03 3.882483765482902527e-02 5.429681017994880676e-02 -4.631237685680389404e-02 -7.112174481153488159e-02 -7.014694064855575562e-02 5.094283446669578552e-02 -2.547919563949108124e-02 5.141782388091087341e-02 4.284034669399261475e-02 -2.002975195646286011e-01 7.087094336748123169e-02 4.096749424934387207e-02 8.849713485687971115e-04 -1.629282832145690918e-01 -8.561384677886962891e-02 -9.829047322273254395e-02 2.586133219301700592e-02 1.948782205581665039e-01 1.538817882537841797e-01 -5.721377953886985779e-02 4.142618551850318909e-02 8.592446893453598022e-02 -7.953142374753952026e-02 -4.450645670294761658e-02 2.084464393556118011e-02 -6.830731034278869629e-02 -3.124511614441871643e-02 -1.488830298185348511e-01 7.512895762920379639e-02 5.422274023294448853e-02 -8.499745279550552368e-02 5.584388971328735352e-02 -5.867436155676841736e-02 2.217036485671997070e-02 8.627080917358398438e-02 1.008250489830970764e-01 -2.732153981924057007e-02 3.200491890311241150e-02 -1.950538530945777893e-02 -3.757975250482559204e-02 1.062580645084381104e-01 2.017362974584102631e-02 -5.650085955858230591e-02 1.001268848776817322e-01 -1.513780653476715088e-01 -1.100387573242187500e-01 8.625387400388717651e-02 -4.318469017744064331e-02 5.514518916606903076e-02 -6.510785222053527832e-02 -1.064701378345489502e-01 4.830307513475418091e-02 2.002622699365019798e-03 2.918973006308078766e-02 -1.339126229286193848e-01 6.132469326257705688e-02 -7.637575268745422363e-01 -4.160886257886886597e-02 1.509883105754852295e-01 -1.931213214993476868e-02 -5.506629869341850281e-02 3.060484230518341064e-01 3.396125510334968567e-02 1.479581296443939209e-01 4.573756754398345947e-01 -5.409102439880371094e-01 -1.493751287460327148e+00 4.771203100681304932e-01 -4.178724288940429688e-01 5.462764501571655273e-01 3.897862434387207031e-01 2.067223638296127319e-01 1.143979787826538086e+00 -4.383753836154937744e-01 2.274657338857650757e-01 -1.200263574719429016e-01 7.824592292308807373e-02 -1.480668634176254272e-01
4.131389781832695007e-02 -1.337581966072320938e-02 -4.444453492760658264e-02 6.359062343835830688e-02 6.485864520072937012e-02 7.921725511550903320e-02 -7.269087433815002441e-02 -4.758080840110778809e-02 -2.944164723157882690e-02 7.380884885787963867e-02 -5.008138343691825867e-02 2.378158504143357277e-03 -9.053101390600204468e-02 5.241841450333595276e-02 -7.978712767362594604e-02 -6.258965283632278442e-02 -5.897838622331619263e-02 4.332409054040908813e-02 -2.016636729240417480e-02 -7.963007688522338867e-02 4.569484665989875793e-02 3.640155121684074402e-02 4.217742010951042175e-03 -6.761249154806137085e-02 -3.929968178272247314e-02 -8.868415839970111847e-03 7.384062558412551880e-02 7.726794481277465820e-02 8.248725533485412598e-02 6.624297797679901123e-02 -5.513246729969978333e-02 1.174214109778404236e-01 3.563352301716804504e-02 8.969128248281776905e-04 -8.542773872613906860e-02 -1.421920806169509888e-01 -4.714339599013328552e-02 -8.900517970323562622e-02 4.964131116867065430e-02 -3.024162724614143372e-03 -2.563347108662128448e-03 -5.615106597542762756e-02 8.550821244716644287e-02 -7.872847467660903931e-02 -1.244684383273124695e-01 -3.700396418571472168e-02 -1.037675607949495316e-02 -9.743467718362808228e-02 -4.345279186964035034e-02 -1.061830818653106689e-01 -1.258049253374338150e-02 -2.284310609102249146e-01 -2.796308835968375206e-03 1.268620491027832031e-01 -3.386372700333595276e-02 -2.545093297958374023e-01 -1.568891108036041260e-02 1.938336342573165894e-01 -6.246042251586914062e-02 -3.646773472428321838e-02 9.714194573462009430e-03 -1.489287335425615311e-02 -2.682966291904449463e-01 -1.384961456060409546e-01 2.057008296251296997e-01 -1.896737366914749146e-01 -3.445686399936676025e-01 3.253930509090423584e-01 -9.144175797700881958e-02 -7.755633443593978882e-03 -2.032426297664642334e-01 -1.100501567125320435e-01 2.983545362949371338e-01 -1.334166713058948517e-02 1.601538956165313721e-01 -1.941909044981002808e-01 8.478258848190307617e-01 -7.616971433162689209e-02 2.365810632705688477e+00 -8.041562885046005249e-02 -3.877932727336883545e-01 -3.794329613447189331e-02 -1.485266685485839844e-01 1.537475436925888062e-01 -7.456395030021667480e-01 -6.014712452888488770e-01 4.847292602062225342e-01 1.154756784439086914e+00 1.169119596481323242e+00 -1.231288388371467590e-01 -1.735708862543106079e-01 -1.387385368347167969e+00 -8.749356120824813843e-02 -4.665981233119964600e-01 -3.808814883232116699e-01 4.116686284542083740e-01 3.773832619190216064e-01 -1.184600442647933960e-01 -9.969971328973770142e-02 -1.124439164996147156e-01
-2.827943488955497742e-02 8.990083634853363037e-02 -5.085563287138938904e-02 5.821079481393098831e-03 -1.201513223350048065e-02 -3.966740518808364868e-02 6.818944960832595825e-02 3.894900158047676086e-02 -7.466493546962738037e-02 7.237115502357482910e-02 -3.911431878805160522e-02 -9.176024794578552246e-02 -6.684780120849609375e-02 -7.906950265169143677e-02 7.604580372571945190e-02 1.196106895804405212e-03 5.513261537998914719e-03 8.237441070377826691e-03 -8.359350264072418213e-02 8.811071515083312988e-03 -2.643933054059743881e-03 -8.624560385942459106e-02 -5.165432579815387726e-03 -8.583315461874008179e-02 -5.551000311970710754e-02 -5.172571167349815369e-03 1.851880364120006561e-02 -1.907968893647193909e-03 -1.021740362048149109e-01 7.891361019574105740e-04 7.037197798490524292e-02 9.121794998645782471e-02 -3.545872122049331665e-02 3.365621343255043030e-02 -2.856369689106941223e-02 -2.280806936323642731e-02 -1.378681324422359467e-02 -5.220920220017433167e-02 6.959538161754608154e-02 6.162628903985023499e-02 3.409631550312042236e-02 5.732806026935577393e-02 -8.944915235042572021e-02 9.191679209470748901e-02 2.416916750371456146e-02 -1.670620217919349670e-02 7.748891413211822510e-02 8.768206089735031128e-02 4.076400771737098694e-02 2.549995854496955872e-02 7.366187870502471924e-02 2.901731990277767181e-02 4.097580909729003906e-02 5.930291116237640381e-02 -9.325572289526462555e-03 -4.319907631725072861e-03 -3.480352461338043213e-02 -6.307468563318252563e-02 -6.931193172931671143e-03 -2.603359520435333252e-02 8.352609723806381226e-02 -8.357229083776473999e-02 -5.115059018135070801e-02 -7.153726369142532349e-02 -3.994164289906620979e-04 -8.419829607009887695e-02 -5.523180216550827026e-02 7.756223529577255249e-02 -2.624380588531494141e-02 -1.602651923894882202e-02 1.126331090927124023e-02 -6.880745291709899902e-02 -8.116097748279571533e-02 1.897170580923557281e-02 -1.154881063848733902e-02 3.254219517111778259e-02 3.069068863987922668e-02 -3.880478814244270325e-02 8.176159113645553589e-03 4.282945021986961365e-02 -7.851679809391498566e-03 7.954569160938262939e-02 -9.705255180597305298e-02 -1.463625282049179077e-01 -8.877351880073547363e-02 2.151484228670597076e-02 -7.710599154233932495e-02 1.689577102661132812e-02 7.603538688272237778e-03 -2.413683533668518066e-01 1.320951581001281738e-01 8.932133018970489502e-02 -8.634730428457260132e-02 -1.433298457413911819e-02 -5.607106909155845642e-02 4.036320373415946960e-02 -5.434308946132659912e-02 -6.011414900422096252e-02 1.365326046943664551e-01 -5.590088292956352234e-02
-9.607269614934921265e-02 -5.670422315597534180e-02 -9.658454358577728271e-02 8.586055599153041840e-03 -5.695046856999397278e-03 -8.384392410516738892e-02 1.205488108098506927e-02 -2.455723471939563751e-02 4.772119969129562378e-02 1.064505148679018021e-02 3.168835118412971497e-02 -4.071251302957534790e-02 1.302717346698045731e-02 5.012901499867439270e-02 7.285043597221374512e-02 9.200682491064071655e-02 -7.611881941556930542e-02 3.196673467755317688e-02 3.987153246998786926e-02 -6.015631556510925293e-02 -6.276991218328475952e-02 -1.091436818242073059e-01 -4.321198910474777222e-02 -2.423674426972866058e-02 -5.986560508608818054e-02 5.234436690807342529e-02 -3.205373510718345642e-02 -6.886173970997333527e-03 2.278184518218040466e-03 1.326130423694849014e-02 8.269384503364562988e-02 -1.856888830661773682e-02 8.274338208138942719e-03 -5.707792565226554871e-02 -1.129425223916769028e-02 -9.194854646921157837e-02 -5.382323265075683594e-02 -3.070031292736530304e-02 -3.625405021011829376e-03 -4.915847256779670715e-02 2.313754521310329437e-02 -1.145219206809997559e-01 1.828639209270477295e-02 -2.121161296963691711e-02 3.462165594100952148e-02 -6.525910645723342896e-02 -4.491157457232475281e-02 6.997948884963989258e-02 -5.981542170047760010e-02 1.737355627119541168e-02 -1.311872713267803192e-02 -1.136188656091690063e-01 4.639695957303047180e-02 4.820809885859489441e-02 7.099750638008117676e-02 -4.325941205024719238e-02 -1.455295272171497345e-02 5.432876944541931152e-02 1.008677296340465546e-03 9.144446253776550293e-02 -1.062721945345401764e-02 1.861175708472728729e-02 -6.684136390686035156e-02 -8.236680924892425537e-02 -6.068717688322067261e-02 -1.073717027902603149e-01 8.720275014638900757e-02 -7.909205555915832520e-02 -1.633144728839397430e-02 -6.631284207105636597e-02 1.901643723249435425e-02 5.898529663681983948e-02 5.951156094670295715e-02 9.770202636718750000e-02 8.447902649641036987e-02 -5.090377293527126312e-03 8.624116331338882446e-02 -1.018696874380111694e-01 6.895165145397186279e-02 -6.610238552093505859e-02 4.931539297103881836e-02 -3.140350745525211096e-04 2.037963643670082092e-02 -9.856791049242019653e-02 8.117767423391342163e-02 -1.521056704223155975e-02 9.131335653364658356e-03 7.848204113543033600e-03 -5.463703349232673645e-02 -1.137714609503746033e-01 -1.159721463918685913e-01 7.096754759550094604e-02 -1.205663308501243591e-01 8.209554105997085571e-02 1.663661934435367584e-02 6.533272564411163330e-02 -5.532388761639595032e-02 3.720039874315261841e-02 -1.052180025726556778e-02 -6.278651207685470581e-02
9.187205135822296143e-02 1.250948905944824219e-01 7.513769716024398804e-02 -1.690289080142974854e-01 -1.681720912456512451e-01 1.860885024070739746e-01 1.257157623767852783e-01 -1.722299680113792419e-02 1.252481639385223389e-01 -1.666060090065002441e-01 1.715726852416992188e-01 -9.920703619718551636e-02 1.529187858104705811e-01 1.859529316425323486e-01 1.523574441671371460e-01 -2.666210569441318512e-02 2.003443688154220581e-01 -1.482855081558227539e-01 8.479601703584194183e-03 -3.061501309275627136e-02 1.515836268663406372e-01 1.079454198479652405e-01 1.959010958671569824e-01 1.474957764148712158e-01 8.861777186393737793e-02 1.393232345581054688e-01 -1.598600894212722778e-01 -9.473790973424911499e-02 4.279816895723342896e-02 -1.582084298133850098e-01 -1.302550435066223145e-01 1.013262290507555008e-02 -1.102940589189529419e-01 7.522869110107421875e-02 1.165450066328048706e-01 8.668234944343566895e-02 -1.461372431367635727e-02 -3.118618950247764587e-02 7.282231748104095459e-02 -2.431671172380447388e-01 -2.315703965723514557e-02 2.598867565393447876e-02 1.051408350467681885e-01 -8.535990118980407715e-02 9.420455992221832275e-02 -1.787557303905487061e-01 1.999004185199737549e-01 5.606406182050704956e-02 -8.113422989845275879e-02 6.268801540136337280e-02 -1.654029637575149536e-01 2.890310883522033691e-01 1.170170605182647705e-01 -3.218361437320709229e-01 2.293821275234222412e-01 2.613677680492401123e-01 9.881871938705444336e-02 -2.110999524593353271e-01 2.754635214805603027e-01 -6.743554770946502686e-02 2.464395202696323395e-02 1.269715726375579834e-01 1.083466708660125732e-01 1.190482825040817261e-01 -1.139064878225326538e-02 2.341901659965515137e-01 2.011760324239730835e-01 1.036029160022735596e-01 -5.623635277152061462e-02 -1.079430151730775833e-02 1.283112317323684692e-01 1.759914606809616089e-01 -7.880984246730804443e-02 4.379250854253768921e-02 -7.463134080171585083e-02 2.138449549674987793e-01 1.170465201139450073e-01 3.554492890834808350e-01 9.692347049713134766e-01 2.828208804130554199e-01 8.267750591039657593e-02 1.214669495820999146e-01 -4.274314045906066895e-01 -3.557267487049102783e-01 5.252664908766746521e-02 -2.709466814994812012e-01 -5.637638568878173828e-01 -6.572569012641906738e-01 -9.559574723243713379e-01 -8.154293894767761230e-01 -1.736080348491668701e-01 6.455526500940322876e-02 -4.641214609146118164e-01 2.943103015422821045e-01 -3.622530698776245117e-01 3.681879639625549316e-01 -2.987167835235595703e-01 -1.713913828134536743e-01 1.409057229757308960e-01 4.360223934054374695e-02
9.831479191780090332e-02 1.489240080118179321e-01 3.734584152698516846e-02 -1.048931181430816650e-01 -8.791350573301315308e-02 1.253611296415328979e-01 9.723190963268280029e-02 8.873877674341201782e-02 -9.776537306606769562e-03 -5.690332874655723572e-02 7.714674621820449829e-02 3.458715230226516724e-02 1.022722944617271423e-01 4.423238802701234818e-03 7.861167192459106445e-02 -6.155079230666160583e-02 1.474024057388305664e-01 -3.265109658241271973e-02 -4.435946792364120483e-02 -8.648692071437835693e-02 1.256760116666555405e-02 1.137953773140907288e-01 3.326913714408874512e-02 1.140645667910575867e-01 4.151134938001632690e-02 3.674774989485740662e-02 -3.620354086160659790e-02 6.708279997110366821e-02 2.591310068964958191e-02 -1.130615323781967163e-01 -4.177862033247947693e-02 -4.740800708532333374e-02 -9.475719928741455078e-02 -2.649633213877677917e-02 3.573182225227355957e-02 -5.381544120609760284e-03 4.508039727807044983e-02 -3.573196008801460266e-02 1.067950055003166199e-01 1.908848062157630920e-02 5.483441427350044250e-02 5.378918256610631943e-03 7.102361321449279785e-02 -1.032775491476058960e-01 -3.428464755415916443e-02 -4.368450026959180832e-03 2.139053121209144592e-02 2.503190562129020691e-02 -4.586225003004074097e-02 9.216748178005218506e-02 -7.166954129934310913e-02 6.986075639724731445e-02 -1.516975369304418564e-02 -1.581927090883255005e-01 -2.585825510323047638e-02 1.062034368515014648e-01 7.358923554420471191e-03 -9.580947458744049072e-02 1.149042695760726929e-01 -9.333599358797073364e-02 -1.608074456453323364e-02 1.634396612644195557e-01 1.141646504402160645e-01 4.648058116436004639e-02 1.062208563089370728e-01 1.132370680570602417e-01 5.477229878306388855e-02 -7.225852459669113159e-02 -4.618198797106742859e-02 9.562283009290695190e-02 8.406241983175277710e-02 -1.533739850856363773e-03 -4.303970932960510254e-02 7.791245728731155396e-02 -1.240943297743797302e-01 7.298081181943416595e-03 4.560804367065429688e-02 9.068045765161514282e-02 -2.709044516086578369e-01 1.572008877992630005e-01 1.641627252101898193e-01 -1.701011508703231812e-02 1.293308287858963013e-01 1.313514858484268188e-01 7.665456831455230713e-02 1.362362317740917206e-02 1.061365753412246704e-01 -8.420600742101669312e-02 -7.993409037590026855e-02 1.055422574281692505e-01 2.752650678157806396e-01 2.392633073031902313e-02 4.873200878500938416e-02 -8.967966586351394653e-02 5.289877653121948242e-01 -1.431327462196350098e-01 1.080712452530860901e-01 1.618924438953399658e-01 -2.174066379666328430e-02 1.286294218152761459e-02
1.160372607409954071e-02 8.406265825033187866e-02 -5.271510779857635498e-02 -6.125225499272346497e-02 3.027662262320518494e-02 -8.740635216236114502e-02 -9.168116003274917603e-02 -9.720665961503982544e-02 -4.223107919096946716e-02 -3.068315424025058746e-02 -6.967446953058242798e-02 2.859060093760490417e-02 -8.280958980321884155e-02 -1.386167109012603760e-02 5.577290058135986328e-02 -2.434519678354263306e-02 8.138668537139892578e-02 6.371784955263137817e-02 3.535198047757148743e-02 -1.896746270358562469e-02 -3.355295956134796143e-02 6.336555629968643188e-02 7.942615449428558350e-02 -6.716299802064895630e-02 5.642332881689071655e-02 7.111139595508575439e-02 -3.473869711160659790e-02 -6.024010106921195984e-02 -4.846932366490364075e-02 2.490061102434992790e-03 -7.987400144338607788e-02 -5.847612861543893814e-03 -3.047116659581661224e-02 6.270744651556015015e-02 -2.912995405495166779e-02 -5.002090707421302795e-02 3.408287465572357178e-02 2.044490072876214981e-03 8.890071883797645569e-03 4.051181953400373459e-03 -7.490073889493942261e-02 -2.054294198751449585e-02 7.501116394996643066e-02 -4.001237824559211731e-02 -3.170431032776832581e-02 8.227610588073730469e-02 -8.451841771602630615e-02 7.534970529377460480e-03 9.875880926847457886e-02 5.288107320666313171e-02 7.329504936933517456e-02 1.692814193665981293e-02 4.081477224826812744e-02 8.667695522308349609e-02 -4.261847957968711853e-02 1.231985515914857388e-04 4.051027446985244751e-02 6.901200115680694580e-02 -8.407530188560485840e-02 -7.733303355053067207e-04 -4.353595897555351257e-02 7.138502597808837891e-02 4.771911725401878357e-02 -7.065215706825256348e-02 3.291739523410797119e-02 -9.559602290391921997e-02 2.639164403080940247e-02 2.132784761488437653e-02 -3.330891951918601990e-02 3.945630975067615509e-03 -2.357548102736473083e-02 -7.376362383365631104e-02 8.962539583444595337e-02 -1.387992408126592636e-02 -2.271268703043460846e-02 5.269000679254531860e-02 -9.288311004638671875e-02 -9.030775725841522217e-02 -2.625424414873123169e-02 5.612377449870109558e-02 -1.129550412297248840e-01 -5.653942003846168518e-03 5.877942591905593872e-02 8.436340838670730591e-02 1.088345199823379517e-01 -1.829764805734157562e-02 -3.122409805655479431e-02 -1.151330769062042236e-01 -1.009939983487129211e-02 -1.499705831520259380e-03 1.412950176745653152e-02 -1.107660382986068726e-01 -3.035471215844154358e-02 -4.304791614413261414e-02 -5.384315177798271179e-02 -1.649299860000610352e-01 -1.326354444026947021e-01 8.346211165189743042e-02 -7.993704080581665039e-02 9.408701956272125244e-02
-1.719821803271770477e-02 -4.703960195183753967e-02 -4.482375457882881165e-02 -9.426581114530563354e-02 -7.262517511844635010e-02 9.093514829874038696e-02 -6.889067590236663818e-02 1.405170559883117676e-02 -3.780858218669891357e-02 -4.506047442555427551e-02 -1.053425576537847519e-02 -9.582175314426422119e-02 3.402030840516090393e-02 5.198530107736587524e-02 9.229861944913864136e-02 3.637272119522094727e-02 8.141740225255489349e-03 -4.576385766267776489e-02 -1.052349358797073364e-01 -5.334180593490600586e-02 9.062305837869644165e-02 -7.293134182691574097e-02 1.050166189670562744e-01 -3.193090111017227173e-02 -3.134766221046447754e-02 7.631175965070724487e-02 2.835310250520706177e-02 9.984281659126281738e-02 -9.053206443786621094e-02 -3.759414190426468849e-03 -8.958614617586135864e-02 5.462969839572906494e-02 3.677047044038772583e-02 -6.500758975744247437e-02 -5.985449999570846558e-02 8.201064541935920715e-03 -7.030655443668365479e-02 -4.363670479506254196e-03 -8.751438558101654053e-02 -3.341025859117507935e-02 -1.696279831230640411e-02 1.193220727145671844e-02 8.921663463115692139e-02 8.093953132629394531e-02 5.738254636526107788e-02 -1.034899707883596420e-02 -7.519682496786117554e-02 6.133685633540153503e-02 -4.972576722502708435e-02 4.522685334086418152e-02 5.030250549316406250e-02 -9.217056632041931152e-02 1.626185700297355652e-02 -8.158414810895919800e-02 4.403205588459968567e-02 -8.619961142539978027e-02 9.309153258800506592e-02 -3.037367202341556549e-02 9.053444117307662964e-02 9.046265482902526855e-02 7.721994817256927490e-02 -7.088975608348846436e-02 -6.884404271841049194e-02 1.017257943749427795e-01 4.574568197131156921e-02 9.220697730779647827e-02 -9.094668179750442505e-02 -3.780253604054450989e-02 5.054736509919166565e-02 1.439810916781425476e-02 -6.102795898914337158e-02 7.416238635778427124e-02 5.574635416269302368e-02 3.033088333904743195e-02 -3.753667697310447693e-02 -2.557609416544437408e-02 9.974034875631332397e-02 5.933062732219696045e-02 -6.922817975282669067e-02 2.934632822871208191e-02 -8.950255811214447021e-02 6.645959615707397461e-02 -1.226749457418918610e-02 -5.751854926347732544e-02 5.651429295539855957e-02 -4.466493148356676102e-03 3.390643373131752014e-02 6.538111716508865356e-02 1.609261184930801392e-01 1.206886768341064453e-02 9.153876453638076782e-02 9.523113816976547241e-02 9.032940119504928589e-02 7.773201912641525269e-02 -2.888976782560348511e-02 6.695876270532608032e-02 -6.132263317704200745e-02 1.263752132654190063e-01 -6.536775082349777222e-02 1.431867778301239014e-01
1.788047328591346741e-02 8.441873639822006226e-02 4.203210398554801941e-02 -7.294099032878875732e-02 -1.007912680506706238e-01 8.464511483907699585e-02 -2.421782538294792175e-02 5.971967428922653198e-02 5.883223842829465866e-03 -2.373665757477283478e-02 -3.435647115111351013e-02 -2.195990271866321564e-02 7.778446376323699951e-02 -5.867205909453332424e-04 5.868021771311759949e-02 5.255879834294319153e-02 -1.696507260203361511e-02 -6.693994998931884766e-02 -9.688454866409301758e-02 6.112876906991004944e-02 -2.333921380341053009e-02 2.047331258654594421e-02 -1.508013345301151276e-02 6.391578167676925659e-02 8.303467929363250732e-02 5.780156329274177551e-02 -8.878554217517375946e-03 -7.397227734327316284e-02 4.088823869824409485e-02 -6.566511839628219604e-02 7.029385864734649658e-02 1.951314741745591164e-03 1.103373244404792786e-02 5.573540180921554565e-02 9.661453217267990112e-02 -8.825936820358037949e-04 -1.862341351807117462e-02 -7.313014473766088486e-03 -7.824300974607467651e-02 -1.563528785482048988e-03 -2.607799880206584930e-02 -9.162984043359756470e-02 7.517831027507781982e-02 -1.589566655457019806e-02 -6.229842081665992737e-03 -2.372179180383682251e-02 5.280071869492530823e-03 -1.216654106974601746e-02 3.695338591933250427e-02 6.566037237644195557e-02 9.619582444429397583e-02 1.038351282477378845e-01 -8.857809752225875854e-02 -9.745515137910842896e-02 7.708922773599624634e-02 -6.700850278139114380e-02 5.378164350986480713e-02 -1.522920560091733932e-02 -6.806490477174520493e-03 -7.615423202514648438e-02 -3.804466128349304199e-02 6.102520041167736053e-03 3.805247321724891663e-02 8.184355497360229492e-02 1.349759940057992935e-02 8.702213317155838013e-02 -3.412832319736480713e-02 2.992891520261764526e-02 -5.639493092894554138e-02 6.738105416297912598e-02 1.027354374527931213e-01 1.502816565334796906e-02 2.127886563539505005e-02 -2.151415683329105377e-02 -5.923222377896308899e-02 -1.189675065688788891e-03 -1.972628571093082428e-02 -7.881551980972290039e-03 -3.384195640683174133e-02 -6.224117428064346313e-02 -6.328544765710830688e-02 8.565240353345870972e-02 9.451700374484062195e-03 -8.252248167991638184e-02 -3.154288977384567261e-02 -3.702872246503829956e-02 7.219319045543670654e-02 5.749385058879852295e-02 7.878580689430236816e-02 7.426440250128507614e-03 3.100595064461231232e-02 8.819583803415298462e-02 8.962015062570571899e-02 3.191882371902465820e-02 4.841737449169158936e-02 -6.892214715480804443e-02 -6.751712411642074585e-02 -4.057264700531959534e-02 -1.888722740113735199e-02 3.794709593057632446e-02
-5.048392340540885925e-02 1.051253974437713623e-01 3.794916346669197083e-02 -2.222726866602897644e-02 8.962631970643997192e-02 9.327360987663269043e-02 -7.200703024864196777e-02 -7.012083381414413452e-02 1.187724620103836060e-02 4.501282423734664917e-02 8.845260739326477051e-02 -1.958208344876766205e-02 -1.382747106254100800e-02 -3.527395427227020264e-03 -3.576073795557022095e-02 -1.945596747100353241e-02 9.555897861719131470e-02 6.829670816659927368e-02 5.563054606318473816e-02 2.470898255705833435e-02 -2.631984651088714600e-03 -3.866857290267944336e-02 -2.779071405529975891e-02 -1.747420430183410645e-02 5.511191673576831818e-03 1.175476014614105225e-01 -5.989816971123218536e-03 4.499238356947898865e-02 -3.352396190166473389e-02 3.505373001098632812e-02 -2.128524892032146454e-02 -2.644606679677963257e-02 -1.243126858025789261e-02 5.228818580508232117e-02 1.480954932048916817e-03 3.428066521883010864e-02 3.888086182996630669e-03 5.385786294937133789e-03 -4.198363795876502991e-02 -3.690792014822363853e-03 -2.985175698995590210e-02 -6.205064058303833008e-02 -7.479871809482574463e-02 1.524505019187927246e-02 -6.461303681135177612e-02 4.827928170561790466e-02 -1.195405423641204834e-02 -8.338870108127593994e-02 -5.760680884122848511e-02 6.307902932167053223e-02 -1.725878380239009857e-02 1.136203259229660034e-01 3.941037505865097046e-02 1.522260811179876328e-02 8.733822405338287354e-02 -2.935265004634857178e-02 -6.550301611423492432e-02 -1.302680373191833496e-02 1.652775891125202179e-02 4.648032784461975098e-02 1.843306049704551697e-02 -3.993858024477958679e-02 9.867109358310699463e-02 -5.773768573999404907e-02 4.542949050664901733e-02 8.562394231557846069e-02 -3.435544669628143311e-02 8.294364064931869507e-02 -1.223744526505470276e-01 -5.426833406090736389e-02 8.607439696788787842e-03 2.038929052650928497e-02 3.142298758029937744e-02 -2.136657759547233582e-02 4.322031885385513306e-02 1.243344992399215698e-01 1.418060511350631714e-01 5.300771817564964294e-02 -2.347279898822307587e-02 4.803352802991867065e-02 -4.914315789937973022e-02 2.975557371973991394e-02 -5.293511599302291870e-02 9.353568404912948608e-02 -5.184399778954684734e-04 1.134385913610458374e-01 3.224392607808113098e-02 -9.220143407583236694e-02 1.063746120780706406e-02 8.323163539171218872e-02 4.540316388010978699e-02 1.301896125078201294e-01 -6.021791696548461914e-02 -1.026610434055328369e-01 1.816366612911224365e-01 1.513151526451110840e-01 3.546033054590225220e-02 1.328392773866653442e-01 5.639202147722244263e-02 -9.522393345832824707e-03
1.119576990604400635e-01 1.516271829605102539e-01 7.237975299358367920e-02 -3.934366628527641296e-02 -1.736270077526569366e-02 -3.810789436101913452e-02 3.159999847412109375e-02 8.582615107297897339e-02 -2.085112407803535461e-02 -3.880992904305458069e-02 7.577767223119735718e-02 -1.424009203910827637e-01 1.806853339076042175e-02 -2.329699136316776276e-02 -5.366960912942886353e-02 -1.150992587208747864e-01 1.243746280670166016e-01 -3.712503984570503235e-02 1.746831275522708893e-02 -6.951402872800827026e-02 7.216513901948928833e-02 -5.340502038598060608e-02 -3.972554206848144531e-02 4.509844630956649780e-02 -6.939385831356048584e-02 6.725786626338958740e-02 -1.727774739265441895e-02 3.518068045377731323e-02 -4.225391522049903870e-02 -6.021713092923164368e-02 3.850609064102172852e-02 -4.932429641485214233e-03 -1.229114681482315063e-01 2.540103159844875336e-02 1.308971364051103592e-02 1.594542562961578369e-01 4.376539960503578186e-02 -3.209971636533737183e-02 1.031590178608894348e-01 3.762249648571014404e-02 -5.491989850997924805e-02 8.952593058347702026e-02 -7.582695782184600830e-02 5.138969421386718750e-02 1.533454842865467072e-02 -1.294312882237136364e-03 6.731607019901275635e-02 1.360489055514335632e-02 -6.744668935425579548e-04 -3.636667504906654358e-03 6.053609400987625122e-02 9.704402834177017212e-02 1.182350963354110718e-01 5.709855630993843079e-02 1.658228226006031036e-02 -1.239865366369485855e-02 -5.526451766490936279e-02 -1.010634899139404297e-01 2.558907866477966309e-02 -3.626114875078201294e-02 1.302039772272109985e-01 -2.896454650908708572e-03 8.736682683229446411e-02 -6.293512135744094849e-02 3.701448813080787659e-02 2.685249550268054008e-03 5.300490558147430420e-02 1.743265539407730103e-01 -2.320509999990463257e-01 7.542826235294342041e-03 -1.885087043046951294e-02 5.162951722741127014e-02 4.342848435044288635e-03 3.065973334014415741e-02 6.374465674161911011e-02 6.903973221778869629e-02 4.601027667522430420e-01 -2.321032807230949402e-02 1.722163200378417969e+00 -4.605538398027420044e-02 -1.268924027681350708e-01 8.090910315513610840e-02 -9.870868921279907227e-02 3.936017397791147232e-03 -3.264634013175964355e-01 -1.784249991178512573e-01 1.390716731548309326e-01 1.345046162605285645e-01 1.324228644371032715e-01 -3.272191286087036133e-01 -1.983704976737499237e-02 -2.900857925415039062e-01 -1.660960465669631958e-01 -3.092287480831146240e-01 1.675887554883956909e-01 1.107058882713317871e+00 -6.801895052194595337e-02 -1.674872189760208130e-01 -3.437333740293979645e-03 -2.806837670505046844e-02
-7.131080329418182373e-02 -5.045777931809425354e-02 1.414562482386827469e-02 -7.462058216333389282e-02 1.211147531867027283e-01 6.322805583477020264e-02 -1.378831360489130020e-02 4.626592993736267090e-02 2.513735368847846985e-02 7.148177921772003174e-02 -8.602084964513778687e-02 -4.056957736611366272e-02 -1.430390588939189911e-02 2.190501242876052856e-02 -8.018285036087036133e-02 2.921253442764282227e-02 -5.946597084403038025e-02 -7.384808361530303955e-02 1.121037155389785767e-01 -6.393390148878097534e-02 -5.321915820240974426e-02 3.614395856857299805e-02 -5.440160632133483887e-02 -2.798065356910228729e-02 -6.509130448102951050e-02 -8.439650386571884155e-02 3.918848559260368347e-02 -1.138753145933151245e-01 -7.078470289707183838e-02 1.094104051589965820e-01 5.896416958421468735e-03 -1.585639081895351410e-02 1.011972725391387939e-01 2.461308240890502930e-02 -1.011282727122306824e-01 3.266569972038269043e-02 -7.599059492349624634e-02 1.127085313200950623e-01 -1.073660403490066528e-01 -7.466899603605270386e-02 6.060317903757095337e-02 -1.133273765444755554e-01 -8.493150025606155396e-02 7.569980621337890625e-02 2.512791194021701813e-02 4.119263961911201477e-02 6.516957283020019531e-02 2.397692296653985977e-03 4.860150814056396484e-02 -1.769764535129070282e-02 2.125324681401252747e-02 4.773560166358947754e-02 -4.551744461059570312e-02 4.615989699959754944e-02 -5.090630427002906799e-02 -6.927536427974700928e-02 -2.526383660733699799e-02 -8.374052122235298157e-03 -4.906946420669555664e-02 -2.235829271376132965e-02 -1.212361901998519897e-01 -1.059758942574262619e-02 -8.809270337224006653e-03 -1.980875618755817413e-02 5.131860077381134033e-02 1.298584230244159698e-02 7.265732437372207642e-02 8.324914425611495972e-02 -5.615952238440513611e-02 -1.406938135623931885e-01 -4.532726854085922241e-02 2.778230607509613037e-02 -4.262927174568176270e-02 5.738513171672821045e-02 6.711326539516448975e-02 -9.400683641433715820e-02 3.214234113693237305e-02 4.993990808725357056e-02 9.672359377145767212e-02 -9.265028685331344604e-02 -1.256753653287887573e-01 7.205283641815185547e-02 -6.209992989897727966e-02 -6.295937299728393555e-02 8.813575841486454010e-03 -7.753101736307144165e-02 3.945872560143470764e-02 -7.136009633541107178e-02 -3.419793397188186646e-02 -2.119868807494640350e-02 -6.842438876628875732e-02 1.534281671047210693e-02 -3.362508118152618408e-02 2.064196765422821045e-02 -5.812339484691619873e-03 -3.166467323899269104e-02 -1.109552904963493347e-01 -1.533636748790740967e-01 -5.962066818028688431e-03 -1.545120477676391602e-01
-8.200123161077499390e-02 -5.403196811676025391e-02 -6.743899732828140259e-02 8.721561171114444733e-03 1.594270020723342896e-02 -7.107983529567718506e-02 -9.618280827999114990e-02 6.530374288558959961e-02 8.476211130619049072e-02 -7.893050462007522583e-02 1.175852678716182709e-02 -5.141013860702514648e-02 8.701166138052940369e-03 -6.194266304373741150e-02 2.120500430464744568e-02 -3.778535872697830200e-03 5.817680805921554565e-02 9.601170569658279419e-02 1.078110858798027039e-01 1.029763892292976379e-01 -4.616362974047660828e-02 -5.208854377269744873e-02 -6.877037137746810913e-02 -5.132104456424713135e-02 -3.695268929004669189e-02 -7.379011809825897217e-02 -1.770447939634323120e-02 -7.642700523138046265e-02 1.915632933378219604e-02 3.236920759081840515e-02 -8.879499882459640503e-02 3.097835555672645569e-02 6.341183185577392578e-02 -9.833916276693344116e-02 1.020580530166625977e-01 -3.427476808428764343e-02 -3.017979115247726440e-02 -6.526024639606475830e-02 4.713968187570571899e-02 -8.403886109590530396e-02 4.710253700613975525e-02 8.886799961328506470e-02 3.370675072073936462e-02 7.207980751991271973e-02 -2.353442274034023285e-02 2.258368395268917084e-02 -9.670784324407577515e-02 -7.162660360336303711e-02 7.660827785730361938e-02 7.479462772607803345e-02 -6.203458458185195923e-02 -1.482609566301107407e-02 -8.527036756277084351e-02 5.062692984938621521e-02 6.977614946663379669e-03 -7.659617066383361816e-02 5.469362065196037292e-02 2.186564728617668152e-02 -9.067803621292114258e-03 9.529507905244827271e-02 2.592442743480205536e-02 -9.319756180047988892e-03 4.453212954103946686e-03 -4.676046664826571941e-04 -4.043360427021980286e-02 5.160373449325561523e-02 1.292776037007570267e-02 6.509378552436828613e-03 6.535203009843826294e-02 4.094408452510833740e-02 6.442692875862121582e-02 -4.307684302330017090e-02 -4.427033290266990662e-02 2.823029272258281708e-02 -1.353409513831138611e-02 -6.391504406929016113e-02 8.311785757541656494e-02 1.300482358783483505e-02 1.419550776481628418e-01 -2.234237268567085266e-02 -3.062305413186550140e-02 -2.524190768599510193e-02 5.931483209133148193e-02 6.042750552296638489e-02 -1.540431194007396698e-02 -5.588078126311302185e-02 -9.974751621484756470e-02 -1.387600451707839966e-01 -3.488229587674140930e-02 4.744336754083633423e-02 5.932310968637466431e-02 -1.120175868272781372e-01 -8.571130782365798950e-02 1.102988570928573608e-01 4.750699177384376526e-02 -2.858268097043037415e-02 -2.641950920224189758e-02 6.485212128609418869e-03 8.931616693735122681e-02 -1.224118694663047791e-01
6.532147526741027832e-02 -1.292003691196441650e-02 2.095021493732929230e-02 -7.787535339593887329e-02 -5.725778266787528992e-02 3.477711603045463562e-02 -1.027989163994789124e-01 -8.998800814151763916e-02 2.250796929001808167e-02 -3.486031666398048401e-02 -6.071173772215843201e-02 -4.673293977975845337e-02 8.378552645444869995e-02 3.282030299305915833e-02 1.720316708087921143e-02 5.001068115234375000e-02 -8.387371152639389038e-02 3.708582953549921513e-04 5.062093213200569153e-02 -7.943236827850341797e-02 -2.989046275615692139e-02 -7.597198337316513062e-02 8.141326904296875000e-02 -7.425195723772048950e-02 5.823958665132522583e-02 -1.110235601663589478e-01 6.689110398292541504e-02 -6.697988510131835938e-02 -2.043216302990913391e-02 -6.481702625751495361e-02 -9.027013555169105530e-03 4.160745814442634583e-02 -5.521821975708007812e-02 -5.399569869041442871e-02 -5.306354165077209473e-02 4.057734832167625427e-02 -1.036417763680219650e-02 3.923740983009338379e-02 6.790958344936370850e-02 8.609786164015531540e-04 -8.214706182479858398e-02 -4.902217537164688110e-02 -5.136404559016227722e-02 2.962054312229156494e-02 -4.907422885298728943e-02 9.808094799518585205e-02 -4.570983815938234329e-03 -5.442472547292709351e-02 -3.593198955059051514e-02 4.193934425711631775e-02 -8.757337182760238647e-02 -2.642137184739112854e-02 -5.272786691784858704e-02 6.292299926280975342e-02 -8.684953302145004272e-02 -8.576660603284835815e-02 4.006545245647430420e-02 7.220129668712615967e-02 7.495574653148651123e-02 -3.235244005918502808e-02 -3.167737647891044617e-02 2.186185121536254883e-02 -8.748356997966766357e-02 -6.903728470206260681e-03 4.217648878693580627e-03 2.227069810032844543e-02 6.526406854391098022e-02 -9.716895967721939087e-02 6.069604679942131042e-02 -8.938578516244888306e-02 -2.046878915280103683e-03 -3.376974165439605713e-02 9.444613009691238403e-02 7.336180657148361206e-02 3.040768206119537354e-03 7.149993628263473511e-02 -5.895760282874107361e-02 -5.155269429087638855e-02 -1.619675457477569580e-01 -1.175472736358642578e-01 3.612197935581207275e-02 -1.169776320457458496e-01 2.890108712017536163e-02 -4.273637756705284119e-02 3.746357560157775879e-02 9.131583385169506073e-03 -1.232331525534391403e-02 1.908881030976772308e-02 -2.010919526219367981e-02 1.153933927416801453e-01 -2.761879004538059235e-02 1.760200969874858856e-02 -5.152465775609016418e-02 -6.992799043655395508e-02 -6.482309103012084961e-02 -2.282908707857131958e-01 -2.691325964406132698e-03 -1.092197820544242859e-01 -7.182163000106811523e-02 -9.665682911872863770e-02
-6.882883608341217041e-02 -1.149771437048912048e-01 -1.401310712099075317e-01 1.295665055513381958e-01 4.573932290077209473e-02 -2.508207224309444427e-02 -9.853284806013107300e-02 -6.661255843937397003e-03 4.243222251534461975e-02 -9.114574640989303589e-03 4.701958969235420227e-02 6.628341972827911377e-02 -5.798905715346336365e-02 -9.639746509492397308e-03 -1.210293844342231750e-01 -5.899250134825706482e-02 4.499480873346328735e-02 1.197206303477287292e-01 5.671763047575950623e-02 -2.390859089791774750e-02 3.405949845910072327e-02 -4.083886742591857910e-02 3.194386884570121765e-02 -9.122379869222640991e-02 -1.398937702178955078e-01 -2.349028177559375763e-02 3.050627373158931732e-02 -1.537745352834463120e-02 -1.286055892705917358e-01 8.236334659159183502e-03 8.733000606298446655e-02 5.956109985709190369e-02 -4.237817972898483276e-02 -1.464310567826032639e-02 2.556257415562868118e-03 6.447513401508331299e-02 6.911178678274154663e-02 -2.003874629735946655e-02 -5.162033438682556152e-02 -1.317767612636089325e-02 -1.260387748479843140e-01 -5.089426413178443909e-02 -1.249462813138961792e-01 5.465165898203849792e-02 -8.578009903430938721e-03 -1.249072141945362091e-02 3.526996076107025146e-02 1.115520745515823364e-01 7.383859902620315552e-02 1.233812794089317322e-01 8.945241570472717285e-02 -9.183906018733978271e-02 -6.576897203922271729e-02 9.614463895559310913e-03 -1.754097267985343933e-02 -1.213319152593612671e-01 -7.853280752897262573e-02 -8.481327444314956665e-02 5.592375993728637695e-02 1.064556464552879333e-01 -1.135066822171211243e-01 -1.127726659178733826e-01 4.075844213366508484e-02 -2.321268804371356964e-02 1.690721884369850159e-02 2.049901150166988373e-02 1.399769037961959839e-01 1.750403940677642822e-01 -1.514858454465866089e-01 -5.259876325726509094e-02 -9.548594057559967041e-02 -1.082387864589691162e-01 -3.961817547678947449e-02 3.089324012398719788e-02 -4.406047612428665161e-02 5.948934704065322876e-03 6.707511842250823975e-02 -9.668519720435142517e-03 6.522970646619796753e-02 8.436765521764755249e-03 3.418622165918350220e-02 -1.236560568213462830e-01 2.663596719503402710e-02 -1.833692342042922974e-01 -1.098446324467658997e-01 -2.988936007022857666e-02 -1.574579626321792603e-01 -8.810441941022872925e-02 1.782146841287612915e-01 -2.188678458333015442e-02 3.411365905776619911e-03 -5.630287341773509979e-03 -1.106885150074958801e-01 -1.233436018228530884e-01 -1.756429523229598999e-01 -2.114380709826946259e-03 -1.143452748656272888e-01 2.183532528579235077e-02 1.248132660984992981e-01 -9.852010756731033325e-02
5.724429339170455933e-02 5.581660941243171692e-02 -7.142300158739089966e-02 -1.503384578973054886e-02 6.397723406553268433e-02 5.326799675822257996e-02 -4.174550995230674744e-02 -5.842772871255874634e-02 3.310700505971908569e-02 -5.768248438835144043e-02 -1.330995233729481697e-03 9.002770483493804932e-02 -5.826857313513755798e-02 -2.430758997797966003e-02 7.303541642613708973e-04 -6.781142950057983398e-02 -1.163440942764282227e-01 -1.929208450019359589e-02 -8.720507612451910973e-04 2.792851254343986511e-02 2.158910222351551056e-02 2.851451979950070381e-03 -4.826820269227027893e-02 -7.613603025674819946e-02 -2.868638746440410614e-02 3.024294786155223846e-02 1.041366085410118103e-01 4.730226472020149231e-02 -1.207032576203346252e-01 4.759899899363517761e-02 2.884571999311447144e-02 -6.583624333143234253e-02 -3.702551126480102539e-02 3.440709784626960754e-02 -1.204148754477500916e-01 -1.393744796514511108e-01 2.563165500760078430e-02 -7.440524641424417496e-03 -1.239761784672737122e-01 8.874835819005966187e-02 -1.445699669420719147e-02 -1.093494370579719543e-01 -2.824548445641994476e-02 2.549881115555763245e-02 -8.920136094093322754e-02 1.006894186139106750e-01 -1.751996576786041260e-03 -7.527535408735275269e-02 3.729883581399917603e-02 9.768324345350265503e-02 -2.560331672430038452e-02 8.775554597377777100e-02 2.671751193702220917e-02 -5.470910668373107910e-02 -4.159099236130714417e-02 1.085557341575622559e-01 6.177412346005439758e-02 4.729399085044860840e-02 7.365840673446655273e-02 5.490335449576377869e-02 8.822371065616607666e-02 -5.314748734235763550e-02 1.029784232378005981e-01 2.779651805758476257e-02 -2.851108647882938385e-02 9.729804098606109619e-02 -1.144178863614797592e-02 -2.413958162069320679e-01 1.497312486171722412e-01 2.239935472607612610e-02 3.615069901570677757e-03 7.742259651422500610e-02 -7.404982298612594604e-02 9.688005782663822174e-03 9.361946582794189453e-02 9.503977000713348389e-02 -3.127440214157104492e-01 -3.819920495152473450e-02 -7.311132550239562988e-01 8.337848633527755737e-02 1.262683868408203125e-01 -1.320789568126201630e-02 1.407695263624191284e-01 -6.929443916305899620e-04 3.367108702659606934e-01 -7.535246200859546661e-03 -1.532592326402664185e-01 -3.319324851036071777e-01 -2.178525328636169434e-01 -1.253859102725982666e-01 1.841749399900436401e-01 5.231539905071258545e-02 1.434751041233539581e-02 -4.125453531742095947e-03 2.168249487876892090e-01 -2.548370361328125000e-01 7.068018615245819092e-02 8.229484409093856812e-02 -1.088482514023780823e-01 2.677784301340579987e-02
7.801397237926721573e-03 6.303109228610992432e-02 4.858837928622961044e-03 4.737865924835205078e-02 7.421045005321502686e-02 -6.748842447996139526e-02 -8.245316147804260254e-02 8.814974129199981689e-02 7.975314557552337646e-02 -6.378721445798873901e-03 1.804327219724655151e-02 -1.622486673295497894e-02 -6.675135344266891479e-02 8.541410416364669800e-02 3.046183474361896515e-02 1.257685478776693344e-02 4.313530027866363525e-02 3.009105101227760315e-02 -8.253382146358489990e-02 2.902513183653354645e-02 7.702471315860748291e-02 5.807405803352594376e-03 -8.325509727001190186e-02 -9.246233105659484863e-02 5.967701226472854614e-02 7.873703539371490479e-02 3.404666855931282043e-02 -1.105692982673645020e-01 5.870696157217025757e-03 2.745865099132061005e-02 -1.588378334417939186e-03 -4.761171340942382812e-02 5.658572074025869370e-03 -5.408997461199760437e-02 1.585035771131515503e-02 -1.216178946197032928e-02 2.792146243155002594e-02 -6.218139454722404480e-02 1.079989299178123474e-01 -1.435207948088645935e-02 5.654833465814590454e-02 3.913826122879981995e-02 -3.504054993391036987e-02 -3.993141278624534607e-02 -9.282319806516170502e-03 3.772445023059844971e-02 -1.034218166023492813e-02 9.719323366880416870e-03 5.800497159361839294e-02 8.576863259077072144e-02 8.377216011285781860e-02 -5.630291998386383057e-02 3.802111372351646423e-02 6.973560899496078491e-02 -1.633334346115589142e-02 3.452824801206588745e-02 4.910574480891227722e-02 4.268769174814224243e-02 6.537509709596633911e-02 2.266271598637104034e-02 -3.793843463063240051e-02 2.113712206482887268e-02 -3.211080655455589294e-02 7.518338412046432495e-02 6.197759136557579041e-02 -4.897757619619369507e-02 5.452714976854622364e-04 -5.622373148798942566e-02 -6.995514035224914551e-02 -7.219979912042617798e-02 7.603185623884201050e-02 -2.551012486219406128e-02 3.606626763939857483e-02 -6.453378498554229736e-02 1.271771732717752457e-02 -9.394520521163940430e-02 4.841902852058410645e-02 2.033855393528938293e-02 1.023305729031562805e-01 9.083350002765655518e-02 -9.911165572702884674e-03 3.700134158134460449e-02 -6.310018897056579590e-02 -7.952718064188957214e-03 -1.092313751578330994e-01 -2.708441950380802155e-02 2.613909915089607239e-02 -4.707167297601699829e-02 4.117554053664207458e-02 -6.585617363452911377e-02 1.264011766761541367e-02 1.527305040508508682e-02 -8.531732857227325439e-02 -1.216895654797554016e-01 -4.652097448706626892e-02 1.109638903290033340e-02 1.205033995211124420e-02 -3.714973479509353638e-02 5.509632080793380737e-02 1.874972134828567505e-02
4.018812905997037888e-04 1.864102296531200409e-02 -5.930143967270851135e-02 1.000052466988563538e-01 2.579555660486221313e-02 -6.645130366086959839e-02 4.647039342671632767e-03 -1.614349894225597382e-02 -7.165883481502532959e-02 4.349262267351150513e-02 -4.294132441282272339e-02 8.619879186153411865e-02 1.835537143051624298e-02 2.893074229359626770e-02 -8.581137657165527344e-02 5.237500369548797607e-02 -8.121401071548461914e-02 7.745271921157836914e-02 7.459127157926559448e-02 -6.486099958419799805e-02 8.274183422327041626e-02 5.124299228191375732e-02 7.419822365045547485e-02 1.006137654185295105e-01 -9.141986072063446045e-02 -7.465174794197082520e-02 1.411237847059965134e-02 -5.903826653957366943e-02 5.494577437639236450e-02 5.967588350176811218e-02 -5.780192464590072632e-02 9.162719547748565674e-02 -7.183466106653213501e-03 7.153954822570085526e-03 6.324732303619384766e-02 -9.495659917593002319e-02 3.018258884549140930e-02 -7.027891278266906738e-02 4.661015421152114868e-02 -3.917745128273963928e-02 -5.344829708337783813e-02 -7.173477672040462494e-03 -6.717911362648010254e-02 -6.219453737139701843e-02 8.487998694181442261e-02 5.299611482769250870e-03 9.534899890422821045e-02 5.963147431612014771e-02 4.139464721083641052e-02 -7.033301889896392822e-02 -6.969761848449707031e-02 4.926428198814392090e-02 2.853381074965000153e-02 2.830477990210056305e-02 7.970191538333892822e-02 6.577715277671813965e-02 -1.910103112459182739e-02 -2.247730456292629242e-02 -7.228656113147735596e-02 -8.008170872926712036e-02 6.689120084047317505e-02 1.404717378318309784e-02 7.814065366983413696e-02 -9.070895612239837646e-02 -8.394207805395126343e-02 -5.834401398897171021e-02 6.258137524127960205e-02 3.226103959605097771e-03 3.526470065116882324e-02 -1.647125743329524994e-02 -5.061645433306694031e-02 8.728150278329849243e-03 9.224522113800048828e-02 -2.200202830135822296e-02 -6.050924211740493774e-02 -3.623756766319274902e-02 5.292874947190284729e-02 -4.503165371716022491e-03 9.086844325065612793e-02 2.727302722632884979e-02 1.459597144275903702e-02 -5.924928933382034302e-03 7.939136028289794922e-02 9.648510068655014038e-02 -2.903040498495101929e-02 6.733620911836624146e-02 -1.565705426037311554e-02 -7.823593914508819580e-02 -8.905829489231109619e-02 -5.872564762830734253e-02 -5.804581195116043091e-02 -1.568871885538101196e-01 -8.235511928796768188e-02 -4.394663870334625244e-02 -2.773895114660263062e-02 1.537781804800033569e-01 4.271222278475761414e-02 1.185017228126525879e-01 6.407352536916732788e-02 9.686896950006484985e-02
2.581222169101238251e-02 1.115099340677261353e-01 1.997648924589157104e-02 -1.344230771064758301e-01 -1.659566313028335571e-01 8.575227111577987671e-02 1.389099806547164917e-01 2.900891378521919250e-02 1.349151283502578735e-01 -1.122185736894607544e-01 1.186185404658317566e-01 -2.824197337031364441e-02 1.187098026275634766e-01 1.224858239293098450e-01 7.862803339958190918e-02 -1.478971391916275024e-01 7.688153535127639771e-02 -4.825040325522422791e-02 -1.790513247251510620e-01 -1.867945939302444458e-01 7.137817889451980591e-02 1.778392940759658813e-01 1.426784694194793701e-01 1.597428768873214722e-01 9.497481584548950195e-02 1.107530891895294189e-01 -9.014070034027099609e-02 8.636080473661422729e-02 1.744245141744613647e-01 -1.667783558368682861e-01 -5.207565054297447205e-02 -8.400651067495346069e-02 -7.416736334562301636e-02 1.435654014348983765e-01 1.642764359712600708e-01 -7.308080047369003296e-02 -3.926446661353111267e-02 -1.688189208507537842e-01 1.315616071224212646e-01 1.680433899164199829e-01 1.348939388990402222e-01 1.261651366949081421e-01 1.731534749269485474e-01 7.026213221251964569e-03 -1.494108736515045166e-01 -5.520488694310188293e-02 1.832557767629623413e-01 -1.644917279481887817e-01 1.381749473512172699e-02 -1.315511167049407959e-01 -1.889500021934509277e-01 1.870287358760833740e-01 1.532451957464218140e-01 2.500030677765607834e-04 1.773262023925781250e-01 2.302662096917629242e-02 -1.320097502321004868e-02 1.483567208051681519e-01 3.428382426500320435e-02 -1.283034980297088623e-01 1.230538338422775269e-01 1.160677894949913025e-01 1.044845059514045715e-01 1.871946454048156738e-01 7.453627139329910278e-02 2.659007161855697632e-02 -6.371024250984191895e-02 -1.699871569871902466e-01 1.143933832645416260e-01 9.013323485851287842e-02 9.847031533718109131e-02 1.782517880201339722e-02 -8.423291146755218506e-02 -1.594788730144500732e-01 -1.096595227718353271e-01 1.435375809669494629e-01 -9.229430556297302246e-02 1.064677461981773376e-01 -1.762171834707260132e-01 1.223420500755310059e-01 9.810817986726760864e-02 1.643443405628204346e-01 2.278662472963333130e-01 2.120833396911621094e-01 2.130471616983413696e-01 1.938360482454299927e-01 1.803596168756484985e-01 -1.134677752852439880e-01 -3.546473979949951172e-01 1.249190866947174072e-01 1.661588102579116821e-01 -2.556813647970557213e-03 3.127636853605508804e-03 2.328864336013793945e-01 8.824020624160766602e-02 6.545248627662658691e-02 8.003612607717514038e-02 1.055239364504814148e-01 -1.945997774600982666e-01 9.211966395378112793e-02
-5.246465280652046204e-02 -1.037396714091300964e-01 8.378055877983570099e-03 1.873266883194446564e-02 -1.741928979754447937e-02 -3.462535142898559570e-02 1.441032625734806061e-02 2.465729787945747375e-02 -1.175694838166236877e-01 5.928080528974533081e-02 -1.067584082484245300e-01 1.043999269604682922e-01 -6.773561239242553711e-02 -9.738049656152725220e-02 -4.006062075495719910e-02 -3.974607586860656738e-02 -2.554642781615257263e-02 -5.049507599323987961e-03 7.360807806253433228e-02 -1.305705122649669647e-02 -1.007675305008888245e-01 -7.266015559434890747e-02 -7.110842317342758179e-02 -9.369160234928131104e-02 -1.186768263578414917e-01 6.874585896730422974e-02 -6.661933660507202148e-02 -6.319345533847808838e-02 -1.084223091602325439e-01 1.142394542694091797e-01 3.734586015343666077e-02 3.779410943388938904e-02 2.369833365082740784e-02 -7.022006064653396606e-02 -1.245116069912910461e-01 5.381254944950342178e-03 1.203632801771163940e-01 1.081049218773841858e-01 -1.235828828066587448e-02 -7.113336771726608276e-02 1.756209880113601685e-02 -2.481447160243988037e-02 -2.804778516292572021e-02 5.229796469211578369e-02 7.083822041749954224e-02 8.694093674421310425e-03 -1.205786168575286865e-01 9.053026884794235229e-02 6.061091553419828415e-04 -5.053348839282989502e-02 3.800501301884651184e-02 -1.082050055265426636e-01 -3.685313835740089417e-02 4.672263935208320618e-02 4.061229992657899857e-03 -1.145491898059844971e-01 -3.388235718011856079e-02 -5.622301623225212097e-02 -9.176117181777954102e-02 -4.200050607323646545e-03 -3.549640625715255737e-02 -1.274157166481018066e-01 -7.371774315834045410e-02 -7.828249037265777588e-02 6.930970400571823120e-02 1.190345827490091324e-02 1.175715588033199310e-02 1.511958893388509750e-02 5.393870174884796143e-02 -1.085394322872161865e-01 5.138290300965309143e-02 -7.850276678800582886e-02 -1.048533059656620026e-02 5.586704239249229431e-02 2.178708277642726898e-02 -9.730344265699386597e-02 -8.270438015460968018e-02 -1.274299323558807373e-01 7.212498784065246582e-02 -1.095848158001899719e-01 -3.049070015549659729e-02 -8.027695864439010620e-02 -5.575869698077440262e-03 -7.350806891918182373e-02 3.687253221869468689e-02 5.091195553541183472e-02 3.206555172801017761e-02 2.038900740444660187e-03 -8.519362658262252808e-03 2.729767933487892151e-02 -4.260508343577384949e-02 -1.170855164527893066e-01 -7.721062749624252319e-02 1.321596801280975342e-01 -7.304329425096511841e-02 -9.588876366615295410e-02 -4.973932355642318726e-02 -1.368200778961181641e-01 1.565984338521957397e-01 -1.550311148166656494e-01
4.907586053013801575e-02 -5.962584167718887329e-02 -1.428572367876768112e-02 -5.389727652072906494e-02 -5.715791508555412292e-02 4.648853465914726257e-02 8.526071906089782715e-03 -2.155699068680405617e-03 -9.732618927955627441e-03 -4.072734341025352478e-02 2.020088583230972290e-02 8.048787713050842285e-02 -1.029838696122169495e-01 -4.852006584405899048e-02 -6.584785878658294678e-02 -6.803560256958007812e-02 -1.028788760304450989e-01 1.673015207052230835e-02 -7.611204683780670166e-02 -1.408065948635339737e-02 -1.303051784634590149e-02 7.637552917003631592e-02 7.914318144321441650e-02 3.162611974403262138e-03 8.406503498554229736e-02 3.839866444468498230e-02 2.693454362452030182e-02 1.415493153035640717e-02 -1.024768128991127014e-01 -2.958404272794723511e-02 6.918721832334995270e-03 3.577036038041114807e-02 6.201270222663879395e-02 -3.669979050755500793e-02 -6.986624002456665039e-02 -1.113520935177803040e-02 -8.519660681486129761e-02 -4.257859289646148682e-02 -5.968431755900382996e-02 -6.395328789949417114e-02 8.554124087095260620e-02 -4.643783613573759794e-04 5.690712854266166687e-02 -7.389261573553085327e-02 5.252404510974884033e-02 -1.603184267878532410e-02 7.000413024798035622e-04 -2.921453444287180901e-03 5.087156221270561218e-02 4.021416231989860535e-02 -1.319660618901252747e-02 -7.616810500621795654e-02 5.990937352180480957e-03 9.539139270782470703e-02 4.307876527309417725e-02 -9.969694912433624268e-02 -7.963083684444427490e-02 4.451490566134452820e-02 -9.677739441394805908e-02 -9.331793338060379028e-02 9.125453233718872070e-02 -1.755953766405582428e-02 -8.110181987285614014e-02 -9.695713222026824951e-02 -6.417970289476215839e-04 -6.578114628791809082e-02 5.462016165256500244e-02 3.016555914655327797e-03 -8.338103443384170532e-02 6.055531650781631470e-02 -9.698110073804855347e-02 -1.230117958039045334e-02 -8.971922844648361206e-02 -7.724377512931823730e-02 -1.450666785240173340e-02 7.633134722709655762e-02 7.065143436193466187e-02 -8.210818469524383545e-02 -1.038125809282064438e-02 -3.702759370207786560e-02 -1.006388291716575623e-01 -2.985593304038047791e-02 -1.164659038186073303e-01 -1.565970666706562042e-02 -9.123639203608036041e-03 1.833132654428482056e-02 5.482558906078338623e-02 7.886305451393127441e-02 -8.577317744493484497e-02 6.709217093884944916e-03 5.711085721850395203e-02 -2.301651239395141602e-01 3.971542790532112122e-02 2.125425487756729126e-01 6.614326266571879387e-04 -3.024010919034481049e-02 -5.719099193811416626e-02 -7.054005563259124756e-02 -5.054491385817527771e-02 -5.041234567761421204e-02
1.741725951433181763e-02 -8.738239109516143799e-02 -7.900747656822204590e-02 1.100870072841644287e-01 1.261204779148101807e-01 -2.045529522001743317e-02 1.531663443893194199e-02 -9.190969169139862061e-02 -8.307719230651855469e-02 6.430897116661071777e-02 -2.967979758977890015e-02 1.049342527985572815e-01 -4.147884622216224670e-02 6.181406788527965546e-03 2.944919280707836151e-02 -2.809255383908748627e-02 -2.754062041640281677e-02 7.046998292207717896e-02 5.414092168211936951e-02 1.081767603754997253e-01 -1.342328488826751709e-01 1.696019619703292847e-02 6.965314503759145737e-03 2.552220411598682404e-02 -3.030296228826045990e-02 3.944481536746025085e-02 1.099381223320960999e-01 -7.530149072408676147e-02 -4.930779337882995605e-02 4.521270096302032471e-02 1.439129561185836792e-01 1.169902682304382324e-01 1.134857162833213806e-01 -1.034726426005363464e-01 3.598308190703392029e-02 1.036173254251480103e-01 2.259046537801623344e-03 -1.675780676305294037e-02 -1.269061714410781860e-01 1.398466527462005615e-02 -9.569209069013595581e-02 2.515419572591781616e-02 -8.673093467950820923e-02 -2.460770308971405029e-02 1.841006614267826080e-02 7.883454114198684692e-02 -1.136023327708244324e-01 9.471350163221359253e-02 3.011732362210750580e-02 1.374283879995346069e-01 -2.192417392507195473e-03 3.379967063665390015e-02 1.630766689777374268e-02 9.193980693817138672e-02 -1.799686811864376068e-02 -7.279908284544944763e-03 -1.637990213930606842e-02 -1.307225078344345093e-01 9.556477889418601990e-03 -1.250547543168067932e-02 -1.153738871216773987e-01 -3.268725797533988953e-02 -1.519745588302612305e-01 -5.394227802753448486e-02 -1.260428577661514282e-01 -3.537710011005401611e-02 -3.242696076631546021e-02 6.848932802677154541e-02 -9.986162930727005005e-02 -3.992140293121337891e-02 -3.222787007689476013e-02 1.397023350000381470e-02 1.035699397325515747e-01 5.828437861055135727e-03 2.589743025600910187e-02 -4.569662362337112427e-02 1.224904060363769531e-01 -1.310472190380096436e-01 6.416703760623931885e-02 -1.468408666551113129e-02 -1.414078772068023682e-01 -3.702398017048835754e-02 -3.369033709168434143e-02 -1.755211055278778076e-01 6.884465366601943970e-02 4.497893969528377056e-04 -5.900388583540916443e-02 -6.606552749872207642e-02 1.162006705999374390e-01 -8.221043646335601807e-02 5.780410394072532654e-02 -9.395776689052581787e-02 -1.014214530587196350e-01 -3.153916597366333008e-01 -1.093599647283554077e-01 3.863438218832015991e-02 -1.075951531529426575e-01 -2.043839544057846069e-02 1.097626909613609314e-01 -2.294975891709327698e-02
5.661775916814804077e-02 5.372917279601097107e-02 5.716228112578392029e-02 6.171157583594322205e-03 -4.164978489279747009e-02 -5.421526730060577393e-02 7.762846350669860840e-02 -3.871944919228553772e-02 1.072055771946907043e-01 7.593295723199844360e-02 -2.175376936793327332e-02 6.194485817104578018e-03 -4.482181370258331299e-02 9.524495154619216919e-02 -7.396350800991058350e-02 1.975661143660545349e-02 -2.859118394553661346e-02 1.146473083645105362e-02 -2.342377603054046631e-02 -8.705608546733856201e-02 -9.701713174581527710e-02 7.738528400659561157e-02 -7.407434284687042236e-02 -1.880371570587158203e-02 -8.275923132896423340e-02 -8.813035488128662109e-02 6.767148524522781372e-02 -4.239376634359359741e-02 -7.697111368179321289e-02 -5.997304618358612061e-02 -6.968388799577951431e-03 5.765617266297340393e-02 -1.287328545004129410e-02 6.300780177116394043e-02 -1.074480824172496796e-02 -2.685302309691905975e-02 -1.519908197224140167e-02 7.119705528020858765e-02 7.733330130577087402e-02 -7.076761126518249512e-02 8.486340753734111786e-03 -8.978980779647827148e-02 -6.674270331859588623e-02 -7.478707283735275269e-02 7.924299687147140503e-02 -2.029407955706119537e-02 3.887770697474479675e-02 5.658696964383125305e-02 -6.623284518718719482e-02 7.566627115011215210e-02 -9.716260433197021484e-02 7.388669997453689575e-02 4.398727789521217346e-02 7.706245034933090210e-02 -4.754837229847908020e-02 9.215540438890457153e-02 -8.559595048427581787e-02 -1.202602311968803406e-02 -1.296353340148925781e-02 -5.238065868616104126e-02 -4.002901911735534668e-02 5.478837341070175171e-02 -5.823181569576263428e-02 4.110597819089889526e-02 4.093902930617332458e-02 9.909009188413619995e-02 1.033791452646255493e-01 -8.408050052821636200e-03 -2.768675051629543304e-02 6.013550981879234314e-02 -3.375423327088356018e-02 1.207387633621692657e-02 2.796872332692146301e-02 5.996661260724067688e-02 1.788142137229442596e-03 6.999862194061279297e-02 -6.256174296140670776e-02 2.651394717395305634e-02 1.308695971965789795e-01 1.225344538688659668e-01 6.824672967195510864e-02 2.354521490633487701e-02 1.044585406780242920e-01 -7.016362994909286499e-02 -4.635955207049846649e-03 -6.452792882919311523e-02 9.783945977687835693e-03 -1.778783276677131653e-02 3.631593659520149231e-03 -1.136441230773925781e-01 -1.404519472271203995e-02 1.195135936141014099e-01 1.415561586618423462e-01 -1.399060059338808060e-02 6.464161723852157593e-02 9.221599996089935303e-02 -8.271493762731552124e-02 6.537371873855590820e-02 1.651200233027338982e-03 6.151027232408523560e-02
-1.036719381809234619e-01 -2.830813266336917877e-02 -3.521350398659706116e-02 8.639277517795562744e-02 4.460336640477180481e-02 3.858410194516181946e-02 7.611646503210067749e-02 4.729656130075454712e-02 6.837371271103620529e-03 7.876586751081049442e-04 5.864346027374267578e-02 3.273989632725715637e-02 -6.951589882373809814e-02 3.841923177242279053e-02 7.140541914850473404e-03 5.099489819258451462e-03 -1.829092763364315033e-02 -6.262510269880294800e-02 8.350794017314910889e-02 2.984607825055718422e-03 5.807237699627876282e-02 -1.662531867623329163e-02 8.407355099916458130e-02 1.070161722600460052e-02 -1.780027337372303009e-02 -1.068293824791908264e-01 8.172734826803207397e-02 -1.386319100856781006e-02 -9.682701528072357178e-02 7.144739478826522827e-02 1.011553034186363220e-01 -6.808527279645204544e-03 8.526551723480224609e-02 5.005388706922531128e-02 -6.255217641592025757e-02 -2.698888303712010384e-03 2.226731367409229279e-02 4.016811400651931763e-02 5.258455872535705566e-03 3.360374271869659424e-02 7.381282001733779907e-02 -3.354906290769577026e-02 3.716892749071121216e-02 6.533878855407238007e-03 -6.894151866436004639e-02 -6.378073245286941528e-02 -9.499737620353698730e-02 -7.057935744524002075e-02 7.132974267005920410e-02 -1.815062575042247772e-02 -5.749533325433731079e-02 -9.663531184196472168e-02 -2.592317759990692139e-02 -3.725919127464294434e-02 -7.953358441591262817e-02 6.756158173084259033e-02 -1.049377545714378357e-01 3.288831561803817749e-02 -2.912932261824607849e-02 5.010230094194412231e-02 -4.813274368643760681e-02 -2.317843399941921234e-02 6.021993234753608704e-02 -9.269168972969055176e-02 -1.195501815527677536e-02 3.799842298030853271e-02 -9.269978106021881104e-02 4.591551795601844788e-02 -6.954796612262725830e-02 1.392999384552240372e-02 -5.272650718688964844e-02 -1.925326697528362274e-02 1.008555889129638672e-01 6.074677407741546631e-02 2.869530022144317627e-02 3.152378648519515991e-02 -2.054536901414394379e-02 3.294810280203819275e-02 1.072937175631523132e-01 7.135260850191116333e-02 -5.744977295398712158e-02 -7.723225653171539307e-02 -4.973696544766426086e-02 -1.107930764555931091e-01 -1.070895269513130188e-01 -6.337118148803710938e-02 -1.105050966143608093e-01 3.175051882863044739e-02 9.183702617883682251e-02 -1.085206270217895508e-01 -1.067557036876678467e-01 -7.051403820514678955e-02 -4.229246452450752258e-02 -3.938867151737213135e-02 -2.280801087617874146e-01 2.655900716781616211e-01 -1.355157941579818726e-01 1.706207729876041412e-02 5.671343579888343811e-02 -1.422258839011192322e-02
4.988802596926689148e-02 2.304719761013984680e-03 3.762517124414443970e-02 -3.378492593765258789e-02 4.672250896692276001e-02 -9.626551531255245209e-03 -6.394650554284453392e-04 -7.581975311040878296e-02 -5.077371373772621155e-02 7.645930629223585129e-03 -1.620957162231206894e-03 1.191763356328010559e-01 -1.020310893654823303e-01 -5.928985774517059326e-02 -1.068766713142395020e-01 -4.548598453402519226e-02 4.428298771381378174e-02 1.047498434782028198e-01 8.894081413745880127e-02 -5.488706007599830627e-02 3.307480830699205399e-03 -9.574925899505615234e-02 -2.593811601400375366e-03 5.826403945684432983e-02 5.597652122378349304e-02 -4.310252517461776733e-02 1.077067479491233826e-02 -3.602566942572593689e-02 -1.093613207340240479e-01 -2.307249419391155243e-02 3.022727929055690765e-02 1.133061498403549194e-01 -2.372062951326370239e-02 -4.473444819450378418e-02 -9.638897608965635300e-04 6.310668587684631348e-02 -5.896833539009094238e-02 6.418849527835845947e-02 1.397534087300300598e-02 8.896144479513168335e-02 -6.696569174528121948e-02 7.271745055913925171e-02 6.697954237461090088e-02 6.461542099714279175e-02 -1.493520662188529968e-02 -3.109914623200893402e-02 7.963234931230545044e-02 -9.024656563997268677e-02 4.008433222770690918e-02 -7.786613889038562775e-03 8.922005444765090942e-02 -5.168028175830841064e-02 -5.277820676565170288e-02 1.493245083838701248e-02 -4.707820713520050049e-02 -4.511012136936187744e-02 -4.373759776353836060e-02 2.813523821532726288e-02 -1.250834465026855469e-01 -5.482756718993186951e-02 3.964253142476081848e-02 -1.240006685256958008e-01 -7.957991957664489746e-02 -5.687890946865081787e-02 -7.522074878215789795e-02 9.267715504392981529e-04 3.374758735299110413e-02 6.832818686962127686e-02 2.179674245417118073e-02 -5.499472096562385559e-02 -3.324801509734243155e-04 5.135842412710189819e-02 1.276896893978118896e-02 4.648333787918090820e-02 6.719994824379682541e-03 -7.996533066034317017e-02 1.738492958247661591e-02 2.731089666485786438e-02 -6.138813123106956482e-02 -1.236514076590538025e-01 -1.571555584669113159e-01 -6.001299247145652771e-02 6.713386625051498413e-02 6.918127473909407854e-05 -3.532138466835021973e-02 -6.438505649566650391e-02 -4.608898609876632690e-02 1.768435835838317871e-01 2.161317318677902222e-01 2.207911312580108643e-01 4.711079597473144531e-02 8.888265118002891541e-03 2.073378069326281548e-03 -1.984308958053588867e-01 -1.776923835277557373e-01 1.533960998058319092e-01 -7.242479920387268066e-02 -4.901732876896858215e-02 5.296840518712997437e-02 -1.295605003833770752e-01
-1.611158438026905060e-02 -2.098019607365131378e-02 7.499812170863151550e-03 9.219628572463989258e-02 1.661972637521103024e-04 -8.760783076286315918e-02 -6.215536966919898987e-02 -1.680268906056880951e-02 3.602705150842666626e-02 4.889765009284019470e-02 7.000689208507537842e-02 4.682010412216186523e-02 5.746500566601753235e-03 -6.589590758085250854e-02 -1.011613532900810242e-01 -3.716715797781944275e-02 -4.874072968959808350e-02 1.082084178924560547e-01 -5.596134066581726074e-02 1.933963969349861145e-02 -1.192874237895011902e-01 -5.861516110599040985e-03 -5.473460257053375244e-02 -3.959206864237785339e-02 -8.139272779226303101e-02 -4.301871359348297119e-02 1.520351879298686981e-02 -1.291175186634063721e-01 2.502577751874923706e-02 3.359390422701835632e-02 -8.512091822922229767e-03 -8.827167004346847534e-02 8.526429533958435059e-02 2.797025814652442932e-02 2.351081930100917816e-02 1.175220981240272522e-01 -3.405357152223587036e-02 3.388104960322380066e-02 -9.699036180973052979e-02 4.329597204923629761e-02 5.599351227283477783e-02 6.500212103128433228e-02 5.829370766878128052e-02 6.248015910387039185e-02 7.869142293930053711e-02 -3.600098937749862671e-02 5.465738102793693542e-02 1.196372359991073608e-01 -3.316841553896665573e-03 2.945169620215892792e-02 8.874220401048660278e-02 7.457607239484786987e-02 -1.577747054398059845e-02 -6.877346336841583252e-02 -1.819760422222316265e-03 4.648981615900993347e-02 -1.219755597412586212e-02 -1.827526651322841644e-02 -1.250460185110569000e-02 -1.687826216220855713e-02 -4.334848374128341675e-02 5.751876905560493469e-02 6.961400061845779419e-02 6.557361781597137451e-02 -1.239176467061042786e-01 1.084492281079292297e-01 2.850003354251384735e-02 5.570167303085327148e-02 5.889644846320152283e-03 3.455840423703193665e-02 -7.155949622392654419e-02 4.103281348943710327e-02 -7.792386412620544434e-02 -8.443628437817096710e-03 7.525627315044403076e-02 8.414197713136672974e-02 -6.433732807636260986e-02 1.007455810904502869e-01 1.326604038476943970e-01 8.464068919420242310e-02 -2.210417551395948976e-05 5.026613175868988037e-02 -9.407199919223785400e-02 -3.068964779376983643e-01 -4.130713343620300293e-01 -1.785365492105484009e-01 -4.009722471237182617e-01 4.778836965560913086e-01 9.547501206398010254e-01 -1.163361221551895142e-01 2.189913839101791382e-01 -8.149071931838989258e-01 2.425189614295959473e-01 7.805461883544921875e-01 -1.086350321769714355e+00 1.645534276962280273e+00 2.338672056794166565e-02 9.449587762355804443e-02 1.676412113010883331e-02 6.119849160313606262e-02
-9.760478883981704712e-02 4.077750444412231445e-02 -6.530226022005081177e-02 8.974538743495941162e-02 5.454610660672187805e-02 -8.954311162233352661e-02 -2.219431847333908081e-02 -3.459572419524192810e-02 4.658792912960052490e-02 6.661977618932723999e-02 1.959558390080928802e-02 4.244327545166015625e-03 -3.096624277532100677e-02 -9.867011010646820068e-02 -9.777493029832839966e-02 6.206590216606855392e-03 -5.190896615386009216e-02 1.547932773828506470e-01 9.542980790138244629e-02 1.242823749780654907e-01 8.794768713414669037e-03 1.488050073385238647e-02 -4.373917356133460999e-03 -1.417532712221145630e-01 -5.058559775352478027e-02 -3.788272291421890259e-02 -4.345835372805595398e-02 -1.394119858741760254e-01 -1.275789290666580200e-01 1.114203408360481262e-01 -1.639408618211746216e-02 -5.930382292717695236e-03 -2.706706151366233826e-02 -8.235182613134384155e-04 3.120317868888378143e-02 -1.835864037275314331e-01 -3.277070447802543640e-02 1.023954749107360840e-01 7.642904296517372131e-03 -6.154602020978927612e-02 -1.737420707941055298e-01 1.950545608997344971e-02 -9.930609166622161865e-02 3.333687782287597656e-02 -7.327927742153406143e-03 -1.678711362183094025e-02 2.612196654081344604e-02 8.289933204650878906e-02 9.127167612314224243e-02 8.167261630296707153e-02 2.307536313310265541e-03 -8.538535796105861664e-03 -1.167693212628364563e-01 -1.049389988183975220e-01 5.982849746942520142e-02 4.986963793635368347e-02 -1.527663022279739380e-01 -2.021076828241348267e-01 -1.785726658999919891e-02 5.752459540963172913e-02 -7.121142745018005371e-02 -1.098584681749343872e-01 -2.507174201309680939e-02 -1.113986745476722717e-01 -1.426924467086791992e-01 -7.019136101007461548e-02 1.828153282403945923e-01 -1.174981892108917236e-01 1.409264206886291504e-01 2.194753848016262054e-02 1.695935986936092377e-02 7.230654358863830566e-02 7.293485105037689209e-02 5.203866213560104370e-02 -3.572333231568336487e-02 8.209864050149917603e-02 -9.804683178663253784e-02 1.170397549867630005e-01 8.664345145225524902e-01 -5.758088082075119019e-02 1.747988909482955933e-02 -1.739446073770523071e-02 -2.017748653888702393e-01 -4.943422079086303711e-01 3.210116326808929443e-01 -1.444099247455596924e-01 -5.186051726341247559e-01 -1.803865283727645874e-01 4.119709134101867676e-01 -9.607905149459838867e-01 2.142841070890426636e-01 -1.707589067518711090e-02 -3.146439194679260254e-01 6.122185662388801575e-02 -3.938095569610595703e-01 -2.280711978673934937e-01 -4.058490693569183350e-01 2.409683018922805786e-01 -9.251078590750694275e-03 -4.033083841204643250e-02
-3.260950790718197823e-03 4.927567020058631897e-02 4.794562235474586487e-03 -9.139530360698699951e-02 -6.931541860103607178e-02 5.384670943021774292e-02 7.725759595632553101e-02 4.746889695525169373e-03 9.624294936656951904e-02 3.370857611298561096e-02 4.572877287864685059e-02 6.392300873994827271e-02 1.000376269221305847e-01 4.838239774107933044e-02 -5.259531736373901367e-02 -1.462868694216012955e-02 7.960952073335647583e-02 -3.086337074637413025e-02 1.375913713127374649e-02 4.237122833728790283e-03 -4.109049960970878601e-02 -2.268970943987369537e-02 7.312258332967758179e-02 2.842406742274761200e-02 -8.475330471992492676e-02 5.142140015959739685e-02 4.960899427533149719e-02 -3.772661089897155762e-02 -7.926170527935028076e-02 3.558332845568656921e-02 -9.020415018312633038e-04 4.827606305480003357e-02 -8.837968111038208008e-02 3.583693131804466248e-02 -1.013289466500282288e-01 7.208077609539031982e-02 -6.077515892684459686e-03 -3.849456831812858582e-02 -8.091597259044647217e-02 -2.893295371904969215e-03 6.480753421783447266e-02 1.521272491663694382e-02 6.572479614987969398e-04 -9.994459152221679688e-02 4.218164086341857910e-02 -2.117288298904895782e-02 -3.829881548881530762e-02 -5.481145530939102173e-02 5.490978714078664780e-03 2.805839478969573975e-02 -2.380683273077011108e-02 -1.025724224746227264e-02 3.481621667742729187e-02 -7.493174821138381958e-02 -5.705913901329040527e-02 8.620466291904449463e-02 -6.929115206003189087e-02 -6.144412606954574585e-02 6.627830862998962402e-02 1.493926066905260086e-02 -6.940879672765731812e-02 -9.292031824588775635e-02 3.168520703911781311e-02 -7.305142283439636230e-02 -8.065044879913330078e-02 -8.335395902395248413e-02 3.071293234825134277e-03 -5.422293394804000854e-02 -1.855756342411041260e-02 1.973553560674190521e-02 -7.933827489614486694e-02 7.916187494993209839e-02 -1.013524606823921204e-01 -3.316585440188646317e-03 3.034535050392150879e-02 5.489714443683624268e-02 4.219882190227508545e-02 8.559152483940124512e-02 -5.600512400269508362e-02 1.440074015408754349e-02 -7.791431248188018799e-02 8.073851466178894043e-03 -7.141996920108795166e-02 3.022541757673025131e-03 1.025343239307403564e-01 5.190820991992950439e-02 1.574826613068580627e-02 4.119962081313133240e-02 -7.455119490623474121e-02 -3.425159025937318802e-03 2.624891698360443115e-02 7.034093607217073441e-03 -4.781337827444076538e-02 -3.008570335805416107e-02 -1.151131652295589447e-02 2.591149322688579559e-02 1.043863128870725632e-02 3.829241171479225159e-02 -6.986980140209197998e-02 1.122150644659996033e-01
-2.063762582838535309e-02 -5.902871862053871155e-02 3.405477479100227356e-02 6.498792022466659546e-02 -4.190906137228012085e-02 7.466827519237995148e-03 4.590761289000511169e-02 -1.037706658244132996e-01 3.434982150793075562e-02 -6.478519737720489502e-02 -1.027083843946456909e-01 2.678692340850830078e-02 -7.250453531742095947e-02 -1.018246635794639587e-01 4.970951750874519348e-02 2.128491923213005066e-02 4.959585145115852356e-03 -8.559622801840305328e-03 5.841598659753799438e-02 8.633514866232872009e-03 -9.470886737108230591e-02 7.687211781740188599e-02 7.618977874517440796e-02 1.909171603620052338e-02 -1.745927520096302032e-02 -8.474901318550109863e-02 1.066875457763671875e-01 -6.805606931447982788e-02 -9.366108477115631104e-02 5.608155205845832825e-02 4.289657343178987503e-03 -1.917590945959091187e-02 8.289540559053421021e-02 -1.358615607023239136e-02 4.371977970004081726e-02 4.017602279782295227e-02 1.262254919856786728e-02 1.133832857012748718e-01 -8.784483373165130615e-02 9.018083661794662476e-02 -3.803134337067604065e-02 -8.077251911163330078e-02 -5.700616165995597839e-02 4.372360184788703918e-02 9.529509395360946655e-02 -6.353341042995452881e-02 -6.549934297800064087e-02 4.712107777595520020e-02 1.002191230654716492e-01 8.173516392707824707e-02 -1.938808360137045383e-03 -5.930114910006523132e-02 -9.250319749116897583e-02 6.008846312761306763e-02 2.865806035697460175e-02 -1.131777986884117126e-01 4.356954246759414673e-02 -8.270229399204254150e-02 -6.756448745727539062e-02 -3.525137901306152344e-02 -1.096497178077697754e-01 -2.814294770359992981e-02 4.802523553371429443e-02 -3.513871878385543823e-02 -4.104622825980186462e-02 -4.699146002531051636e-02 7.515938580036163330e-02 -5.756628885865211487e-02 3.844971302896738052e-03 -7.571753114461898804e-02 -7.992171496152877808e-02 -3.278074786067008972e-02 7.558308541774749756e-02 -7.817283272743225098e-02 6.525327265262603760e-02 -1.063061356544494629e-01 3.226662054657936096e-02 7.587753981351852417e-02 9.652160853147506714e-02 2.936169877648353577e-02 -1.007454544305801392e-01 -2.700838027521967888e-03 -3.607340157032012939e-02 -6.400498747825622559e-02 6.476667243987321854e-03 3.210356086492538452e-02 6.744437664747238159e-02 -6.401427090167999268e-02 -7.456112187355756760e-03 3.402021527290344238e-02 -6.849156320095062256e-02 3.907254710793495178e-02 -6.389862298965454102e-02 -8.876954764127731323e-02 -1.081466954201459885e-02 -4.227537289261817932e-02 2.571075223386287689e-03 -3.851437196135520935e-02 5.194510519504547119e-02 -2.824178338050842285e-02
-4.288246110081672668e-02 3.229915723204612732e-02 1.091620791703462601e-02 -1.034292671829462051e-02 7.615002989768981934e-02 4.709743335843086243e-02 -1.449935324490070343e-02 2.618530578911304474e-02 -2.988583035767078400e-02 -6.219070777297019958e-02 7.944227010011672974e-02 -1.093006972223520279e-02 -4.843780025839805603e-02 8.981156349182128906e-02 -6.162845343351364136e-02 -3.934524580836296082e-02 8.068706095218658447e-02 1.431214902549982071e-02 7.530391216278076172e-02 -2.968895994126796722e-02 4.354009404778480530e-02 9.538253396749496460e-02 9.359145909547805786e-02 1.042726337909698486e-01 6.977957487106323242e-02 4.694922640919685364e-02 -6.360876560211181641e-02 4.790470376610755920e-02 -4.782869294285774231e-02 5.158244073390960693e-02 8.255670964717864990e-02 5.644103977829217911e-03 -7.743360102176666260e-02 1.393783092498779297e-02 1.117048561573028564e-01 -1.969826035201549530e-02 1.672216132283210754e-02 2.796790748834609985e-02 -4.038258269429206848e-02 3.044376708567142487e-02 9.529740363359451294e-02 8.985544741153717041e-02 -5.899513512849807739e-02 -7.525444030761718750e-02 -1.781250350177288055e-02 -5.847546458244323730e-02 -8.088924735784530640e-02 -9.492084383964538574e-02 -3.647166863083839417e-02 -6.717311590909957886e-02 -1.602195552550256252e-03 -2.053193002939224243e-02 6.531338393688201904e-02 -1.087251771241426468e-02 1.253173686563968658e-02 9.507823735475540161e-02 6.840777397155761719e-02 -3.045029193162918091e-02 -3.200632333755493164e-02 -3.561260923743247986e-02 -2.226881496608257294e-02 -5.533287301659584045e-03 -7.425273954868316650e-02 5.144529789686203003e-02 -7.623710483312606812e-02 -2.113785594701766968e-02 1.825692877173423767e-02 7.692066580057144165e-02 6.262564659118652344e-02 -7.372031360864639282e-02 -3.907753154635429382e-02 4.048569500446319580e-02 9.186674654483795166e-02 6.576146930456161499e-02 -5.736729130148887634e-02 -2.266285382211208344e-02 -6.491918116807937622e-02 -1.956428959965705872e-02 1.267683207988739014e-01 1.257662624120712280e-01 1.033580973744392395e-01 -2.488745376467704773e-02 5.037953332066535950e-02 4.528175666928291321e-02 -2.125155180692672729e-02 7.246784865856170654e-02 2.185698039829730988e-02 9.708708152174949646e-03 1.117186918854713440e-01 -1.029832139611244202e-01 -1.005707681179046631e-01 -1.027201674878597260e-02 -2.679009363055229187e-02 5.903823301196098328e-02 -3.902997076511383057e-02 -1.015544086694717407e-01 7.284551113843917847e-02 -4.480933025479316711e-02 -5.899638682603836060e-02 1.744547933340072632e-01
1.473746746778488159e-01 1.571713387966156006e-01 8.165815472602844238e-02 -8.553316444158554077e-02 -8.277604728937149048e-02 1.617051064968109131e-01 6.645315140485763550e-02 7.408461719751358032e-02 5.502453446388244629e-02 -1.458322405815124512e-01 -1.945846714079380035e-02 2.029301039874553680e-02 1.475990414619445801e-01 1.408524960279464722e-01 1.386911720037460327e-01 -9.606168419122695923e-02 1.516943275928497314e-01 -5.786439776420593262e-02 7.020623423159122467e-03 -1.033330187201499939e-01 4.073805175721645355e-03 1.282262653112411499e-01 3.663563355803489685e-02 3.964206948876380920e-02 -1.987963728606700897e-02 1.369997560977935791e-01 -1.182942837476730347e-01 6.814293563365936279e-02 -1.902545802295207977e-02 -8.899056166410446167e-02 -9.837780892848968506e-02 -1.378303617238998413e-01 -1.666132062673568726e-01 4.691609367728233337e-02 1.557378768920898438e-01 -5.503106489777565002e-02 8.137774653732776642e-03 -1.007283627986907959e-01 4.306033998727798462e-02 3.488712385296821594e-02 5.969491600990295410e-02 8.796264231204986572e-02 3.275509178638458252e-02 -1.543124765157699585e-01 2.498698048293590546e-02 -1.275748461484909058e-01 -7.235808763653039932e-03 -4.736021906137466431e-02 -1.096312478184700012e-01 -1.267821341753005981e-01 3.839386627078056335e-02 2.721364796161651611e-02 4.886900261044502258e-02 -4.746240004897117615e-02 2.873312681913375854e-02 1.371248364448547363e-01 1.185201928019523621e-01 -2.078320831060409546e-02 -1.976974681019783020e-02 -7.943765819072723389e-02 1.290554851293563843e-01 1.209840700030326843e-01 -3.321741521358489990e-02 -1.742370612919330597e-02 1.050991937518119812e-01 7.013224810361862183e-02 -8.970087021589279175e-02 -1.532022207975387573e-01 4.390267282724380493e-02 1.426288634538650513e-01 9.187289327383041382e-02 1.551026105880737305e-01 -1.230177283287048340e-01 -7.741513848304748535e-02 -4.178928583860397339e-02 1.658054590225219727e-01 1.789166219532489777e-02 1.684966087341308594e-01 1.139128953218460083e-01 1.433116942644119263e-01 1.335582733154296875e-01 4.351070150732994080e-02 2.814767882227897644e-02 6.109756417572498322e-03 1.375707536935806274e-01 7.084698230028152466e-02 4.088978096842765808e-02 -1.925516687333583832e-02 3.905755653977394104e-02 -2.212870121002197266e-02 2.891852147877216339e-02 2.332455515861511230e-01 7.696900516748428345e-02 1.116996351629495621e-02 -1.534083765000104904e-02 1.871316283941268921e-01 1.337184309959411621e-01 2.000381052494049072e-01 -6.088445335626602173e-02 2.806114777922630310e-02
2.325895056128501892e-02 2.326163090765476227e-02 -4.707600921392440796e-02 2.134847221896052361e-03 -1.006870623677968979e-02 2.977491170167922974e-02 3.042438626289367676e-02 2.421666681766510010e-02 -5.236501246690750122e-02 1.144370809197425842e-01 7.771903276443481445e-02 1.569552905857563019e-02 4.719273746013641357e-02 -1.757251471281051636e-02 -2.930387295782566071e-02 4.571889340877532959e-02 -2.740766480565071106e-02 -1.108360011130571365e-02 1.372105441987514496e-02 -6.558865308761596680e-03 5.569867789745330811e-02 -3.639148548245429993e-02 1.768305897712707520e-02 -1.998083107173442841e-02 7.502385228872299194e-02 -4.970292560756206512e-03 7.923752069473266602e-02 7.119914144277572632e-02 -6.214400008320808411e-02 6.687696278095245361e-02 2.977288700640201569e-02 -5.664250254631042480e-02 -4.885825514793395996e-02 5.398148298263549805e-02 -5.542062595486640930e-02 -6.544563919305801392e-02 8.595480769872665405e-02 -5.079493671655654907e-02 -1.170458924025297165e-02 -2.267036028206348419e-02 -4.850863665342330933e-02 -6.933742761611938477e-02 -4.043560475111007690e-02 1.197035536170005798e-01 8.568632602691650391e-02 8.726301044225692749e-02 -1.154875382781028748e-01 9.602101147174835205e-02 -8.401937037706375122e-02 1.072703376412391663e-01 9.140320867300033569e-02 -2.081916294991970062e-02 -1.058606654405593872e-01 1.246548444032669067e-01 -1.104508265852928162e-01 -3.536272048950195312e-02 5.944622308015823364e-02 7.281102985143661499e-02 -6.905791908502578735e-02 1.155618727207183838e-01 -4.674110561609268188e-02 -1.264771074056625366e-01 -1.113674044609069824e-01 -5.236725509166717529e-02 2.728787809610366821e-02 4.806689918041229248e-03 5.859787762165069580e-02 6.704030185937881470e-02 -4.408858716487884521e-02 -8.627556264400482178e-02 -1.188457161188125610e-01 -4.124751314520835876e-02 6.390345841646194458e-02 2.548627369105815887e-02 4.233419522643089294e-02 -1.171199232339859009e-02 2.030547522008419037e-02 5.046449974179267883e-02 -8.228535205125808716e-02 -5.495122447609901428e-02 -1.274815294891595840e-02 6.598364561796188354e-02 -1.020665615797042847e-01 -9.506080532446503639e-04 4.582747071981430054e-02 -9.925332851707935333e-03 8.285577595233917236e-02 -7.438274472951889038e-02 -8.302236348390579224e-02 3.816808015108108521e-02 -6.902933120727539062e-02 -1.336949169635772705e-01 -2.488100528717041016e-02 3.370994934812188148e-03 6.877054274082183838e-02 3.123487532138824463e-02 -7.422804832458496094e-02 -2.804028056561946869e-02 1.837874576449394226e-02 -1.039411276578903198e-01
-9.294535219669342041e-02 -2.370504289865493774e-02 -1.015370488166809082e-01 4.530842974781990051e-02 4.797382652759552002e-02 -1.102776378393173218e-01 6.593134999275207520e-02 -1.070088818669319153e-01 -1.063375920057296753e-01 -2.900126762688159943e-02 8.241018280386924744e-03 3.929488826543092728e-03 -1.090731918811798096e-01 -6.484431028366088867e-02 -2.774277329444885254e-02 -1.391921937465667725e-02 -7.710294425487518311e-02 -1.345502561889588833e-03 -4.969496279954910278e-02 2.325105108320713043e-02 5.815063789486885071e-02 -3.601880371570587158e-02 -1.142130866646766663e-01 -1.216045916080474854e-01 -8.922308683395385742e-02 -3.270686045289039612e-02 6.664365530014038086e-02 -6.003519892692565918e-02 4.992620646953582764e-02 -4.828696325421333313e-02 3.774506505578756332e-03 -1.972904056310653687e-02 9.100296348333358765e-02 -5.629965290427207947e-02 -1.250590980052947998e-01 9.774435311555862427e-02 -1.225336454808712006e-02 8.675939589738845825e-02 -1.192159131169319153e-01 3.847711533308029175e-02 -1.166638880968093872e-01 -1.133093982934951782e-01 5.853552743792533875e-02 7.206786423921585083e-02 -6.160403601825237274e-03 -1.977233774960041046e-02 6.939744204282760620e-02 5.725779104977846146e-03 1.139994943514466286e-03 -8.945472538471221924e-03 -2.430759184062480927e-02 -7.182125002145767212e-02 -2.310873568058013916e-02 4.134003072977066040e-02 -1.004400998353958130e-01 -3.489094972610473633e-02 -9.779799729585647583e-02 4.646532610058784485e-02 -1.823980244807898998e-03 -3.658760711550712585e-02 4.816586151719093323e-02 -1.165865957736968994e-01 -5.923493951559066772e-02 -2.580321580171585083e-02 -5.924687907099723816e-02 3.619061410427093506e-02 6.897723674774169922e-02 -2.171382494270801544e-02 6.291608512401580811e-02 -4.753248393535614014e-02 -1.054134890437126160e-01 -1.160918325185775757e-01 1.003089398145675659e-01 6.232740357518196106e-02 8.532364666461944580e-02 -4.038590192794799805e-02 8.957784622907638550e-02 5.317962169647216797e-02 -3.154228627681732178e-02 2.285007946193218231e-02 -1.782502420246601105e-02 -7.164157927036285400e-02 -3.543595969676971436e-02 2.266344986855983734e-02 4.834115505218505859e-03 -1.061344668269157410e-01 -3.128953045234084129e-03 5.842180177569389343e-02 5.510098114609718323e-02 -6.085756048560142517e-02 -6.026357039809226990e-02 1.013120114803314209e-01 -4.744730517268180847e-02 8.511579781770706177e-02 1.149192731827497482e-02 6.926186382770538330e-02 -4.646756872534751892e-02 -2.982553094625473022e-02 8.474263548851013184e-02 -1.070142611861228943e-01
1.933073624968528748e-02 -2.747404947876930237e-02 6.120072677731513977e-02 -4.796934500336647034e-02 5.463480949401855469e-02 -1.049778461456298828e-01 -7.991493493318557739e-02 -5.386009439826011658e-02 3.253482980653643608e-03 -3.471784293651580811e-02 -4.494124650955200195e-02 3.663827851414680481e-02 -2.178452722728252411e-02 9.231530874967575073e-02 -2.620995603501796722e-02 1.809759705793112516e-04 7.035440951585769653e-02 -7.060792297124862671e-02 2.123534679412841797e-02 -4.639734700322151184e-02 7.428894937038421631e-02 -8.470343798398971558e-02 -9.897495806217193604e-02 -3.331469371914863586e-02 -1.731503522023558617e-03 -7.780821062624454498e-03 6.680171936750411987e-03 9.297421202063560486e-03 -7.118529826402664185e-02 2.331920526921749115e-02 1.989909447729587555e-02 -7.484910637140274048e-02 -1.746819540858268738e-02 -3.049079887568950653e-02 4.951372370123863220e-02 6.108385697007179260e-02 -2.372657693922519684e-02 4.795021191239356995e-02 7.990664988756179810e-02 2.860773354768753052e-02 1.010502874851226807e-01 -6.364741176366806030e-02 3.971710428595542908e-02 8.406171202659606934e-02 1.885437406599521637e-02 -9.867521002888679504e-03 8.035899698734283447e-02 1.077721826732158661e-02 7.331120222806930542e-02 9.064371883869171143e-02 2.065720409154891968e-02 1.513689942657947540e-02 3.849038481712341309e-02 -1.220130827277898788e-03 9.048436582088470459e-02 2.646969817578792572e-02 7.882551848888397217e-02 -8.062569051980972290e-02 -6.634824723005294800e-02 5.617371201515197754e-02 9.326507896184921265e-02 -6.939884275197982788e-02 4.954051226377487183e-02 -6.923100352287292480e-02 -9.730938822031021118e-02 -8.163402974605560303e-02 5.679890140891075134e-02 -1.052533239126205444e-01 -5.152263864874839783e-02 -4.835084453225135803e-02 4.992030188441276550e-02 5.748159438371658325e-02 2.275327034294605255e-02 -3.436387330293655396e-02 4.490279406309127808e-02 -7.089567929506301880e-02 6.389065086841583252e-02 9.028588980436325073e-02 -1.616182625293731689e-01 -9.859346784651279449e-03 1.816968806087970734e-02 4.444131255149841309e-02 3.002710640430450439e-03 7.259408384561538696e-02 -7.168063521385192871e-02 4.945197328925132751e-02 -2.751513384282588959e-02 -1.124000921845436096e-01 -8.200664073228836060e-03 5.946376547217369080e-02 7.358031719923019409e-02 7.769803982228040695e-03 6.313250958919525146e-02 -8.469270169734954834e-02 5.504952743649482727e-02 -1.422269493341445923e-01 1.410834211856126785e-02 -7.904335111379623413e-02 -2.657650783658027649e-02 1.374478489160537720e-01
-5.706630274653434753e-02 1.162249669432640076e-01 9.778214246034622192e-02 8.611579239368438721e-02 5.471592396497726440e-02 5.266589298844337463e-02 -8.141458034515380859e-02 -7.091675698757171631e-02 -4.344681277871131897e-02 -1.814573444426059723e-02 2.754686586558818817e-02 6.796864420175552368e-02 -3.615503013134002686e-02 -1.786634558811783791e-03 3.946936875581741333e-02 6.567326188087463379e-02 9.808702021837234497e-02 -1.047876328229904175e-01 -6.010963395237922668e-02 3.687498718500137329e-02 2.784544788300991058e-02 9.940428286790847778e-02 7.295510172843933105e-02 6.951070576906204224e-02 9.220933914184570312e-02 1.204764991998672485e-01 1.267184736207127571e-03 3.206289187073707581e-02 6.203785538673400879e-02 8.642917871475219727e-02 6.328389793634414673e-02 -8.232235908508300781e-02 -9.991063922643661499e-02 5.284722894430160522e-02 5.996853858232498169e-02 -4.551668837666511536e-02 -6.050226464867591858e-02 1.940821483731269836e-02 1.058178767561912537e-01 -4.449638351798057556e-02 -7.003910094499588013e-02 -7.641591131687164307e-02 8.823560923337936401e-02 7.977429032325744629e-02 -1.078090816736221313e-01 -1.150519251823425293e-01 6.465685367584228516e-02 -6.056364625692367554e-02 -7.680266350507736206e-02 -6.301203370094299316e-02 5.422687903046607971e-02 9.592443704605102539e-02 -5.598273128271102905e-02 -1.600004434585571289e-01 5.523468181490898132e-02 1.116831824183464050e-01 -7.819636166095733643e-02 -1.377352923154830933e-01 -7.688801735639572144e-03 -3.850239887833595276e-02 -2.274048514664173126e-02 1.453936398029327393e-01 2.071426250040531158e-02 -1.463414356112480164e-02 -2.339697815477848053e-02 -8.506714948453009129e-04 1.354266554117202759e-01 -2.400190569460391998e-02 1.745483279228210449e-01 9.962426126003265381e-02 1.326425001025199890e-02 -3.520730510354042053e-02 -1.683839708566665649e-01 -1.263169497251510620e-01 -1.183057874441146851e-01 1.473485827445983887e-01 -3.781916201114654541e-01 -5.010895058512687683e-02 -2.474065065383911133e+00 -4.395970329642295837e-02 2.326806485652923584e-01 3.840142115950584412e-02 2.071415781974792480e-01 5.223320126533508301e-01 3.173975050449371338e-01 4.051347970962524414e-01 3.368638157844543457e-01 -7.559277415275573730e-01 -1.450972080230712891e+00 1.000517487525939941e+00 -2.489653080701828003e-01 1.019283413887023926e+00 4.066353738307952881e-01 2.449882477521896362e-01 1.042883515357971191e+00 -1.136712431907653809e+00 -6.562823802232742310e-02 -1.553582996129989624e-01 5.642504990100860596e-02 1.489586830139160156e-01
9.960462152957916260e-02 7.720560580492019653e-02 -6.062289327383041382e-02 -6.284069269895553589e-02 2.077696844935417175e-02 5.029302835464477539e-02 9.718821197748184204e-02 -4.153604432940483093e-02 5.118481814861297607e-02 -2.570113167166709900e-02 -5.038233473896980286e-02 -5.011299252510070801e-02 4.044198617339134216e-02 -8.291589468717575073e-02 8.251897990703582764e-02 -1.019270494580268860e-01 7.068037241697311401e-02 3.070691414177417755e-02 6.342546641826629639e-02 9.378375858068466187e-02 6.481400877237319946e-02 6.724954117089509964e-03 8.091162890195846558e-02 -4.721073899418115616e-03 -6.906627118587493896e-02 5.189989507198333740e-02 4.079796373844146729e-03 -7.813736051321029663e-02 2.101909555494785309e-02 -4.663653671741485596e-02 -1.035734713077545166e-01 7.475386559963226318e-02 6.869940459728240967e-02 5.817127972841262817e-02 -7.613485213369131088e-03 7.268646359443664551e-02 -8.980076760053634644e-02 -8.310005813837051392e-02 5.594195425510406494e-02 1.082634460180997849e-02 9.827349334955215454e-02 8.909433335065841675e-02 -6.036366522312164307e-02 -3.237345442175865173e-02 9.364987909793853760e-02 -1.734596863389015198e-02 -3.645122423768043518e-02 6.503212451934814453e-02 -5.179484933614730835e-02 -6.877198815345764160e-02 8.990800380706787109e-02 -5.666383728384971619e-02 6.479824334383010864e-02 8.099355548620223999e-02 9.662002325057983398e-02 -3.644511103630065918e-02 9.929910302162170410e-02 -5.482771620154380798e-02 2.880257554352283478e-02 7.526572793722152710e-02 -3.990025445818901062e-02 9.063236415386199951e-02 8.641813695430755615e-02 -5.367264896631240845e-02 5.179396644234657288e-02 3.572149947285652161e-02 -6.778187304735183716e-02 -3.388893604278564453e-02 5.909819155931472778e-02 -5.299916863441467285e-02 8.957455307245254517e-02 -8.890647441148757935e-03 -3.503223881125450134e-02 2.751819323748350143e-03 -1.016630679368972778e-01 -8.508102595806121826e-02 -8.266991376876831055e-02 -4.978231713175773621e-02 -3.378877416253089905e-02 1.031198352575302124e-01 9.146635234355926514e-02 7.905499637126922607e-02 7.119369506835937500e-02 5.983280390501022339e-02 7.032446563243865967e-02 6.383603438735008240e-03 8.150602877140045166e-02 -8.894065022468566895e-02 7.379630208015441895e-02 1.517325788736343384e-01 5.450277402997016907e-02 8.923907577991485596e-02 1.204733476042747498e-01 -2.051226794719696045e-02 7.457834482192993164e-02 -1.080043464899063110e-01 -4.543865844607353210e-02 -5.809464491903781891e-03 -1.164115741848945618e-01 1.374660879373550415e-01
-4.306643456220626831e-02 -4.252189770340919495e-02 8.938111364841461182e-02 6.645996123552322388e-02 -5.323180556297302246e-02 2.820860408246517181e-02 3.191936761140823364e-02 9.748075902462005615e-02 5.654987692832946777e-02 8.852469734847545624e-03 1.116112694144248962e-01 1.060630101710557938e-02 -2.670206315815448761e-02 -4.304706305265426636e-02 8.747308701276779175e-02 -7.760515064001083374e-02 5.381410475820302963e-03 -2.630587294697761536e-02 -1.050616130232810974e-01 -7.870001718401908875e-03 8.951139450073242188e-02 8.656351268291473389e-02 5.748810246586799622e-02 7.279942184686660767e-02 -6.826089229434728622e-03 -4.939822480082511902e-02 -7.911104708909988403e-02 4.829847067594528198e-02 -7.696492224931716919e-02 -2.638879604637622833e-02 -6.915149837732315063e-02 3.894776746165007353e-04 -8.004925400018692017e-02 7.944609224796295166e-02 -7.966583222150802612e-02 -9.764423221349716187e-02 -2.574512921273708344e-02 -8.248527348041534424e-02 -4.296140000224113464e-02 2.997598610818386078e-02 -6.215925142168998718e-02 -2.746541239321231842e-02 6.210928410291671753e-02 2.888177521526813507e-02 -8.873361349105834961e-02 6.905147433280944824e-02 -3.613414615392684937e-02 5.022880062460899353e-02 1.461187656968832016e-02 -1.079710498452186584e-01 8.567340672016143799e-02 -3.037768788635730743e-02 3.144456446170806885e-02 -8.874828927218914032e-03 8.869682997465133667e-02 7.055015861988067627e-02 -1.153902336955070496e-02 1.114211138337850571e-02 1.113841235637664795e-01 3.144349157810211182e-02 -6.964106857776641846e-02 1.148628368973731995e-01 -7.937441021203994751e-02 9.209619462490081787e-02 2.052011899650096893e-02 -1.973538659512996674e-02 8.792026340961456299e-02 -2.214259468019008636e-02 5.935519002377986908e-03 1.034293100237846375e-01 -1.674931310117244720e-02 6.930632889270782471e-02 -9.646452963352203369e-02 4.153573885560035706e-02 -2.933274395763874054e-02 6.267035007476806641e-02 6.191342696547508240e-02 6.525285542011260986e-02 4.806165769696235657e-02 4.670955240726470947e-02 9.686461091041564941e-02 2.480579726397991180e-02 1.406592428684234619e-01 1.974132843315601349e-02 1.537581384181976318e-01 5.377860739827156067e-02 4.400621354579925537e-02 -7.688798755407333374e-02 -2.996375039219856262e-02 6.092515960335731506e-02 2.092615142464637756e-02 -1.772019565105438232e-01 -5.820825695991516113e-02 -1.256330758333206177e-01 6.100926548242568970e-02 9.979383647441864014e-02 -4.453262686729431152e-02 2.237204909324645996e-01 -5.333505198359489441e-02 1.302219033241271973e-01
4.736645892262458801e-02 4.002463072538375854e-02 7.560964673757553101e-02 5.959517881274223328e-02 6.276717036962509155e-02 -8.818870037794113159e-02 9.672328829765319824e-02 9.308543801307678223e-02 1.927560940384864807e-02 6.706736236810684204e-02 -2.466488629579544067e-02 -6.688480079174041748e-02 -7.444722950458526611e-02 7.678159326314926147e-02 5.080541968345642090e-02 -9.241995960474014282e-02 -6.550122797489166260e-02 1.942369900643825531e-02 1.963504403829574585e-02 -3.077312372624874115e-02 -5.632826685905456543e-02 6.578209251165390015e-02 9.587953984737396240e-02 7.535175234079360962e-02 9.254803881049156189e-03 3.983500972390174866e-02 -3.806836530566215515e-02 -6.901101768016815186e-02 -6.625065952539443970e-02 -9.466034173965454102e-02 8.312921226024627686e-02 -8.085895329713821411e-03 1.334131322801113129e-02 6.052195653319358826e-02 2.836178056895732880e-02 -1.664384081959724426e-02 6.444457918405532837e-02 -5.259969457983970642e-02 8.023497462272644043e-02 1.185323297977447510e-01 -4.286631941795349121e-02 -6.414223462343215942e-02 8.761998265981674194e-02 1.855403929948806763e-02 1.275292877107858658e-02 -7.953429967164993286e-02 -4.140205681324005127e-02 6.015991419553756714e-02 6.192203145474195480e-03 -8.286217227578163147e-03 -8.361645787954330444e-02 4.036321118474006653e-02 1.080526337027549744e-01 -7.550105452537536621e-02 4.109476134181022644e-02 1.112800911068916321e-01 4.660755395889282227e-02 -4.014847427606582642e-02 3.120167413726449013e-03 -6.502061616629362106e-03 1.017325520515441895e-01 9.839230030775070190e-02 -1.116947922855615616e-02 -3.009028360247612000e-02 -6.418028473854064941e-02 -5.510403588414192200e-02 6.401936057955026627e-03 3.598973900079727173e-02 9.066717326641082764e-02 -3.666159231215715408e-03 9.901670366525650024e-02 -7.559323310852050781e-02 -1.010252162814140320e-01 7.210163027048110962e-02 -1.052722856402397156e-01 1.109796836972236633e-01 -4.380181804299354553e-02 7.858585566282272339e-02 8.074416965246200562e-02 1.003461107611656189e-01 -1.009356882423162460e-02 2.727402001619338989e-02 9.959536045789718628e-02 3.659860789775848389e-02 -9.876381605863571167e-03 -4.191609099507331848e-02 -1.495931111276149750e-02 -6.209912151098251343e-02 -3.337503597140312195e-02 1.130218580365180969e-01 1.715762913227081299e-02 -8.342182636260986328e-02 1.029535233974456787e-01 -2.134702540934085846e-02 -3.782021626830101013e-02 1.376938521862030029e-01 1.230065450072288513e-01 9.781997650861740112e-02 1.549121923744678497e-02 1.341351419687271118e-01
-2.276017889380455017e-02 -2.230202965438365936e-02 3.699358180165290833e-02 8.127031847834587097e-03 -5.777946487069129944e-02 7.916095107793807983e-02 -3.302374482154846191e-02 7.455480843782424927e-02 7.807033509016036987e-02 2.804556675255298615e-02 8.103099651634693146e-03 -1.730141229927539825e-02 -5.701607465744018555e-02 -4.132519010454416275e-03 -4.818807542324066162e-02 -2.167928405106067657e-02 6.000360473990440369e-02 4.753957316279411316e-02 2.451799251139163971e-02 2.677660807967185974e-02 -4.180175811052322388e-02 4.556305333971977234e-02 -1.247711852192878723e-02 -4.262761026620864868e-02 5.834683310240507126e-03 4.566282033920288086e-02 1.614652760326862335e-02 -2.444557659327983856e-02 3.701673448085784912e-02 2.807180583477020264e-02 -9.910403192043304443e-02 6.212622672319412231e-02 -7.017140835523605347e-02 -6.075958535075187683e-02 -1.420487277209758759e-02 9.310394525527954102e-02 4.479019343852996826e-02 -4.462615400552749634e-02 -2.229260466992855072e-02 -5.489186570048332214e-02 -9.410320967435836792e-02 -1.902661658823490143e-02 5.670845881104469299e-02 -9.366013109683990479e-02 -8.542270370526239276e-05 3.587305918335914612e-02 -6.220939755439758301e-02 8.864279091358184814e-02 3.037109412252902985e-02 1.129004079848527908e-02 1.474494230933487415e-03 -3.931325301527976990e-02 2.905753441154956818e-02 -3.479544818401336670e-02 5.516270920634269714e-02 8.635489642620086670e-02 -1.776366680860519409e-02 6.420057266950607300e-03 -7.228131592273712158e-02 -3.806052356958389282e-02 4.308114573359489441e-02 -7.299513556063175201e-03 -6.107607111334800720e-02 3.107839077711105347e-02 -3.241569921374320984e-02 -3.713224455714225769e-02 1.810288056731224060e-02 -8.683285559527575970e-04 5.037530139088630676e-02 1.716897450387477875e-02 5.365276709198951721e-03 3.713611885905265808e-02 9.420551359653472900e-02 -4.278694093227386475e-02 -1.174738164991140366e-02 3.532942757010459900e-02 -5.844979360699653625e-02 7.727626245468854904e-03 2.429792284965515137e-01 9.727072715759277344e-02 -4.335166886448860168e-02 -7.505034655332565308e-02 -1.025227755308151245e-01 -3.054897487163543701e-02 -9.542195498943328857e-02 7.853062823414802551e-03 -5.540176481008529663e-02 1.087902672588825226e-02 -3.275305777788162231e-02 -1.707505807280540466e-02 -9.559267014265060425e-02 7.710448652505874634e-02 1.068625226616859436e-01 3.700455650687217712e-02 -1.186116486787796021e-01 4.229214973747730255e-03 -9.628396481275558472e-03 -6.180418655276298523e-02 2.371885627508163452e-02 1.960402913391590118e-02
5.829988420009613037e-02 -2.068113908171653748e-02 4.586859419941902161e-02 -8.478945493698120117e-02 3.673961386084556580e-02 1.100220829248428345e-01 -4.887034744024276733e-02 2.752893790602684021e-02 1.055973023176193237e-01 9.015779197216033936e-02 6.682968884706497192e-02 5.065003409981727600e-02 5.398306995630264282e-02 -8.485475927591323853e-02 7.600484043359756470e-02 2.418123558163642883e-02 1.863728091120719910e-02 -7.939811795949935913e-02 -4.258433356881141663e-02 -8.485791273415088654e-03 -4.673570021986961365e-02 1.497650984674692154e-03 -6.310691684484481812e-02 2.797158667817711830e-03 3.184703737497329712e-02 2.557026967406272888e-02 7.590452581644058228e-02 -8.325863629579544067e-02 8.169317990541458130e-02 -9.491724520921707153e-02 1.895136944949626923e-02 -4.438384622335433960e-02 -1.086466684937477112e-01 1.146223116666078568e-02 -2.528995741158723831e-03 -2.457341365516185760e-02 2.780037187039852142e-02 -4.036274738609790802e-03 -5.423594638705253601e-02 1.059342466760426760e-04 2.029819972813129425e-02 -2.977898530662059784e-02 -5.554860457777976990e-02 3.955698013305664062e-02 4.699653759598731995e-02 -3.706730902194976807e-02 -3.324360400438308716e-02 -1.606339588761329651e-02 -1.187631860375404358e-02 -8.194097131490707397e-02 2.025698497891426086e-02 -6.083275191485881805e-03 -2.734124194830656052e-03 -9.840372018516063690e-03 -2.879251353442668915e-02 -4.074865952134132385e-02 -6.925330497324466705e-03 -6.187850981950759888e-02 8.962110430002212524e-02 7.674874365329742432e-02 -4.607976973056793213e-02 8.870846591889858246e-03 -1.656352169811725616e-02 -8.176648616790771484e-02 3.575398772954940796e-02 3.108933568000793457e-02 -6.244701147079467773e-02 -8.634274825453758240e-03 -1.432937830686569214e-01 -8.391979336738586426e-02 9.654930233955383301e-02 8.361183106899261475e-03 -4.223030526190996170e-03 -8.650056272745132446e-02 2.951833978295326233e-02 -4.492994397878646851e-02 4.196554049849510193e-02 5.051098763942718506e-02 8.365527726709842682e-03 1.069096624851226807e-01 1.215717196464538574e-02 9.051476418972015381e-02 5.453684553503990173e-02 4.227513074874877930e-02 1.382953077554702759e-01 1.327987015247344971e-01 9.922254830598831177e-02 -9.473752230405807495e-02 4.838765412569046021e-02 1.170661151409149170e-01 5.139156430959701538e-02 3.415822982788085938e-02 4.708881489932537079e-03 1.255581378936767578e-01 1.364480704069137573e-02 7.240176945924758911e-02 9.367136954097077250e-05 -1.770884543657302856e-02 5.017152428627014160e-02 5.678124353289604187e-02
6.496762484312057495e-02 6.342993676662445068e-02 8.733108639717102051e-02 -9.063727222383022308e-03 -7.819218933582305908e-02 -6.386715918779373169e-02 1.066014636307954788e-02 -9.553568810224533081e-02 3.594943508505821228e-02 5.866437777876853943e-02 5.392903089523315430e-02 -8.217037469148635864e-02 -6.901225447654724121e-02 -3.481735475361347198e-03 3.876475384458899498e-03 1.989981392398476601e-03 3.339724615216255188e-02 5.197456851601600647e-02 -3.906508162617683411e-02 -1.732270233333110809e-02 -8.085959404706954956e-02 5.666239559650421143e-02 -8.462519198656082153e-02 -5.380708724260330200e-02 -4.461197182536125183e-02 4.654743522405624390e-02 5.700010340660810471e-03 9.958722442388534546e-02 -6.967957317829132080e-02 -2.248483215225860476e-04 -3.203022852540016174e-02 6.453144364058971405e-03 5.240111798048019409e-02 1.008711084723472595e-01 8.273962885141372681e-02 7.248379290103912354e-02 -9.856342338025569916e-03 6.688506156206130981e-02 1.128392294049263000e-02 -8.095976710319519043e-02 4.252009093761444092e-02 -3.368589654564857483e-02 -2.427926287055015564e-02 -1.006828695535659790e-01 4.250655695796012878e-02 -9.106706827878952026e-02 8.174074441194534302e-02 -5.645494908094406128e-02 -7.369314134120941162e-02 -1.157043734565377235e-03 -1.014284789562225342e-01 -6.654001772403717041e-02 5.183244496583938599e-02 -9.250783920288085938e-02 4.800995066761970520e-02 7.916793972253799438e-02 7.131692767143249512e-02 -7.962891831994056702e-03 -6.150698289275169373e-02 8.866161853075027466e-02 8.088144659996032715e-02 1.159058958292007446e-01 -3.695480525493621826e-02 5.661454796791076660e-02 9.523829817771911621e-02 5.466575175523757935e-02 1.161051820963621140e-02 8.225920051336288452e-02 -4.509325698018074036e-02 -4.261231049895286560e-02 1.077085509896278381e-01 7.755637168884277344e-02 1.725516095757484436e-02 -2.577820792794227600e-02 5.339394882321357727e-02 1.893390528857707977e-02 3.111356496810913086e-02 7.766487542539834976e-03 8.498217910528182983e-02 6.509034335613250732e-02 -2.623612806200981140e-02 -6.794920563697814941e-02 9.397137910127639771e-02 4.987656138837337494e-03 -4.198102653026580811e-02 9.546445310115814209e-02 7.595071196556091309e-02 -5.415030941367149353e-02 -4.766464233398437500e-02 1.186200007796287537e-01 9.724881500005722046e-02 2.675060369074344635e-02 9.983064234256744385e-02 8.776567876338958740e-02 -1.464561186730861664e-02 -3.894545137882232666e-02 5.710655450820922852e-02 -6.144269555807113647e-02 1.210257969796657562e-02 3.531426563858985901e-02
3.081281110644340515e-02 -7.904969900846481323e-02 -5.142450332641601562e-02 -3.939116373658180237e-02 6.800206005573272705e-02 2.564219199120998383e-02 8.860819041728973389e-03 5.709105730056762695e-02 -8.089266717433929443e-02 -5.924415960907936096e-02 4.484828561544418335e-02 1.028004735708236694e-01 5.423176917247474194e-04 6.322225928306579590e-02 -4.223934561014175415e-02 9.827897697687149048e-02 5.891263112425804138e-02 3.000756353139877319e-02 7.527110725641250610e-02 1.142514050006866455e-01 4.159428924322128296e-02 -2.375816926360130310e-02 5.283368378877639771e-02 6.886886060237884521e-02 -8.841324597597122192e-02 -7.539125531911849976e-02 3.692317008972167969e-02 -6.474622339010238647e-02 -9.154607355594635010e-02 -3.373169898986816406e-02 1.166651993989944458e-01 8.804841339588165283e-02 8.301775902509689331e-02 3.696326538920402527e-02 -4.227012395858764648e-02 9.076076745986938477e-02 5.142978578805923462e-02 7.368090748786926270e-02 -1.749311387538909912e-02 5.055695399641990662e-02 -2.736316761001944542e-03 5.397539213299751282e-02 9.698607958853244781e-03 1.753377169370651245e-02 -2.600298635661602020e-02 -4.149161279201507568e-02 -8.318965137004852295e-02 -4.116087779402732849e-02 -3.758413344621658325e-02 4.369200021028518677e-02 7.390999048948287964e-02 -4.259732738137245178e-02 2.809183113276958466e-02 -3.769799694418907166e-02 6.751687824726104736e-02 -1.160206794738769531e-01 -5.493000522255897522e-02 6.581198424100875854e-02 2.653594128787517548e-02 3.879845142364501953e-02 7.768009603023529053e-02 -9.992178529500961304e-02 -5.804451648145914078e-04 -1.112615615129470825e-01 -3.406404703855514526e-02 -3.872347250580787659e-02 -7.714672386646270752e-02 7.656529545783996582e-02 -4.005475714802742004e-02 1.020236033946275711e-02 -7.618045061826705933e-02 2.649106550961732864e-03 5.224003270268440247e-02 5.610827356576919556e-02 6.610413640737533569e-02 2.565005421638488770e-02 2.485610544681549072e-02 3.883425146341323853e-02 2.596653252840042114e-02 4.132425412535667419e-02 1.443750783801078796e-02 5.380711704492568970e-02 -4.863505065441131592e-02 -7.644254714250564575e-02 -1.180885210633277893e-01 -1.393815036863088608e-02 -7.889398932456970215e-02 -4.447692260146141052e-02 6.444798409938812256e-02 -1.114927008748054504e-01 -1.095038801431655884e-01 -4.359627887606620789e-02 -6.426809728145599365e-02 3.280595690011978149e-02 -7.749660313129425049e-02 -5.348568037152290344e-02 -3.463913500308990479e-02 -1.137396395206451416e-01 1.671070419251918793e-02 -1.318785697221755981e-01
6.150562316179275513e-02 6.250397115945816040e-02 -7.762978225946426392e-02 2.270766720175743103e-02 -4.082484229002147913e-04 7.646311819553375244e-02 -8.996566757559776306e-03 1.021339148283004761e-01 -7.180437445640563965e-02 -2.912046015262603760e-02 4.052788019180297852e-02 -2.167350612580776215e-02 8.286570757627487183e-02 6.685157865285873413e-02 -6.689860671758651733e-02 -3.986663371324539185e-02 -5.845958739519119263e-02 3.084377944469451904e-02 3.860045596957206726e-02 6.213277205824851990e-02 1.729704253375530243e-02 -4.621611908078193665e-02 1.605998352169990540e-02 -1.645737327635288239e-02 9.412906318902969360e-02 -6.795115768909454346e-02 -4.211364313960075378e-02 -9.807734191417694092e-02 1.550194714218378067e-02 -1.359832473099231720e-03 1.731839589774608612e-02 -9.770379215478897095e-02 -3.859384357929229736e-02 8.975252509117126465e-02 -1.543680555187165737e-03 -3.306686133146286011e-02 -8.566955476999282837e-02 -6.433723866939544678e-02 -3.561036288738250732e-02 -2.094023860991001129e-02 -2.487745508551597595e-02 -7.861003279685974121e-02 7.268955558538436890e-02 7.659969385713338852e-03 2.744583645835518837e-03 -3.946982696652412415e-02 -6.468929350376129150e-02 6.871685385704040527e-02 2.692192792892456055e-02 -1.702272891998291016e-02 4.605474323034286499e-02 -8.135011047124862671e-02 -5.500860139727592468e-02 -5.499020591378211975e-02 8.455380797386169434e-02 1.006064116954803467e-01 5.102329328656196594e-02 -6.650792807340621948e-02 -4.378697276115417480e-02 3.822985291481018066e-02 -6.277705729007720947e-02 9.274321049451828003e-02 6.993101537227630615e-02 1.889202371239662170e-02 -4.920330643653869629e-02 7.529552280902862549e-02 6.013251841068267822e-02 -2.373617701232433319e-02 7.100350409746170044e-02 5.388623476028442383e-02 5.876126885414123535e-02 -4.998046159744262695e-02 -2.557056583464145660e-02 8.060909807682037354e-02 -4.745868965983390808e-02 7.961025834083557129e-02 -1.199318915605545044e-01 -5.051033571362495422e-02 -1.402162611484527588e-01 4.659374058246612549e-02 1.680171303451061249e-02 3.614542260766029358e-02 7.804477214813232422e-02 -3.010076470673084259e-02 1.070132032036781311e-01 -6.711615622043609619e-02 -6.807045638561248779e-02 -3.500801045447587967e-03 -1.494656503200531006e-01 -3.691595047712326050e-02 1.559588760137557983e-01 8.880500495433807373e-02 9.800345636904239655e-03 2.342878580093383789e-01 9.066340327262878418e-02 -3.839500993490219116e-02 -5.347492545843124390e-02 -3.371410071849822998e-02 -5.828456580638885498e-02 6.242507323622703552e-02
8.553592115640640259e-02 1.255293190479278564e-01 5.817840248346328735e-02 -1.346185505390167236e-01 4.843659326434135437e-02 4.782305285334587097e-02 -1.959399506449699402e-02 -2.450353838503360748e-02 1.253582090139389038e-01 -1.234883815050125122e-01 3.702340275049209595e-02 -1.155717894434928894e-01 -4.161463305354118347e-02 1.088858246803283691e-01 5.429118499159812927e-02 -7.046581059694290161e-02 2.765697985887527466e-02 -1.088580936193466187e-01 -4.408388398587703705e-03 -4.083532094955444336e-02 1.312182247638702393e-01 1.147304549813270569e-01 6.326699256896972656e-02 1.280399709939956665e-01 -9.696336463093757629e-03 9.589355438947677612e-02 -1.212854534387588501e-01 -5.961331352591514587e-02 1.146149355918169022e-02 3.189281001687049866e-02 5.654149223119020462e-03 -4.367542639374732971e-02 2.864549495279788971e-02 5.628614872694015503e-02 1.472366601228713989e-01 -1.096759289503097534e-01 -4.311007261276245117e-02 -1.018850803375244141e-01 3.327155858278274536e-02 1.192173883318901062e-01 6.113797798752784729e-02 9.735789895057678223e-02 1.164319813251495361e-01 -1.402500718832015991e-01 -2.491072192788124084e-02 -9.658397734165191650e-02 1.395774036645889282e-01 4.665698111057281494e-02 4.702327027916908264e-02 6.697960942983627319e-02 3.111706674098968506e-02 -2.849909069482237101e-04 8.678291738033294678e-02 1.015058811753988266e-02 1.332096606492996216e-01 9.956357069313526154e-03 1.274917423725128174e-01 1.170052811503410339e-01 -1.540067046880722046e-02 4.666712135076522827e-02 3.668745234608650208e-02 1.562237590551376343e-01 1.463089976459741592e-02 5.832906439900398254e-02 7.404919713735580444e-02 1.421950310468673706e-01 -1.215447485446929932e-01 -1.318842917680740356e-02 1.088391542434692383e-01 -3.126784227788448334e-03 1.169591993093490601e-01 5.867881327867507935e-02 -4.883546382188796997e-02 -6.481321901082992554e-02 -4.655713587999343872e-02 -1.158834248781204224e-02 -1.018536016345024109e-01 9.322194382548332214e-03 -7.200307399034500122e-02 3.332611545920372009e-02 8.978480100631713867e-02 6.129744276404380798e-02 1.753444373607635498e-01 1.064627766609191895e-01 1.786444932222366333e-01 1.343694329261779785e-01 1.201053783297538757e-01 1.091996729373931885e-01 -1.022744700312614441e-01 1.658312082290649414e-01 7.744354009628295898e-02 -5.915834102779626846e-03 6.527510005980730057e-03 2.198010981082916260e-01 1.335908472537994385e-01 1.202021092176437378e-01 1.673852950334548950e-01 1.481142938137054443e-01 -3.958270326256752014e-02 1.525806039571762085e-01
