1.111106388270854950e-02 -1.340871900320053101e-01 9.935798496007919312e-02 2.628782764077186584e-03 -1.755935698747634888e-01 -4.541790112853050232e-02 -2.405733615159988403e-02 -3.112163208425045013e-02 5.074609071016311646e-02 -4.039499908685684204e-02 1.050465032458305359e-01 5.064607411623001099e-02 2.417953126132488251e-02 4.492694512009620667e-02 9.568524360656738281e-02 -2.722385898232460022e-02 4.705011844635009766e-03 3.039391897618770599e-02 -4.750704020261764526e-02 3.555654361844062805e-02 -5.417341366410255432e-02 -8.645289391279220581e-02 -7.522927969694137573e-02 5.840507522225379944e-02 -1.713692396879196167e-01 -1.004573702812194824e-01 8.189893513917922974e-02 6.751526892185211182e-02 -8.186648041009902954e-02 -1.009261012077331543e-01 1.517254859209060669e-02 2.198579721152782440e-02 5.482580512762069702e-02 1.390913873910903931e-01 -5.985087901353836060e-02 -6.749720871448516846e-02 2.129893191158771515e-02 6.975120306015014648e-02 2.502790279686450958e-02 9.102338552474975586e-02 1.496277935802936554e-02 -6.278488785028457642e-02 1.259979903697967529e-01 5.874541029334068298e-02 -2.431808412075042725e-02 2.406205795705318451e-02 3.340023383498191833e-02 9.223110973834991455e-03 7.009170949459075928e-02 9.965463727712631226e-02 2.189869582653045654e-01 -6.474586203694343567e-03 -2.675423957407474518e-02 -5.813333019614219666e-02 5.594371259212493896e-02 -3.325139358639717102e-02 8.478569984436035156e-02 2.125479280948638916e-02 1.914241723716259003e-02 -7.761129736900329590e-02 -3.018322028219699860e-02 -4.004178941249847412e-02 -2.235612832009792328e-02 8.188182860612869263e-02 -5.525087565183639526e-02 -6.072417274117469788e-02 -6.720893830060958862e-02 6.111288070678710938e-02 -7.790224254131317139e-02 -5.290247499942779541e-02 -1.785116270184516907e-02 8.245737105607986450e-02 3.972279280424118042e-02 4.241432249546051025e-02 8.786265738308429718e-03 -9.064135700464248657e-02 -5.331839621067047119e-02 -6.339078396558761597e-02 -3.228155896067619324e-02 -1.057842746376991272e-01 -3.556981915608048439e-03 -4.266298189759254456e-02 -9.277134388685226440e-02 -3.384524211287498474e-02 7.510997354984283447e-02 -3.326085954904556274e-02 -8.292120695114135742e-02 -1.784469583071768284e-03 2.219720557332038879e-02 2.764244377613067627e-02 -6.163790076971054077e-02 1.658452488481998444e-02 7.893316447734832764e-02 -3.633004799485206604e-02 8.595333248376846313e-02 6.149264052510261536e-03 5.897223204374313354e-02 -3.216536715626716614e-03 -2.315611205995082855e-02 -1.370235085487365723e-01
3.526336327195167542e-02 -1.055451482534408569e-01 -7.969459891319274902e-02 -7.832243293523788452e-02 -3.034058026969432831e-03 -3.347530588507652283e-02 -7.962173223495483398e-02 -2.477207966148853302e-02 -4.079747572541236877e-02 -7.818082720041275024e-02 1.078474819660186768e-01 3.464627265930175781e-02 -9.297844767570495605e-02 -4.902141168713569641e-03 -5.618783459067344666e-02 5.166328325867652893e-02 6.983344256877899170e-02 1.414573285728693008e-02 5.341877043247222900e-02 -1.051514446735382080e-01 2.767730131745338440e-02 -3.566192463040351868e-02 4.690805822610855103e-02 -1.650733500719070435e-02 -6.467848271131515503e-02 -7.181748002767562866e-02 -3.903961554169654846e-02 3.483559563755989075e-02 -8.076500892639160156e-02 9.677412360906600952e-02 9.086661040782928467e-02 3.889723867177963257e-02 -9.759913384914398193e-02 5.893062427639961243e-02 -6.343754380941390991e-02 -9.707087278366088867e-02 -3.933086618781089783e-02 -4.958432540297508240e-02 9.741696715354919434e-02 -1.607792265713214874e-02 -6.711713969707489014e-02 2.806417830288410187e-02 2.794156968593597412e-02 -3.318190947175025940e-02 -2.445645444095134735e-02 2.377711609005928040e-02 4.448004812002182007e-02 -3.243950381875038147e-02 -2.230132929980754852e-02 8.029381930828094482e-02 9.922923892736434937e-02 5.223005637526512146e-02 1.212244555354118347e-01 -2.482396177947521210e-02 -9.813789278268814087e-03 -1.228803023695945740e-02 -2.623342350125312805e-02 7.116624712944030762e-02 -5.047986656427383423e-02 6.405840069055557251e-02 -1.808342523872852325e-02 -1.778212189674377441e-02 -9.444798529148101807e-02 9.250380098819732666e-03 4.847207665443420410e-02 6.177901104092597961e-02 1.399334706366062164e-02 1.135633289813995361e-01 4.778610542416572571e-02 5.060159415006637573e-02 -4.182550124824047089e-03 7.834834605455398560e-02 5.133308470249176025e-02 4.310275893658399582e-03 -7.895717024803161621e-02 8.562610298395156860e-02 -2.092982642352581024e-02 -7.877259701490402222e-02 -5.661788955330848694e-02 -4.945586249232292175e-02 4.558528959751129150e-02 -8.621574938297271729e-02 9.896171279251575470e-03 -3.300406411290168762e-02 5.817999318242073059e-02 -5.680300667881965637e-02 -3.464005142450332642e-02 9.559804946184158325e-02 -9.800112247467041016e-02 -6.377224624156951904e-02 7.606882601976394653e-02 6.906379479914903641e-03 3.053503483533859253e-02 -4.617982544004917145e-03 1.113748084753751755e-02 1.101020947098731995e-01 -6.286051869392395020e-02 -4.784622415900230408e-02 -1.874047145247459412e-02 -6.013807281851768494e-02
-9.211042895913124084e-03 -3.678319230675697327e-02 2.973318099975585938e-02 -5.576577410101890564e-02 -4.060870781540870667e-02 -8.658685535192489624e-02 -5.232872441411018372e-02 -1.012066528201103210e-01 -2.667665714398026466e-03 -6.887341290712356567e-02 -4.988096281886100769e-02 -1.005201712250709534e-01 -6.002273783087730408e-02 8.388835936784744263e-02 -1.045322641730308533e-01 6.169740110635757446e-02 -4.525158554315567017e-03 -4.157917201519012451e-02 -6.764119863510131836e-02 -3.628654778003692627e-02 4.862050712108612061e-02 7.956238090991973877e-02 -1.454679854214191437e-02 -9.518296271562576294e-02 -9.919439256191253662e-02 -8.122059702873229980e-02 -1.156575828790664673e-01 -8.246313780546188354e-02 -6.745014339685440063e-02 -9.796044789254665375e-03 1.555350888520479202e-02 5.942107737064361572e-02 -5.249078385531902313e-03 -4.681132733821868896e-02 7.964596152305603027e-02 -7.705012708902359009e-02 3.439185395836830139e-02 3.928942605853080750e-02 2.920072339475154877e-02 -9.779831022024154663e-02 -6.887171417474746704e-02 7.340789586305618286e-02 -1.255358010530471802e-01 -7.938873022794723511e-03 -5.266415327787399292e-02 6.901682913303375244e-02 7.181391865015029907e-02 5.264563113451004028e-02 -9.982254356145858765e-02 -1.524382177740335464e-02 -2.786977775394916534e-02 2.871747314929962158e-02 -9.192758798599243164e-02 -7.212749868631362915e-02 1.959363557398319244e-02 1.002750471234321594e-01 2.079153805971145630e-02 3.708545118570327759e-02 -3.464626148343086243e-02 8.501380681991577148e-02 -2.744169160723686218e-02 4.955261480063199997e-03 4.258657991886138916e-02 -5.579633265733718872e-02 -3.891582414507865906e-02 1.113476902246475220e-01 7.389596849679946899e-02 2.596961706876754761e-02 4.109140112996101379e-02 2.872170135378837585e-02 7.329758256673812866e-02 -8.582141995429992676e-02 -4.602099210023880005e-02 -5.413289368152618408e-02 8.985605835914611816e-02 -4.763877764344215393e-02 -4.071183130145072937e-02 3.754644468426704407e-02 8.482436649501323700e-03 -9.600713104009628296e-02 -9.250900894403457642e-02 5.107864364981651306e-02 -7.945668697357177734e-02 5.278907343745231628e-02 -6.542823463678359985e-02 -6.568607687950134277e-02 -6.375138461589813232e-02 8.760200440883636475e-02 -7.593174278736114502e-02 9.666021168231964111e-02 1.614846475422382355e-02 -2.280850335955619812e-02 8.583222329616546631e-02 -3.346719965338706970e-02 2.574689220637083054e-03 -4.153495281934738159e-02 4.308546707034111023e-02 3.075583465397357941e-02 -4.051448777318000793e-02 3.565761446952819824e-02
5.863266810774803162e-02 -9.263172000646591187e-02 -5.379067733883857727e-03 6.854780763387680054e-02 5.885162577033042908e-02 6.694745272397994995e-02 -3.447507694363594055e-02 -2.284700050950050354e-02 5.575422942638397217e-02 -1.336558014154434204e-01 1.359872668981552124e-01 -1.363928765058517456e-01 -1.003001183271408081e-01 1.912093311548233032e-01 -4.513446986675262451e-02 5.950767546892166138e-02 1.766280457377433777e-02 2.012220025062561035e-02 7.042806129902601242e-03 -1.124799028038978577e-01 -3.995318710803985596e-02 9.948595426976680756e-03 1.368116885423660278e-01 5.171184428036212921e-03 5.285618454217910767e-02 -1.488401293754577637e-01 9.433165937662124634e-02 -3.326185792684555054e-02 2.161288447678089142e-02 8.542878180742263794e-02 9.210642427206039429e-02 -1.124719157814979553e-01 6.700803339481353760e-02 1.304834038019180298e-01 1.099426969885826111e-01 -3.638025373220443726e-02 1.370449922978878021e-02 -2.065778672695159912e-01 -3.797100856900215149e-02 4.855635017156600952e-02 -1.558627001941204071e-02 -5.123008042573928833e-02 -7.933688908815383911e-02 -5.792267154902219772e-03 2.321533672511577606e-02 7.818164676427841187e-02 2.082747519016265869e-01 -8.477025479078292847e-02 -9.267583489418029785e-02 3.752313181757926941e-02 2.030032575130462646e-01 -3.512040153145790100e-02 1.451050341129302979e-01 -8.937188237905502319e-02 6.974344700574874878e-02 -2.904958464205265045e-02 -1.317732334136962891e-01 -9.122317284345626831e-02 -9.911406040191650391e-02 5.246785283088684082e-02 1.554672718048095703e-01 -2.902921696659177542e-04 1.431285142898559570e-01 -2.394602820277214050e-02 -1.319517940282821655e-01 6.074928492307662964e-02 1.192175522446632385e-01 -3.768986836075782776e-02 -1.051174178719520569e-01 1.616449803113937378e-01 6.458138674497604370e-02 4.053287953138351440e-02 -9.058119729161262512e-03 8.659425377845764160e-02 -2.257109135389328003e-01 -1.428742986172437668e-02 3.417472913861274719e-02 1.030725017189979553e-01 -1.405906677246093750e-01 -5.698912590742111206e-02 2.067984826862812042e-02 -2.554820664227008820e-02 -4.538825526833534241e-02 -3.334138169884681702e-02 -2.433587610721588135e-02 1.770281940698623657e-01 -8.007271587848663330e-02 1.170181110501289368e-01 -6.494324654340744019e-02 2.267798036336898804e-02 -9.748353064060211182e-02 -1.054814755916595459e-01 -5.556852743029594421e-02 -7.500136643648147583e-02 -8.764503151178359985e-02 -7.041796296834945679e-02 2.816704660654067993e-02 2.615224383771419525e-02 1.386308521032333374e-01 -6.228864938020706177e-02
5.651859194040298462e-02 3.468112647533416748e-02 1.121060270816087723e-02 1.117802858352661133e-01 8.883489668369293213e-02 -1.424310356378555298e-01 -4.314237460494041443e-02 2.452248707413673401e-02 5.332715809345245361e-02 -9.269357658922672272e-03 9.527774155139923096e-02 8.657477796077728271e-02 1.757556945085525513e-01 7.392423599958419800e-02 6.364557892084121704e-02 -1.780354999937117100e-03 4.966082423925399780e-02 -5.090051516890525818e-02 -1.043250635266304016e-01 1.903459243476390839e-02 -9.261838346719741821e-02 -7.936584204435348511e-02 6.130799278616905212e-02 -8.229925483465194702e-02 5.602813325822353363e-03 3.833209164440631866e-03 1.294509973376989365e-02 1.386819928884506226e-01 -6.263991817831993103e-03 2.029012143611907959e-01 -3.847277909517288208e-02 5.473688244819641113e-02 9.794088453054428101e-02 -2.696093730628490448e-02 -9.048989415168762207e-02 1.054451018571853638e-01 8.366438746452331543e-02 7.382670789957046509e-02 5.386750679463148117e-03 -1.681045815348625183e-02 4.366169124841690063e-02 1.290693432092666626e-01 -4.451782256364822388e-02 -9.682219475507736206e-02 3.544824942946434021e-02 6.174259632825851440e-02 -1.061335057020187378e-01 -3.356759995222091675e-02 1.216911673545837402e-01 -9.688173234462738037e-02 -4.385022073984146118e-02 3.683821484446525574e-02 1.606776267290115356e-01 1.110704764723777771e-01 3.848563507199287415e-02 9.201111271977424622e-03 1.119018718600273132e-01 -7.292857766151428223e-02 -1.392362732440233231e-02 4.318916052579879761e-02 -4.059204831719398499e-02 -5.592366307973861694e-02 1.965085715055465698e-01 -4.696787800639867783e-03 7.583613693714141846e-02 -4.802307859063148499e-02 3.668687865138053894e-02 -1.289001107215881348e-02 1.093342602252960205e-01 -5.570736154913902283e-02 -3.977039083838462830e-02 4.554823040962219238e-03 4.591248929500579834e-02 -1.074665039777755737e-01 -8.021923899650573730e-02 -4.162219166755676270e-02 7.936006039381027222e-02 6.453068554401397705e-02 1.017424985766410828e-01 -2.778982557356357574e-02 2.959113754332065582e-02 -9.617012739181518555e-02 1.107547357678413391e-01 -3.611729294061660767e-02 -2.814493328332901001e-02 -2.485778182744979858e-03 -3.903578221797943115e-02 8.810251951217651367e-03 1.086774766445159912e-01 1.042720973491668701e-01 -7.925108820199966431e-02 5.793400853872299194e-02 5.645584780722856522e-03 1.612166315317153931e-01 -6.118299067020416260e-02 3.242545574903488159e-02 4.916276782751083374e-02 -5.846721306443214417e-02 -5.783207342028617859e-02 8.173545449972152710e-02
-5.612491816282272339e-02 9.143389016389846802e-02 1.782785914838314056e-02 7.546176668256521225e-03 -1.231468841433525085e-01 -8.600602857768535614e-03 -3.113423939794301987e-03 -3.530278056859970093e-02 6.546042859554290771e-02 4.194615036249160767e-02 -2.695415019989013672e-01 -1.065856497734785080e-02 -6.957715004682540894e-02 -3.107454180717468262e-01 5.224057007580995560e-03 1.583699584007263184e-01 5.200982559472322464e-03 -1.444814056158065796e-01 3.653504699468612671e-02 -4.545669630169868469e-02 1.344720274209976196e-01 9.166245348751544952e-03 -6.519813835620880127e-02 4.432061314582824707e-02 1.584095358848571777e-01 -7.054205983877182007e-03 9.680885821580886841e-02 -1.696412414312362671e-01 -1.407461613416671753e-01 1.055891439318656921e-02 1.053106933832168579e-01 1.379598677158355713e-02 1.009927242994308472e-01 -2.486800029873847961e-02 8.474777452647686005e-03 3.504739329218864441e-02 -2.465664446353912354e-01 -1.557390242815017700e-01 9.563139081001281738e-02 5.207805708050727844e-02 9.762656688690185547e-02 -1.684554666280746460e-01 -2.902049422264099121e-01 4.314490035176277161e-02 -2.310817688703536987e-02 -5.407469347119331360e-02 1.938964128494262695e-01 5.003100633621215820e-02 5.214775726199150085e-02 5.135053023695945740e-02 1.439836807548999786e-02 4.770943429321050644e-03 -1.605799496173858643e-01 -1.352366656064987183e-01 7.222788780927658081e-02 1.009755115956068039e-02 2.927596680819988251e-02 -1.132730394601821899e-01 -9.989945217967033386e-03 1.301852464675903320e-01 -1.271905153989791870e-01 -5.903714895248413086e-02 -6.628246605396270752e-02 -2.889442443847656250e-02 1.581728011369705200e-01 2.126283757388591766e-02 -8.421503007411956787e-02 -1.542280763387680054e-01 -4.355480521917343140e-02 -3.586689755320549011e-02 9.965253621339797974e-02 8.818342536687850952e-02 1.500753685832023621e-02 1.410077214241027832e-01 -2.444338202476501465e-01 4.758735001087188721e-02 9.230938553810119629e-02 3.436835855245590210e-02 -9.265130758285522461e-02 9.864481538534164429e-02 -9.903471171855926514e-02 -1.168135702610015869e-01 -6.184722110629081726e-02 -1.255632750689983368e-02 -6.126877665519714355e-02 -1.098057106137275696e-01 3.943585231900215149e-02 6.306025385856628418e-02 1.474585831165313721e-01 1.676735430955886841e-01 8.272344246506690979e-03 -4.574223235249519348e-02 3.279457241296768188e-02 -1.590227521955966949e-02 1.760580204427242279e-02 1.196684017777442932e-01 -5.678173899650573730e-02 8.703526109457015991e-03 1.207610592246055603e-01 -2.008614838123321533e-01
-6.691458984278142452e-04 1.429255772382020950e-02 -2.008658461272716522e-02 -4.003152996301651001e-02 -6.633481942117214203e-03 7.772700488567352295e-02 5.332736670970916748e-02 7.016051560640335083e-02 7.233279943466186523e-02 -6.269604712724685669e-02 -2.742531709372997284e-02 -1.168822422623634338e-01 8.202520012855529785e-02 1.156652793288230896e-01 -5.893695633858442307e-03 -8.929898589849472046e-02 1.396747492253780365e-02 -3.919152542948722839e-02 2.670437283813953400e-02 1.305420417338609695e-02 -4.229526035487651825e-03 -4.535198956727981567e-02 2.605297230184078217e-02 -4.856349900364875793e-02 8.957148343324661255e-02 -4.681098461151123047e-02 -5.304003134369850159e-02 -8.461274206638336182e-02 -4.125787410885095596e-03 1.175290122628211975e-01 -7.637657970190048218e-02 3.552876040339469910e-02 -3.405718877911567688e-02 8.226099610328674316e-02 1.483128033578395844e-02 -2.760725468397140503e-02 5.351759865880012512e-02 1.642960123717784882e-02 -6.617159396409988403e-02 7.040147483348846436e-02 -5.590174719691276550e-02 -1.141470521688461304e-01 -8.449258282780647278e-03 -2.461831551045179367e-03 2.107054367661476135e-02 -6.748658418655395508e-02 -8.372882008552551270e-02 7.641698420047760010e-02 -1.905923523008823395e-02 -1.112942248582839966e-01 -2.539981342852115631e-02 8.065152168273925781e-02 -5.078200995922088623e-02 2.089005522429943085e-02 -7.558377832174301147e-02 6.742260605096817017e-02 4.760554432868957520e-02 5.764262378215789795e-02 1.999499090015888214e-02 4.104768484830856323e-02 8.788362890481948853e-02 -8.405745029449462891e-02 2.014913968741893768e-02 7.491061091423034668e-02 1.195361744612455368e-02 -5.885247886180877686e-02 8.827412128448486328e-02 5.193809419870376587e-02 2.817435003817081451e-02 -9.624350816011428833e-02 7.937607169151306152e-02 -5.138676986098289490e-02 -3.322283923625946045e-02 -8.056455850601196289e-02 -2.646787837147712708e-02 -2.599414624273777008e-02 2.183724567294120789e-02 -1.286465767771005630e-02 -9.564549475908279419e-02 9.828881919384002686e-02 -6.597052514553070068e-02 -5.780066549777984619e-02 9.390832483768463135e-02 1.460923627018928528e-02 -6.521411240100860596e-02 -3.914266824722290039e-02 -1.441179076209664345e-03 4.499864205718040466e-02 4.320156201720237732e-02 -2.851436287164688110e-02 1.419399399310350418e-02 -6.682031601667404175e-02 -2.638556249439716339e-02 5.523457005620002747e-02 -5.988063663244247437e-02 1.808895729482173920e-02 3.509921208024024963e-02 2.247186936438083649e-02 3.428490832448005676e-02 1.749486103653907776e-02
8.490807563066482544e-02 -2.531947754323482513e-02 4.683916270732879639e-02 8.896037191152572632e-02 1.975965499877929688e-02 3.072976320981979370e-02 -1.029934510588645935e-01 1.870894879102706909e-01 2.526333322748541832e-03 -5.232914909720420837e-02 2.480900287628173828e-02 -2.295349165797233582e-02 -6.751735694706439972e-03 -1.042139008641242981e-01 8.571816235780715942e-02 2.720157615840435028e-02 -8.232968300580978394e-02 -1.610241532325744629e-01 -4.831023979932069778e-03 -1.140822321176528931e-01 1.203796826303005219e-02 1.139842718839645386e-02 1.126753613352775574e-01 1.614548712968826294e-01 7.655832916498184204e-02 -1.184397414326667786e-01 -2.418784797191619873e-02 -3.311709314584732056e-02 -1.029424369335174561e-03 -7.353720068931579590e-02 6.865580379962921143e-02 -8.269437402486801147e-02 7.962345331907272339e-02 8.020242303609848022e-02 2.017778307199478149e-01 -1.390333622694015503e-01 3.094644658267498016e-02 7.010122388601303101e-02 -7.689570635557174683e-02 -1.125592291355133057e-01 9.794682264328002930e-02 -6.683769822120666504e-02 -1.233101114630699158e-01 1.855058670043945312e-01 -9.548795223236083984e-02 -4.708847776055335999e-02 5.013596639037132263e-02 -1.852244585752487183e-01 -4.988849535584449768e-02 -5.550763383507728577e-02 1.649689823389053345e-01 7.773137185722589493e-03 5.925763398408889771e-04 -2.851016819477081299e-02 -4.470484796911478043e-03 1.119146049022674561e-01 3.996488451957702637e-02 -1.134377494454383850e-01 -7.170098274946212769e-02 1.165317967534065247e-01 -6.640892475843429565e-02 -1.349758207798004150e-01 -1.100102737545967102e-01 7.338238507509231567e-02 1.244951263070106506e-01 1.632715761661529541e-02 1.132620647549629211e-01 -4.870913550257682800e-02 -1.283027976751327515e-01 -1.106387823820114136e-01 -4.896629229187965393e-02 -8.533111214637756348e-02 -9.496935456991195679e-02 1.744443327188491821e-01 -8.912535011768341064e-02 1.917742006480693817e-02 -1.627617180347442627e-01 1.164807826280593872e-01 -1.471488773822784424e-01 -4.961153119802474976e-02 -4.695744439959526062e-02 1.929057575762271881e-02 1.687777973711490631e-02 1.354747265577316284e-01 -3.895412757992744446e-02 1.441108137369155884e-01 6.903124600648880005e-02 7.517831772565841675e-02 -2.112840414047241211e-01 1.342966109514236450e-01 1.022223606705665588e-01 -1.077964529395103455e-02 4.592477530241012573e-02 4.731180518865585327e-02 5.472634732723236084e-02 -1.445662695914506912e-02 1.624490916728973389e-01 1.436736136674880981e-01 1.509549766778945923e-01 -3.862416744232177734e-02
3.616250306367874146e-02 -7.788812369108200073e-02 -4.641173407435417175e-03 -3.178718686103820801e-02 -5.163507070392370224e-03 -8.377050049602985382e-03 2.635123766958713531e-02 -1.983507908880710602e-02 8.809456229209899902e-02 3.515257686376571655e-02 -8.958661556243896484e-02 -9.206151962280273438e-02 1.256673038005828857e-01 1.106470897793769836e-01 -1.184095516800880432e-01 -5.995546653866767883e-02 -9.283971041440963745e-03 -3.748381510376930237e-02 4.215569049119949341e-02 -2.317670919001102448e-02 -1.003860235214233398e-01 -7.028093189001083374e-02 -7.692863047122955322e-02 -7.919801026582717896e-02 -8.865979500114917755e-03 1.102384999394416809e-01 3.467821702361106873e-02 9.129646420478820801e-02 1.016819924116134644e-01 3.825832530856132507e-02 5.343459546566009521e-02 -5.527702346444129944e-02 6.482367217540740967e-02 9.765211492776870728e-03 4.567186906933784485e-02 6.723415851593017578e-02 3.287445381283760071e-02 7.520645111799240112e-02 1.254213741049170494e-03 8.715217001736164093e-03 -1.403356553055346012e-03 -5.895146727561950684e-02 9.844993054866790771e-02 -3.288792446255683899e-02 1.525925938040018082e-02 -3.066252730786800385e-02 -1.263216231018304825e-02 9.305067360401153564e-02 8.744002878665924072e-02 -1.252516079694032669e-02 2.698744833469390869e-02 2.477333508431911469e-02 2.071463316679000854e-02 8.341760933399200439e-02 9.478840231895446777e-02 5.690916627645492554e-02 1.385421156883239746e-01 7.250333577394485474e-02 -4.025789350271224976e-02 -7.134447246789932251e-02 1.422327244654297829e-03 3.350733593106269836e-02 -8.983655832707881927e-03 7.249601930379867554e-02 1.450698971748352051e-01 -1.271772682666778564e-01 1.364553160965442657e-02 -1.588812656700611115e-02 5.243773013353347778e-02 -1.130422726273536682e-01 9.017304517328739166e-03 -9.066353738307952881e-02 -7.952354848384857178e-02 -8.851174265146255493e-02 -8.871024101972579956e-02 4.908401519060134888e-02 9.749192744493484497e-02 -7.227221131324768066e-02 -7.405962795019149780e-02 4.670751467347145081e-02 2.051702141761779785e-02 9.863783419132232666e-02 6.959541141986846924e-02 -1.116233840584754944e-01 -7.180525362491607666e-02 -5.671463441103696823e-03 8.014492690563201904e-02 1.017572209239006042e-01 -1.062903925776481628e-01 1.067193225026130676e-01 -5.144733563065528870e-02 -7.438343763351440430e-02 7.092311233282089233e-02 -6.605288386344909668e-02 1.306958030909299850e-02 5.129047483205795288e-02 -3.357972949743270874e-02 1.929865032434463501e-01 6.927264481782913208e-02 5.697689205408096313e-02
3.627888113260269165e-02 5.812459439039230347e-02 -8.418320119380950928e-02 2.507273852825164795e-02 -3.030290082097053528e-02 3.178584203124046326e-02 -5.222161486744880676e-02 -6.346055120229721069e-02 -2.465404570102691650e-02 1.017392575740814209e-01 1.749501675367355347e-01 2.811755985021591187e-02 4.317170009016990662e-02 -5.100297927856445312e-02 8.469817042350769043e-02 3.426430001854896545e-02 7.104678452014923096e-02 9.606371819972991943e-02 -7.717273384332656860e-02 5.912507697939872742e-02 -3.906716778874397278e-02 -6.555415689945220947e-02 8.517612516880035400e-02 -2.073999121785163879e-02 2.245359495282173157e-02 7.206697762012481689e-02 8.395960927009582520e-02 8.048231154680252075e-02 1.041198670864105225e-01 -3.075530566275119781e-02 -2.711727470159530640e-02 -4.442390799522399902e-02 -1.800638623535633087e-02 4.520444199442863464e-02 -9.589334577322006226e-02 -7.531554251909255981e-02 -1.654054038226604462e-02 -1.203177273273468018e-01 7.461372762918472290e-02 9.745659190230071545e-04 -4.131092503666877747e-02 9.496422111988067627e-02 -1.240652874112129211e-01 -5.859183147549629211e-03 -8.077148348093032837e-02 2.628894336521625519e-02 5.785907432436943054e-02 6.809758394956588745e-02 -5.431746318936347961e-02 -1.068888977169990540e-02 6.610491871833801270e-02 -7.016568630933761597e-02 -3.728947415947914124e-02 -5.178178101778030396e-02 -4.816760122776031494e-02 -3.450804948806762695e-02 6.509346514940261841e-02 1.123059820383787155e-02 2.643469255417585373e-03 -3.035666421055793762e-02 7.270639389753341675e-02 5.831203609704971313e-02 -6.897339969873428345e-02 1.472711469978094101e-02 3.701696917414665222e-02 -4.275941848754882812e-02 1.109098643064498901e-01 3.365699201822280884e-02 1.073950305581092834e-01 -6.025703251361846924e-02 -9.470144659280776978e-02 3.516387566924095154e-02 -7.306469231843948364e-02 9.885292500257492065e-02 5.288374051451683044e-02 6.027443706989288330e-02 -8.329405635595321655e-02 -9.909559041261672974e-03 -1.599244773387908936e-02 -1.455114632844924927e-01 -5.966661497950553894e-03 -1.123881414532661438e-01 8.945783972740173340e-02 2.465614117681980133e-02 -7.611961662769317627e-02 2.993177995085716248e-02 -8.556583523750305176e-02 3.010434284806251526e-02 -3.427216038107872009e-02 -2.342211268842220306e-02 -6.166815757751464844e-02 5.758824199438095093e-02 -9.697154164314270020e-02 -1.234610676765441895e-01 2.669568918645381927e-02 -6.985245645046234131e-02 3.971756622195243835e-02 -4.942393302917480469e-02 -4.412488639354705811e-02 -1.220197677612304688e-01
-1.131576076149940491e-01 -9.425176307559013367e-03 1.350461542606353760e-01 6.837500631809234619e-02 6.560318917036056519e-02 -5.111372098326683044e-02 9.050226956605911255e-02 2.440171688795089722e-02 1.234281156212091446e-02 -1.222903802990913391e-01 -1.119138821959495544e-01 -1.000380814075469971e-01 -2.512226253747940063e-02 -3.379751741886138916e-02 5.691890418529510498e-02 -6.552414596080780029e-02 6.584812700748443604e-02 -1.045950576663017273e-01 -3.189567476511001587e-02 -3.149956464767456055e-02 -2.564156055450439453e-02 -3.530973196029663086e-02 1.317508220672607422e-01 -5.409117322415113449e-03 -1.547667756676673889e-02 3.475961508229374886e-03 -4.615374282002449036e-02 4.072339739650487900e-03 1.256727576255798340e-01 -6.618513166904449463e-02 -8.116970211267471313e-02 -4.328353703022003174e-02 -7.785819470882415771e-02 3.665331006050109863e-02 -5.092814564704895020e-02 4.624196141958236694e-02 -6.009850651025772095e-02 -7.915297523140907288e-03 2.542971167713403702e-03 -1.136753894388675690e-02 1.253419462591409683e-02 3.583453595638275146e-02 -1.635279208421707153e-01 -7.815415412187576294e-02 5.202215909957885742e-02 4.718371480703353882e-02 1.232031136751174927e-01 -1.134645342826843262e-01 -5.135329067707061768e-02 -7.751519232988357544e-02 1.357536315917968750e-01 4.403294250369071960e-02 1.045748125761747360e-02 -3.547859191894531250e-02 -1.934916079044342041e-01 -6.431142240762710571e-02 -6.840815395116806030e-02 -6.405288726091384888e-02 2.244128379970788956e-03 -8.648842573165893555e-02 7.653056830167770386e-02 -3.513604775071144104e-02 -5.671049654483795166e-02 -7.974394410848617554e-02 -4.875020310282707214e-02 1.120202243328094482e-01 -6.458156555891036987e-02 -8.236889541149139404e-02 5.681767687201499939e-02 -1.151613667607307434e-01 -6.564897298812866211e-02 2.778237685561180115e-02 -7.635322213172912598e-02 -9.758377075195312500e-02 1.460691541433334351e-01 4.341574013233184814e-02 4.632361233234405518e-02 -5.158274993300437927e-02 -1.448899507522583008e-01 7.336960732936859131e-02 5.091914441436529160e-03 1.110561713576316833e-01 -7.176208496093750000e-02 7.295471429824829102e-02 5.793920159339904785e-02 -1.060073599219322205e-01 2.212934009730815887e-02 6.510511785745620728e-02 -1.057674065232276917e-01 -6.308320909738540649e-02 -8.729203045368194580e-02 -1.350058056414127350e-02 -6.837791297584772110e-03 -4.906882718205451965e-02 7.930184900760650635e-02 5.981556698679924011e-02 -8.718536794185638428e-02 1.634730608202517033e-03 -1.061922535300254822e-01 -5.066325515508651733e-02
-2.201901935040950775e-02 -1.081790849566459656e-01 -4.384664818644523621e-03 1.045475620776414871e-02 -8.095324784517288208e-02 -6.926932372152805328e-03 2.007548324763774872e-02 1.619668118655681610e-02 6.190102547407150269e-02 4.158097878098487854e-02 2.849436551332473755e-02 -4.493706673383712769e-02 -9.762880392372608185e-03 -2.910653129220008850e-02 -1.158983558416366577e-01 4.028424620628356934e-03 6.452272087335586548e-02 5.535978078842163086e-02 4.858981352299451828e-03 -4.713757336139678955e-02 -4.030156508088111877e-02 -3.747453913092613220e-02 -1.375778615474700928e-01 -2.583517879247665405e-02 -1.111451908946037292e-02 -4.024617001414299011e-02 -5.736159533262252808e-02 7.307019084692001343e-02 -1.440740097314119339e-02 7.892757654190063477e-02 8.759357035160064697e-02 -7.029671967029571533e-02 6.697391718626022339e-02 8.468098193407058716e-02 -1.213451940566301346e-02 3.498509153723716736e-02 -1.017395220696926117e-02 -7.283965498208999634e-02 3.923723474144935608e-02 -1.149054523557424545e-02 4.910375550389289856e-02 7.949794828891754150e-02 1.355151366442441940e-02 2.373280748724937439e-02 9.452094137668609619e-02 1.072002574801445007e-01 -1.143925338983535767e-01 -7.085996214300394058e-03 -8.981220424175262451e-02 7.472675293684005737e-02 -2.132009947672486305e-03 5.899237934499979019e-03 1.509760469198226929e-01 -5.647926032543182373e-02 1.903545707464218140e-01 5.767953582108020782e-03 6.203620880842208862e-02 -2.316885627806186676e-03 -5.811738595366477966e-02 -8.324841409921646118e-02 5.645582824945449829e-02 8.391863852739334106e-02 -4.815747588872909546e-02 -9.223627299070358276e-02 1.799246668815612793e-01 1.196992117911577225e-02 9.143815375864505768e-03 5.873916298151016235e-02 3.400918096303939819e-02 -3.204614296555519104e-02 -8.284625411033630371e-02 -6.757961213588714600e-02 -7.501242309808731079e-02 1.486922651529312134e-01 -4.146003350615501404e-02 -5.547962710261344910e-02 1.751397550106048584e-02 -1.331456005573272705e-01 1.054704561829566956e-01 -9.995860606431961060e-02 2.465527877211570740e-02 -7.693338394165039062e-02 -9.368904680013656616e-02 -1.090711802244186401e-01 9.266331791877746582e-02 2.024644054472446442e-02 -9.102930873632431030e-02 -1.645960845053195953e-02 1.601380668580532074e-02 -8.707914501428604126e-02 3.150847554206848145e-02 4.663154482841491699e-02 -8.192384243011474609e-02 -1.398833394050598145e-01 -1.306933409068733454e-04 2.342517301440238953e-02 -2.569451183080673218e-02 7.465595006942749023e-02 -5.529306828975677490e-03 -2.243574336171150208e-02
9.093203395605087280e-02 -2.139081992208957672e-02 -6.736246496438980103e-02 2.210378088057041168e-02 6.359403580427169800e-02 -9.754130989313125610e-02 5.462657660245895386e-02 -6.763902958482503891e-03 -9.944148361682891846e-03 1.343604829162359238e-02 -4.920889064669609070e-02 7.208426296710968018e-02 1.154437009245157242e-02 1.006283238530158997e-01 5.764773488044738770e-02 9.301783889532089233e-02 -2.227696031332015991e-02 8.242775499820709229e-02 -3.106603631749749184e-03 3.926389291882514954e-02 -1.024987995624542236e-01 -5.698719248175621033e-02 -1.129561662673950195e-01 -1.851637288928031921e-02 -5.103101581335067749e-02 5.313006415963172913e-02 7.250304520130157471e-02 -4.516872018575668335e-02 -8.450178802013397217e-02 1.072171702980995178e-01 5.079062283039093018e-02 9.947750717401504517e-02 -6.500529497861862183e-02 1.339066624641418457e-01 -3.103395365178585052e-02 3.926322981715202332e-02 8.092798292636871338e-02 -4.796626511961221695e-03 -9.754710644483566284e-02 -1.495430944487452507e-03 4.014512524008750916e-02 -8.471858501434326172e-02 -4.759149625897407532e-03 -7.417491823434829712e-02 -7.139576971530914307e-02 5.442176479846239090e-03 -9.083379805088043213e-02 3.140218555927276611e-02 1.447549909353256226e-01 -4.091948270797729492e-03 3.765737637877464294e-02 -4.095489904284477234e-02 -1.777919009327888489e-03 -3.057641163468360901e-02 -4.182586073875427246e-02 2.770818211138248444e-02 -5.950741097331047058e-02 1.625969447195529938e-02 8.300717175006866455e-02 6.109767034649848938e-02 -6.058321520686149597e-02 7.759586721658706665e-02 6.964565068483352661e-02 1.164204031229019165e-01 5.366531014442443848e-02 8.191726356744766235e-02 4.748413711786270142e-02 -9.879302978515625000e-02 4.818535968661308289e-02 3.233484551310539246e-02 -4.906354588456451893e-04 -5.784937366843223572e-02 1.922440901398658752e-02 8.048361539840698242e-02 -6.637082248926162720e-02 2.475848654285073280e-03 -9.441924840211868286e-02 2.822356671094894409e-02 -1.017375886440277100e-01 2.337729185819625854e-02 1.080879494547843933e-01 -5.054711923003196716e-02 2.303493022918701172e-02 -1.063875183463096619e-01 -7.864128798246383667e-02 8.247444778680801392e-02 1.442343592643737793e-01 5.106128007173538208e-02 -2.598024159669876099e-02 5.922846123576164246e-02 -1.800685562193393707e-02 -6.422519683837890625e-02 6.103314831852912903e-02 5.355219170451164246e-02 -1.027911454439163208e-01 8.339478820562362671e-02 9.451922029256820679e-02 6.360819190740585327e-02 -4.852098226547241211e-02 -8.696250617504119873e-03
8.531631529331207275e-02 9.577518701553344727e-02 1.129199117422103882e-01 -2.231061458587646484e-02 9.447025507688522339e-02 4.183385893702507019e-02 -8.638199418783187866e-02 1.495571434497833252e-01 -9.065792709589004517e-02 4.207056760787963867e-02 -1.036248579621315002e-01 6.304310169070959091e-03 -8.950400352478027344e-02 4.905229061841964722e-02 -6.711641699075698853e-02 -5.392093956470489502e-02 5.085799843072891235e-03 -4.572704061865806580e-02 6.221402809023857117e-02 1.573843136429786682e-02 -1.039987131953239441e-01 -1.116329524666070938e-02 3.902398422360420227e-02 -1.057401522994041443e-01 7.278925180435180664e-02 6.531038880348205566e-02 8.077585697174072266e-02 5.528523027896881104e-02 -1.377798267640173435e-03 -1.043843477964401245e-02 5.427424237132072449e-02 1.537339761853218079e-02 -6.212339177727699280e-02 1.588555052876472473e-02 -8.799399435520172119e-02 -5.102181807160377502e-02 5.456472188234329224e-02 3.547024354338645935e-02 6.514363735914230347e-02 -3.004557266831398010e-02 -5.763568729162216187e-02 6.146257743239402771e-02 2.131222374737262726e-02 5.942808464169502258e-02 5.525961518287658691e-02 2.292785979807376862e-02 1.329701510258018970e-03 -7.056728750467300415e-02 7.588919252157211304e-02 6.590725481510162354e-02 1.532379258424043655e-02 -8.509692549705505371e-02 -2.454646863043308258e-02 -5.975792184472084045e-02 -3.633849322795867920e-02 -4.764288198202848434e-03 -6.937604397535324097e-02 9.121958911418914795e-02 1.141710653901100159e-01 -1.050430163741111755e-01 -1.014017686247825623e-01 1.603912934660911560e-02 -2.552173472940921783e-02 3.913134336471557617e-02 8.997403085231781006e-02 4.314247146248817444e-02 -5.170259997248649597e-02 1.553114801645278931e-01 -2.290305448696017265e-03 8.046982437372207642e-02 5.233587324619293213e-02 -1.938816905021667480e-02 -5.834661796689033508e-02 2.624255046248435974e-02 -3.299718350172042847e-02 1.403363049030303955e-02 -9.398173540830612183e-02 -7.486480474472045898e-02 4.021975770592689514e-02 2.962224557995796204e-02 -8.942125737667083740e-02 6.409372389316558838e-02 -2.145950496196746826e-02 -9.578906744718551636e-02 1.514982804656028748e-02 6.213168427348136902e-02 4.436795786023139954e-02 -5.720273777842521667e-02 -9.256748855113983154e-02 -4.995224997401237488e-02 -5.547173693776130676e-02 8.789364993572235107e-02 9.673492610454559326e-02 -6.469821184873580933e-02 -6.370425224304199219e-02 1.002656444907188416e-01 -3.113161958754062653e-02 -6.096502020955085754e-02 2.987703867256641388e-02 -4.647028818726539612e-02
2.386577278375625610e-01 -1.347592771053314209e-01 -3.600674215704202652e-03 2.014702707529067993e-01 -4.410449415445327759e-02 -9.642355144023895264e-02 7.186994701623916626e-02 1.991641670465469360e-01 -4.710299521684646606e-02 -3.415198624134063721e-02 -7.084216177463531494e-02 -1.935156644321978092e-03 3.953289613127708435e-02 1.614915877580642700e-01 1.096326708793640137e-01 3.834953065961599350e-03 -5.751219019293785095e-02 -9.639848768711090088e-02 -1.822769083082675934e-02 -1.558913439512252808e-01 7.134962081909179688e-02 -3.609788045287132263e-02 1.727555692195892334e-01 1.159971803426742554e-01 -3.730461001396179199e-02 -1.446865797042846680e-01 2.984461188316345215e-02 -3.143347427248954773e-02 -1.201592162251472473e-01 -1.019318550825119019e-01 4.934922978281974792e-02 -5.595391243696212769e-02 5.329755321145057678e-02 1.657617688179016113e-01 -1.111347600817680359e-01 5.330218374729156494e-02 2.687936089932918549e-02 3.863915055990219116e-02 -1.347265671938657761e-02 -1.707927137613296509e-01 1.595093496143817902e-02 -1.279057655483484268e-02 -5.032726749777793884e-02 7.972914725542068481e-03 -4.936587437987327576e-02 -3.802088648080825806e-02 9.636292606592178345e-02 -9.125608950853347778e-02 5.785623565316200256e-02 -9.766431897878646851e-02 2.888369839638471603e-03 2.926251478493213654e-02 9.965735673904418945e-02 -6.460098177194595337e-02 3.543969616293907166e-02 4.994364827871322632e-02 3.885267674922943115e-02 -8.178910613059997559e-02 -3.824059292674064636e-02 -2.295852079987525940e-02 -2.611344121396541595e-02 -1.414411813020706177e-01 3.281257301568984985e-02 -6.166841834783554077e-02 2.128195762634277344e-02 -1.076485738158226013e-01 4.711259156465530396e-02 -1.361189931631088257e-01 -7.578452117741107941e-03 -1.613785326480865479e-02 -3.580309450626373291e-02 -4.340389370918273926e-02 8.066451177000999451e-03 -8.418743312358856201e-02 -2.495385706424713135e-02 -1.400886662304401398e-02 7.872415333986282349e-02 3.582344576716423035e-02 -6.255751103162765503e-02 -4.056845977902412415e-02 -1.935112103819847107e-02 -9.557744860649108887e-02 2.480974420905113220e-02 5.393129587173461914e-02 -5.952998995780944824e-02 -1.445400714874267578e-02 -3.157055377960205078e-02 1.065218970179557800e-01 3.521502390503883362e-02 3.663347288966178894e-02 -3.871050849556922913e-02 4.435278102755546570e-02 4.627558961510658264e-02 7.241514325141906738e-02 4.959051683545112610e-02 1.225792691111564636e-01 1.844932883977890015e-02 5.048314854502677917e-02 -1.863662153482437134e-02 3.018869319930672646e-03
4.604501277208328247e-02 -7.099077850580215454e-02 7.486958801746368408e-02 -1.431172620505094528e-02 9.478698484599590302e-04 -1.317610312253236771e-02 -1.501332689076662064e-02 -8.847385644912719727e-02 4.252163693308830261e-02 -1.142220292240381241e-02 -1.130401790142059326e-01 6.602925062179565430e-02 1.656548380851745605e-01 -4.103865846991539001e-02 1.615201383829116821e-01 -1.030622497200965881e-01 -8.930658921599388123e-03 4.691787809133529663e-02 -4.488459229469299316e-02 -5.486987065523862839e-04 7.156345993280410767e-02 1.295275706797838211e-02 -6.400563567876815796e-02 -4.767418652772903442e-02 -1.332499086856842041e-01 -1.309322472661733627e-02 1.917538605630397797e-02 4.684286192059516907e-02 -1.732708141207695007e-02 -6.781102623790502548e-03 -7.386622577905654907e-02 -3.668987378478050232e-02 2.005738206207752228e-02 8.413454145193099976e-02 -4.015164375305175781e-01 4.580376669764518738e-02 -9.971251338720321655e-02 -6.709539145231246948e-02 -4.735882207751274109e-02 -1.898587346076965332e-01 -1.073445528745651245e-01 -1.088148877024650574e-01 -1.482873558998107910e-01 -1.145798563957214355e-01 -3.222104534506797791e-02 -1.263230573385953903e-03 1.662333123385906219e-02 9.381930530071258545e-02 -2.134700678288936615e-02 9.228743612766265869e-02 -1.899472996592521667e-02 -5.247810482978820801e-02 -6.742544472217559814e-02 -9.442491829395294189e-02 -1.504350900650024414e-01 -1.108485041186213493e-03 -1.903660409152507782e-02 6.108804047107696533e-02 6.965360790491104126e-02 -4.853679332882165909e-03 -4.006654024124145508e-03 1.276704370975494385e-01 9.230318665504455566e-02 -7.489500939846038818e-02 -1.050688177347183228e-01 -1.100216731429100037e-01 1.444836985319852829e-02 -1.049275696277618408e-01 4.892476275563240051e-02 4.356017336249351501e-02 -7.367457449436187744e-02 6.472378224134445190e-02 7.552605122327804565e-02 -1.857045739889144897e-01 -8.513413369655609131e-02 6.281037628650665283e-02 3.023367561399936676e-02 -1.534817367792129517e-01 -1.502483040094375610e-01 -7.956778630614280701e-03 8.427622914314270020e-02 -7.272032555192708969e-03 -5.503479018807411194e-02 8.902142941951751709e-02 3.658616542816162109e-02 -1.652417927980422974e-01 1.119069531559944153e-01 5.752105265855789185e-02 -4.945405200123786926e-02 -4.887513443827629089e-02 -7.938874512910842896e-02 -3.865491598844528198e-02 3.407285362482070923e-02 1.998376660048961639e-02 9.768708050251007080e-02 7.601287961006164551e-02 -5.649951100349426270e-02 -7.630488276481628418e-02 -1.288128644227981567e-01 -2.453685849905014038e-01
6.393138319253921509e-02 1.811331696808338165e-02 -6.897652894258499146e-02 -7.460627704858779907e-02 4.487821087241172791e-02 4.146518930792808533e-02 4.679540172219276428e-02 3.264146670699119568e-02 6.019703578203916550e-03 -4.786577541381120682e-03 1.150787845253944397e-01 -8.606807142496109009e-02 -6.526353210210800171e-02 1.363105624914169312e-01 2.128132618963718414e-02 6.230042502284049988e-02 1.557460706681013107e-02 3.055080585181713104e-02 7.209414243698120117e-02 7.772379368543624878e-02 -1.000480055809020996e-01 -4.304821044206619263e-02 -6.334576755762100220e-02 -7.679262012243270874e-02 1.982370391488075256e-03 6.411821395158767700e-02 -4.393772035837173462e-02 -2.386031299829483032e-02 -1.005733609199523926e-01 1.132575720548629761e-01 4.685603082180023193e-02 -4.118971899151802063e-02 -8.023696392774581909e-02 -4.506199434399604797e-02 -2.329352311789989471e-02 5.793384090065956116e-02 -7.083885371685028076e-02 -8.238319307565689087e-03 2.214324101805686951e-02 -7.206651568412780762e-02 6.537507474422454834e-02 1.155128702521324158e-01 -6.357670575380325317e-02 5.873322114348411560e-02 -5.637295171618461609e-02 -3.132922574877738953e-02 2.960123354569077492e-03 9.456907212734222412e-02 9.300782531499862671e-02 -8.175723999738693237e-02 -6.070598214864730835e-02 -9.200668893754482269e-03 -6.530921161174774170e-02 -4.568273574113845825e-02 8.756824582815170288e-02 -3.569358587265014648e-02 2.569903992116451263e-02 8.902706205844879150e-02 3.163957223296165466e-02 -6.965332664549350739e-03 -4.819714650511741638e-02 8.359509706497192383e-02 -1.077616587281227112e-01 4.945635423064231873e-02 -4.769965633749961853e-02 2.475191652774810791e-02 -3.942479193210601807e-02 -6.637966632843017578e-02 2.798167057335376740e-03 8.605515211820602417e-02 -6.045771762728691101e-02 1.039554998278617859e-01 -1.027081813663244247e-02 -2.445794455707073212e-02 7.479032129049301147e-02 2.317403815686702728e-02 -1.249522808939218521e-02 1.235905941575765610e-02 1.866263709962368011e-02 2.439050376415252686e-02 2.053193002939224243e-02 4.879860579967498779e-02 -7.127469778060913086e-02 -1.094019636511802673e-01 6.228189170360565186e-02 7.223118096590042114e-02 4.014781489968299866e-02 3.074945881962776184e-02 -8.562330156564712524e-02 3.402113169431686401e-02 -5.011452361941337585e-03 9.774652123451232910e-02 -5.718087777495384216e-02 -8.835286647081375122e-02 2.536437287926673889e-02 8.896393328905105591e-02 -9.672768414020538330e-02 -3.162141516804695129e-02 8.959618955850601196e-02 -5.165435373783111572e-02
-1.250769346952438354e-01 -1.925529837608337402e-01 1.414121836423873901e-01 -3.400095552206039429e-02 -6.172513589262962341e-02 -5.748374015092849731e-02 -1.993438787758350372e-02 -2.771278321743011475e-01 8.122240006923675537e-02 2.003077603876590729e-02 2.119891792535781860e-01 -2.769244015216827393e-01 -4.049304127693176270e-02 -3.129805028438568115e-01 -1.767534911632537842e-01 -8.826718479394912720e-02 -1.050323620438575745e-01 -4.880741983652114868e-02 -1.998922042548656464e-02 4.605228081345558167e-02 -6.336738914251327515e-02 2.911697328090667725e-02 -7.226649671792984009e-02 -1.042682379484176636e-01 -4.918626695871353149e-02 1.169834192842245102e-02 3.441499546170234680e-02 -9.886519983410835266e-03 8.238915354013442993e-03 -2.494239807128906250e-01 -3.970754891633987427e-02 -1.643436700105667114e-01 -4.990741983056068420e-02 1.896922737360000610e-01 1.636824458837509155e-01 -1.181774660944938660e-01 3.903854265809059143e-02 -2.288406640291213989e-01 -7.561773806810379028e-02 5.539863556623458862e-02 -8.173480629920959473e-02 -5.519157275557518005e-02 -1.190493255853652954e-02 1.466204673051834106e-01 -5.817545577883720398e-02 -1.845884174108505249e-01 -4.007201641798019409e-03 3.740816935896873474e-02 -3.719271346926689148e-02 -7.095533888787031174e-03 3.220263719558715820e-01 -1.668808013200759888e-01 -6.748238205909729004e-02 7.467750459909439087e-02 -2.622117660939693451e-02 -2.774327620863914490e-02 -1.826941221952438354e-01 -5.601342394948005676e-02 -1.011778041720390320e-01 8.871140331029891968e-02 1.726559847593307495e-01 -2.208406478166580200e-01 1.966368965804576874e-02 -7.159663736820220947e-02 -1.405899822711944580e-01 4.000919312238693237e-02 -4.552889615297317505e-02 -1.046768575906753540e-01 -1.562398523092269897e-01 4.377619177103042603e-02 -5.826626345515251160e-02 -1.532412171363830566e-01 -1.306224316358566284e-01 1.625565625727176666e-02 3.109449148178100586e-01 -9.095583111047744751e-02 -1.940328180789947510e-01 9.856272488832473755e-02 -1.767766922712326050e-01 -1.104319393634796143e-01 -1.433246880769729614e-01 -6.035891920328140259e-02 1.337677985429763794e-02 9.331042319536209106e-02 -8.228865265846252441e-02 9.508338756859302521e-03 -3.865708038210868835e-02 5.989328026771545410e-02 8.843829482793807983e-02 3.933791443705558777e-02 1.477541476488113403e-01 -1.218853611499071121e-02 3.836279734969139099e-02 -3.372224792838096619e-02 -3.342849761247634888e-02 -5.880846828222274780e-02 1.297327131032943726e-01 1.271775364875793457e-01 2.215458899736404419e-01 -2.550215125083923340e-01
-6.635548919439315796e-02 5.873455479741096497e-02 -1.100721508264541626e-01 1.741056330502033234e-02 8.680585771799087524e-02 -5.239462107419967651e-02 -2.887466922402381897e-02 1.684141904115676880e-02 -4.159506037831306458e-02 5.964963510632514954e-02 -7.575783133506774902e-02 4.207405727356672287e-03 6.901728361845016479e-02 -8.106890320777893066e-02 -4.748525470495223999e-02 5.754628404974937439e-02 -1.000114083290100098e-01 1.043940111994743347e-01 5.312686786055564880e-03 -7.488681375980377197e-02 8.321037888526916504e-02 4.207842424511909485e-02 -1.000322923064231873e-01 2.601038850843906403e-02 1.985107921063899994e-02 -4.113524686545133591e-03 -6.467247009277343750e-02 6.267863512039184570e-02 2.299276553094387054e-02 5.868922173976898193e-02 -8.451538532972335815e-02 -5.281444266438484192e-02 -5.668202042579650879e-02 6.439346820116043091e-02 9.914448112249374390e-02 1.054753139615058899e-01 -2.501510083675384521e-02 -7.435079663991928101e-02 1.105836257338523865e-01 -8.040314167737960815e-02 7.274617999792098999e-02 2.602105587720870972e-02 5.779918283224105835e-02 -3.899394534528255463e-03 -8.066663891077041626e-02 -7.475976645946502686e-02 -8.552497625350952148e-02 -4.793393611907958984e-02 1.976900361478328705e-02 -9.704639762639999390e-02 2.150782197713851929e-02 -3.456417843699455261e-02 -2.066110260784626007e-02 -8.327250182628631592e-02 3.918875008821487427e-02 -2.061577886343002319e-02 8.127846568822860718e-02 -4.142131283879280090e-02 9.201207756996154785e-02 8.836020529270172119e-02 2.512940578162670135e-02 7.517004851251840591e-03 -6.753302365541458130e-02 -2.481684833765029907e-02 8.944550901651382446e-02 -7.071060687303543091e-02 7.398522645235061646e-02 8.647097647190093994e-02 1.233322694897651672e-01 -9.591921232640743256e-03 -8.174289017915725708e-02 9.343803673982620239e-02 -4.107435420155525208e-02 -4.075663536787033081e-02 -8.658180944621562958e-03 3.463330492377281189e-02 -4.539913311600685120e-02 6.315297912806272507e-03 4.635212942957878113e-03 4.734710603952407837e-02 7.348837703466415405e-02 -6.769702583551406860e-02 5.122231319546699524e-02 8.822655677795410156e-02 -1.026095151901245117e-01 7.235036045312881470e-02 -7.710465788841247559e-02 -1.871062442660331726e-02 -1.237521506845951080e-02 8.395383507013320923e-02 5.223827436566352844e-02 6.088212877511978149e-02 -6.947010755538940430e-03 -1.412080079317092896e-01 4.081273451447486877e-02 -8.553754538297653198e-02 4.587117582559585571e-02 3.590028733015060425e-02 -4.671651497483253479e-02 1.324319280683994293e-02
-1.187451183795928955e-01 -7.268360257148742676e-02 -1.230296120047569275e-02 -4.192344099283218384e-02 7.361556589603424072e-02 -1.061712056398391724e-01 -3.751160576939582825e-02 4.595935810357332230e-03 4.211983829736709595e-02 -3.468322008848190308e-02 -1.404623128473758698e-02 6.739471852779388428e-02 -3.173533454537391663e-02 -6.528894603252410889e-02 8.986265212297439575e-02 4.287001490592956543e-02 -6.774013489484786987e-02 5.777680501341819763e-02 3.749178722500801086e-02 1.762429252266883850e-02 -3.357126936316490173e-02 3.806796297430992126e-02 7.433892786502838135e-02 -6.914211064577102661e-02 7.397347688674926758e-02 -3.292899578809738159e-02 -3.815068677067756653e-02 -1.091474071145057678e-01 -9.849023818969726562e-02 -6.648119539022445679e-02 -6.815743446350097656e-02 -3.217322751879692078e-02 8.805981278419494629e-02 6.242535263299942017e-02 5.106855556368827820e-02 -2.371800132095813751e-02 4.377297591418027878e-03 -3.770212829113006592e-02 -1.066127419471740723e-01 1.256257481873035431e-02 1.024367436766624451e-01 2.900111861526966095e-02 1.044725477695465088e-01 -5.494205746799707413e-03 -8.824019134044647217e-02 2.751295454800128937e-02 -1.045103594660758972e-01 3.642577677965164185e-02 -5.152281373739242554e-02 3.716162964701652527e-02 -9.877253323793411255e-02 4.782462120056152344e-02 -2.377588674426078796e-02 -8.069700002670288086e-02 -4.758673161268234253e-02 5.339739099144935608e-02 -6.956682354211807251e-02 -6.915110349655151367e-02 -6.114201247692108154e-02 -6.953971832990646362e-02 6.004825234413146973e-02 -5.904946848750114441e-02 -3.826247900724411011e-02 -1.045487821102142334e-01 -7.493991404771804810e-02 1.037371978163719177e-01 -3.689541667699813843e-02 6.766556948423385620e-02 6.312073767185211182e-02 -1.014029309153556824e-01 2.525093220174312592e-02 2.887747064232826233e-02 3.528946265578269958e-02 1.959162019193172455e-02 1.090310886502265930e-01 5.821505188941955566e-02 3.040440380573272705e-02 -3.460916131734848022e-02 -1.808901131153106689e-02 -5.398461595177650452e-02 -5.687478929758071899e-02 9.375736117362976074e-02 -4.848311468958854675e-02 -1.386777497828006744e-03 -4.776302352547645569e-02 -2.698252163827419281e-02 -1.324371695518493652e-01 6.356270611286163330e-02 1.465010549873113632e-02 -8.993194438517093658e-03 2.858649007976055145e-02 4.556418210268020630e-02 2.920163422822952271e-02 -1.290210615843534470e-02 7.064330577850341797e-02 2.021564403548836708e-03 9.011057764291763306e-02 1.219674870371818542e-01 8.943955600261688232e-02 6.686711311340332031e-02
2.435937523841857910e-03 -7.145649194717407227e-02 1.663010800257325172e-03 -3.389140218496322632e-02 7.122873514890670776e-02 -6.062882952392101288e-03 8.592017926275730133e-03 7.837200164794921875e-02 -4.460727423429489136e-02 -7.744380831718444824e-02 -1.093753031454980373e-03 -1.028283238410949707e-01 4.482991248369216919e-02 -5.828007683157920837e-02 2.992920763790607452e-02 -2.525713667273521423e-02 9.612274914979934692e-02 3.869349136948585510e-02 5.207208916544914246e-02 -1.033296510577201843e-01 7.679876685142517090e-02 -4.405073449015617371e-02 -1.994253508746623993e-02 6.305005401372909546e-02 -7.483547180891036987e-02 -3.444216912612318993e-03 2.295989543199539185e-02 4.396390542387962341e-02 7.723703980445861816e-02 5.205093324184417725e-02 -1.682044006884098053e-02 1.811978034675121307e-02 2.637686207890510559e-02 2.841476723551750183e-02 1.592402458190917969e-01 6.915168371051549911e-03 -8.451738394796848297e-03 5.151840392500162125e-03 5.335021018981933594e-02 -7.569824159145355225e-02 7.784011960029602051e-02 -3.718982636928558350e-02 7.456550747156143188e-02 -3.200596198439598083e-02 -4.028967022895812988e-02 -2.933112438768148422e-03 -1.983194239437580109e-02 9.396181441843509674e-03 -1.806410960853099823e-02 -3.229492530226707458e-02 1.073624491691589355e-01 1.014792323112487793e-01 -1.043502688407897949e-01 -1.056549176573753357e-01 -3.169279918074607849e-02 -1.562428777106106281e-03 -9.439732879400253296e-02 4.783707857131958008e-02 -6.784578412771224976e-02 9.984012693166732788e-02 1.036386936902999878e-03 2.232656069099903107e-02 -5.084055475890636444e-03 -3.658309206366539001e-02 3.549524396657943726e-02 -4.907609149813652039e-02 6.505043059587478638e-02 3.956842236220836639e-03 -3.895369125530123711e-03 2.552766352891921997e-02 -8.330463618040084839e-02 -7.346829771995544434e-02 -9.452097862958908081e-02 -1.913050748407840729e-02 4.758909717202186584e-02 3.848565369844436646e-02 -2.906361222267150879e-02 -4.253810271620750427e-03 -1.310919374227523804e-01 1.476937346160411835e-02 -4.131967201828956604e-02 5.641882866621017456e-02 9.340120106935501099e-02 4.714530077762901783e-04 -5.407369229942560196e-03 1.060454323887825012e-01 -2.388186194002628326e-02 -7.254963368177413940e-02 7.333941012620925903e-02 -7.445943355560302734e-02 -5.359959602355957031e-02 -6.792920082807540894e-02 4.698138684034347534e-02 1.238609896972775459e-03 -7.467254251241683960e-02 -5.147745460271835327e-02 3.562970086932182312e-02 -5.815311893820762634e-02 -2.081946656107902527e-02 -6.442712992429733276e-02
8.056535385549068451e-03 6.254471093416213989e-02 4.861204326152801514e-02 -1.181217096745967865e-02 -3.074001055210828781e-03 -2.665048837661743164e-02 -7.398734241724014282e-02 -1.738614216446876526e-02 -9.866073727607727051e-02 -1.048930063843727112e-01 -2.953650616109371185e-02 -1.214322894811630249e-01 6.478374823927879333e-03 -7.405383046716451645e-03 -2.604186348617076874e-02 7.051676511764526367e-02 9.649633616209030151e-02 -5.627882108092308044e-02 -7.364900410175323486e-02 8.051543682813644409e-02 9.955073893070220947e-02 6.465200334787368774e-02 -4.882665723562240601e-02 1.685254275798797607e-02 -9.045025333762168884e-03 7.478408981114625931e-03 -1.682151854038238525e-02 4.694763943552970886e-02 -2.977799624204635620e-02 3.208348527550697327e-02 -4.044924676418304443e-02 -1.387883070856332779e-02 6.061814725399017334e-02 -2.896527945995330811e-02 -6.493928283452987671e-02 -4.332382697612047195e-03 -4.488317668437957764e-02 7.420687377452850342e-02 -7.637675851583480835e-02 5.069035664200782776e-02 8.475784957408905029e-02 2.331393398344516754e-02 -7.942227274179458618e-02 4.813097417354583740e-02 9.345146268606185913e-02 5.394324287772178650e-02 -6.377662718296051025e-02 3.106748498976230621e-02 4.309485852718353271e-02 6.700342893600463867e-02 3.857360780239105225e-02 2.842660760506987572e-03 -1.280527710914611816e-01 8.907824009656906128e-02 8.742032200098037720e-02 -7.000380009412765503e-02 -6.458033621311187744e-02 -6.989655643701553345e-02 8.475919067859649658e-02 -9.266806766390800476e-03 6.807223707437515259e-02 2.953744307160377502e-02 3.547202050685882568e-02 1.506411808804841712e-05 1.642329734750092030e-03 1.412411779165267944e-02 -5.759464576840400696e-02 -1.968510448932647705e-02 -7.540073990821838379e-02 -8.628645539283752441e-02 8.925286680459976196e-02 1.110687851905822754e-01 7.370124012231826782e-02 1.631723600439727306e-03 1.001485660672187805e-01 9.309055656194686890e-02 -4.316576942801475525e-02 9.756523370742797852e-02 -1.167478784918785095e-01 -1.123188901692628860e-02 -1.059898920357227325e-02 -5.035639554262161255e-02 5.374179780483245850e-02 -6.952747236937284470e-03 7.931829988956451416e-02 3.879519179463386536e-03 4.995787516236305237e-02 -2.062439545989036560e-02 8.287764340639114380e-02 -2.054018341004848480e-02 -2.873743325471878052e-02 9.648443758487701416e-02 6.740668416023254395e-02 3.542681410908699036e-02 5.816165730357170105e-02 -4.183853790163993835e-02 9.763471782207489014e-02 -7.212409377098083496e-02 4.050236195325851440e-02 -9.964227676391601562e-02
-6.320714950561523438e-02 -8.351285941898822784e-03 -1.784753869287669659e-03 1.455139368772506714e-02 8.642143011093139648e-02 -7.122731208801269531e-02 -6.734103709459304810e-02 5.202839523553848267e-02 -3.612358588725328445e-03 1.167901307344436646e-01 -1.904434412717819214e-01 5.598033592104911804e-02 2.610648609697818756e-02 -8.631476014852523804e-02 3.505652397871017456e-02 -1.868661865592002869e-02 4.971693828701972961e-02 3.916619345545768738e-02 -4.442652314901351929e-02 -8.306849002838134766e-02 1.029973328113555908e-01 1.308761239051818848e-01 -5.148495361208915710e-02 1.091862618923187256e-01 -8.997949957847595215e-02 -3.939820826053619385e-02 -1.229922398924827576e-01 3.270017728209495544e-02 5.494756624102592468e-03 -4.144756868481636047e-02 1.603650115430355072e-02 9.626181423664093018e-02 -3.213743120431900024e-02 7.148902863264083862e-03 7.619493454694747925e-02 -1.036185100674629211e-01 4.795938439201563597e-04 1.297138929367065430e-01 -1.257073283195495605e-01 3.880324959754943848e-02 1.210992336273193359e-01 -3.540946543216705322e-02 -5.998981650918722153e-03 9.462672285735607147e-03 -1.253956258296966553e-01 -8.078316599130630493e-02 -2.865244820713996887e-02 -3.854991635307669640e-03 1.135739535093307495e-01 2.885038778185844421e-02 -1.373397707939147949e-01 5.171154066920280457e-02 -8.477695286273956299e-03 1.652730628848075867e-02 4.324081912636756897e-02 -8.617599494755268097e-03 -1.635848432779312134e-01 3.673418611288070679e-02 5.125553160905838013e-02 1.404431462287902832e-01 -1.828996539115905762e-01 -2.597249578684568405e-03 7.859181612730026245e-02 2.222421020269393921e-02 3.271039947867393494e-02 9.795619174838066101e-03 1.889975555241107941e-02 -6.755719333887100220e-02 2.020924910902976990e-02 4.105785395950078964e-03 6.049783527851104736e-02 -6.793862581253051758e-02 -6.338334828615188599e-02 2.238325402140617371e-02 -1.477587819099426270e-01 4.677839204668998718e-02 4.532654583454132080e-02 9.657379239797592163e-02 -1.186310574412345886e-01 9.584082663059234619e-02 -7.243132591247558594e-02 6.068631261587142944e-02 -6.683178991079330444e-02 -4.889450967311859131e-02 4.921585321426391602e-02 2.214223518967628479e-02 8.825320005416870117e-02 -4.750433564186096191e-02 5.014470592141151428e-02 -2.201445773243904114e-02 6.211194768548011780e-02 5.767469480633735657e-02 2.333335869479924440e-04 -2.741068135946989059e-03 -9.073063731193542480e-02 5.204926803708076477e-02 8.282887190580368042e-02 1.628832966089248657e-01 -9.975997731089591980e-03 -1.297299098223447800e-02
-2.827340550720691681e-02 5.630720779299736023e-02 -4.993809387087821960e-02 -3.189544007182121277e-02 -5.787822231650352478e-02 -2.772967331111431122e-02 3.886970132589340210e-02 2.410499937832355499e-02 -2.765859104692935944e-02 -7.709757983684539795e-02 2.390011213719844818e-02 -5.036861822009086609e-02 -8.654104918241500854e-02 -1.062387675046920776e-01 1.195711083710193634e-02 -1.548114325851202011e-02 -5.864838138222694397e-03 9.325649589300155640e-02 -1.010173484683036804e-01 7.217033207416534424e-02 7.973247766494750977e-02 -3.895046934485435486e-02 1.232513785362243652e-02 1.260000765323638916e-01 -1.594699546694755554e-02 -6.759280711412429810e-02 -1.256811171770095825e-01 -7.318446785211563110e-02 -3.053600899875164032e-02 -1.307174116373062134e-01 -6.504645198583602905e-02 6.167781725525856018e-02 1.950724748894572258e-03 1.080493927001953125e-01 -4.685575887560844421e-02 5.300842598080635071e-02 -9.379557520151138306e-02 -9.198755770921707153e-02 -9.751007705926895142e-02 -1.389996260404586792e-01 1.669215410947799683e-02 -4.468574002385139465e-02 3.172641247510910034e-02 -1.903665624558925629e-02 -6.856405735015869141e-02 -6.268821656703948975e-02 7.226871699094772339e-02 -1.595122367143630981e-01 8.936237543821334839e-02 1.199032440781593323e-01 -8.114844560623168945e-03 -2.950036525726318359e-02 7.999513298273086548e-02 2.255890890955924988e-02 -1.099859401583671570e-01 -1.283979266881942749e-01 -8.147904276847839355e-02 -1.185829937458038330e-02 4.606477916240692139e-02 -5.100492388010025024e-02 6.028233841061592102e-02 1.376973092555999756e-02 5.110825970768928528e-02 -7.418458908796310425e-02 -8.938688039779663086e-02 1.075963154435157776e-01 -4.030216485261917114e-02 5.223270040005445480e-03 1.614108085632324219e-01 -5.937186256051063538e-02 -5.987282842397689819e-02 1.663434207439422607e-01 4.720479622483253479e-02 5.631199479103088379e-02 -4.611600562930107117e-02 3.803378343582153320e-02 -1.935245841741561890e-02 -1.409271806478500366e-01 -3.653354942798614502e-02 2.555289305746555328e-02 7.237640768289566040e-02 1.415390893816947937e-02 6.092191208153963089e-03 -8.288112469017505646e-03 -4.624034091830253601e-02 1.398749798536300659e-01 3.334471881389617920e-01 6.800954043865203857e-02 -4.841429367661476135e-02 -2.352924272418022156e-02 -5.405459925532341003e-02 -6.418094038963317871e-02 -6.854166090488433838e-02 3.759011253714561462e-02 -1.860734261572360992e-02 1.142886504530906677e-01 -3.413781151175498962e-02 8.341166377067565918e-02 -2.145256102085113525e-02 2.007220685482025146e-02
-5.063582584261894226e-02 7.310082763433456421e-02 2.496472746133804321e-02 -1.209488436579704285e-01 2.267931587994098663e-02 -3.468899056315422058e-02 2.885974384844303131e-02 -1.648145914077758789e-02 -6.084570288658142090e-02 4.057877231389284134e-03 1.218904331326484680e-01 -5.725152418017387390e-02 -8.688383549451828003e-02 1.256874296814203262e-02 -9.669463150203227997e-03 1.083331778645515442e-01 1.414057705551385880e-02 -4.798796144314110279e-04 2.323188073933124542e-02 8.733516186475753784e-02 1.028219331055879593e-02 -3.517299890518188477e-02 -3.405992314219474792e-02 -1.287383865565061569e-02 3.305125981569290161e-02 1.968864165246486664e-02 -1.081976816058158875e-01 -5.309552326798439026e-02 -6.326647102832794189e-02 6.026969850063323975e-02 -7.679832726716995239e-02 -5.199557542800903320e-02 -9.906057268381118774e-02 -8.603584021329879761e-02 -5.811241641640663147e-02 -8.709228783845901489e-02 -6.615747511386871338e-02 6.544898450374603271e-02 -9.120540926232933998e-04 -2.825208567082881927e-02 -8.099532872438430786e-02 6.488034874200820923e-02 6.216117367148399353e-02 -4.150842130184173584e-02 2.652514027431607246e-03 -7.305446080863475800e-03 -1.367316097021102905e-01 1.108681038022041321e-01 5.803165584802627563e-02 -8.576820045709609985e-02 5.137858912348747253e-02 -1.084453891962766647e-02 5.388367548584938049e-02 -3.213303536176681519e-02 1.084801405668258667e-01 1.294203847646713257e-01 7.411566376686096191e-02 -7.395002990961074829e-02 2.220246754586696625e-02 -7.142271101474761963e-02 -3.252979367971420288e-02 -1.017780378460884094e-01 -9.831404685974121094e-02 -6.947740912437438965e-02 -2.598209679126739502e-02 1.286971848458051682e-02 -7.091259956359863281e-02 1.588250547647476196e-01 1.499442569911479950e-02 -2.772898972034454346e-02 -5.828422680497169495e-02 -1.054533720016479492e-01 8.784096688032150269e-02 -8.450134098529815674e-02 1.458240747451782227e-01 -1.161720231175422668e-01 8.224643766880035400e-02 -3.924714773893356323e-02 1.375950723886489868e-01 -1.874203979969024658e-01 -1.924504190683364868e-01 -1.357380747795104980e-01 2.861620485782623291e-02 -9.832791239023208618e-02 -3.614354878664016724e-02 -9.029213339090347290e-02 -1.159221455454826355e-01 -7.784771174192428589e-02 -1.260057985782623291e-01 -1.027316674590110779e-01 6.719833612442016602e-02 9.180843830108642578e-02 -1.579336263239383698e-02 1.139196939766407013e-02 1.023195497691631317e-02 -6.282278895378112793e-02 4.114887490868568420e-02 -1.242955550551414490e-01 -2.801286801695823669e-02 3.492889180779457092e-02
-1.854349486529827118e-02 -4.324184730648994446e-02 2.751221694052219391e-02 -1.131487637758255005e-02 -6.550707668066024780e-02 -2.889770641922950745e-02 1.998786814510822296e-02 5.523703247308731079e-02 -2.538078697398304939e-03 -3.350545465946197510e-02 6.495554745197296143e-02 9.687891602516174316e-02 -1.521888822317123413e-01 -5.961801856756210327e-02 -5.805542320013046265e-02 -9.483817219734191895e-02 6.518135219812393188e-02 -4.755831032525748014e-04 1.161558032035827637e-01 1.301715429872274399e-02 -8.578525483608245850e-02 -1.299288123846054077e-02 -9.171573817729949951e-02 5.640533939003944397e-02 -4.269549623131752014e-02 5.792330205440521240e-02 -9.080597199499607086e-03 2.868684008717536926e-02 -1.676443405449390411e-02 -2.692238986492156982e-02 -5.061906203627586365e-02 -1.170291826128959656e-01 -6.104761734604835510e-02 4.705257713794708252e-03 1.322600152343511581e-02 3.225694969296455383e-02 -1.282321661710739136e-01 -7.991256192326545715e-03 1.020496636629104614e-01 -6.480307877063751221e-02 -4.159795865416526794e-02 -1.017890498042106628e-01 -1.931283390149474144e-03 2.425624988973140717e-02 -4.554411396384239197e-02 8.703963458538055420e-02 -1.272605955600738525e-01 4.804708436131477356e-02 -8.074550330638885498e-02 -5.378057062625885010e-02 -5.661174282431602478e-02 7.636489719152450562e-02 1.003983803093433380e-02 -7.217819243669509888e-02 3.620464727282524109e-02 7.657161355018615723e-02 2.253560535609722137e-02 2.860811352729797363e-02 -4.167494550347328186e-02 -9.097660332918167114e-02 -4.610545933246612549e-03 1.018230803310871124e-02 4.442597925662994385e-02 -9.576335549354553223e-02 8.272498100996017456e-02 6.816919147968292236e-02 3.209592774510383606e-02 -6.165191531181335449e-02 5.874556303024291992e-02 -3.397658467292785645e-02 7.965729571878910065e-03 -3.724098578095436096e-02 -3.273748792707920074e-03 -8.791138231754302979e-02 1.024068295955657959e-01 -7.333227992057800293e-02 4.797852039337158203e-02 -1.580896042287349701e-02 -9.327353537082672119e-02 4.012957587838172913e-02 4.919118061661720276e-02 5.238622426986694336e-02 -2.099183574318885803e-02 6.168612837791442871e-02 3.152916207909584045e-02 -4.368317499756813049e-02 -9.045741707086563110e-02 -7.919665426015853882e-02 -4.273262992501258850e-02 1.645830087363719940e-02 2.451763674616813660e-02 1.301863137632608414e-02 -3.836970776319503784e-02 -1.551096979528665543e-02 7.423943281173706055e-02 -2.839261665940284729e-02 -5.693903192877769470e-02 3.530552238225936890e-02 -2.029758319258689880e-02 -1.685433275997638702e-02
7.112956047058105469e-02 -3.867895901203155518e-02 6.242082640528678894e-02 3.267024084925651550e-02 2.505948767066001892e-02 -3.722691163420677185e-02 -7.773999124765396118e-02 -1.290035694837570190e-01 8.106014877557754517e-02 1.150060966610908508e-01 5.506496876478195190e-02 6.766957230865955353e-03 9.976202994585037231e-02 5.447183549404144287e-02 5.693031102418899536e-02 -6.305406987667083740e-02 3.650829195976257324e-02 3.216831758618354797e-02 -1.014238595962524414e-01 -2.045229822397232056e-02 5.737199634313583374e-02 -8.123498409986495972e-02 -7.997352629899978638e-02 7.293199747800827026e-02 -2.084719203412532806e-02 9.075554087758064270e-03 9.883310645818710327e-02 -7.396560907363891602e-02 4.901006817817687988e-02 -1.821514368057250977e-01 5.553568154573440552e-02 -6.639740616083145142e-02 2.446973323822021484e-02 7.471885532140731812e-02 6.679075770080089569e-03 -2.238008659332990646e-03 -7.021513581275939941e-02 -4.483821243047714233e-02 -1.728944294154644012e-02 3.166794544085860252e-03 -2.633010968565940857e-02 -9.100633673369884491e-03 -7.111531496047973633e-02 -6.910227239131927490e-02 3.383104875683784485e-02 -7.322532683610916138e-02 -1.303008105605840683e-02 -1.103325188159942627e-02 6.842762976884841919e-02 7.434182614088058472e-02 -5.285230278968811035e-02 -6.340904533863067627e-02 5.527168139815330505e-02 5.134037509560585022e-02 5.204023793339729309e-02 -2.977720461785793304e-02 -5.735547468066215515e-02 1.353938132524490356e-01 -1.353922784328460693e-01 4.716490209102630615e-02 -4.352286830544471741e-02 -3.419979708269238472e-03 5.558281764388084412e-02 -5.144305760040879250e-04 4.802943393588066101e-02 -4.396101832389831543e-02 -1.361481100320816040e-01 -8.587051182985305786e-02 4.553233459591865540e-02 2.736286260187625885e-02 -8.192132413387298584e-02 -4.381025582551956177e-02 -4.167346656322479248e-02 -1.264322549104690552e-01 -1.087180227041244507e-01 -4.727419838309288025e-02 6.532583385705947876e-02 -2.691001445055007935e-02 -7.017806917428970337e-02 1.391843259334564209e-01 2.488840185105800629e-02 -2.918412536382675171e-02 2.571604028344154358e-02 -1.497770100831985474e-01 -5.889636650681495667e-02 1.491689682006835938e-02 1.285632252693176270e-01 -6.533979624509811401e-02 4.024673625826835632e-02 -7.032107561826705933e-02 1.292212456464767456e-01 -6.223539635539054871e-02 4.934840649366378784e-02 -6.907128542661666870e-02 -2.372420579195022583e-02 2.150778099894523621e-02 9.336587786674499512e-02 -9.607160836458206177e-02 1.214578524231910706e-01 -1.013588607311248779e-01
1.820670440793037415e-02 6.235719844698905945e-02 7.168961316347122192e-02 1.168808620423078537e-02 -7.159485667943954468e-02 -1.019058283418416977e-02 9.594610892236232758e-03 -2.878148481249809265e-02 3.743770346045494080e-02 3.617519885301589966e-02 2.156607620418071747e-02 -1.412905454635620117e-01 3.788702189922332764e-02 -1.143980305641889572e-02 -4.571476951241493225e-03 1.030349079519510269e-02 5.204388871788978577e-02 -9.391248971223831177e-02 9.923937171697616577e-02 -2.488766238093376160e-02 1.094704866409301758e-01 6.133398041129112244e-02 9.811821579933166504e-02 -2.611677348613739014e-02 -6.368798762559890747e-02 -4.807222634553909302e-02 9.175205230712890625e-02 1.095346268266439438e-02 8.925220370292663574e-02 -4.714182019233703613e-02 5.985406786203384399e-02 -8.446319401264190674e-02 -5.509448051452636719e-02 4.480548202991485596e-02 2.820305339992046356e-02 7.839591242372989655e-03 -6.385866552591323853e-02 -1.127609983086585999e-01 1.197449024766683578e-02 2.191616035997867584e-02 2.868213923647999763e-03 5.216436088085174561e-02 -8.172556757926940918e-02 1.153020337224006653e-01 1.008094996213912964e-01 -1.014174893498420715e-01 -1.583712548017501831e-02 -9.021728485822677612e-02 -1.251884102821350098e-01 7.556934654712677002e-02 1.350918710231781006e-01 -8.905655890703201294e-02 -2.227435261011123657e-02 2.258220687508583069e-02 -4.216774553060531616e-02 7.781037688255310059e-02 -2.895550429821014404e-02 4.725982248783111572e-02 -8.382526785135269165e-02 8.167809247970581055e-02 5.850969348102807999e-03 -4.177498444914817810e-02 -7.524790614843368530e-02 1.221697628498077393e-01 -4.503152798861265182e-03 1.036176607012748718e-01 7.986313849687576294e-02 -2.614845521748065948e-02 1.201435364782810211e-02 -1.828180998563766479e-02 -1.011461168527603149e-01 -1.138001754879951477e-01 -7.329316437244415283e-02 -2.454921230673789978e-02 -1.646896153688430786e-01 3.153361380100250244e-02 1.306445058435201645e-02 4.719386622309684753e-02 6.638845056295394897e-02 7.310208678245544434e-02 8.442772552371025085e-03 -9.023135155439376831e-02 -1.745323836803436279e-02 -1.330732367932796478e-02 -7.936668395996093750e-02 -7.218167930841445923e-02 -9.203454107046127319e-02 -9.806925058364868164e-02 -3.878872608765959740e-03 -1.735416054725646973e-02 -6.764116697013378143e-03 -2.195467613637447357e-02 9.636518359184265137e-02 9.075424820184707642e-02 -9.563422948122024536e-02 1.011527180671691895e-01 -5.288619548082351685e-02 -7.981350645422935486e-03 1.099283248186111450e-01 -1.743038743734359741e-02
-1.321003772318363190e-02 1.082480251789093018e-01 1.030317991971969604e-01 5.033404752612113953e-02 -5.841965600848197937e-02 -2.160565555095672607e-02 -6.303431838750839233e-02 -1.370053589344024658e-01 -8.342662453651428223e-02 2.096966467797756195e-02 7.888594269752502441e-02 4.400257766246795654e-02 8.351399004459381104e-02 -9.049019217491149902e-02 -1.083530858159065247e-02 4.304346442222595215e-02 7.903815060853958130e-02 9.626632183790206909e-02 -9.662257879972457886e-02 -2.525292336940765381e-02 5.581682920455932617e-02 -5.141436122357845306e-03 -4.695779061876237392e-04 8.506293594837188721e-02 9.997604414820671082e-03 3.077630419284105301e-03 -6.889236718416213989e-02 -2.176086185500025749e-03 1.330123282968997955e-02 -2.493981830775737762e-02 4.115296527743339539e-02 7.638842612504959106e-02 1.022357270121574402e-01 1.019702199846506119e-02 -8.553274720907211304e-02 7.213128358125686646e-02 1.122019141912460327e-01 -7.700534537434577942e-03 7.918152026832103729e-03 1.504149753600358963e-02 -6.457286328077316284e-02 -7.547434419393539429e-02 -1.469271630048751831e-01 -2.939290180802345276e-02 1.153565868735313416e-01 3.930104523897171021e-02 1.491903141140937805e-02 -2.589080110192298889e-02 1.185717880725860596e-01 -5.389807745814323425e-03 -1.997708156704902649e-02 1.384861301630735397e-02 -1.077213585376739502e-01 8.502522110939025879e-02 1.140910200774669647e-02 6.686619669198989868e-02 2.176252752542495728e-02 5.287068337202072144e-02 1.197210885584354401e-02 6.040671840310096741e-02 -7.333838380873203278e-03 -3.006947971880435944e-02 6.785797327756881714e-02 -6.129274144768714905e-02 7.430570572614669800e-02 4.932826384902000427e-02 5.629324913024902344e-02 -1.001544296741485596e-01 -5.419073626399040222e-02 -1.033756211400032043e-01 -3.026286885142326355e-02 -9.046592563390731812e-02 3.091446124017238617e-02 -6.181042641401290894e-02 -4.439331591129302979e-02 1.478296238929033279e-02 -3.340034559369087219e-02 -5.595004651695489883e-03 -6.085488945245742798e-02 1.917203702032566071e-02 8.877452462911605835e-02 2.476728893816471100e-02 -1.039067506790161133e-01 4.643930122256278992e-02 -9.535378962755203247e-02 9.822521358728408813e-02 9.341299533843994141e-03 9.787970036268234253e-02 -2.712649479508399963e-02 -2.469769120216369629e-02 3.255297243595123291e-02 -5.616476759314537048e-02 8.322351425886154175e-02 -7.745274901390075684e-02 8.695713430643081665e-02 -8.041962236166000366e-02 -8.958458155393600464e-02 -6.294812262058258057e-02 -7.487063109874725342e-02 -1.961963437497615814e-02
-4.835452884435653687e-02 -2.529399283230304718e-02 -4.934718459844589233e-02 1.043703127652406693e-02 2.836103085428476334e-04 -6.581031251698732376e-03 5.331076309084892273e-02 1.000171341001987457e-02 7.485359162092208862e-02 -9.665661305189132690e-02 -1.313548535108566284e-01 1.253527309745550156e-02 -1.919388398528099060e-02 1.422923654317855835e-01 6.213123723864555359e-02 -2.397537790238857269e-02 -7.008461654186248779e-02 8.456135541200637817e-02 -4.501516371965408325e-02 5.743708834052085876e-02 7.807271182537078857e-02 3.315601497888565063e-02 8.909837901592254639e-02 -1.222735084593296051e-02 6.437476724386215210e-02 7.146054506301879883e-02 -7.315409183502197266e-02 -7.098373025655746460e-02 9.098488837480545044e-03 6.762143969535827637e-02 -3.632292523980140686e-02 2.655329555273056030e-02 8.116675913333892822e-02 6.738145649433135986e-02 -5.744360759854316711e-02 -7.467024773359298706e-02 -6.421172618865966797e-02 4.268951714038848877e-02 -4.372846707701683044e-02 8.876938372850418091e-02 3.042870946228504181e-02 8.688422292470932007e-02 -1.341461110860109329e-02 -1.200992334634065628e-02 -8.882790058851242065e-02 9.674424678087234497e-02 -1.624390482902526855e-02 -4.232611879706382751e-02 -1.041742637753486633e-01 -8.960539102554321289e-02 -9.855242818593978882e-02 -5.726683512330055237e-02 1.549543887376785278e-01 -1.997706294059753418e-02 -4.596036300063133240e-02 6.356868147850036621e-02 -5.002671480178833008e-02 -4.902452230453491211e-02 -1.021452173590660095e-01 -7.454150915145874023e-02 4.768164362758398056e-03 -8.121857047080993652e-02 1.744301989674568176e-03 3.073926782235503197e-03 1.843526586890220642e-02 -1.218819245696067810e-02 1.856078580021858215e-02 -6.406620144844055176e-02 1.447087526321411133e-01 3.098135255277156830e-02 3.797855228185653687e-02 -3.499346226453781128e-02 7.984744757413864136e-02 -7.618759572505950928e-02 -8.132047951221466064e-02 -7.155088335275650024e-02 -3.428935632109642029e-02 -1.143724098801612854e-01 1.167355012148618698e-02 9.616794437170028687e-02 8.034813404083251953e-02 1.350277960300445557e-01 -4.424613714218139648e-02 8.030420541763305664e-02 6.127817556262016296e-02 1.782138645648956299e-01 6.695269793272018433e-02 1.854220777750015259e-02 -3.646338731050491333e-02 -6.045129895210266113e-02 8.327617496252059937e-02 5.400223284959793091e-02 8.068571984767913818e-02 5.261594429612159729e-02 -1.738471351563930511e-02 -3.808373957872390747e-02 -3.803157433867454529e-02 4.566952958703041077e-02 7.636837661266326904e-02 3.129738569259643555e-02
-3.204726614058017731e-03 -2.783304266631603241e-02 -2.626764774322509766e-02 -8.838593959808349609e-02 -5.074187368154525757e-02 3.266609832644462585e-02 -6.445582490414381027e-03 -2.609662245959043503e-03 3.244863450527191162e-02 -5.843696743249893188e-02 -8.500234037637710571e-02 -2.685981430113315582e-02 -1.124527454376220703e-01 5.639027804136276245e-03 -6.369340419769287109e-02 1.086160391569137573e-01 3.639901801943778992e-02 8.288034051656723022e-02 -9.923362731933593750e-02 -8.913157135248184204e-02 1.544725894927978516e-02 7.409621030092239380e-02 1.280166059732437134e-01 9.608854353427886963e-02 7.186818867921829224e-03 9.130562841892242432e-02 9.492707997560501099e-02 6.557114422321319580e-02 -3.324988065287470818e-03 1.231439337134361267e-01 -8.778651058673858643e-02 2.209413237869739532e-02 7.083947211503982544e-02 -2.446498163044452667e-02 -3.040584735572338104e-02 9.140806645154953003e-02 -6.367881596088409424e-02 2.658228389918804169e-02 6.233100965619087219e-02 -3.338139131665229797e-02 -6.352413445711135864e-02 1.538172829896211624e-02 -8.150350302457809448e-02 -8.893739432096481323e-02 1.345042288303375244e-01 6.280026584863662720e-02 -2.774134837090969086e-02 4.107862710952758789e-02 -1.185125932097434998e-01 -2.113407291471958160e-02 9.247674793004989624e-02 5.974107235670089722e-02 -8.584091812372207642e-02 9.135914593935012817e-02 -2.219104580581188202e-02 7.287842035293579102e-02 2.679112181067466736e-02 -4.794427752494812012e-02 2.504435554146766663e-02 6.191444117575883865e-03 -4.813969135284423828e-02 -1.698772795498371124e-02 -2.427988499402999878e-02 -8.064416795969009399e-02 -5.571075156331062317e-02 1.279208213090896606e-01 -7.458724081516265869e-02 8.019518107175827026e-02 -4.083155840635299683e-02 -2.930525131523609161e-02 -9.997757151722908020e-03 4.014352709054946899e-02 4.176349192857742310e-02 -4.741363972425460815e-02 3.395589068531990051e-02 7.514023780822753906e-02 -4.388092458248138428e-02 1.690292847342789173e-03 1.353662163019180298e-01 -1.068399753421545029e-02 -1.033625155687332153e-01 -8.845329284667968750e-02 -4.728578031063079834e-02 -6.027291715145111084e-02 2.470363117754459381e-02 -3.490161895751953125e-02 5.619013309478759766e-02 -2.865729480981826782e-02 1.034593433141708374e-01 1.078971996903419495e-01 6.145628914237022400e-02 7.753288000822067261e-02 -6.448092404752969742e-03 -2.192833274602890015e-02 4.431058466434478760e-02 -2.920288033783435822e-02 -6.175703555345535278e-02 -8.211106061935424805e-02 -7.622732222080230713e-02 1.514640823006629944e-02
-6.161290034651756287e-02 -2.012569457292556763e-02 1.514147780835628510e-02 1.027835607528686523e-01 -8.683501183986663818e-02 8.432198665104806423e-04 2.572400495409965515e-02 -4.793356359004974365e-02 -9.280798584222793579e-02 1.167534757405519485e-02 -5.230368673801422119e-02 -9.272097051143646240e-02 -2.343344502151012421e-02 1.550543755292892456e-01 -1.073738634586334229e-01 -6.806018948554992676e-02 -6.319666863419115543e-04 7.089009135961532593e-02 -3.202899545431137085e-02 -5.178511515259742737e-02 7.870643399655818939e-03 1.060909107327461243e-01 1.300974935293197632e-01 -7.230699807405471802e-02 -2.226227335631847382e-02 -5.899075418710708618e-02 -1.766417920589447021e-02 -8.960454910993576050e-02 -8.574287593364715576e-02 -3.112057968974113464e-02 -1.454785186797380447e-02 4.166724532842636108e-02 2.480226801708340645e-03 9.989432990550994873e-02 1.640822589397430420e-01 1.850602775812149048e-02 -2.548828162252902985e-02 -6.813386082649230957e-02 5.091720819473266602e-02 3.153493627905845642e-02 -6.788419187068939209e-02 3.471080958843231201e-02 -1.071491464972496033e-01 -9.057801216840744019e-02 4.581798613071441650e-02 -3.531686589121818542e-02 -4.394461214542388916e-02 -4.846389964222908020e-02 -2.594624273478984833e-02 1.178068807348608971e-03 1.442761868238449097e-01 -2.386219613254070282e-02 1.158511340618133545e-01 -9.824269264936447144e-02 -3.924156725406646729e-02 2.403813228011131287e-02 -6.255525350570678711e-02 -7.919026166200637817e-02 -4.049063846468925476e-02 -7.238895446062088013e-02 7.415725290775299072e-02 2.297792397439479828e-02 -5.332960747182369232e-03 7.902695238590240479e-02 3.853353112936019897e-02 4.350061714649200439e-02 -1.987331919372081757e-02 8.115401118993759155e-02 3.619389608502388000e-02 5.025406368076801300e-03 -3.707149997353553772e-02 -5.971595272421836853e-02 1.729092001914978027e-02 -3.708480671048164368e-02 -4.811475053429603577e-03 -8.264651894569396973e-02 5.476594343781471252e-02 3.894020244479179382e-02 -5.572079494595527649e-02 6.826058030128479004e-02 -7.756330817937850952e-02 1.917974650859832764e-02 1.142740324139595032e-01 4.879475012421607971e-02 -4.380670189857482910e-02 2.055075019598007202e-02 6.991017144173383713e-03 -4.819546639919281006e-02 8.355068415403366089e-02 -3.011993877589702606e-02 -1.062374413013458252e-01 -4.982785508036613464e-02 -6.884659826755523682e-02 -2.051538974046707153e-02 2.326732315123081207e-02 9.046341478824615479e-02 7.902204990386962891e-02 2.586090005934238434e-03 -7.602974027395248413e-02 7.145931595005095005e-04
-6.142402067780494690e-02 3.893095254898071289e-02 2.984352968633174896e-02 -5.094229127280414104e-04 6.633584201335906982e-02 7.023330777883529663e-02 9.543380700051784515e-03 8.871620520949363708e-03 5.207281559705734253e-02 7.621005177497863770e-02 -2.280016895383596420e-03 3.605317324399948120e-02 -2.774853445589542389e-02 -3.025803249329328537e-03 -3.172200173139572144e-03 9.819313138723373413e-02 -3.781056031584739685e-02 -2.140067704021930695e-02 -6.684636324644088745e-02 1.080097481608390808e-01 -6.530567258596420288e-02 -9.847659617662429810e-03 -3.980538249015808105e-02 -1.225201785564422607e-02 8.981734514236450195e-02 -3.060010727494955063e-03 8.819916844367980957e-02 -5.989764630794525146e-02 -7.457097619771957397e-02 1.036181766539812088e-02 -8.508465252816677094e-03 -5.167988128960132599e-03 -3.734759613871574402e-02 -1.011456921696662903e-01 3.928633779287338257e-02 2.778962068259716034e-02 6.997282034717500210e-04 -9.205725044012069702e-02 -2.854763716459274292e-02 9.497702121734619141e-03 3.445347771048545837e-02 4.237920977175235748e-03 -6.961922347545623779e-02 6.415304541587829590e-02 5.978721380233764648e-02 8.583438396453857422e-02 -3.219290077686309814e-02 6.867139786481857300e-02 -4.277780652046203613e-02 2.694269828498363495e-02 -1.417361479252576828e-02 8.720622211694717407e-02 -5.504434462636709213e-03 7.207213342189788818e-02 -1.108550745993852615e-02 -7.609238475561141968e-02 -7.475402206182479858e-02 -6.208967044949531555e-02 4.218544438481330872e-02 -6.229693815112113953e-02 -4.525194317102432251e-02 4.407256841659545898e-02 9.142064303159713745e-02 6.617186963558197021e-02 4.031946510076522827e-02 -7.736443728208541870e-02 -6.332148611545562744e-02 -6.958395987749099731e-02 5.001142621040344238e-02 -7.681696116924285889e-02 6.267872452735900879e-02 -8.241381496191024780e-02 7.924286276102066040e-02 -1.381551008671522141e-02 3.429874405264854431e-02 2.663020230829715729e-02 -1.574877277016639709e-02 -9.834777563810348511e-02 -2.496247924864292145e-02 -5.101424828171730042e-02 -2.235469594597816467e-02 -5.025597289204597473e-02 1.000031530857086182e-01 7.439389824867248535e-02 -7.155682146549224854e-02 5.087999254465103149e-02 2.824231609702110291e-02 -3.775321692228317261e-02 2.081239223480224609e-02 8.545399457216262817e-02 7.658403366804122925e-02 -3.788952948525547981e-03 6.324099749326705933e-02 7.005877047777175903e-02 -8.796290308237075806e-02 3.282742202281951904e-02 -4.084240179508924484e-03 -7.998905330896377563e-02 -9.024700522422790527e-02 -9.954111278057098389e-02
1.018277406692504883e-01 4.768285527825355530e-02 -3.018460422754287720e-02 -9.872194379568099976e-02 -1.136582940816879272e-01 3.955385088920593262e-02 -9.190146811306476593e-03 1.622952669858932495e-01 -4.561824724078178406e-02 -1.227994933724403381e-01 -2.786989323794841766e-02 -7.738550007343292236e-02 1.115718856453895569e-02 1.155191659927368164e-02 -1.999935135245323181e-02 4.702499136328697205e-02 -3.879480436444282532e-02 -7.384034991264343262e-02 -6.313567049801349640e-03 -6.940475106239318848e-02 -9.238432347774505615e-02 9.544899314641952515e-02 7.070311903953552246e-02 -9.235614538192749023e-02 7.308241724967956543e-02 -5.779675766825675964e-02 -5.996436253190040588e-02 -7.008905708789825439e-02 5.794597789645195007e-02 4.593164473772048950e-02 5.099707469344139099e-02 -2.843280136585235596e-02 -1.037952974438667297e-01 1.813157461583614349e-02 -8.296141028404235840e-02 2.326970919966697693e-02 5.565112922340631485e-03 6.620351970195770264e-02 -2.602258510887622833e-02 -5.491615831851959229e-02 2.823997288942337036e-02 -5.481231212615966797e-02 1.215343028306961060e-01 -3.079424612224102020e-02 1.003527343273162842e-01 2.225304767489433289e-02 1.186195686459541321e-01 8.415095508098602295e-02 2.566114999353885651e-02 -5.984340980648994446e-02 -4.834176227450370789e-02 -8.700148761272430420e-02 7.293456047773361206e-02 -7.969345897436141968e-02 1.224319115281105042e-01 -3.377506136894226074e-02 2.857079356908798218e-02 8.858737535774707794e-03 -7.448596507310867310e-02 -8.336741477251052856e-02 -5.256543867290019989e-03 -4.038604721426963806e-02 -2.093853652477264404e-01 -9.299542754888534546e-02 1.967710852622985840e-01 -1.056465432047843933e-01 -7.001036405563354492e-02 -1.384207159280776978e-01 -3.787658736109733582e-02 -7.359667122364044189e-02 1.894829422235488892e-02 4.789452627301216125e-02 -1.722915470600128174e-02 -7.383450865745544434e-02 -2.278483659029006958e-02 7.165780663490295410e-02 4.066796973347663879e-02 -3.048938140273094177e-02 -1.036296412348747253e-01 -3.223433718085289001e-02 -8.584959432482719421e-03 -2.658282034099102020e-02 4.135802388191223145e-02 -1.164643168449401855e-01 6.458190083503723145e-02 -8.273448050022125244e-02 -4.977613687515258789e-02 1.433291006833314896e-02 -1.063754484057426453e-01 1.047344505786895752e-01 8.233245462179183960e-02 -8.982189744710922241e-02 9.400683641433715820e-02 -5.094970390200614929e-02 6.122787296772003174e-02 -6.829574704170227051e-02 -2.954839542508125305e-02 9.119423478841781616e-02 1.457238793373107910e-01 -5.258573964238166809e-02
1.125793382525444031e-01 -7.219319045543670654e-02 1.231810823082923889e-01 -6.802490353584289551e-02 1.739467866718769073e-02 9.530873596668243408e-02 1.862768456339836121e-02 5.911637097597122192e-02 -5.723527446389198303e-02 5.267754197120666504e-02 -1.493386030197143555e-01 1.155892089009284973e-01 4.487600177526473999e-02 1.547958254814147949e-01 -2.517322637140750885e-02 -6.403925269842147827e-02 -2.678366564214229584e-02 -6.110681686550378799e-03 7.525014877319335938e-02 2.913920395076274872e-02 -5.578090250492095947e-02 -1.028425991535186768e-01 5.801443755626678467e-02 -7.553268224000930786e-02 -3.416272625327110291e-02 -5.686081573367118835e-02 4.946049675345420837e-02 8.834578841924667358e-02 1.071024918928742409e-03 5.196056794375181198e-03 2.201077155768871307e-02 -6.604693830013275146e-02 6.605863571166992188e-02 -1.072583571076393127e-01 2.029911614954471588e-02 -1.016699708998203278e-02 -1.287291385233402252e-02 4.094599559903144836e-02 -3.319962322711944580e-02 1.278803404420614243e-02 8.426978439092636108e-02 -4.236293211579322815e-02 -6.039779633283615112e-02 -4.804829135537147522e-02 -3.289579600095748901e-02 3.027621656656265259e-02 -4.667565226554870605e-02 6.698436290025711060e-02 -4.252672567963600159e-02 5.244539678096771240e-02 -1.858442462980747223e-02 5.848281458020210266e-02 -5.751398578286170959e-02 3.854683786630630493e-02 9.138618595898151398e-03 -6.407964974641799927e-03 5.994205549359321594e-02 -6.717900186777114868e-02 8.406709134578704834e-02 4.706459119915962219e-02 -7.479215413331985474e-02 9.661595523357391357e-02 -1.531671499833464622e-03 -6.984213739633560181e-02 -7.078438252210617065e-02 -5.332043766975402832e-02 -3.286875784397125244e-02 1.172324344515800476e-01 3.916207328438758850e-02 6.319661438465118408e-02 5.361454561352729797e-02 -1.009818352758884430e-02 9.647224843502044678e-02 -8.576812595129013062e-02 -2.889592200517654419e-02 2.092510834336280823e-02 2.315087802708148956e-02 -2.639011247083544731e-03 -1.283526979386806488e-02 1.053946688771247864e-01 2.993708942085504532e-03 -4.685103520750999451e-02 8.311603218317031860e-03 -3.966763243079185486e-02 -4.133803397417068481e-02 -6.270123273134231567e-02 -8.510011434555053711e-02 4.023287817835807800e-02 4.770742356777191162e-02 1.294537037611007690e-01 5.098895728588104248e-02 9.326239675283432007e-02 2.523898892104625702e-02 1.421743333339691162e-01 4.211141541600227356e-02 3.825171664357185364e-02 4.424768500030040741e-03 -7.440774887800216675e-02 1.017308160662651062e-01 1.056961491703987122e-01
3.538616746664047241e-02 7.405240833759307861e-02 -3.902078792452812195e-02 8.655217476189136505e-03 2.262540906667709351e-02 3.010931611061096191e-02 -2.550081722438335419e-02 -8.688911795616149902e-03 -7.595628994749858975e-05 -9.630913287401199341e-02 -5.475866422057151794e-02 1.075861454010009766e-01 4.051978513598442078e-02 1.151138320565223694e-01 -6.291359663009643555e-02 -7.973647862672805786e-02 -5.224773660302162170e-03 5.242349114269018173e-03 9.283983148634433746e-03 -1.184900552034378052e-01 -3.027555346488952637e-02 9.390183538198471069e-02 4.301704838871955872e-02 1.189032196998596191e-01 1.277073174715042114e-01 -1.097274720668792725e-01 6.472466886043548584e-02 9.346219897270202637e-02 5.074689164757728577e-02 -5.450893938541412354e-02 8.733238279819488525e-02 -8.575995266437530518e-02 2.146468125283718109e-02 3.502130135893821716e-02 9.115927666425704956e-02 -6.694379448890686035e-02 -3.032012470066547394e-02 5.778034776449203491e-02 8.913408964872360229e-02 6.224559992551803589e-02 3.720632940530776978e-02 -2.655205503106117249e-02 2.347308769822120667e-02 2.766638994216918945e-02 -1.802521571516990662e-02 -1.029507666826248169e-01 1.437468528747558594e-01 5.749295651912689209e-02 6.837732344865798950e-02 -3.181102499365806580e-02 -2.880991995334625244e-02 6.583829969167709351e-02 8.892937749624252319e-02 3.065530024468898773e-02 -4.807659611105918884e-02 4.282212257385253906e-02 5.564678460359573364e-02 -3.259352967143058777e-02 7.079116255044937134e-02 9.927836060523986816e-02 4.663237184286117554e-02 7.202028483152389526e-02 4.241909831762313843e-02 -1.105393376201391220e-02 6.878112256526947021e-02 -4.752734676003456116e-02 7.851722091436386108e-02 2.513586916029453278e-02 -1.892527937889099121e-02 -5.195569619536399841e-02 3.159498050808906555e-02 -4.507367685437202454e-02 4.827589914202690125e-02 3.859959309920668602e-03 -1.125005632638931274e-01 -4.955861251801252365e-03 5.103100091218948364e-02 -6.363367196172475815e-03 8.550009131431579590e-02 -1.557578798383474350e-02 -8.297974616289138794e-02 9.100287407636642456e-02 1.425346825271844864e-02 -5.491080135107040405e-02 2.689295448362827301e-02 6.875596940517425537e-02 7.611150294542312622e-02 5.596964433789253235e-02 9.840393066406250000e-02 3.175429999828338623e-02 -2.728750929236412048e-02 -2.988257072865962982e-02 -8.444149047136306763e-02 -9.364894032478332520e-02 -7.318957149982452393e-02 9.165661036968231201e-02 -4.606790840625762939e-02 5.826584249734878540e-02 -7.344977557659149170e-02 3.548748418688774109e-02
-4.138679802417755127e-02 -5.254366248846054077e-02 -2.665638457983732224e-03 -1.123137492686510086e-02 -4.132345318794250488e-02 1.053071022033691406e-01 5.346736311912536621e-02 -1.251600310206413269e-02 4.027971252799034119e-02 5.013027787208557129e-02 3.159277886152267456e-02 -3.669957816600799561e-02 -7.536380738019943237e-02 6.289194524288177490e-02 -3.674124926328659058e-02 3.518419340252876282e-02 -2.813131734728813171e-02 -8.035886287689208984e-02 -3.815970197319984436e-02 1.098428070545196533e-01 3.544051572680473328e-02 -8.124906569719314575e-02 9.846085309982299805e-02 9.344416856765747070e-02 1.087654158473014832e-01 -1.913867774419486523e-03 -7.670590188354253769e-03 -3.581318631768226624e-02 -1.002854853868484497e-01 -8.517953753471374512e-02 8.034235984086990356e-02 2.638795226812362671e-02 -2.642766572535037994e-03 1.089688539505004883e-01 4.154752008616924286e-03 4.345372691750526428e-02 -6.057421118021011353e-02 -4.141236096620559692e-02 8.578734844923019409e-02 2.308647893369197845e-02 7.581368833780288696e-02 -2.167842537164688110e-02 -1.316370815038681030e-01 -6.021361052989959717e-02 1.814839243888854980e-02 1.148421540856361389e-01 -4.738305509090423584e-02 -1.836966350674629211e-02 2.417155168950557709e-02 1.320930849760770798e-02 4.546412453055381775e-02 -7.208482921123504639e-02 1.273358985781669617e-02 6.566052138805389404e-02 -5.579212214797735214e-03 9.126157313585281372e-02 6.127089262008666992e-02 -5.782081559300422668e-02 -3.479984030127525330e-02 -2.726614847779273987e-02 7.630866765975952148e-02 6.045332178473472595e-02 -4.126835986971855164e-02 1.855903677642345428e-02 -2.614554576575756073e-02 6.646668910980224609e-02 -1.163420453667640686e-02 -1.134342420846223831e-02 4.461757466197013855e-02 2.621354535222053528e-02 8.383105695247650146e-02 -3.489757655188441277e-04 7.894200831651687622e-02 -8.931757509708404541e-02 -3.336747735738754272e-02 9.859274141490459442e-03 6.706086546182632446e-02 -7.394962757825851440e-02 6.964647769927978516e-02 4.904280975461006165e-02 2.196975424885749817e-02 5.957157537341117859e-02 3.551908209919929504e-02 4.009889438748359680e-02 1.074333190917968750e-01 1.000440642237663269e-01 1.360574662685394287e-01 1.029160097241401672e-01 3.829912468791007996e-02 8.523046970367431641e-02 -4.920538142323493958e-02 8.672615885734558105e-02 -9.252659231424331665e-02 -9.357227385044097900e-02 -7.045820355415344238e-02 5.529936775565147400e-02 1.183957085013389587e-01 -9.210763126611709595e-02 -9.545282274484634399e-02 -1.741917990148067474e-02
1.768021471798419952e-02 1.036672852933406830e-03 -1.300035119056701660e-01 6.516518443822860718e-02 2.631391957402229309e-02 1.047347560524940491e-01 -6.303116679191589355e-02 3.055725060403347015e-02 -1.047282665967941284e-01 3.498116135597229004e-02 -6.101065129041671753e-02 7.553671300411224365e-02 2.753221057355403900e-02 1.088444422930479050e-02 -9.380391985177993774e-02 5.490915104746818542e-02 -3.358760848641395569e-02 4.459129646420478821e-02 6.561153382062911987e-02 -6.938146799802780151e-02 -7.566123455762863159e-02 3.213109448552131653e-02 3.664072230458259583e-02 1.023099943995475769e-01 8.989970386028289795e-02 1.541420724242925644e-02 3.375935554504394531e-02 -4.286009818315505981e-02 8.052123337984085083e-02 -7.054015249013900757e-02 5.459612980484962463e-02 -6.667824089527130127e-02 7.722782343626022339e-02 1.403112150728702545e-02 1.084928587079048157e-01 1.892448216676712036e-02 -4.214326664805412292e-02 1.083953157067298889e-01 -1.151164341717958450e-02 7.318582385778427124e-02 5.894923955202102661e-02 -6.791557185351848602e-03 6.635011732578277588e-02 3.352577984333038330e-02 -6.547916680574417114e-02 -7.816939800977706909e-02 4.139921069145202637e-02 -3.201680257916450500e-02 -9.105817973613739014e-02 -1.301581389270722866e-03 -7.378319650888442993e-02 8.876492828130722046e-02 7.528254389762878418e-02 8.291114121675491333e-02 5.385044589638710022e-02 -7.016062736511230469e-02 3.159568086266517639e-02 6.404113024473190308e-02 -5.215816665440797806e-03 -7.818393409252166748e-02 -4.764474928379058838e-03 -7.878435403108596802e-02 3.649215400218963623e-02 7.454248517751693726e-02 7.869173586368560791e-02 -3.312452509999275208e-02 7.063735276460647583e-02 1.613963395357131958e-02 1.031818911433219910e-01 3.475935012102127075e-02 2.579043805599212646e-02 4.179461102467030287e-04 -6.230740621685981750e-02 -1.750920712947845459e-02 -1.120612844824790955e-01 -7.827325910329818726e-02 -6.670774519443511963e-02 1.800329424440860748e-02 -1.591864787042140961e-02 -6.232909858226776123e-02 1.367709133774042130e-02 2.765054069459438324e-02 1.061683148145675659e-02 1.213205605745315552e-02 2.883963752537965775e-04 8.827193826436996460e-02 6.381031870841979980e-02 4.304962232708930969e-02 2.620792761445045471e-02 6.637787818908691406e-02 1.034459546208381653e-01 -8.235403150320053101e-02 1.004286259412765503e-01 4.915138334035873413e-02 8.589801937341690063e-02 -7.455479353666305542e-02 -6.716346740722656250e-02 1.563891582190990448e-02 1.290302909910678864e-02 -2.711774222552776337e-02
1.194679290056228638e-01 -2.446186542510986328e-02 -6.023702025413513184e-02 -1.307193655520677567e-03 9.359455667436122894e-03 -3.386282920837402344e-02 -2.280967496335506439e-02 1.126872599124908447e-01 -9.193053841590881348e-02 6.295228004455566406e-02 -4.479477554559707642e-02 4.013536870479583740e-02 1.001592259854078293e-02 -1.386275328695774078e-02 4.028554633259773254e-02 -7.516682893037796021e-02 -4.581237956881523132e-02 -5.882918089628219604e-02 -4.690917953848838806e-02 -1.870329491794109344e-02 1.829242147505283356e-02 -9.631533920764923096e-02 6.683750450611114502e-02 6.226516515016555786e-02 -5.624160915613174438e-02 3.200058266520500183e-02 9.633234888315200806e-02 1.869409345090389252e-02 8.261583000421524048e-02 -1.335536828264594078e-03 4.548950865864753723e-02 -1.002763062715530396e-01 -1.221913192421197891e-02 -4.559646546840667725e-02 -3.818237408995628357e-02 -3.606664761900901794e-02 2.611006982624530792e-02 -1.132065895944833755e-02 -6.302022188901901245e-02 9.896437823772430420e-02 4.472151771187782288e-02 2.480884641408920288e-02 1.394620090723037720e-01 3.217303194105625153e-03 -4.826560616493225098e-02 1.127824261784553528e-01 -3.173004090785980225e-02 -6.714466959238052368e-02 6.766474246978759766e-02 -4.029595851898193359e-02 3.978982195258140564e-02 3.701388835906982422e-02 6.075472920201718807e-04 8.297377079725265503e-02 -5.157949402928352356e-02 -5.325118824839591980e-02 -8.776799589395523071e-02 7.529071718454360962e-02 -1.156636979430913925e-02 -6.694653630256652832e-02 8.063039183616638184e-02 6.869520992040634155e-02 8.832029998302459717e-03 6.649184972047805786e-02 7.082607597112655640e-03 1.150349229574203491e-01 -3.062913566827774048e-02 8.859727531671524048e-03 4.565242677927017212e-02 -1.160447020083665848e-02 -3.504139184951782227e-02 -2.235050685703754425e-02 -2.595444582402706146e-02 1.084764022380113602e-02 -3.183716908097267151e-02 1.089182570576667786e-01 -1.036874651908874512e-01 1.000326648354530334e-01 2.880626730620861053e-02 -4.887704551219940186e-02 8.535488694906234741e-02 -6.379975378513336182e-02 -4.830792546272277832e-02 -9.639852494001388550e-02 -8.812285214662551880e-02 1.013592854142189026e-01 1.533658653497695923e-01 1.047975569963455200e-02 -1.276924759149551392e-01 -7.527773827314376831e-02 5.525162070989608765e-02 -1.005802117288112640e-02 7.860928028821945190e-02 6.828351318836212158e-02 4.204906057566404343e-03 -2.101761521771550179e-03 -2.972701936960220337e-02 6.539002060890197754e-02 -7.592280209064483643e-02 -3.904661536216735840e-02
-9.386137127876281738e-02 -3.018423914909362793e-03 8.785599470138549805e-02 2.395541779696941376e-02 1.179107651114463806e-01 1.286285668611526489e-01 -3.026040643453598022e-02 -1.824393309652805328e-02 -1.585640944540500641e-02 7.270904630422592163e-02 7.285434752702713013e-03 -1.141111031174659729e-01 -5.973844230175018311e-02 -1.207886189222335815e-01 -1.094345897436141968e-01 -4.500821232795715332e-02 7.056076824665069580e-02 2.490519732236862183e-02 1.212060227990150452e-01 9.363405406475067139e-02 -7.618743926286697388e-02 -6.738061457872390747e-02 4.707255959510803223e-02 9.977096319198608398e-02 1.770852208137512207e-01 1.127373427152633667e-01 4.978537093847990036e-03 -3.940134495496749878e-02 1.311672329902648926e-01 2.276792936027050018e-02 5.843838304281234741e-02 4.225933179259300232e-02 -2.542840316891670227e-02 -5.125267803668975830e-02 3.848349452018737793e-01 6.228552013635635376e-02 5.157220363616943359e-02 -4.979441687464714050e-02 1.395260635763406754e-02 2.246470376849174500e-02 -5.993531644344329834e-02 -8.323875814676284790e-02 7.147065550088882446e-02 7.299133390188217163e-02 2.090509049594402313e-02 8.410624414682388306e-02 9.759163111448287964e-02 -3.135299310088157654e-02 -9.604768455028533936e-02 -1.756999641656875610e-02 -6.552165746688842773e-02 6.199905765242874622e-04 -1.290347576141357422e-01 8.612176775932312012e-02 1.110236719250679016e-01 -3.433201089501380920e-02 -9.578096121549606323e-02 -4.285331442952156067e-02 -4.079158231616020203e-02 1.451316569000482559e-02 7.051967084407806396e-02 -1.915971515700221062e-03 -8.357249200344085693e-02 4.563239961862564087e-02 -5.069400370121002197e-02 1.731453090906143188e-02 -3.021096624433994293e-02 -5.584039911627769470e-02 -2.657636441290378571e-02 -6.498155742883682251e-02 4.940300062298774719e-02 1.081365812569856644e-02 -5.897188559174537659e-02 1.088519990444183350e-01 4.258699249476194382e-03 5.533346906304359436e-03 4.053870961070060730e-02 1.891100406646728516e-01 8.216424286365509033e-02 -1.186498324386775494e-03 1.131175830960273743e-02 7.229330390691757202e-02 -2.032431401312351227e-02 -9.648601524531841278e-03 4.929846525192260742e-02 9.553567320108413696e-02 -2.799572236835956573e-02 7.562025915831327438e-03 -9.241859614849090576e-02 6.712243775837123394e-04 3.314167261123657227e-02 9.882742306217551231e-04 5.902764201164245605e-02 -9.787552058696746826e-02 -6.382886320352554321e-02 -4.512162134051322937e-02 6.993603706359863281e-02 -1.219363976269960403e-02 2.550314553081989288e-02 1.037520170211791992e-01
-1.103430148214101791e-02 -4.340798035264015198e-02 9.849663078784942627e-02 -5.324255675077438354e-02 -9.193355590105056763e-02 -9.512348473072052002e-02 5.058902781456708908e-03 6.194387003779411316e-02 3.864173591136932373e-02 -1.647297665476799011e-02 -3.392432583495974541e-03 5.447613075375556946e-02 -7.962318509817123413e-02 7.977958768606185913e-02 7.914445549249649048e-02 8.783877640962600708e-02 1.556641235947608948e-02 1.085502728819847107e-01 6.144607067108154297e-02 9.652417898178100586e-02 -2.330645546317100525e-02 -8.490530401468276978e-02 2.552418038249015808e-02 5.920887365937232971e-02 8.888641744852066040e-02 -7.587593793869018555e-02 4.018101841211318970e-02 -5.919270589947700500e-02 6.313606351613998413e-02 6.600588560104370117e-02 1.251309551298618317e-02 5.821751430630683899e-02 -8.916871994733810425e-02 -6.801249459385871887e-03 -1.666149646043777466e-01 7.895725220441818237e-02 3.921714425086975098e-02 1.013856101781129837e-02 -5.512076243758201599e-02 3.407473862171173096e-02 -4.117833077907562256e-02 -1.289815548807382584e-02 -1.657347977161407471e-01 -4.311387613415718079e-02 4.502893984317779541e-02 -2.858314255718141794e-04 1.183773577213287354e-01 1.271090805530548096e-01 8.942398428916931152e-02 -2.417809888720512390e-02 -6.138681620359420776e-02 -3.062713518738746643e-02 4.388064518570899963e-02 -5.819488689303398132e-02 -1.780274324119091034e-02 1.866068318486213684e-02 5.453433096408843994e-02 3.670047596096992493e-02 -9.328944981098175049e-02 5.689612403512001038e-02 6.682407110929489136e-02 -1.100006103515625000e-01 -3.757807239890098572e-02 -5.312694609165191650e-02 2.332450449466705322e-02 3.327973419800400734e-03 3.826616704463958740e-02 -1.145420745015144348e-01 -1.164514422416687012e-01 -6.883320398628711700e-03 3.273787721991539001e-02 -5.646925419569015503e-02 -7.167258858680725098e-02 -2.988965623080730438e-02 -3.940966352820396423e-02 -1.183811854571104050e-02 1.783061400055885315e-02 -2.061586081981658936e-02 9.227724373340606689e-02 7.469522953033447266e-02 -1.248479187488555908e-01 -9.048526734113693237e-02 9.229186177253723145e-02 -8.315340429544448853e-02 -6.335772573947906494e-02 -1.011864766478538513e-01 -9.832566231489181519e-02 -2.072886750102043152e-02 8.227440412156283855e-04 2.738045901060104370e-02 -5.930210649967193604e-02 1.186299975961446762e-02 4.845792427659034729e-02 7.915610074996948242e-02 1.094586625695228577e-01 2.088745869696140289e-02 -2.047488465905189514e-02 -7.212957739830017090e-02 -6.384881213307380676e-03 -9.081553667783737183e-02
-6.411377340555191040e-02 -6.964641064405441284e-02 7.521250844001770020e-02 5.722723156213760376e-02 -7.425918430089950562e-02 -4.933220893144607544e-02 -6.382212042808532715e-02 -4.385441914200782776e-02 1.122580319643020630e-01 1.318499445915222168e-01 9.592164133209735155e-05 5.486049130558967590e-02 -3.626609593629837036e-02 1.455719172954559326e-01 -6.416046619415283203e-02 6.647408753633499146e-02 -7.661431282758712769e-02 2.514434047043323517e-02 8.482804894447326660e-02 1.797909662127494812e-02 -1.381915807723999023e-02 1.046180576086044312e-01 1.023919135332107544e-02 4.122691228985786438e-02 6.275507039390504360e-04 6.717041879892349243e-02 -1.134281978011131287e-01 -7.288156449794769287e-02 -2.468188293278217316e-02 7.102721929550170898e-02 4.868134483695030212e-02 5.580352619290351868e-03 3.692807257175445557e-02 -2.862578723579645157e-03 -1.005628928542137146e-01 1.304747629910707474e-02 -4.841339960694313049e-02 -7.819120585918426514e-02 2.505281008780002594e-02 -5.525268614292144775e-02 1.330999732017517090e-01 1.126974448561668396e-02 -6.135605648159980774e-02 1.141780316829681396e-01 -9.757217764854431152e-02 -4.578587040305137634e-02 9.367059916257858276e-02 -5.905393138527870178e-02 5.237321555614471436e-02 -7.957796007394790649e-02 2.523544616997241974e-02 4.942625295370817184e-03 -7.634750753641128540e-02 -6.072537507861852646e-03 -3.585580736398696899e-02 6.845284253358840942e-02 1.716459169983863831e-02 7.934180647134780884e-02 -9.562239050865173340e-02 -1.789736188948154449e-02 -6.716244667768478394e-02 9.807450324296951294e-02 5.091433227062225342e-02 3.792836889624595642e-02 5.613324418663978577e-02 -5.867363885045051575e-02 1.019399017095565796e-01 -3.066211193799972534e-02 -4.804289899766445160e-03 -5.950744077563285828e-02 -7.983835786581039429e-02 2.443971298635005951e-02 -2.771561779081821442e-02 3.362083574756979942e-03 -7.546493411064147949e-02 2.145529538393020630e-02 -3.202600777149200439e-02 5.036268755793571472e-02 -2.988779172301292419e-02 1.648569107055664062e-01 -5.978284031152725220e-02 8.369123190641403198e-02 8.823385462164878845e-03 -5.471462756395339966e-02 1.526238676160573959e-02 1.442959904670715332e-02 5.832974240183830261e-02 -5.442261463031172752e-04 -8.842406421899795532e-02 -4.220094531774520874e-03 2.008124068379402161e-02 7.514251023530960083e-02 -2.729265578091144562e-02 5.857292190194129944e-02 5.898946523666381836e-02 -6.911969929933547974e-02 1.173683907836675644e-02 2.351983264088630676e-02 1.566165089607238770e-01 8.830232173204421997e-02
-3.345740586519241333e-02 -1.125485077500343323e-02 -7.509517669677734375e-02 -1.147710606455802917e-01 -4.442858975380659103e-03 9.028966724872589111e-02 -7.746519148349761963e-02 -5.233484134078025818e-02 -6.609802693128585815e-02 3.750309720635414124e-02 -1.505660563707351685e-01 -9.937454015016555786e-02 1.240056306123733521e-01 7.035443186759948730e-02 4.762973636388778687e-02 -5.576124787330627441e-02 -4.746068734675645828e-03 -1.036110147833824158e-01 1.143644899129867554e-01 -4.032863304018974304e-02 -4.227318987250328064e-02 -1.395993027836084366e-02 6.435074028559029102e-04 -6.170385330915451050e-02 -9.681995213031768799e-02 1.111819818615913391e-01 2.463674731552600861e-02 6.684251874685287476e-02 3.923714533448219299e-02 -1.646062545478343964e-02 6.108878552913665771e-02 -6.953083723783493042e-02 -3.273334354162216187e-02 -9.469415992498397827e-03 6.232001259922981262e-02 1.758798770606517792e-02 -3.677854686975479126e-02 -1.159381121397018433e-02 -3.285422548651695251e-02 -1.369552761316299438e-01 -6.302780471742153168e-03 -1.351474598050117493e-02 5.034091323614120483e-02 -3.543141856789588928e-02 -7.221169769763946533e-02 -1.056794971227645874e-01 9.752149134874343872e-02 -4.192501679062843323e-02 2.990782447159290314e-02 -1.947751455008983612e-02 -1.353106945753097534e-01 -8.635657280683517456e-02 -9.272598475217819214e-02 1.580351777374744415e-02 -1.136702485382556915e-02 -4.196645319461822510e-02 -2.143542282283306122e-02 9.657595306634902954e-02 -3.239405155181884766e-02 8.759274333715438843e-02 -2.488128840923309326e-02 2.769663557410240173e-02 -2.838552754838019609e-04 2.439679391682147980e-02 1.040920466184616089e-01 -9.518040716648101807e-02 -8.877445757389068604e-02 6.908225268125534058e-02 1.189377531409263611e-01 -1.215853914618492126e-01 1.046879515051841736e-01 -5.709442310035228729e-03 2.311334945261478424e-02 -7.538665086030960083e-02 -5.995702464133501053e-03 1.037976443767547607e-01 -8.166376501321792603e-02 4.406295344233512878e-02 -1.985710710287094116e-01 7.199791073799133301e-02 -4.262857511639595032e-02 2.804340794682502747e-02 4.079864919185638428e-02 -5.799519643187522888e-02 -7.464023679494857788e-02 1.461887825280427933e-02 4.849142953753471375e-02 -9.589087218046188354e-02 7.079933583736419678e-02 2.018010057508945465e-02 1.171743422746658325e-01 1.168418303132057190e-02 7.518667727708816528e-02 -1.106649115681648254e-01 -8.391571789979934692e-02 1.028958931565284729e-01 -7.807409018278121948e-02 -3.550025448203086853e-02 1.495169997215270996e-01 -4.947263002395629883e-02
-6.328401714563369751e-02 -7.681570481508970261e-03 -5.212171818129718304e-04 5.770964920520782471e-02 1.782674342393875122e-02 -6.532257795333862305e-02 -4.326958581805229187e-02 -1.006698086857795715e-01 9.539148211479187012e-02 -2.541172131896018982e-02 1.342567801475524902e-01 -1.583004742860794067e-01 -1.862903237342834473e-01 -4.380808770656585693e-02 -1.218107715249061584e-01 -5.884497985243797302e-02 -4.101046919822692871e-02 -1.757108233869075775e-02 -2.854906022548675537e-02 1.291177887469530106e-02 9.652796387672424316e-02 1.099526956677436829e-01 -1.000433638691902161e-01 6.639783084392547607e-02 -3.729075565934181213e-02 8.635612204670906067e-03 -8.039368689060211182e-02 -2.085876185446977615e-03 2.504799142479896545e-02 -1.306672990322113037e-01 -3.994722664356231689e-02 -8.367326110601425171e-02 -8.201547712087631226e-02 -2.492145262658596039e-02 1.434478759765625000e-01 -5.279802903532981873e-02 1.798202842473983765e-02 -1.223882883787155151e-01 8.424773812294006348e-02 -8.489070832729339600e-02 2.003368362784385681e-02 -5.468145757913589478e-02 2.057449892163276672e-02 1.635185629129409790e-01 8.209575898945331573e-03 -9.175231307744979858e-02 7.936530560255050659e-02 3.354581072926521301e-02 1.470069773495197296e-02 6.500878930091857910e-02 -8.673340827226638794e-02 1.501909177750349045e-02 1.394569426774978638e-01 -6.676936149597167969e-02 8.099731802940368652e-02 2.827399969100952148e-02 -8.707039058208465576e-02 -7.269249111413955688e-02 -7.684496045112609863e-02 1.203149259090423584e-01 1.492515951395034790e-02 5.093339830636978149e-02 -1.103560477495193481e-01 -4.565273225307464600e-02 5.007919296622276306e-02 -3.250836580991744995e-02 -1.331931632012128830e-02 1.335382647812366486e-02 -6.721324473619461060e-02 -1.067445706576108932e-02 -1.148132532835006714e-01 -4.070515185594558716e-02 -8.307715505361557007e-02 8.422204852104187012e-02 -2.910691127181053162e-02 -5.772591382265090942e-02 -9.514068067073822021e-02 1.396758258342742920e-01 4.230090230703353882e-02 2.101072855293750763e-02 -3.455726429820060730e-02 7.482871413230895996e-03 5.933506786823272705e-02 -6.461830437183380127e-02 -2.762834355235099792e-02 6.479912996292114258e-02 6.571860611438751221e-02 5.498966202139854431e-02 -3.949168324470520020e-02 -5.000396817922592163e-02 1.114022731781005859e-01 -9.627167135477066040e-02 9.420392662286758423e-02 3.130925074219703674e-02 -2.222121879458427429e-02 -4.878003150224685669e-02 7.172960042953491211e-02 -3.022592281922698021e-03 -2.129281312227249146e-02 4.906863719224929810e-02
5.307908356189727783e-02 -8.613763004541397095e-02 -2.282440196722745895e-03 7.039763033390045166e-02 4.197635501623153687e-02 -4.055753350257873535e-02 -2.040871419012546539e-02 1.847280003130435944e-02 -6.749649345874786377e-02 -1.176913268864154816e-02 -8.945388346910476685e-02 -5.886729061603546143e-02 -5.685992538928985596e-02 -1.347428709268569946e-01 -5.429438315331935883e-04 6.260428577661514282e-02 -4.433487728238105774e-02 -4.734373465180397034e-02 -5.213629454374313354e-02 5.118975043296813965e-02 -8.802851289510726929e-02 -1.092225909233093262e-01 5.190914031118154526e-03 -7.398639619350433350e-02 1.315636187791824341e-01 2.408657409250736237e-02 -5.795689299702644348e-03 -7.266981154680252075e-02 7.172031700611114502e-02 8.040861785411834717e-02 -7.541621476411819458e-02 7.411888241767883301e-02 3.055505454540252686e-02 6.765926629304885864e-02 1.344721615314483643e-01 -1.957789622247219086e-02 5.721738561987876892e-02 1.728321611881256104e-02 9.773273020982742310e-02 8.867185562849044800e-02 -2.684034407138824463e-02 -3.216070681810379028e-02 -2.891219407320022583e-02 -3.912077285349369049e-03 -4.687603563070297241e-02 5.469084158539772034e-02 4.503101855516433716e-02 -8.690091967582702637e-02 4.123968631029129028e-02 5.684245750308036804e-02 7.636915892362594604e-02 -5.282008275389671326e-02 -1.522929221391677856e-01 -6.773211807012557983e-02 7.109715789556503296e-02 -6.744121015071868896e-02 -8.320016413927078247e-02 1.070547569543123245e-02 -1.301443278789520264e-01 -2.328891307115554810e-02 -7.956541329622268677e-02 8.636208251118659973e-03 -7.511903345584869385e-02 6.602345407009124756e-02 -7.622601836919784546e-02 7.719698548316955566e-02 -3.284885361790657043e-02 -1.111281067132949829e-01 1.215882226824760437e-01 -8.060433715581893921e-02 7.078675925731658936e-02 8.887323737144470215e-02 -8.758189529180526733e-02 3.567420179024338722e-03 -4.043305292725563049e-03 6.699170172214508057e-02 6.243381276726722717e-02 1.016490533947944641e-01 2.568135224282741547e-02 -6.846213340759277344e-02 1.106970608234405518e-01 -1.919622719287872314e-02 -1.171731725335121155e-01 -2.373995259404182434e-03 1.926229335367679596e-02 -9.776406735181808472e-02 -1.766664092428982258e-03 5.880134925246238708e-02 -6.105190888047218323e-02 8.498963713645935059e-02 -4.842707142233848572e-02 -1.190504338592290878e-02 3.620386123657226562e-02 -3.317843377590179443e-02 4.667710140347480774e-02 -4.048227146267890930e-02 -1.147813200950622559e-01 -1.115880440920591354e-02 -3.192107379436492920e-02 -7.303284853696823120e-02
1.417361348867416382e-01 1.030114963650703430e-01 9.547434747219085693e-02 1.264054775238037109e-01 -4.651700705289840698e-02 2.778115682303905487e-02 2.950851619243621826e-02 2.870782092213630676e-02 -8.280241489410400391e-02 -5.915515124797821045e-02 -2.522075176239013672e-02 8.481503278017044067e-02 8.909191936254501343e-02 1.173502858728170395e-02 1.668867021799087524e-01 5.039900913834571838e-02 3.552205860614776611e-02 -1.228132396936416626e-01 2.881487458944320679e-02 -1.502148620784282684e-02 -4.085431247949600220e-02 -3.082104399800300598e-02 -2.863536216318607330e-02 6.465858221054077148e-02 1.845932379364967346e-02 -7.575351744890213013e-02 1.231374442577362061e-01 -5.792476981878280640e-02 -6.117178872227668762e-02 -1.228737384080886841e-01 1.187605666927993298e-03 -1.670745909214019775e-01 1.228496246039867401e-02 1.404862105846405029e-01 -7.133761793375015259e-02 4.960048943758010864e-02 9.428512305021286011e-03 -2.857428742572665215e-03 -1.256911754608154297e-01 -8.046465367078781128e-02 -7.445286214351654053e-02 -8.043284714221954346e-02 -1.251486986875534058e-01 3.923961147665977478e-02 -3.805031999945640564e-02 2.837190032005310059e-02 4.608555883169174194e-02 3.364298120141029358e-02 2.217508666217327118e-02 -6.534728407859802246e-02 -3.994257375597953796e-02 5.460302531719207764e-02 -9.163323789834976196e-02 2.921208180487155914e-02 -1.848903745412826538e-01 1.039782445877790451e-02 8.214822411537170410e-02 1.177222281694412231e-02 4.328962787985801697e-02 -6.954102218151092529e-02 -3.787957504391670227e-02 4.179819673299789429e-02 -1.587711125612258911e-01 -3.757586702704429626e-02 1.078793779015541077e-01 2.227432280778884888e-02 4.310266301035881042e-02 -5.618773400783538818e-02 -8.426352590322494507e-02 1.554446760565042496e-02 2.955703251063823700e-02 2.261995896697044373e-02 7.553122937679290771e-02 1.856461749412119389e-03 -1.074819117784500122e-01 -1.646820642054080963e-02 -3.615842387080192566e-02 -1.981602050364017487e-02 -1.155450344085693359e-01 -3.252651542425155640e-02 -7.022581528872251511e-03 -1.028085276484489441e-01 -7.399078458547592163e-02 -6.457561999559402466e-02 4.943761602044105530e-02 2.737069129943847656e-02 -5.941945314407348633e-02 9.669619053602218628e-02 -3.377199918031692505e-02 -1.007853969931602478e-01 -5.536855757236480713e-02 -9.184055775403976440e-02 -4.904349148273468018e-02 -1.241747196763753891e-02 4.455805942416191101e-02 -9.175951033830642700e-02 -5.168768763542175293e-02 6.617847084999084473e-02 -1.365256905555725098e-01 -1.717273443937301636e-01
2.286357991397380829e-02 7.000242918729782104e-02 2.140103653073310852e-02 4.016267508268356323e-02 -5.944250151515007019e-02 -7.497414201498031616e-02 6.376599520444869995e-02 -3.462269529700279236e-02 -7.275710999965667725e-02 -3.973823413252830505e-02 1.293208915740251541e-02 6.775336712598800659e-02 9.044403582811355591e-02 5.835718289017677307e-02 6.905839592218399048e-02 3.976137563586235046e-02 7.890998572111129761e-02 1.801525801420211792e-02 5.533421644940972328e-04 -5.302666500210762024e-02 -7.243625819683074951e-02 -5.777077376842498779e-02 9.978828579187393188e-02 -6.090867891907691956e-02 -6.497772037982940674e-02 -4.395786300301551819e-02 7.926582545042037964e-02 -7.760825008153915405e-02 -4.962903633713722229e-02 1.556845847517251968e-03 3.187853470444679260e-02 -2.060060948133468628e-02 7.507559657096862793e-02 8.731331676244735718e-02 -4.767824138980358839e-04 -4.380691424012184143e-02 -1.544886617921292782e-03 -2.933761570602655411e-03 2.181981690227985382e-02 -8.608171343803405762e-02 5.286969710141420364e-03 -4.103984311223030090e-02 1.468819100409746170e-02 6.859454512596130371e-02 1.117375865578651428e-01 8.732493221759796143e-02 -2.517409622669219971e-02 -3.901806473731994629e-02 -2.798293903470039368e-02 1.098942235112190247e-01 2.904568798840045929e-03 -2.222955971956253052e-02 -5.931784585118293762e-02 2.355830557644367218e-02 -5.483678728342056274e-02 1.941377669572830200e-02 -5.646929517388343811e-02 -3.604049235582351685e-02 2.764887362718582153e-02 5.614391341805458069e-02 -7.642237842082977295e-02 -5.750932171940803528e-02 5.571218580007553101e-02 8.512566983699798584e-02 3.874199464917182922e-02 4.435466974973678589e-02 3.062347136437892914e-02 -7.324700057506561279e-02 -7.259817328304052353e-03 2.256410941481590271e-02 -7.414402905851602554e-03 6.090528517961502075e-02 -7.280667126178741455e-02 -7.634373009204864502e-02 -1.826841570436954498e-02 -6.445800513029098511e-02 2.149470522999763489e-02 -4.883959144353866577e-02 2.680149115622043610e-02 -5.101881548762321472e-02 -1.095175072550773621e-01 5.478420853614807129e-02 4.337697289884090424e-03 7.390842586755752563e-02 -8.150825649499893188e-02 -2.810743451118469238e-02 -2.284317836165428162e-02 -3.010598476976156235e-03 9.136969596147537231e-02 -2.125610224902629852e-02 -5.966806784272193909e-02 -6.426417827606201172e-02 3.602150082588195801e-02 -2.414751984179019928e-02 8.053167164325714111e-02 1.299092546105384827e-02 -8.221103996038436890e-02 5.798417329788208008e-02 -7.749167829751968384e-02 -1.200228333473205566e-01
-8.825001120567321777e-02 -9.735920280218124390e-02 5.188927426934242249e-02 -6.082331761717796326e-02 -2.815682254731655121e-02 -9.674338996410369873e-02 -1.285239309072494507e-02 -7.008574157953262329e-02 -2.187966927886009216e-02 -1.161279827356338501e-01 -1.253908872604370117e-01 -1.394259780645370483e-01 -2.681092917919158936e-01 -8.670672774314880371e-02 -2.439467003569006920e-03 2.247262932360172272e-02 -7.579064369201660156e-02 4.051470384001731873e-02 1.079038158059120178e-01 -1.466537266969680786e-01 3.505995124578475952e-02 9.815298020839691162e-02 -2.369354069232940674e-01 -6.888058781623840332e-02 -1.483170408755540848e-02 -1.985873840749263763e-02 -9.508958901278674603e-04 9.174350649118423462e-03 1.871129870414733887e-02 -5.396936833858489990e-02 3.329963237047195435e-02 1.032521296292543411e-02 6.775718182325363159e-02 1.121983304619789124e-01 -1.662480980157852173e-01 -1.358281821012496948e-01 -8.193144202232360840e-02 9.207538515329360962e-02 -5.240091308951377869e-02 6.950581818819046021e-02 -4.599437117576599121e-02 -6.836089491844177246e-02 1.304686665534973145e-01 1.086548268795013428e-01 -1.173152849078178406e-01 8.951789885759353638e-02 -6.521496176719665527e-02 -1.786060631275177002e-02 -1.050667613744735718e-01 7.605573162436485291e-03 1.288876831531524658e-01 5.027481168508529663e-02 -7.761810719966888428e-02 -2.050149440765380859e-02 -5.873832479119300842e-02 -1.496876776218414307e-01 -4.975082352757453918e-02 7.357858121395111084e-02 3.912325948476791382e-03 -7.297359406948089600e-02 9.930285811424255371e-02 -5.481181666254997253e-02 -1.705631017684936523e-01 2.728651836514472961e-02 -2.671130001544952393e-02 6.728387624025344849e-02 7.016290910542011261e-03 -5.494653247296810150e-03 -2.189173735678195953e-02 5.425776913762092590e-02 1.588594750501215458e-03 -2.694553509354591370e-02 -4.290499910712242126e-02 -8.749341219663619995e-02 1.074673980474472046e-01 -3.521795198321342468e-02 5.462453141808509827e-02 -1.234205961227416992e-01 -7.572600990533828735e-02 -1.624918915331363678e-02 -9.790845215320587158e-02 -5.494125187397003174e-02 -8.049480617046356201e-02 4.263438656926155090e-02 2.115068724378943443e-03 -2.717042341828346252e-03 -9.319412708282470703e-02 4.849450662732124329e-02 -4.029105976223945618e-02 -1.993798837065696716e-02 1.250329520553350449e-02 1.071395352482795715e-02 -9.983238577842712402e-02 -5.417056754231452942e-02 9.004396945238113403e-02 -7.725632935762405396e-02 5.533140152692794800e-02 6.435263156890869141e-02 -1.360542420297861099e-02 -1.726627200841903687e-01
-3.369728103280067444e-02 -5.602631717920303345e-02 -3.110973164439201355e-03 -1.232577394694089890e-02 6.399588286876678467e-02 -1.018202155828475952e-01 -8.307053148746490479e-02 8.843063563108444214e-02 9.102399647235870361e-02 5.464718490839004517e-02 -8.830409497022628784e-03 7.086246460676193237e-02 4.772189259529113770e-02 5.713185295462608337e-03 1.485607773065567017e-02 5.825059860944747925e-02 -3.561050072312355042e-02 -4.913463816046714783e-02 8.550482988357543945e-02 1.123904436826705933e-01 1.363277435302734375e-02 -6.389237195253372192e-02 1.591587997972965240e-02 1.880536600947380066e-02 3.086088597774505615e-02 6.794510781764984131e-02 -9.746223688125610352e-03 -3.301731124520301819e-02 9.670791029930114746e-02 7.547750324010848999e-02 -1.285485830157995224e-02 -8.772274106740951538e-02 -4.180705547332763672e-02 -8.705981075763702393e-02 9.651471674442291260e-02 7.255486398935317993e-02 -1.058475375175476074e-01 -1.103111822158098221e-02 3.822893276810646057e-02 2.894556336104869843e-02 -9.238144755363464355e-02 3.746642172336578369e-02 8.687012642621994019e-02 1.831142045557498932e-02 -1.634683832526206970e-02 -1.581621821969747543e-03 -5.865982174873352051e-02 -3.957086056470870972e-02 4.891864955425262451e-03 -4.164784401655197144e-02 3.374470770359039307e-02 -2.359077893197536469e-02 7.760118693113327026e-02 -4.040012881159782410e-02 7.632768154144287109e-02 3.994355909526348114e-03 5.513546615839004517e-02 -7.022698968648910522e-02 -9.607280045747756958e-02 -5.434725433588027954e-03 2.119522728025913239e-02 -6.672316789627075195e-02 6.629501283168792725e-02 6.370630115270614624e-02 7.362647354602813721e-02 -6.716408580541610718e-02 -7.763687521219253540e-02 1.733149588108062744e-02 6.936155259609222412e-02 -5.283844843506813049e-02 5.702271685004234314e-02 -2.305231522768735886e-03 4.599652066826820374e-02 -5.063055828213691711e-02 -4.334317520260810852e-02 -5.540865287184715271e-02 4.364542290568351746e-02 -9.013302624225616455e-02 -9.719444066286087036e-02 -3.786657005548477173e-02 5.850807577371597290e-02 -9.894344955682754517e-02 -2.717341668903827667e-02 6.900998950004577637e-02 3.499918803572654724e-02 4.897804185748100281e-02 3.534122556447982788e-02 -6.271114200353622437e-02 -6.527575850486755371e-02 3.061480261385440826e-02 5.669609829783439636e-02 2.128128521144390106e-02 6.409871578216552734e-02 -6.671374291181564331e-02 -6.648567318916320801e-02 9.397298842668533325e-02 6.785757094621658325e-02 9.182456880807876587e-02 -5.408511310815811157e-02 5.927440151572227478e-02
4.884895682334899902e-02 -5.943297967314720154e-02 -2.632692456245422363e-02 7.896905392408370972e-02 -1.308755427598953247e-01 -8.876071870326995850e-02 6.711174547672271729e-02 -1.079628840088844299e-01 -8.283737301826477051e-02 -1.639636307954788208e-01 1.561731547117233276e-01 -6.701155751943588257e-02 -3.923513367772102356e-02 -1.164167597889900208e-01 3.760465607047080994e-02 1.048104315996170044e-01 -1.064798384904861450e-01 -2.497212775051593781e-02 -1.314139366149902344e-01 -3.847631812095642090e-02 -2.255532518029212952e-02 -5.357477348297834396e-04 -1.467425376176834106e-01 1.467888802289962769e-01 -4.696372151374816895e-02 -3.819363936781883240e-02 -4.337659105658531189e-02 8.511928468942642212e-02 -6.588581949472427368e-02 2.009819634258747101e-02 -8.458656072616577148e-02 -5.983515083789825439e-02 -1.299940422177314758e-02 8.829086273908615112e-02 -9.235417097806930542e-02 2.397120371460914612e-02 -7.638051360845565796e-02 1.753696938976645470e-03 3.887274488806724548e-02 5.151892546564340591e-03 -1.871455088257789612e-02 -1.401512920856475830e-01 1.607583276927471161e-02 -8.848555386066436768e-02 4.095045384019613266e-03 7.726856973022222519e-03 6.655764579772949219e-02 -1.225074753165245056e-01 -1.265428122133016586e-02 1.368306130170822144e-01 2.148882448673248291e-01 4.527660086750984192e-03 9.110610117204487324e-04 8.996547199785709381e-03 4.627820849418640137e-02 4.449203237891197205e-02 -2.837519720196723938e-02 -7.581768091768026352e-03 -2.807108312845230103e-02 -7.994220405817031860e-02 1.577159464359283447e-01 5.484900251030921936e-02 -9.570851922035217285e-02 6.284863222390413284e-03 6.235783174633979797e-02 -3.994933888316154480e-02 -6.324411928653717041e-02 -9.707537293434143066e-02 -2.630573324859142303e-02 1.816757954657077789e-03 -4.844635259360074997e-03 1.248933002352714539e-01 -4.988766089081764221e-02 -6.849797815084457397e-02 -3.743407130241394043e-02 5.642477422952651978e-02 -1.471672859042882919e-02 -1.476376354694366455e-01 5.662330985069274902e-02 -1.190361827611923218e-01 3.896120935678482056e-02 1.187876891344785690e-02 -1.317255496978759766e-01 -2.857362851500511169e-02 1.190164871513843536e-02 3.230418264865875244e-02 5.491121858358383179e-02 -2.782298438251018524e-02 -3.368936851620674133e-02 -3.864949569106101990e-02 -8.231789618730545044e-02 -3.388360142707824707e-03 -4.766372591257095337e-02 6.226918846368789673e-02 -7.298762351274490356e-02 -7.825016975402832031e-02 -6.469193845987319946e-02 2.489766851067543030e-02 -8.566489815711975098e-02 -2.627848684787750244e-01
4.023134410381317139e-01 8.264061063528060913e-02 -1.664122939109802246e-01 4.895566403865814209e-02 -7.332892715930938721e-02 -2.411594837903976440e-01 5.800955370068550110e-02 -7.830014824867248535e-02 4.501924291253089905e-02 -1.385719329118728638e-02 -1.509471237659454346e-01 1.856383234262466431e-01 1.125335171818733215e-01 -3.170567452907562256e-01 2.622886300086975098e-01 -6.782395392656326294e-02 -1.050188485532999039e-02 3.766483813524246216e-02 1.433254964649677277e-02 -3.909193724393844604e-02 -1.057968568056821823e-02 -1.046370416879653931e-01 -1.873214542865753174e-01 3.510121628642082214e-02 -2.023891359567642212e-01 5.783735308796167374e-03 4.855312034487724304e-02 -1.280493848025798798e-02 -1.227871403098106384e-01 -1.329314857721328735e-01 -9.259910322725772858e-03 -6.584484875202178955e-02 1.383718918077647686e-03 1.238584890961647034e-01 -4.343395233154296875e-01 -5.061952024698257446e-02 -3.498708903789520264e-01 3.003030642867088318e-02 -1.236144900321960449e-01 -5.115087330341339111e-02 1.406771875917911530e-02 -1.271077692508697510e-01 -9.111485630273818970e-02 -9.170173853635787964e-02 -1.189974881708621979e-02 1.501095890998840332e-01 -1.287517100572586060e-01 1.045814715325832367e-02 -1.694871336221694946e-01 9.023618698120117188e-02 -5.198528990149497986e-02 4.110607318580150604e-03 -1.748733073472976685e-01 2.590459957718849182e-02 -2.214525341987609863e-01 -6.619341671466827393e-02 5.959747731685638428e-02 1.280761323869228363e-02 1.000334247946739197e-01 -1.893800050020217896e-01 1.213404610753059387e-01 -1.072903722524642944e-02 3.609668835997581482e-02 -1.289003789424896240e-01 -4.683481156826019287e-02 -2.089858800172805786e-01 -2.493538334965705872e-02 -3.969459831714630127e-01 7.416691631078720093e-02 3.830368071794509888e-02 -2.733326889574527740e-02 5.467323958873748779e-02 -1.243271231651306152e-01 -1.711245477199554443e-01 7.428695261478424072e-02 -9.940775483846664429e-02 1.102396398782730103e-01 -1.514236479997634888e-01 1.038743406534194946e-01 2.265052171424031258e-03 1.543181091547012329e-01 -1.441303789615631104e-01 -4.976156353950500488e-02 -1.164590790867805481e-01 5.324180051684379578e-02 -7.597483694553375244e-02 4.933446645736694336e-02 -8.430115133523941040e-02 -2.380170859396457672e-02 3.522645309567451477e-02 1.602737009525299072e-01 5.429602228105068207e-03 5.684096738696098328e-02 1.028154566884040833e-01 3.560921922326087952e-02 -1.054746061563491821e-01 -8.372196555137634277e-02 -1.734655350446701050e-02 -9.932410717010498047e-02 -4.173562824726104736e-01
-4.338939860463142395e-02 2.335650660097599030e-02 -2.431141212582588196e-02 -1.178545653820037842e-01 -1.190698146820068359e-01 -1.913364976644515991e-01 9.288942068815231323e-02 -7.885716855525970459e-02 -5.292581394314765930e-02 1.066937223076820374e-01 3.613959252834320068e-02 -5.102952942252159119e-02 6.781622022390365601e-02 -3.384555876255035400e-02 1.405835151672363281e-01 8.489906042814254761e-02 -7.598367333412170410e-02 -1.115021109580993652e-01 -1.174586713314056396e-01 -6.413836777210235596e-02 1.126559749245643616e-01 -3.045463189482688904e-02 -1.591897457838058472e-01 8.276028186082839966e-02 -5.588731914758682251e-02 -2.882247790694236755e-02 -1.530137285590171814e-02 4.292179271578788757e-02 4.432544112205505371e-02 -9.522695839405059814e-02 5.397120118141174316e-02 5.913640931248664856e-02 1.068729255348443985e-02 2.914869971573352814e-02 -3.551698923110961914e-01 -1.488340436480939388e-03 -8.091551810503005981e-02 -8.178389398381114006e-04 -6.306496262550354004e-02 -9.393923729658126831e-02 6.217664107680320740e-02 6.794799864292144775e-02 2.958920970559120178e-02 -1.384893339127302170e-02 3.715132549405097961e-02 2.536999806761741638e-02 -9.790727496147155762e-02 5.822497978806495667e-02 -8.692141622304916382e-02 -1.052208095788955688e-01 1.216323226690292358e-01 -2.271081693470478058e-02 6.709994375705718994e-02 -5.438029021024703979e-02 -1.056757643818855286e-01 -1.629332900047302246e-01 1.252287775278091431e-01 7.393190264701843262e-02 1.154579594731330872e-02 -3.994078841060400009e-03 8.013968169689178467e-02 1.305717229843139648e-01 -1.182180568575859070e-01 -1.404520589858293533e-02 5.925277620553970337e-02 -4.797532036900520325e-02 5.418146029114723206e-02 3.194275312125682831e-03 -2.216649986803531647e-02 4.063063859939575195e-02 1.270591560751199722e-02 9.207566082477569580e-02 2.578478306531906128e-02 -5.366080999374389648e-02 -5.303866346366703510e-04 8.407361060380935669e-02 8.691542898304760456e-04 -1.605138033628463745e-01 -7.609824091196060181e-02 3.663151711225509644e-02 -2.283829078078269958e-02 -1.389987170696258545e-01 8.928965777158737183e-03 -1.337806880474090576e-01 -6.389751285314559937e-02 1.116923801600933075e-02 -2.725191600620746613e-02 2.681526355445384979e-02 -7.232260890305042267e-03 -1.096559837460517883e-01 1.252797991037368774e-01 -8.827636018395423889e-03 -9.175553172826766968e-02 -6.976704299449920654e-02 -8.243162184953689575e-02 -3.253180906176567078e-02 -7.020005583763122559e-02 -2.825172990560531616e-02 -3.610879182815551758e-02 -9.954623878002166748e-02
7.868733257055282593e-02 -1.138408929109573364e-01 6.291328370571136475e-02 3.287716209888458252e-02 -9.184856712818145752e-02 8.054456859827041626e-02 1.861607655882835388e-02 8.257107110694050789e-04 1.632248796522617340e-02 -1.761583834886550903e-01 4.250042513012886047e-02 -2.116303890943527222e-02 -1.047953590750694275e-01 1.147047802805900574e-01 -6.494303792715072632e-02 1.065563131123781204e-02 4.060354456305503845e-02 -7.140485197305679321e-02 1.128133237361907959e-01 -4.844770953059196472e-02 -2.281967364251613617e-02 7.779769599437713623e-02 1.648872941732406616e-01 -1.454773079603910446e-02 6.866047531366348267e-02 7.720170915126800537e-02 5.479241162538528442e-02 -8.036692440509796143e-02 -5.435013025999069214e-02 -1.645969450473785400e-01 6.896907091140747070e-02 -2.324883826076984406e-05 1.188439577817916870e-01 4.894984140992164612e-02 1.098707839846611023e-01 5.349071696400642395e-02 6.658744066953659058e-02 -1.575562544167041779e-02 -1.565704494714736938e-01 2.351851202547550201e-02 1.574176251888275146e-01 -1.657619625329971313e-01 -4.162104800343513489e-02 -8.175272494554519653e-02 -2.340084500610828400e-02 6.070354953408241272e-03 1.643721163272857666e-01 -8.526862598955631256e-03 -1.118196249008178711e-01 2.380340173840522766e-02 -2.845722064375877380e-02 -1.248239576816558838e-01 1.566196829080581665e-01 -6.764002144336700439e-02 -5.045797303318977356e-02 5.201835185289382935e-02 -2.151445299386978149e-01 -1.375130563974380493e-01 -1.472442876547574997e-02 2.356738038361072540e-02 -1.809043288230895996e-01 -1.559607535600662231e-01 8.202162384986877441e-02 1.167493984103202820e-01 9.420338273048400879e-02 -1.254860162734985352e-01 8.650582283735275269e-02 -1.173875629901885986e-01 -4.725980758666992188e-02 -9.400956332683563232e-02 -7.885475456714630127e-02 5.090045183897018433e-02 -7.635582238435745239e-02 -4.018649831414222717e-02 -1.782017759978771210e-02 1.147028952836990356e-01 -7.317295670509338379e-02 9.955304116010665894e-02 -1.566196680068969727e-01 -4.061886668205261230e-02 -9.891636669635772705e-02 5.072908941656351089e-03 3.522848337888717651e-02 2.309145964682102203e-02 -1.231236830353736877e-01 1.297814548015594482e-01 2.322640866041183472e-01 6.504842638969421387e-02 -7.719828188419342041e-02 -9.155748039484024048e-02 3.432142548263072968e-03 -7.701014727354049683e-02 4.708306491374969482e-02 3.066174685955047607e-02 -9.527815133333206177e-02 8.090429753065109253e-02 1.232719644904136658e-01 8.034895360469818115e-02 1.061879023909568787e-01 -2.252044081687927246e-01
-6.330837309360504150e-02 7.590254535898566246e-04 3.307731077075004578e-02 5.000546947121620178e-02 -3.280970454216003418e-02 -7.100832462310791016e-02 8.470039069652557373e-02 -1.735553523758426309e-04 -4.963331297039985657e-02 -6.891204416751861572e-02 1.306631509214639664e-02 -5.691091716289520264e-02 -3.239667415618896484e-02 -1.274478342384099960e-02 -9.970011562108993530e-02 2.364338561892509460e-02 -8.006838709115982056e-02 -1.864971220493316650e-02 1.081169620156288147e-01 -6.174995750188827515e-02 -9.398756921291351318e-02 -5.223923549056053162e-02 -8.103559911251068115e-02 -8.548926562070846558e-02 4.023077338933944702e-02 -8.239823579788208008e-02 -9.080369025468826294e-02 -1.930129900574684143e-02 -4.888300225138664246e-02 -8.060566149652004242e-03 -6.559538841247558594e-02 3.776825498789548874e-03 6.476897001266479492e-02 6.374288350343704224e-02 6.081045418977737427e-02 3.677022829651832581e-02 -4.961859434843063354e-02 2.695854380726814270e-02 -2.794288098812103271e-03 -1.165996864438056946e-02 1.708355918526649475e-02 -1.156135499477386475e-01 7.858209311962127686e-02 6.496898829936981201e-02 3.352887928485870361e-02 -6.859897822141647339e-02 -8.235021680593490601e-02 -7.292690128087997437e-02 -5.055754259228706360e-02 -5.652976408600807190e-02 -5.284426361322402954e-02 -4.056752845644950867e-02 -4.786397516727447510e-02 5.963070690631866455e-02 9.795572608709335327e-02 -8.085555583238601685e-02 5.236697196960449219e-02 -5.609607696533203125e-02 -6.393213570117950439e-02 -1.049099341034889221e-01 6.632717698812484741e-02 -6.247799843549728394e-02 -9.256723523139953613e-02 -1.023543998599052429e-02 -3.544581308960914612e-02 -1.134428009390830994e-01 -6.130226701498031616e-02 -1.087222620844841003e-01 6.551469862461090088e-02 5.479491874575614929e-02 6.609843671321868896e-02 -8.601703494787216187e-02 2.768293721601366997e-03 -6.410494446754455566e-02 -9.685340337455272675e-03 -5.846188589930534363e-02 -4.489032179117202759e-02 -3.585102781653404236e-02 6.428758054971694946e-02 2.523774467408657074e-02 6.209555268287658691e-02 -3.848702833056449890e-02 -9.906904399394989014e-02 6.473858654499053955e-02 2.675302885472774506e-02 -6.160508841276168823e-02 1.609363406896591187e-02 -4.659512266516685486e-02 -8.074617385864257812e-02 -3.535389667376875877e-03 5.632781609892845154e-02 4.970854893326759338e-02 -9.538450837135314941e-02 6.728836894035339355e-02 3.416728228330612183e-02 4.880343005061149597e-02 5.591478943824768066e-02 -9.016815572977066040e-02 6.432812660932540894e-02 8.111780881881713867e-02
-1.468796730041503906e-01 8.127593318931758404e-04 5.494143441319465637e-02 2.580547705292701721e-03 -1.235209777951240540e-02 -9.758315049111843109e-03 6.727287173271179199e-02 4.802382364869117737e-02 7.701089233160018921e-02 6.756895780563354492e-02 1.555968970060348511e-01 -5.047034844756126404e-02 -1.767434626817703247e-01 5.673728883266448975e-02 -1.108886227011680603e-01 -2.910344116389751434e-02 -6.018752232193946838e-02 2.710304409265518188e-02 4.097657278180122375e-02 6.764563918113708496e-02 -9.636687487363815308e-02 1.843457669019699097e-02 -1.658580601215362549e-01 -4.729578644037246704e-02 1.296025961637496948e-01 3.322019055485725403e-02 -9.587199985980987549e-02 2.115700766444206238e-02 -4.893078282475471497e-02 5.124602932482957840e-03 -7.362437248229980469e-02 -8.015970140695571899e-02 1.876932755112648010e-02 -3.746197372674942017e-02 2.763118594884872437e-02 1.279505491256713867e-01 7.113997638225555420e-02 2.419153973460197449e-02 2.264281501993536949e-03 -4.264282807707786560e-02 6.161653995513916016e-02 9.665749222040176392e-02 -3.969489037990570068e-02 4.826787486672401428e-02 -5.943755968473851681e-04 5.485368892550468445e-02 -1.196322068572044373e-01 5.191959906369447708e-03 1.174772009253501892e-01 -5.728506296873092651e-02 9.240756183862686157e-02 6.915025413036346436e-02 -7.991959154605865479e-02 8.999536186456680298e-02 1.336359679698944092e-01 -3.534223511815071106e-02 6.031295284628868103e-02 -1.012189090251922607e-01 1.179937273263931274e-01 -2.424312382936477661e-02 5.205144360661506653e-02 7.195626199245452881e-02 -9.261084347963333130e-02 -4.644890502095222473e-02 4.541141912341117859e-02 -9.746973216533660889e-02 -3.752709180116653442e-02 9.782660752534866333e-02 -7.123881578445434570e-02 9.554921835660934448e-02 4.192326962947845459e-02 2.131846919655799866e-02 -5.521637201309204102e-02 2.952747233211994171e-02 -6.399850547313690186e-02 -3.481297567486763000e-02 5.802399292588233948e-02 4.607142135500907898e-02 -1.660367101430892944e-02 1.697714067995548248e-02 -1.130083799362182617e-01 -7.672613114118576050e-02 1.273252665996551514e-01 -7.751682400703430176e-02 -4.902418702840805054e-02 4.931370541453361511e-02 -7.892265915870666504e-02 -7.723358273506164551e-02 6.770466268062591553e-02 8.345203101634979248e-02 -6.986110657453536987e-02 2.157341130077838898e-02 8.394871652126312256e-02 -8.925052732229232788e-02 -9.300897829234600067e-03 -6.669279187917709351e-02 8.601956069469451904e-03 -6.398417055606842041e-02 -6.358513236045837402e-02 9.992720186710357666e-02
5.671396479010581970e-02 -1.468718498945236206e-01 1.377808302640914917e-01 4.047888889908790588e-02 8.850362151861190796e-02 3.834011405706405640e-02 3.673935309052467346e-02 -5.057027935981750488e-02 5.278979241847991943e-02 9.011248499155044556e-02 -1.621132493019104004e-01 -2.880687080323696136e-02 -1.611966937780380249e-01 4.259571805596351624e-02 -9.232963621616363525e-02 7.409287989139556885e-02 5.688406154513359070e-02 -2.292325720191001892e-03 4.034158587455749512e-02 9.220936894416809082e-02 -8.419074863195419312e-02 5.194556713104248047e-02 5.123201385140419006e-02 7.901727408170700073e-02 9.405321627855300903e-02 9.681917726993560791e-02 -1.801282614469528198e-01 9.596433490514755249e-02 1.477070851251482964e-03 -6.905819475650787354e-02 2.780461125075817108e-02 -1.745517402887344360e-01 7.711751013994216919e-02 -5.859759822487831116e-02 2.153838574886322021e-01 -1.384400576353073120e-01 1.077677458524703979e-01 1.283616013824939728e-02 4.405296593904495239e-02 2.649648487567901611e-02 1.277790218591690063e-02 -4.427117109298706055e-02 -7.139802724123001099e-02 1.420871615409851074e-01 -3.810570016503334045e-02 -3.963924571871757507e-02 9.766472876071929932e-02 -2.996204420924186707e-02 -9.328132867813110352e-02 1.781591773033142090e-02 -5.972433835268020630e-02 -1.769478470087051392e-01 1.096092611551284790e-01 -9.455582499504089355e-02 1.039595156908035278e-01 1.004874631762504578e-01 -1.968019157648086548e-01 -1.439498960971832275e-01 -1.663868129253387451e-02 1.519312113523483276e-01 -1.282938569784164429e-01 -6.031673774123191833e-02 -9.656918235123157501e-03 8.852017670869827271e-02 3.138954564929008484e-02 3.884487226605415344e-02 2.104705385863780975e-02 -1.534557640552520752e-01 -1.450774632394313812e-02 -7.370071113109588623e-02 -4.840107262134552002e-02 -6.701004505157470703e-02 7.497020065784454346e-02 1.434330940246582031e-01 -9.786706417798995972e-02 1.109041739255189896e-02 -5.913300905376672745e-03 1.177880167961120605e-01 -6.200120598077774048e-02 3.191999718546867371e-02 -3.067503571510314941e-01 -5.558342859148979187e-02 -6.614600867033004761e-02 1.584340333938598633e-01 -6.327687948942184448e-02 8.704268932342529297e-02 5.717343185096979141e-03 1.389323770999908447e-01 -1.545404791831970215e-01 1.142781898379325867e-01 -2.181113086408004165e-05 -4.931233823299407959e-02 8.752834051847457886e-02 4.906304553151130676e-02 2.431262843310832977e-02 1.165515091270208359e-02 8.358887583017349243e-02 6.699461489915847778e-02 8.699798583984375000e-02 -5.229403823614120483e-02
1.124941334128379822e-01 -6.929744780063629150e-02 2.013177610933780670e-02 4.934709146618843079e-02 -2.816941775381565094e-02 7.411102950572967529e-02 -1.009870972484350204e-02 -8.754939585924148560e-02 -1.494022645056247711e-02 -5.624839663505554199e-02 -3.071833960711956024e-02 -3.632478415966033936e-02 -4.518844559788703918e-02 -9.090377390384674072e-02 4.568069428205490112e-02 -4.685065150260925293e-02 7.214347273111343384e-02 7.170308381319046021e-02 8.436424285173416138e-02 8.022479712963104248e-02 -8.343882858753204346e-03 7.350462675094604492e-02 6.172392889857292175e-02 -7.641905546188354492e-02 6.291002780199050903e-02 -1.947744190692901611e-02 7.694045454263687134e-02 -6.544712185859680176e-02 -4.400313645601272583e-02 -1.015496477484703064e-01 -7.821046561002731323e-02 4.609159380197525024e-02 4.883528500795364380e-02 -5.244896188378334045e-02 4.206042736768722534e-02 -9.548308327794075012e-03 -5.269070714712142944e-02 1.033002138137817383e-02 -4.775274544954299927e-02 -9.742258489131927490e-02 3.036330081522464752e-02 7.289726287126541138e-02 -6.926970928907394409e-02 -5.769686028361320496e-02 -8.616387844085693359e-02 4.635707661509513855e-02 3.496506437659263611e-02 1.242190040647983551e-02 -1.203362494707107544e-01 7.252148538827896118e-02 1.309695839881896973e-01 -8.503703027963638306e-02 -2.311108075082302094e-02 -3.266504406929016113e-02 -7.586388289928436279e-02 6.106612831354141235e-02 4.550664685666561127e-03 -3.282080218195915222e-02 -4.251170530915260315e-02 9.721913188695907593e-02 -1.737852580845355988e-02 8.216574788093566895e-02 1.134592946618795395e-02 8.123528957366943359e-02 5.149957165122032166e-02 1.513396482914686203e-02 9.743726253509521484e-02 4.917613789439201355e-02 -6.188954785466194153e-02 3.172267228364944458e-02 4.335873201489448547e-02 4.091551061719655991e-03 4.850151762366294861e-02 -3.760679438710212708e-02 5.632615834474563599e-02 5.200399830937385559e-02 -1.062405109405517578e-01 4.230253398418426514e-03 5.159195978194475174e-03 -5.914194509387016296e-02 5.521570518612861633e-02 7.186866365373134613e-03 1.954011805355548859e-02 4.921234026551246643e-02 -1.519328728318214417e-02 -1.076200678944587708e-01 -2.658569253981113434e-02 1.442225091159343719e-02 -6.220308318734169006e-02 -1.114202588796615601e-01 1.016418114304542542e-01 -5.326145887374877930e-02 6.232240796089172363e-02 5.630162078887224197e-03 2.068534865975379944e-02 8.365347236394882202e-02 1.286017795791849494e-04 1.988656818866729736e-02 4.849876090884208679e-02 -5.397222936153411865e-02
1.004162430763244629e-01 -1.702355779707431793e-02 -8.516184240579605103e-02 -1.190931946039199829e-01 7.403453812003135681e-03 -4.532007128000259399e-02 -8.052813261747360229e-02 -2.271119803190231323e-01 9.150167554616928101e-02 3.719836845993995667e-02 1.576505787670612335e-02 -7.328823208808898926e-02 9.430883079767227173e-02 -1.346610933542251587e-01 8.665003813803195953e-03 -5.381887778639793396e-02 -8.398120105266571045e-02 -2.228814363479614258e-02 -1.073499098420143127e-01 8.940371125936508179e-02 -4.954808577895164490e-02 -1.005956307053565979e-01 -1.249798666685819626e-02 -5.150819197297096252e-02 -1.533199101686477661e-01 -4.043904691934585571e-02 -5.563618615269660950e-02 -1.229401532327756286e-04 -7.002657651901245117e-02 -3.981449082493782043e-02 -5.415718257427215576e-02 -5.045912787318229675e-02 -3.565137740224599838e-05 4.615249484777450562e-02 -9.454212337732315063e-02 -1.246717721223831177e-01 -4.727840051054954529e-02 3.184501826763153076e-02 6.059301272034645081e-02 -6.572594493627548218e-02 -6.164551526308059692e-02 -6.088789179921150208e-02 3.407868207432329655e-04 -1.068293899297714233e-01 -1.009691283106803894e-01 -6.438897550106048584e-02 -1.394976209849119186e-02 7.781221717596054077e-02 2.451448701322078705e-02 1.069520115852355957e-01 -3.552506491541862488e-02 1.512318383902311325e-03 -1.558934450149536133e-01 -9.036254137754440308e-02 -1.111788600683212280e-01 -9.176430851221084595e-02 -4.408732801675796509e-02 1.326750814914703369e-01 7.153647392988204956e-02 -8.123243227601051331e-03 -6.380997598171234131e-03 3.959789499640464783e-02 1.537653524428606033e-02 -3.718868643045425415e-02 -8.113947510719299316e-02 -4.127300903201103210e-02 -5.602851510047912598e-02 -1.587243974208831787e-01 -7.195588201284408569e-02 8.047034032642841339e-03 2.793997526168823242e-02 -2.052959427237510681e-02 -4.137613996863365173e-02 -1.319304704666137695e-01 4.436293616890907288e-03 -9.735076874494552612e-02 -7.033374905586242676e-02 -7.222119718790054321e-02 3.151991590857505798e-02 7.184337079524993896e-02 1.341703683137893677e-01 -9.739589691162109375e-02 4.120903834700584412e-02 -1.145759597420692444e-01 -6.489536911249160767e-02 -1.061898171901702881e-01 7.431354839354753494e-03 -7.614573091268539429e-02 -6.966303288936614990e-02 -8.613304793834686279e-02 -5.453490838408470154e-02 -7.155892997980117798e-02 4.775475710630416870e-02 6.225292757153511047e-02 7.084576040506362915e-02 -6.807164847850799561e-02 2.893050946295261383e-02 -4.589030146598815918e-02 6.538718938827514648e-03 -1.558372527360916138e-01
-5.460881814360618591e-02 -1.066785678267478943e-02 5.125899799168109894e-03 -5.433695390820503235e-03 2.765485551208257675e-03 -5.462400987744331360e-02 7.901912182569503784e-02 7.526835054159164429e-02 9.005857259035110474e-02 -2.616897970438003540e-02 -6.382909417152404785e-02 9.214120358228683472e-02 5.414771847426891327e-03 -3.729375451803207397e-02 1.180160343647003174e-01 3.953788056969642639e-02 -7.149573415517807007e-02 4.341636970639228821e-02 -5.563731119036674500e-02 8.490206673741340637e-04 8.964064717292785645e-02 -8.377488702535629272e-02 1.921124011278152466e-02 -4.024917259812355042e-02 -4.429829865694046021e-02 -7.354962825775146484e-02 5.850257351994514465e-02 6.800375133752822876e-02 -7.747090607881546021e-02 -1.084381118416786194e-01 -3.379042819142341614e-02 3.891412401571869850e-03 4.976963996887207031e-02 7.571269571781158447e-02 -5.245228856801986694e-02 9.196839481592178345e-02 -2.513069845736026764e-02 -7.491929829120635986e-02 3.947192803025245667e-02 -1.052597686648368835e-01 8.555214107036590576e-02 2.433512359857559204e-02 -4.666835069656372070e-02 4.259914904832839966e-02 -5.464471876621246338e-02 -9.704131633043289185e-02 -5.475887283682823181e-02 -1.355079412460327148e-01 -1.134360060095787048e-01 -1.105714682489633560e-02 -4.137682914733886719e-02 -4.901650547981262207e-02 7.197177410125732422e-02 5.641149356961250305e-02 6.395398825407028198e-02 8.083298802375793457e-02 8.654122799634933472e-02 -1.196426972746849060e-01 -7.554522156715393066e-02 1.104494407773017883e-01 -7.088106870651245117e-02 -3.817656263709068298e-02 1.681497879326343536e-02 8.487655222415924072e-02 8.379472792148590088e-02 6.587231159210205078e-02 -3.248132020235061646e-02 1.117984354496002197e-01 -9.573223441839218140e-02 -9.445738792419433594e-02 -7.561111450195312500e-02 -8.691467344760894775e-02 8.112301677465438843e-02 5.885467678308486938e-02 5.654358491301536560e-02 -2.686970122158527374e-02 4.962034896016120911e-02 -3.245212882757186890e-02 -1.874483674764633179e-01 2.114762365818023682e-02 1.187320873141288757e-01 -1.029227580875158310e-02 8.338077366352081299e-02 2.147568203508853912e-02 7.702790200710296631e-02 -2.071869745850563049e-02 6.676479708403348923e-03 4.909810796380043030e-02 6.944389641284942627e-02 -5.169664695858955383e-02 -9.472450613975524902e-02 1.185948494821786880e-02 4.260298982262611389e-02 -8.726043254137039185e-02 1.728498376905918121e-02 3.197193518280982971e-02 -8.307744562625885010e-02 5.582218617200851440e-02 9.757920354604721069e-02 -6.796577572822570801e-02
2.296209782361984253e-01 -6.291384808719158173e-03 8.751539885997772217e-02 1.670597642660140991e-01 -7.530284672975540161e-02 -3.465317189693450928e-02 1.940089091658592224e-02 1.516826301813125610e-01 -4.694959521293640137e-02 -1.409371346235275269e-01 1.529032550752162933e-02 8.761731907725334167e-03 -1.794330589473247528e-02 1.309227943420410156e-01 1.591205298900604248e-01 2.895031357184052467e-03 -5.781263858079910278e-02 8.385566063225269318e-03 -1.259131580591201782e-01 -2.614895626902580261e-02 -5.073777958750724792e-02 9.033975005149841309e-02 2.003796696662902832e-01 3.981376439332962036e-02 -9.424267709255218506e-02 -1.102490723133087158e-01 -3.889195621013641357e-02 8.172705769538879395e-02 -1.218471974134445190e-01 3.209109976887702942e-02 -1.008937507867813110e-02 -8.025367558002471924e-02 2.797742374241352081e-03 3.726147487759590149e-02 -5.451458320021629333e-02 2.870019339025020599e-02 -3.102482669055461884e-02 -1.447912119328975677e-02 1.168638118542730808e-03 -7.636286318302154541e-02 -5.336509644985198975e-02 -6.045404821634292603e-02 -5.336023867130279541e-02 -1.014298722147941589e-01 -8.521705120801925659e-02 8.897951338440179825e-04 6.432470679283142090e-02 -7.218078244477510452e-03 -1.096063926815986633e-01 7.513792067766189575e-02 5.725524947047233582e-02 1.027691550552845001e-02 1.435035467147827148e-01 -2.979943528771400452e-02 -8.941753208637237549e-02 1.373061984777450562e-01 -1.607585698366165161e-02 -9.875461459159851074e-02 -4.550848528742790222e-02 -1.593307554721832275e-01 -1.050996500998735428e-02 -1.645486056804656982e-02 7.643282413482666016e-02 -1.532164961099624634e-02 4.815950617194175720e-02 -7.059809565544128418e-02 5.805791541934013367e-02 -1.006537005305290222e-01 -1.608702167868614197e-02 9.894260019063949585e-02 -2.377390675246715546e-02 7.350184023380279541e-02 4.494064301252365112e-02 3.470222279429435730e-02 7.397052645683288574e-02 3.198733925819396973e-02 -1.899638399481773376e-02 4.689211025834083557e-03 -8.848781883716583252e-02 2.873769029974937439e-02 5.310486257076263428e-02 -1.059864386916160583e-01 8.693244308233261108e-02 2.310688979923725128e-02 4.330793395638465881e-02 4.341660812497138977e-02 -3.629197552800178528e-02 5.892406031489372253e-02 7.330041378736495972e-02 4.161366447806358337e-02 -9.180115908384323120e-02 -9.454246610403060913e-03 -8.261556923389434814e-02 1.807452291250228882e-01 1.104738339781761169e-01 -6.293545663356781006e-02 -2.759776636958122253e-02 7.528239861130714417e-03 -1.086017712950706482e-01 -1.499142646789550781e-01
-5.886139348149299622e-02 5.051399022340774536e-02 -5.246159806847572327e-02 -9.410187602043151855e-02 1.934370584785938263e-02 4.208958521485328674e-02 6.946267187595367432e-02 -7.399778068065643311e-02 -8.060363680124282837e-02 1.514573022723197937e-02 6.921233236789703369e-02 -8.704487234354019165e-02 -7.048947364091873169e-02 2.476105233654379845e-03 -7.949441671371459961e-02 8.273395150899887085e-02 2.521481551229953766e-02 -9.831123054027557373e-02 3.448603302240371704e-02 -8.106924593448638916e-02 8.289491385221481323e-02 1.157713681459426880e-01 -1.650575548410415649e-02 -5.662972852587699890e-02 1.528465654700994492e-02 -5.028069019317626953e-03 -6.863226741552352905e-02 2.126306854188442230e-02 8.972236886620521545e-03 5.625240132212638855e-02 1.722007617354393005e-02 4.273138195276260376e-02 -4.071994870901107788e-02 -4.154141992330551147e-02 5.556753650307655334e-02 -7.887771725654602051e-02 8.174202591180801392e-02 6.521520763635635376e-02 1.595671474933624268e-02 -6.569710373878479004e-02 -7.425320148468017578e-02 3.154082596302032471e-02 -1.365995220839977264e-02 -1.051791198551654816e-02 2.444251254200935364e-02 -2.011554688215255737e-02 -2.524708770215511322e-02 -8.976313471794128418e-02 1.081982627511024475e-01 3.835816308856010437e-02 2.421816112473607063e-03 -7.659228146076202393e-02 -1.409253478050231934e-01 -9.943298995494842529e-02 -6.001122668385505676e-02 -2.832076139748096466e-02 -1.645237021148204803e-02 9.428837150335311890e-02 8.182181417942047119e-02 -1.132297888398170471e-02 6.620565056800842285e-02 8.313003182411193848e-02 1.714741624891757965e-02 -1.651555672287940979e-02 -5.502523854374885559e-02 7.094873487949371338e-02 7.176394015550613403e-02 1.200098246335983276e-01 -1.005867198109626770e-01 -1.813582889735698700e-02 2.483102306723594666e-02 -6.771323084831237793e-02 4.012196511030197144e-02 -8.200199902057647705e-02 8.852332830429077148e-02 -5.554400011897087097e-02 -5.099019780755043030e-02 -5.860242620110511780e-02 8.311913907527923584e-02 3.633921733126044273e-03 -5.257218703627586365e-02 4.151404427830129862e-04 -3.634696127846837044e-03 -8.147458732128143311e-02 -1.907952316105365753e-02 5.781033262610435486e-02 -4.631375148892402649e-02 -3.280362486839294434e-02 7.214534282684326172e-02 -6.225340534001588821e-03 9.103070944547653198e-02 -4.828688129782676697e-02 7.513044029474258423e-02 6.153741106390953064e-02 7.036128547042608261e-03 6.789364665746688843e-02 8.107468485832214355e-02 -6.310490518808364868e-02 1.076672896742820740e-01 1.055698245763778687e-01
6.794054806232452393e-02 1.520443614572286606e-02 7.002967596054077148e-02 1.047324314713478088e-01 -8.318858593702316284e-02 1.165974065661430359e-01 1.090744286775588989e-01 -1.300593912601470947e-01 1.254334300756454468e-01 1.997385360300540924e-02 -2.017911672592163086e-01 8.666730672121047974e-02 1.496096104383468628e-01 7.409465312957763672e-02 -1.724395155906677246e-01 -4.512870684266090393e-03 4.760157316923141479e-02 -4.290612787008285522e-02 2.053602412343025208e-02 -2.732298895716667175e-02 7.772649079561233521e-02 -2.114924602210521698e-02 1.767142713069915771e-01 1.397394295781850815e-02 3.826377540826797485e-02 -3.107001259922981262e-02 -1.318135112524032593e-01 -7.505196332931518555e-02 -6.862396746873855591e-02 9.137111157178878784e-02 1.641690265387296677e-03 4.215145111083984375e-02 8.931607939302921295e-03 9.017916023731231689e-02 3.928456306457519531e-01 -3.229113668203353882e-02 -6.541974097490310669e-02 -5.656491965055465698e-02 4.185362905263900757e-02 -3.891409933567047119e-02 1.337533891201019287e-01 -1.200776472687721252e-01 -1.361207962036132812e-01 -1.350972205400466919e-01 -3.604131564497947693e-02 3.541254252195358276e-02 1.073591932654380798e-01 -2.029201686382293701e-01 -7.011260092258453369e-02 1.247187182307243347e-01 -2.480049729347229004e-01 -5.352902784943580627e-02 -3.130210638046264648e-01 -4.887578636407852173e-02 5.294314771890640259e-02 -6.929466326255351305e-05 -1.967553421854972839e-02 2.575814351439476013e-02 1.937881112098693848e-02 -1.625162661075592041e-01 -1.631752997636795044e-01 -8.758116513490676880e-02 -1.838131994009017944e-02 -3.304676339030265808e-02 -1.212276667356491089e-01 -3.798803314566612244e-02 1.115633547306060791e-01 4.329360276460647583e-02 1.838110536336898804e-01 -5.299723148345947266e-02 9.198844432830810547e-03 3.318853676319122314e-02 -6.965483725070953369e-02 5.325174704194068909e-02 3.245944529771804810e-02 -6.375091522932052612e-02 6.334608793258666992e-02 8.430431038141250610e-02 -1.380176842212677002e-01 -1.337023545056581497e-02 -7.416332513093948364e-02 3.048681095242500305e-02 7.812406867742538452e-02 3.092398308217525482e-02 -4.025751352310180664e-02 -4.673962295055389404e-02 -1.645863801240921021e-01 9.965192526578903198e-02 1.688636392354965210e-01 1.685083061456680298e-01 -8.645435422658920288e-02 6.657519936561584473e-02 -6.942351162433624268e-02 -8.330951631069183350e-02 -8.349449187517166138e-02 -8.467122167348861694e-02 -4.792574420571327209e-02 -2.333425357937812805e-02 2.657016739249229431e-03 -1.659989124163985252e-03
-8.186510950326919556e-02 -2.933753887191414833e-03 2.947373874485492706e-02 3.531952574849128723e-02 6.357920169830322266e-02 6.883348524570465088e-02 -4.198151081800460815e-02 3.858580067753791809e-02 -8.943358808755874634e-02 6.378586590290069580e-02 4.383761808276176453e-02 -7.361730188131332397e-02 -1.955441385507583618e-02 1.708307415246963501e-01 -1.376367360353469849e-01 1.081349700689315796e-02 4.993617907166481018e-02 -1.232857257127761841e-01 -1.524651497602462769e-01 8.977251499891281128e-02 -1.130693927407264709e-01 -9.462670981884002686e-02 8.529860526323318481e-02 1.394415944814682007e-01 -3.409129753708839417e-02 -3.959155455231666565e-02 -1.150426119565963745e-01 -1.157243037596344948e-03 -1.047933027148246765e-01 -2.687258645892143250e-02 3.639709949493408203e-02 -1.265088934451341629e-02 -4.378432873636484146e-03 9.298527985811233521e-02 1.262626349925994873e-01 -3.768967092037200928e-02 6.626935210078954697e-03 -4.377597942948341370e-02 1.276066452264785767e-01 1.257433295249938965e-01 8.270760625600814819e-02 6.142209842801094055e-02 2.524379827082157135e-02 4.099789634346961975e-02 -5.274998024106025696e-03 -5.927165225148200989e-02 5.262459069490432739e-02 2.331489697098731995e-02 1.163531560450792313e-02 -7.437422126531600952e-02 2.145569026470184326e-02 -6.667943298816680908e-02 4.652610793709754944e-02 -7.939102500677108765e-02 -5.238958634436130524e-03 -1.873456127941608429e-02 -1.236698329448699951e-01 -1.246123015880584717e-01 -1.501960307359695435e-01 1.573312096297740936e-02 -1.466456949710845947e-01 -2.408005297183990479e-02 1.291989237070083618e-01 -2.243981137871742249e-02 -4.072646051645278931e-02 7.470666617155075073e-02 -4.901498556137084961e-02 7.652128487825393677e-02 3.064599074423313141e-02 -8.578879386186599731e-02 -3.762117400765419006e-02 -2.396734803915023804e-02 5.101184919476509094e-02 1.474235057830810547e-01 -9.663869440555572510e-02 1.130229234695434570e-01 -3.092797473073005676e-02 4.451708495616912842e-02 -1.404345184564590454e-01 4.457958415150642395e-02 8.007085323333740234e-02 -4.689259454607963562e-02 -3.969746083021163940e-02 5.204975977540016174e-02 9.009101986885070801e-02 1.382877230644226074e-01 6.661389768123626709e-02 8.509278297424316406e-02 5.466288700699806213e-02 -2.418397180736064911e-02 -5.775078386068344116e-02 4.056962206959724426e-02 -9.810678660869598389e-02 -4.529855400323867798e-02 -7.177242636680603027e-02 -9.159645065665245056e-03 -8.603622019290924072e-02 -7.309367065317928791e-04 1.846713423728942871e-01 8.067166805267333984e-02
2.997105382382869720e-02 7.390498369932174683e-02 7.681968063116073608e-02 -7.616709172725677490e-02 -6.033017858862876892e-02 -4.193120077252388000e-02 -5.308681726455688477e-02 -1.274513006210327148e-01 -7.642370183020830154e-03 1.498398631811141968e-01 -7.745212409645318985e-03 -8.075179159641265869e-02 5.230107903480529785e-02 -7.278852164745330811e-02 3.062800318002700806e-02 -9.238487482070922852e-02 -4.491152986884117126e-02 -1.163084134459495544e-01 6.466360390186309814e-02 6.422452628612518311e-02 5.564986541867256165e-02 1.140683665871620178e-01 3.946742415428161621e-02 8.745830506086349487e-02 -3.411969915032386780e-02 5.440871790051460266e-02 -1.168506592512130737e-01 2.395411580801010132e-02 -8.827897161245346069e-02 6.689994037151336670e-02 3.344537317752838135e-02 4.130639135837554932e-02 -7.861844263970851898e-03 1.785422563552856445e-01 8.921813964843750000e-02 -7.868467271327972412e-02 3.291898965835571289e-02 -4.309891909360885620e-02 7.202993612736463547e-03 1.515235379338264465e-02 -5.571883916854858398e-02 -1.266505867242813110e-01 2.552981115877628326e-02 6.921242922544479370e-02 5.525611713528633118e-02 -7.552501559257507324e-02 -6.443971395492553711e-02 6.844550371170043945e-02 6.758548319339752197e-03 -5.274933204054832458e-02 4.845529794692993164e-03 -4.632343351840972900e-02 -2.553238160908222198e-02 7.389206439256668091e-02 -5.111676827073097229e-02 -5.604235827922821045e-02 -6.812869757413864136e-02 -6.551246345043182373e-02 -1.306146476417779922e-02 4.650342278182506561e-03 -7.465180009603500366e-02 -2.745961770415306091e-02 -1.020549684762954712e-01 -2.080809324979782104e-02 -1.368346810340881348e-01 -6.031655520200729370e-02 9.710012376308441162e-02 -1.721672266721725464e-01 6.659863889217376709e-02 -8.812618255615234375e-02 -5.357974395155906677e-02 5.783233419060707092e-02 -5.671635642647743225e-02 9.573904424905776978e-02 -3.769102320075035095e-02 2.203808538615703583e-02 5.745090171694755554e-02 1.287579983472824097e-01 2.740167081356048584e-02 7.429365813732147217e-02 -1.141552850604057312e-01 1.022199988365173340e-01 -5.566014349460601807e-02 9.776458144187927246e-02 -1.019941736012697220e-02 -3.616373520344495773e-03 1.633160002529621124e-02 1.412915438413619995e-02 -6.745848059654235840e-02 4.240389168262481689e-02 -8.851570636034011841e-02 -5.715827643871307373e-02 2.147676609456539154e-02 -3.130272403359413147e-02 -1.168354526162147522e-01 4.814298450946807861e-02 -2.590380981564521790e-02 2.072667889297008514e-02 1.885425485670566559e-02 -1.954529285430908203e-01
-1.208165436983108521e-01 -8.160046488046646118e-02 2.171760238707065582e-02 -3.195644915103912354e-02 -1.179501041769981384e-01 -2.984499372541904449e-02 -1.796594820916652679e-02 4.490036889910697937e-02 -7.515177875757217407e-02 4.264067858457565308e-02 1.416951268911361694e-01 -1.362833660095930099e-02 6.164867430925369263e-02 1.238871663808822632e-01 -7.625243067741394043e-02 -1.006242725998163223e-02 2.326983585953712463e-02 -9.977239370346069336e-02 -1.376821249723434448e-01 1.340636610984802246e-01 -3.056531213223934174e-02 3.245276212692260742e-02 9.305325895547866821e-02 -3.936346992850303650e-02 -6.320089846849441528e-02 6.620477885007858276e-02 7.393203675746917725e-03 1.080027371644973755e-01 7.922508567571640015e-02 -5.547845736145973206e-02 -4.989807959645986557e-03 -1.151283010840415955e-01 -5.597684159874916077e-02 -2.067276835441589355e-02 5.884814634919166565e-02 -3.727958351373672485e-02 5.138737335801124573e-02 -2.011683769524097443e-02 1.436434127390384674e-02 1.223964467644691467e-01 -2.299635298550128937e-02 5.369100719690322876e-02 1.340576857328414917e-01 7.464217394590377808e-02 1.368673294782638550e-01 3.848257660865783691e-02 -8.521895855665206909e-02 -7.141046971082687378e-02 -8.019172400236129761e-02 -5.591180175542831421e-02 3.683331608772277832e-02 -1.166956871747970581e-02 1.362727209925651550e-02 -8.300697058439254761e-02 1.441294252872467041e-01 -4.697254335042089224e-04 -2.842284180223941803e-02 -1.047185435891151428e-01 8.697132021188735962e-02 1.605221629142761230e-01 -2.223081886768341064e-02 1.318978029303252697e-03 -6.102208793163299561e-02 5.406877025961875916e-02 1.523672640323638916e-01 4.924350604414939880e-02 -6.794179975986480713e-02 1.000701785087585449e-01 -1.913874596357345581e-02 -5.045083537697792053e-02 3.779425099492073059e-02 -3.750811144709587097e-02 -7.031732052564620972e-02 -3.411961346864700317e-02 -1.425125170499086380e-02 -5.548598244786262512e-02 2.878350578248500824e-02 -7.377161830663681030e-02 -3.374311700463294983e-02 -5.346154049038887024e-02 -7.542996853590011597e-02 1.320221275091171265e-02 1.406973134726285934e-02 4.704182501882314682e-03 2.636132389307022095e-02 -7.817114144563674927e-02 -1.299405097961425781e-01 -7.005257159471511841e-02 3.473111614584922791e-02 1.236448809504508972e-01 2.764466591179370880e-02 4.795913770794868469e-02 6.020333990454673767e-02 2.161326259374618530e-02 8.814515918493270874e-02 1.052312031388282776e-01 4.542491212487220764e-02 -1.025517378002405167e-02 -1.287114899605512619e-02 6.113041564822196960e-02
6.794472783803939819e-02 5.306752771139144897e-02 2.567178569734096527e-02 -6.441853940486907959e-02 -4.961773753166198730e-03 -5.295706912875175476e-02 5.740340799093246460e-02 4.924675077199935913e-02 2.481108531355857849e-02 -3.042206633836030960e-03 8.998705446720123291e-02 7.970872521400451660e-02 -3.841433674097061157e-02 7.694610953330993652e-02 9.969522245228290558e-03 1.220295671373605728e-02 8.574243634939193726e-02 1.813308522105216980e-02 -3.647378087043762207e-02 8.842136710882186890e-02 4.152744635939598083e-02 -1.649232394993305206e-02 -7.635471969842910767e-02 -8.928139507770538330e-02 6.539051234722137451e-02 -8.059947937726974487e-02 1.113741025328636169e-01 7.490281760692596436e-02 3.759722784161567688e-02 -9.857705235481262207e-02 -4.513239860534667969e-02 -1.218487322330474854e-01 9.730900824069976807e-02 -3.990748524665832520e-02 -7.587993890047073364e-02 1.583607122302055359e-02 4.846381396055221558e-02 5.847132951021194458e-02 -9.743305295705795288e-02 9.619271755218505859e-02 -6.228376924991607666e-02 -1.194382905960083008e-01 1.358415931463241577e-01 -2.309727296233177185e-02 -2.422817051410675049e-02 -7.284531742334365845e-02 -1.064616441726684570e-01 4.024906828999519348e-02 6.194386258721351624e-02 -8.295755833387374878e-04 4.784489050507545471e-02 -1.707252673804759979e-02 -7.658323645591735840e-02 -6.464034318923950195e-02 2.343711629509925842e-02 -4.260483384132385254e-02 3.097590431571006775e-02 1.219378784298896790e-01 4.618491604924201965e-02 -2.187528833746910095e-02 -6.228761374950408936e-02 8.164367824792861938e-02 -3.355843946337699890e-03 -1.509497314691543579e-02 2.408342063426971436e-02 6.323240697383880615e-02 2.400899119675159454e-02 1.460382714867591858e-03 -3.008956648409366608e-02 -2.449374273419380188e-02 -1.993732340633869171e-02 5.911674350500106812e-02 -5.157172307372093201e-02 7.221078127622604370e-02 7.090829312801361084e-02 -1.111524328589439392e-01 4.295622557401657104e-02 1.081492099910974503e-02 -4.149383306503295898e-02 -9.810001403093338013e-02 5.849856138229370117e-02 -9.193620085716247559e-02 4.617106541991233826e-02 -1.048569455742835999e-01 7.287815958261489868e-02 -4.968616366386413574e-02 3.030437231063842773e-02 6.887172162532806396e-02 3.589104861021041870e-02 5.267643555998802185e-02 2.053573727607727051e-02 7.666537165641784668e-02 5.557490512728691101e-02 2.219500206410884857e-02 4.762875661253929138e-02 8.250751532614231110e-03 7.575690746307373047e-02 4.459653049707412720e-02 -9.051068127155303955e-02 -5.619241297245025635e-02
-6.090918090194463730e-03 -8.258211612701416016e-02 1.205766340717673302e-03 -1.031526625156402588e-01 -4.584201797842979431e-02 6.509964913129806519e-02 -6.193022057414054871e-02 3.857150301337242126e-02 -4.401921294629573822e-03 -5.018022377043962479e-03 -2.648902311921119690e-02 -5.416619777679443359e-02 5.366811901330947876e-02 -2.817992493510246277e-02 -3.578071668744087219e-02 -3.420995781198143959e-03 6.304628681391477585e-03 9.252634644508361816e-02 5.067410692572593689e-02 -2.022348530590534210e-02 9.307026863098144531e-02 -8.931354433298110962e-02 5.116311460733413696e-02 2.423531142994761467e-03 4.179900977760553360e-03 6.772440671920776367e-02 -4.241409897804260254e-02 -5.370014533400535583e-02 4.702018946409225464e-02 1.738106459379196167e-02 -2.624550461769104004e-02 1.279284954071044922e-01 -2.695173397660255432e-02 3.466232120990753174e-02 -3.256961703300476074e-02 3.462953492999076843e-02 -1.209497302770614624e-01 6.504675745964050293e-02 2.359660342335700989e-02 2.250501699745655060e-02 -4.399257525801658630e-02 9.536520391702651978e-02 4.448300972580909729e-02 2.072718739509582520e-02 -1.153305079787969589e-02 6.323062628507614136e-02 -3.123221918940544128e-02 3.722483292222023010e-02 9.612231701612472534e-02 8.252670615911483765e-02 -7.256491482257843018e-02 -3.695504739880561829e-02 -5.260386690497398376e-02 -3.638976812362670898e-02 -3.552157804369926453e-02 -3.372527891770005226e-03 2.455552341416478157e-03 2.292012982070446014e-02 2.092285268008708954e-02 -8.188188076019287109e-02 -1.477107852697372437e-01 -6.846743822097778320e-02 9.782729297876358032e-02 -4.522457718849182129e-02 1.764158718287944794e-02 -4.312098771333694458e-02 -6.827677786350250244e-02 4.479725658893585205e-02 -3.483248874545097351e-02 7.483861595392227173e-02 5.909853614866733551e-03 -1.215527486056089401e-02 -1.217837416334077716e-04 -8.502899110317230225e-02 -8.137056976556777954e-02 4.830638691782951355e-02 -7.165752351284027100e-02 5.683553218841552734e-02 7.782730460166931152e-02 1.160826534032821655e-01 1.167751327157020569e-01 6.273344904184341431e-02 -4.695321898907423019e-03 4.053930193185806274e-02 -2.900423482060432434e-02 -5.410484038293361664e-03 2.884110435843467712e-02 -1.117351949214935303e-01 4.225781932473182678e-02 4.487649351358413696e-02 2.988649718463420868e-02 -3.317238390445709229e-02 1.091670058667659760e-02 -9.998419135808944702e-02 -1.090411748737096786e-02 3.935318812727928162e-02 -4.966758564114570618e-02 1.007274687290191650e-01 6.957383453845977783e-02 4.653118178248405457e-02
1.391172111034393311e-01 -1.654723100364208221e-02 9.159869700670242310e-02 -3.097853809595108032e-02 5.604385398328304291e-03 9.477172046899795532e-02 1.032834127545356750e-01 7.094117254018783569e-02 1.957485824823379517e-02 3.635197877883911133e-02 -1.020748987793922424e-01 1.615945436060428619e-02 -1.247600652277469635e-02 3.622769191861152649e-02 4.016518220305442810e-02 -2.189984731376171112e-02 4.670557379722595215e-02 -6.042726710438728333e-02 1.278546303510665894e-01 -4.079604148864746094e-02 -2.487099915742874146e-02 7.187260687351226807e-02 2.342860102653503418e-01 2.567326417192816734e-03 -7.621452957391738892e-02 -1.270419806241989136e-01 -8.811243623495101929e-02 6.801249831914901733e-02 1.195976883172988892e-01 1.519103813916444778e-02 4.694987088441848755e-02 1.203409507870674133e-01 -7.039280235767364502e-02 6.250608712434768677e-02 1.161793321371078491e-01 -3.044889867305755615e-02 -3.256514295935630798e-02 -6.225303281098604202e-03 1.519124209880828857e-01 -1.756752096116542816e-02 -2.668144367635250092e-02 2.226222455501556396e-01 2.359759509563446045e-01 8.634319528937339783e-03 -1.267676358111202717e-03 6.995302438735961914e-02 -3.939808905124664307e-02 -1.418197900056838989e-01 -7.823109626770019531e-02 -1.317370980978012085e-01 -1.949920505285263062e-01 3.440735116600990295e-02 1.500511914491653442e-01 7.702852040529251099e-02 3.848488256335258484e-02 -5.691846832633018494e-02 1.654328964650630951e-02 1.047135610133409500e-02 8.894167840480804443e-02 -7.176215946674346924e-02 -1.922869086265563965e-01 4.194588586688041687e-02 1.410415321588516235e-01 4.770817467942833900e-04 -1.549824606627225876e-02 4.916119854897260666e-03 -9.507809765636920929e-03 8.953002840280532837e-02 1.155323609709739685e-01 -7.040546834468841553e-02 2.085332386195659637e-02 -7.510608434677124023e-02 -3.566068410873413086e-02 -4.220788180828094482e-02 -2.568372711539268494e-02 8.009625226259231567e-02 -7.951039075851440430e-02 1.339885145425796509e-01 -1.427499502897262573e-01 8.897664397954940796e-02 7.445134967565536499e-02 2.565523842349648476e-03 1.031709555536508560e-02 1.631733626127243042e-01 -9.455981850624084473e-02 9.785802662372589111e-02 -5.574380233883857727e-02 1.947280764579772949e-02 8.217843621969223022e-02 2.874443121254444122e-02 1.014252658933401108e-02 1.378411892801523209e-02 -3.353221714496612549e-02 6.358373165130615234e-02 2.396769635379314423e-02 7.794623821973800659e-02 2.206800272688269615e-03 1.931466162204742432e-01 2.333965338766574860e-02 5.577099323272705078e-02
-8.607073128223419189e-02 -6.123928353190422058e-03 -1.272923219949007034e-02 5.099943280220031738e-02 8.099687099456787109e-02 1.051923260092735291e-01 9.597114287316799164e-03 9.129802137613296509e-02 4.975122958421707153e-02 1.294815260916948318e-02 -1.099806353449821472e-01 8.762405812740325928e-02 1.190809626132249832e-02 6.967116147279739380e-02 -7.955317199230194092e-02 -2.511981315910816193e-02 -1.242390833795070648e-02 3.441249206662178040e-02 4.946547746658325195e-02 -8.407241851091384888e-02 1.521951798349618912e-02 2.216428256360813975e-04 -1.196876261383295059e-02 6.036390364170074463e-02 -1.417419593781232834e-02 -5.927449837327003479e-02 -9.881861507892608643e-02 -8.582725375890731812e-02 -5.955694615840911865e-02 6.854750216007232666e-02 7.541052997112274170e-02 -6.909711658954620361e-02 -2.304412983357906342e-02 7.153468579053878784e-02 -5.957505479454994202e-02 -8.764860779047012329e-02 -4.287871997803449631e-03 7.410229742527008057e-02 2.358358167111873627e-02 -4.547865316271781921e-02 7.860579341650009155e-02 -4.323876649141311646e-02 -2.790885232388973236e-02 6.000062823295593262e-02 5.816765502095222473e-02 -7.098290603607892990e-03 -7.826265692710876465e-02 5.805830657482147217e-02 -3.032916784286499023e-02 6.708422303199768066e-02 -7.487066835165023804e-02 1.726102828979492188e-02 -9.832795709371566772e-02 1.121524572372436523e-01 2.204295434057712555e-02 7.230571657419204712e-02 7.716385275125503540e-02 -8.627244085073471069e-02 -4.733962938189506531e-02 -1.010841205716133118e-01 4.415268078446388245e-02 -1.194868087768554688e-01 5.254864320158958435e-02 -3.505780920386314392e-02 9.060225635766983032e-02 3.795170038938522339e-02 -8.451100438833236694e-02 -2.468352764844894409e-02 1.642601490020751953e-01 -6.545066833496093750e-02 -5.779384076595306396e-02 8.040670305490493774e-02 -5.021038651466369629e-02 -3.189804404973983765e-02 -5.085075274109840393e-02 3.087424300611019135e-02 -5.583226680755615234e-02 -2.181498520076274872e-02 -2.325009740889072418e-02 1.168591678142547607e-01 -1.346823642961680889e-03 3.894580155611038208e-02 5.894936993718147278e-02 -2.713763900101184845e-02 -8.978530019521713257e-02 5.767836794257164001e-02 1.113749146461486816e-01 -2.554074116051197052e-02 1.007516831159591675e-01 -4.411746188998222351e-02 8.511429652571678162e-03 -9.599303826689720154e-03 5.090117081999778748e-02 -1.072022947482764721e-03 -1.001434996724128723e-01 -5.004717782139778137e-02 -1.753107085824012756e-02 1.083578616380691528e-01 5.746634677052497864e-03 -4.859488084912300110e-02
1.107388734817504883e-01 8.354481309652328491e-02 -6.132557243108749390e-02 1.084203924983739853e-02 7.203649729490280151e-02 -3.962164372205734253e-02 3.724814578890800476e-02 8.286828547716140747e-02 -5.603467300534248352e-02 -2.332263067364692688e-02 -9.336574375629425049e-02 -7.419677823781967163e-02 -1.341857612133026123e-01 -1.015917304903268814e-02 3.585825115442276001e-02 6.111409515142440796e-02 -6.446181237697601318e-02 3.531027212738990784e-02 9.675443172454833984e-02 -1.776022650301456451e-02 3.252001479268074036e-02 1.000658050179481506e-01 7.964075356721878052e-02 7.245899736881256104e-02 1.140431165695190430e-01 4.344264417886734009e-02 1.649351976811885834e-02 -5.680091679096221924e-02 9.266240522265434265e-03 -1.265756040811538696e-01 8.540175855159759521e-03 7.753504067659378052e-02 -5.047551915049552917e-02 -5.084998160600662231e-02 2.650943025946617126e-02 4.215485230088233948e-02 -4.707106947898864746e-02 -5.087927728891372681e-02 -2.861193381249904633e-02 4.501342773437500000e-02 1.146425679326057434e-01 -4.004823043942451477e-02 6.169800832867622375e-02 5.814594775438308716e-02 5.187804345041513443e-03 8.397337049245834351e-02 5.463382694870233536e-03 -3.463090211153030396e-02 1.062655970454216003e-01 7.644136995077133179e-02 -5.128173902630805969e-02 -3.777901083230972290e-02 3.123377822339534760e-02 -4.947742447257041931e-02 -5.961125344038009644e-02 -7.607470452785491943e-02 1.192028634250164032e-02 1.390303205698728561e-02 4.758452624082565308e-02 -5.667917057871818542e-02 6.033525802195072174e-03 -8.054673671722412109e-02 1.545346807688474655e-02 -1.624173484742641449e-02 2.051014825701713562e-02 9.006068855524063110e-02 -6.479907780885696411e-02 -8.203635364770889282e-02 -2.139043807983398438e-02 2.954566851258277893e-02 1.830891706049442291e-02 9.912770986557006836e-02 5.810435116291046143e-02 5.450937896966934204e-02 1.219773143529891968e-01 9.657393395900726318e-02 -1.968581415712833405e-02 -9.356994181871414185e-03 1.651887036859989166e-02 3.496586531400680542e-02 7.484453916549682617e-02 4.678177088499069214e-02 -5.183330923318862915e-02 -1.151202246546745300e-01 -7.723104208707809448e-02 5.421674624085426331e-02 1.571410596370697021e-01 -4.135392233729362488e-02 7.205890119075775146e-02 -9.789510071277618408e-02 -1.455395761877298355e-02 -1.532497000880539417e-03 1.219437457621097565e-02 9.078210592269897461e-02 -6.681462377309799194e-02 1.130962893366813660e-01 -7.588394731283187866e-02 5.300944671034812927e-02 -3.320233896374702454e-02 3.224462643265724182e-02
1.115793585777282715e-01 -7.238702476024627686e-02 4.558247327804565430e-02 9.332197904586791992e-02 -3.957746177911758423e-02 7.447098195552825928e-02 8.209140598773956299e-02 3.559143096208572388e-02 1.875777496024966240e-03 -2.616642788052558899e-02 -1.479052193462848663e-02 9.980978071689605713e-02 -5.669832602143287659e-02 -4.244073294103145599e-03 -9.328355081379413605e-03 3.522076085209846497e-02 3.159631416201591492e-02 5.283146724104881287e-02 2.317382581532001495e-02 -1.001119427382946014e-02 7.906834781169891357e-02 -5.827951431274414062e-02 -2.037379704415798187e-02 7.591283321380615234e-02 1.694928109645843506e-02 9.822105988860130310e-03 -5.008657649159431458e-02 -9.142456948757171631e-02 5.881178379058837891e-02 -4.347599297761917114e-02 6.749898195266723633e-02 -1.023379340767860413e-01 6.872739642858505249e-02 -1.001920253038406372e-01 2.614086493849754333e-02 -3.925929963588714600e-02 1.154094934463500977e-03 4.818809404969215393e-02 4.232542216777801514e-02 5.381557345390319824e-02 -4.643302038311958313e-02 -1.064330264925956726e-01 -2.194163016974925995e-02 -1.245423778891563416e-02 1.035351585596799850e-02 3.122232109308242798e-02 -7.095011323690414429e-02 7.555487006902694702e-02 3.659415990114212036e-02 -1.366256084293127060e-02 2.484300918877124786e-02 -8.680049329996109009e-02 -5.945489555597305298e-02 5.910470709204673767e-02 -9.031082689762115479e-02 3.075216710567474365e-02 5.616280063986778259e-02 -5.109887570142745972e-02 -3.742035478353500366e-02 1.024168822914361954e-02 -8.166450262069702148e-02 -3.878570394590497017e-03 -8.561692386865615845e-02 -8.204844594001770020e-02 -1.492706499993801117e-02 -4.745056480169296265e-02 8.992757648229598999e-02 -1.336460560560226440e-01 -7.088250131346285343e-04 9.449053555727005005e-02 1.406266260892152786e-02 2.357799187302589417e-02 -4.272999987006187439e-02 -3.779385611414909363e-02 1.193024516105651855e-01 3.212955594062805176e-02 4.906131885945796967e-03 -3.405497409403324127e-04 -8.201832324266433716e-02 3.811784461140632629e-02 -7.791701704263687134e-02 -7.407418917864561081e-03 -5.748644843697547913e-02 -9.235024452209472656e-02 6.055492535233497620e-02 7.801151275634765625e-02 4.171461239457130432e-02 5.159327015280723572e-02 8.737709373235702515e-02 -6.278952211141586304e-02 3.584809601306915283e-02 7.441686838865280151e-02 6.982764601707458496e-02 4.418804123997688293e-02 5.697322636842727661e-02 1.560074090957641602e-02 3.243789821863174438e-02 -1.035750806331634521e-01 7.885006815195083618e-02 -9.923683851957321167e-02
-2.891823090612888336e-02 -2.160244621336460114e-02 4.575292766094207764e-02 2.109197154641151428e-02 9.626531600952148438e-02 -3.905777260661125183e-02 -7.242501527070999146e-02 -7.446724176406860352e-02 6.405466049909591675e-02 -8.347415179014205933e-02 8.367598801851272583e-02 -8.529380708932876587e-02 -3.470323607325553894e-02 -1.691102087497711182e-01 -7.822311669588088989e-02 4.596845060586929321e-02 8.874104917049407959e-02 -1.863224618136882782e-02 4.350214451551437378e-02 5.489050596952438354e-02 4.135965555906295776e-02 -1.589864119887351990e-02 -1.798059791326522827e-01 -1.439233403652906418e-02 7.112509757280349731e-02 -8.223422802984714508e-03 -4.163148999214172363e-02 -3.149330988526344299e-02 -6.044163927435874939e-02 1.148083880543708801e-01 7.889330387115478516e-02 3.462964668869972229e-02 9.683997929096221924e-02 -1.154214423149824142e-02 -1.210615634918212891e-01 -7.763385307043790817e-03 9.745676815509796143e-02 -7.478214334696531296e-03 5.460099875926971436e-02 -5.256254225969314575e-02 6.592351198196411133e-02 9.451548010110855103e-02 2.268644236028194427e-02 -2.249472402036190033e-02 -6.127153337001800537e-02 -9.957563877105712891e-02 -6.865428388118743896e-02 -1.036723926663398743e-01 8.019136637449264526e-02 -5.900863185524940491e-02 4.523276910185813904e-02 -5.245701596140861511e-02 -1.795541048049926758e-01 7.647953182458877563e-02 -6.396926939487457275e-02 -8.727895468473434448e-02 1.500380933284759521e-01 7.791036367416381836e-02 7.763180881738662720e-02 3.175777196884155273e-02 1.108649969100952148e-01 -2.782607264816761017e-02 1.044842507690191269e-02 -5.526424199342727661e-02 1.065765023231506348e-01 8.293469995260238647e-02 1.453540986403822899e-03 1.023825779557228088e-01 5.701623857021331787e-02 -6.157888099551200867e-02 7.274803519248962402e-02 3.744625672698020935e-02 -5.375464260578155518e-02 -3.669164702296257019e-02 -1.122596636414527893e-01 5.286760255694389343e-02 -7.945925928652286530e-03 -1.001323759555816650e-01 -8.264540135860443115e-02 2.994405478239059448e-02 5.662738159298896790e-02 5.165639147162437439e-02 6.661059707403182983e-02 -3.891915827989578247e-02 7.094686478376388550e-02 -9.696617722511291504e-02 1.269365996122360229e-01 5.012735258787870407e-03 4.918528348207473755e-02 6.143294274806976318e-02 1.389003843069076538e-01 -7.945259101688861847e-03 6.099504604935646057e-02 -7.135998457670211792e-02 -6.438439339399337769e-02 -9.533156454563140869e-02 -1.102482825517654419e-01 -9.147571772336959839e-02 9.346953034400939941e-02 6.288465857505798340e-02
-4.452098160982131958e-03 3.023038059473037720e-02 -1.361830160021781921e-02 2.028770279139280319e-03 -2.675217576324939728e-02 -4.553222656250000000e-02 -7.924049347639083862e-02 -8.200068026781082153e-02 -8.324597775936126709e-02 -5.030843615531921387e-02 9.596058726310729980e-02 -7.486938685178756714e-02 -4.309297353029251099e-02 1.518901204690337181e-03 7.500361651182174683e-03 1.461456995457410812e-02 -6.131954025477170944e-03 7.897878438234329224e-02 -5.240819230675697327e-02 5.189664661884307861e-02 3.704828396439552307e-02 6.613872200250625610e-02 6.445005536079406738e-02 1.049723625183105469e-01 -5.060290917754173279e-03 1.136469244956970215e-01 2.481237798929214478e-02 1.142382845282554626e-01 8.368828147649765015e-02 -9.622303396463394165e-02 -5.469717457890510559e-02 -1.633146852254867554e-01 4.913476482033729553e-02 -9.260264784097671509e-02 1.066026091575622559e-02 -7.213412970304489136e-02 -3.867802768945693970e-02 6.454001646488904953e-03 -1.060261428356170654e-01 -1.381861232221126556e-02 -7.631678134202957153e-02 6.158021837472915649e-02 -4.504515975713729858e-02 6.265313178300857544e-02 -1.237116381525993347e-01 -1.436821464449167252e-02 -4.454208165407180786e-02 -9.168092161417007446e-02 8.399986475706100464e-02 -7.059544324874877930e-03 -1.373264789581298828e-01 -6.458122748881578445e-03 1.155245155096054077e-01 6.649868935346603394e-02 -8.321305364370346069e-02 -5.902854353189468384e-02 -1.825967617332935333e-02 -1.468816846609115601e-01 -6.224906817078590393e-02 1.934433877468109131e-01 -6.582234799861907959e-02 -2.528422139585018158e-02 2.207865752279758453e-02 -3.565183281898498535e-02 6.470698118209838867e-02 4.135528579354286194e-02 -5.524950101971626282e-02 4.449754022061824799e-03 8.175949752330780029e-02 3.393277153372764587e-02 2.122150547802448273e-02 -2.194120921194553375e-02 2.575596095994114876e-03 1.221913695335388184e-01 -9.723844379186630249e-02 -5.318063125014305115e-02 2.938722632825374603e-02 3.428643196821212769e-02 -1.884106174111366272e-02 8.500703424215316772e-02 -8.179708570241928101e-02 -2.533183060586452484e-02 -5.206398665904998779e-02 -4.583485797047615051e-02 1.753517426550388336e-02 8.525946736335754395e-02 8.540657162666320801e-02 -2.203152328729629517e-02 -8.268770575523376465e-02 -5.636100471019744873e-02 -6.137826666235923767e-02 5.706882849335670471e-02 -8.657958358526229858e-02 -4.228874109685420990e-03 -6.229188293218612671e-02 -6.216014176607131958e-02 6.265824288129806519e-02 2.357482165098190308e-02 1.243123710155487061e-01 -6.074553355574607849e-02
3.517280891537666321e-02 1.631117053329944611e-02 4.354233667254447937e-02 -5.274280160665512085e-02 -4.756396263837814331e-02 2.307266369462013245e-02 5.533156543970108032e-02 -1.543693151324987411e-02 2.866336144506931305e-02 -1.474418491125106812e-01 -8.944202214479446411e-02 -5.198079720139503479e-02 -2.044440656900405884e-01 -1.953079015947878361e-03 1.477930508553981781e-02 7.461602985858917236e-02 1.356325000524520874e-01 -1.044946014881134033e-01 2.994731999933719635e-02 -1.210793759673833847e-02 -2.061696723103523254e-02 1.387897431850433350e-01 4.269003495573997498e-02 3.851034492254257202e-02 3.071944974362850189e-02 5.436012148857116699e-02 2.598226070404052734e-02 4.511266574263572693e-02 1.796091720461845398e-02 -7.479707896709442139e-02 4.004382342100143433e-02 1.151738911867141724e-01 6.697832792997360229e-02 1.316275633871555328e-02 4.900829121470451355e-02 -7.954706996679306030e-02 8.610416203737258911e-03 -3.095010854303836823e-02 -1.179945319890975952e-01 -4.703864455223083496e-03 1.337433140724897385e-02 -8.445941656827926636e-02 1.457607895135879517e-01 5.267520621418952942e-02 -1.546432822942733765e-02 -1.138914674520492554e-01 1.120452955365180969e-01 -5.915606021881103516e-02 5.284808576107025146e-02 2.431884594261646271e-02 -8.026657253503799438e-02 -7.711749523878097534e-02 -1.093385368585586548e-01 -1.036055907607078552e-01 8.136861026287078857e-02 -4.953549802303314209e-02 -1.144458279013633728e-01 -2.715464681386947632e-02 7.904483377933502197e-02 -8.143860101699829102e-02 6.974240392446517944e-02 -6.932062655687332153e-02 -1.291833370923995972e-01 -2.716033719480037689e-03 1.687866002321243286e-01 -8.697669953107833862e-03 -3.090421855449676514e-02 -1.333224326372146606e-01 -1.373074669390916824e-02 -1.148224472999572754e-01 -4.959191009402275085e-02 -6.392703205347061157e-02 8.102190494537353516e-02 7.322672754526138306e-02 3.604581952095031738e-02 9.694301337003707886e-02 9.210442751646041870e-02 -7.017762865871191025e-03 -2.378020882606506348e-01 1.020139157772064209e-01 -1.366859376430511475e-01 1.543329507112503052e-01 6.276138446992263198e-05 -1.171731799840927124e-01 8.857832103967666626e-02 7.368397712707519531e-02 8.025259524583816528e-02 -1.211986690759658813e-01 -5.879246816039085388e-02 6.003468856215476990e-02 1.858514994382858276e-01 -1.186431720852851868e-01 -7.066936045885086060e-02 3.608438000082969666e-02 -1.067641824483871460e-01 9.707174450159072876e-02 -4.733780026435852051e-02 9.250746667385101318e-02 1.801351159811019897e-01 2.114684693515300751e-02
-4.844174906611442566e-02 -5.074791237711906433e-02 9.190835058689117432e-02 9.268978983163833618e-02 5.358128692023456097e-04 6.083626672625541687e-02 -5.422084033489227295e-02 -1.290297717787325382e-03 1.801055856049060822e-02 -6.421378999948501587e-02 7.378314435482025146e-02 -9.868812561035156250e-02 -1.514430642127990723e-01 -9.944622963666915894e-02 6.188547611236572266e-02 5.698524415493011475e-02 1.083280816674232483e-01 6.030147895216941833e-02 -5.680867005139589310e-03 -2.570703811943531036e-02 -1.582202129065990448e-02 1.316327974200248718e-02 -5.819465219974517822e-02 -1.066256016492843628e-01 -9.902156889438629150e-02 -3.124722652137279510e-02 -1.334004756063222885e-02 7.342913001775741577e-02 7.214724272489547729e-02 -8.175326883792877197e-02 4.043083637952804565e-02 -8.545144647359848022e-02 -3.418635576963424683e-02 9.652890264987945557e-02 -3.951543197035789490e-02 -1.133284568786621094e-01 4.267425742000341415e-03 8.263332396745681763e-02 -7.611598074436187744e-02 -9.100380353629589081e-03 7.783088833093643188e-02 6.662198901176452637e-02 9.921026974916458130e-02 6.275498867034912109e-02 -7.343522459268569946e-02 -1.894645974971354008e-03 3.643848747014999390e-02 6.318482756614685059e-02 -1.177384629845619202e-01 3.663260862231254578e-02 -8.272379636764526367e-02 1.069026440382003784e-02 2.277002856135368347e-02 2.532298862934112549e-02 8.319984376430511475e-02 -2.611509896814823151e-02 -1.101200841367244720e-02 -7.174590229988098145e-02 -2.898810058832168579e-02 -2.316697314381599426e-02 1.002281010150909424e-01 -6.736721843481063843e-02 -5.289998650550842285e-02 -1.130916029214859009e-01 2.827432181220501661e-04 -4.558325186371803284e-02 -7.366918772459030151e-02 2.511367388069629669e-02 1.158972829580307007e-01 5.160457268357276917e-02 4.685183241963386536e-02 -8.973862975835800171e-02 -8.532055653631687164e-03 2.452554553747177124e-02 3.880856325849890709e-03 7.711392641067504883e-02 8.667647093534469604e-02 -3.298426792025566101e-02 1.031876876950263977e-01 5.503099784255027771e-02 1.709360443055629730e-02 -2.839062549173831940e-02 -4.010265320539474487e-02 8.181801438331604004e-02 4.908413439989089966e-02 -1.142988130450248718e-01 9.437838196754455566e-02 9.423980861902236938e-02 -6.217169761657714844e-02 -1.194843091070652008e-03 -1.411927398294210434e-02 -4.935823380947113037e-02 -1.495216321200132370e-02 -1.721042767167091370e-02 2.219448052346706390e-02 -3.697004914283752441e-02 -6.981502473354339600e-02 -4.081670939922332764e-02 -2.830798737704753876e-02 -4.094293341040611267e-02
-1.294246967881917953e-02 -9.771076589822769165e-02 1.979180611670017242e-02 -1.119140908122062683e-01 4.367481917142868042e-02 2.814980968832969666e-02 6.850007176399230957e-02 2.138719335198402405e-02 -2.360436506569385529e-02 -5.080110579729080200e-02 3.274549171328544617e-02 -1.006858572363853455e-01 7.229242008179426193e-03 -2.125040628015995026e-02 -4.723328351974487305e-02 3.887590486556291580e-03 9.887775033712387085e-02 -9.946800768375396729e-02 1.059202402830123901e-01 7.446204125881195068e-02 1.007454469799995422e-01 2.088378556072711945e-02 -9.198652952909469604e-02 -9.269533678889274597e-03 -1.098089851438999176e-03 -7.255351543426513672e-02 -6.886480003595352173e-02 3.979387879371643066e-02 3.678558394312858582e-02 3.942699730396270752e-02 4.691016301512718201e-02 1.559164561331272125e-02 5.673973262310028076e-02 -6.151263043284416199e-02 1.264492720365524292e-01 2.808356471359729767e-02 -9.873549640178680420e-02 5.964303761720657349e-02 -4.707154352217912674e-03 -7.777856197208166122e-03 -3.647847101092338562e-02 -2.657927572727203369e-02 2.615203149616718292e-02 -4.604008793830871582e-02 9.073239751160144806e-03 -8.375444263219833374e-02 3.394174855202436447e-03 7.418569177389144897e-02 -4.141272976994514465e-02 -9.988475590944290161e-02 -8.910080790519714355e-02 -2.912430837750434875e-02 -3.458802122622728348e-03 -2.499395236372947693e-02 -2.030511852353811264e-03 9.425983577966690063e-02 -2.280830591917037964e-02 6.347502022981643677e-02 -7.359429262578487396e-03 1.169743165373802185e-01 -9.877590090036392212e-02 6.172894686460494995e-02 8.869317173957824707e-02 -6.915897130966186523e-02 -1.134685985743999481e-02 -3.522010892629623413e-02 -8.581744134426116943e-02 -1.682241261005401611e-02 -4.199295490980148315e-02 1.141832303255796432e-02 6.753995269536972046e-02 -2.855351427569985390e-03 -5.418418347835540771e-02 -3.033003769814968109e-02 -9.407692402601242065e-02 -4.869741946458816528e-02 -4.039398208260536194e-02 -1.793359220027923584e-02 -1.005306094884872437e-01 5.614582449197769165e-02 4.052632302045822144e-02 -9.624142944812774658e-02 8.156412839889526367e-02 -2.242131717503070831e-02 -1.807032711803913116e-02 2.266311272978782654e-02 -1.161913871765136719e-01 2.456144243478775024e-02 -5.682311207056045532e-02 9.121200442314147949e-02 -8.103454485535621643e-03 -8.447259664535522461e-02 -9.450406581163406372e-02 -2.592896297574043274e-02 -2.084020897746086121e-02 3.234133869409561157e-02 6.369455903768539429e-02 2.044574543833732605e-02 8.065489679574966431e-02 -1.553906686604022980e-02
3.937819227576255798e-02 -7.588233053684234619e-02 7.300657033920288086e-02 5.832637846469879150e-02 9.117967635393142700e-02 5.865482613444328308e-02 -2.711284719407558441e-02 -3.147238492965698242e-02 2.387815155088901520e-03 3.633623197674751282e-02 -4.263124242424964905e-02 1.302785333245992661e-02 6.953439116477966309e-02 -5.100668594241142273e-02 1.189614981412887573e-01 3.069989010691642761e-02 -8.320567756891250610e-02 5.403964221477508545e-02 5.570012703537940979e-02 -6.213663890957832336e-02 -1.069159358739852905e-01 -2.978184819221496582e-02 -4.648319631814956665e-02 -8.840236696414649487e-04 -1.507630348205566406e-01 -1.994265802204608917e-02 -1.027444675564765930e-01 -9.577181190252304077e-02 -6.952390819787979126e-02 3.230042383074760437e-02 -6.210720911622047424e-02 -5.831931158900260925e-02 -9.528603404760360718e-02 -3.256312385201454163e-02 3.379631787538528442e-03 1.031322106719017029e-01 -1.347285807132720947e-01 -9.404771775007247925e-02 8.841209858655929565e-02 5.065117776393890381e-02 -5.211516097187995911e-02 2.654769085347652435e-02 -7.399832457304000854e-02 5.576981976628303528e-02 -2.646121755242347717e-02 -2.739139273762702942e-02 5.057754740118980408e-02 4.909948259592056274e-02 -2.735648676753044128e-02 -1.038822010159492493e-01 -2.262387897644657642e-05 -6.174317002296447754e-02 -1.196577325463294983e-01 -5.659683421254158020e-02 -2.237842977046966553e-02 -1.084112375974655151e-01 4.908956587314605713e-02 9.142702817916870117e-02 -5.596546456217765808e-02 2.482783980667591095e-02 1.336088627576828003e-01 -2.879596874117851257e-02 -1.546740066260099411e-02 2.254927530884742737e-02 5.064076185226440430e-02 -9.434980154037475586e-02 -4.271644726395606995e-02 -1.064981892704963684e-02 9.561230428516864777e-03 8.754867129027843475e-03 5.544958636164665222e-02 -1.790903322398662567e-02 8.584614098072052002e-02 2.068279124796390533e-02 5.602459609508514404e-02 7.515138480812311172e-03 4.247190430760383606e-02 4.156189039349555969e-02 -5.091172456741333008e-02 -3.061240166425704956e-02 1.268056631088256836e-01 3.594242408871650696e-02 8.639569580554962158e-02 8.620332926511764526e-02 -1.848397590219974518e-02 -1.033426150679588318e-01 9.633100032806396484e-02 3.823460638523101807e-02 3.271779417991638184e-02 -4.048134759068489075e-02 1.393309514969587326e-02 -5.465441569685935974e-02 -8.567032217979431152e-02 2.885669469833374023e-02 6.767565757036209106e-02 1.221276167780160904e-02 7.823158055543899536e-02 -5.012052133679389954e-02 -1.226336434483528137e-01 -1.837419904768466949e-02
4.066986963152885437e-02 7.510389387607574463e-02 -5.901502072811126709e-02 -3.276970703154802322e-03 4.041014984250068665e-02 7.429762184619903564e-02 -2.287273108959197998e-02 -2.436445839703083038e-02 6.637431681156158447e-02 1.316953599452972412e-01 -8.944725245237350464e-02 7.543819397687911987e-02 -8.894156664609909058e-03 2.915821410715579987e-02 -5.734687298536300659e-02 -9.297054260969161987e-02 -1.122455075383186340e-01 -6.946673989295959473e-02 -7.654945552349090576e-02 3.917259350419044495e-02 6.258540600538253784e-02 -3.759355843067169189e-02 -5.330226197838783264e-02 -2.071741968393325806e-02 -4.114127159118652344e-02 -8.869906514883041382e-02 1.847355451900511980e-04 -1.909807696938514709e-02 -1.095251962542533875e-01 2.746658399701118469e-03 4.168115928769111633e-02 -4.414269700646400452e-02 1.024742871522903442e-01 5.727725103497505188e-02 -5.825179442763328552e-02 -1.782248541712760925e-02 3.641353547573089600e-02 8.579792082309722900e-02 -8.176782727241516113e-02 -5.542130395770072937e-02 5.073951929807662964e-02 -6.970594078302383423e-02 4.760044813156127930e-02 9.073542058467864990e-02 -7.211311603896319866e-04 -2.987136505544185638e-02 1.076690852642059326e-01 -1.244817003607749939e-01 5.283564329147338867e-02 -1.206271070986986160e-02 1.026289016008377075e-01 3.021839074790477753e-02 -1.116871386766433716e-01 -6.148486584424972534e-02 -9.318952262401580811e-02 -7.482159882783889771e-02 -1.186476126313209534e-01 -1.168229430913925171e-01 -1.267669349908828735e-01 -3.414927795529365540e-02 -7.560738176107406616e-02 3.322894871234893799e-02 1.334517747163772583e-01 3.892143443226814270e-02 9.535022079944610596e-02 6.667068228125572205e-03 1.408772617578506470e-01 -7.445278763771057129e-02 -9.372438490390777588e-02 -9.206936508417129517e-02 -7.079411298036575317e-02 -5.433660466223955154e-03 -1.336166858673095703e-01 1.194479987025260925e-01 6.286400370299816132e-03 -2.307572960853576660e-02 2.755994163453578949e-02 6.266288459300994873e-02 -2.958327345550060272e-02 2.733817324042320251e-02 7.609917223453521729e-02 -1.597955450415611267e-02 -5.340199172496795654e-02 1.241045221686363220e-01 4.961968958377838135e-02 4.047351703047752380e-02 6.602885574102401733e-02 6.933489441871643066e-02 3.065538033843040466e-02 -8.277781307697296143e-02 -1.070532426238059998e-01 -1.008879467844963074e-01 2.362822555005550385e-02 -2.264934405684471130e-02 -7.855662703514099121e-02 1.203265339136123657e-01 -8.208268880844116211e-02 2.645967155694961548e-02 7.980424165725708008e-02 -1.489655971527099609e-01
1.228410657495260239e-02 3.327947482466697693e-02 -8.346115797758102417e-02 -2.074355259537696838e-02 3.448643535375595093e-02 5.250833928585052490e-02 5.938651412725448608e-02 -6.671771407127380371e-02 -9.695329517126083374e-02 2.154691331088542938e-02 -1.109455898404121399e-01 7.963800430297851562e-02 -3.779670596122741699e-02 -1.075760424137115479e-01 1.116541698575019836e-01 5.184601526707410812e-03 -1.745350658893585205e-02 3.296283259987831116e-02 -1.122685000300407410e-01 4.301989823579788208e-02 6.046909093856811523e-02 -2.628549747169017792e-02 -1.344053298234939575e-01 -2.935704775154590607e-02 8.871380239725112915e-02 -4.610578343272209167e-02 3.104943409562110901e-02 -9.435039944946765900e-03 -2.843360044062137604e-02 -6.657736748456954956e-02 6.605021655559539795e-02 -7.587245851755142212e-02 6.314774602651596069e-02 4.639785364270210266e-02 -1.279554665088653564e-01 9.569182246923446655e-02 4.712464287877082825e-02 1.559318602085113525e-02 6.239287182688713074e-02 4.054088145494461060e-02 -9.639725834131240845e-02 1.234752684831619263e-02 1.314662843942642212e-01 -1.124250739812850952e-01 1.213129088282585144e-01 4.515234380960464478e-03 9.918680042028427124e-02 -7.818637788295745850e-02 4.976411815732717514e-03 9.339217096567153931e-02 5.009712278842926025e-02 6.827177852392196655e-02 9.923232346773147583e-02 9.489155560731887817e-02 -1.053604781627655029e-01 -5.503172520548105240e-03 6.809025257825851440e-02 1.365194171667098999e-01 3.952789679169654846e-02 5.039656534790992737e-02 8.329443633556365967e-02 4.270726069808006287e-02 -7.567477878183126450e-04 8.054607897065579891e-04 -7.738474011421203613e-02 2.053301781415939331e-02 -9.066418558359146118e-02 4.378283023834228516e-02 2.278892882168292999e-02 -5.009211227297782898e-02 -8.992168307304382324e-02 -6.018736213445663452e-02 5.533013865351676941e-02 -1.717037707567214966e-02 -4.275952652096748352e-02 8.883034437894821167e-02 3.555749356746673584e-02 -1.485233455896377563e-01 -6.443572230637073517e-03 -6.771456450223922729e-02 1.089644730091094971e-01 -2.467045746743679047e-02 -7.629031687974929810e-02 1.227052300237119198e-03 -3.564723953604698181e-02 2.503776177763938904e-02 7.395668420940637589e-03 2.769705094397068024e-02 4.772474244236946106e-02 -8.290575444698333740e-02 -6.434260308742523193e-02 6.458923965692520142e-02 3.304255753755569458e-02 -6.643856409937143326e-03 -4.626733250916004181e-03 6.348115205764770508e-02 -1.058452278375625610e-01 -3.652599873021245003e-03 5.074857547879219055e-02 -1.365205496549606323e-01
1.170690730214118958e-01 8.040078729391098022e-02 -2.446762844920158386e-02 -7.021989673376083374e-02 2.106514386832714081e-02 -8.411592245101928711e-02 -7.451914250850677490e-02 -1.964694410562515259e-01 -2.671915106475353241e-03 -2.689626440405845642e-02 4.978206008672714233e-02 6.431087106466293335e-02 4.351308196783065796e-02 -3.648203611373901367e-02 -6.708250194787979126e-02 -6.204581353813409805e-03 7.946886122226715088e-02 -2.224876917898654938e-02 -9.714368730783462524e-02 -2.571935392916202545e-02 -5.575909838080406189e-02 1.218018122017383575e-02 -1.925140321254730225e-01 1.102188508957624435e-02 -7.610221207141876221e-02 6.036897748708724976e-02 -7.491561770439147949e-02 -4.527255520224571228e-02 -7.695352286100387573e-02 1.163034420460462570e-02 -7.323702331632375717e-03 2.381882816553115845e-02 -7.214334793388843536e-03 -5.486185848712921143e-02 3.077600896358489990e-02 -1.226650178432464600e-01 4.468633234500885010e-02 7.383620832115411758e-04 -4.532523453235626221e-02 -7.930115610361099243e-02 2.943343296647071838e-02 -1.341802626848220825e-02 -6.728444993495941162e-02 4.081319272518157959e-02 1.557685551233589649e-03 -1.870779879391193390e-02 -4.957682639360427856e-02 3.487193584442138672e-02 -1.505155488848686218e-02 1.010129004716873169e-01 4.664136841893196106e-02 -1.031278632581233978e-02 -2.330995798110961914e-01 -3.298845142126083374e-02 2.354079857468605042e-02 -8.113186806440353394e-02 5.158167332410812378e-02 4.745094105601310730e-02 -1.745325699448585510e-02 5.357107520103454590e-02 -3.615032508969306946e-02 3.766491264104843140e-02 -1.659784317016601562e-01 -6.624612957239151001e-02 -3.019551374018192291e-02 -9.227836504578590393e-03 -1.120169311761856079e-01 -1.938804984092712402e-02 7.811781018972396851e-02 -1.464804857969284058e-01 7.337946910411119461e-03 2.854764275252819061e-02 -3.343304153531789780e-03 2.780238911509513855e-02 1.412570029497146606e-01 1.525813620537519455e-02 -6.989450752735137939e-02 -1.038925722241401672e-02 -1.241706218570470810e-02 -2.999959106091409922e-04 -4.544962197542190552e-02 -3.866887837648391724e-02 2.937839366495609283e-02 -5.099846795201301575e-02 6.726784259080886841e-02 5.390946194529533386e-02 -8.752319216728210449e-02 -5.216174945235252380e-02 -3.535717725753784180e-02 -1.100285872817039490e-01 -4.792886227369308472e-02 -7.608924526721239090e-03 -7.359498739242553711e-02 1.207828801125288010e-02 7.497341930866241455e-02 -8.756929636001586914e-02 -2.437557280063629150e-02 3.912970796227455139e-02 -5.184746906161308289e-02 -6.103094294667243958e-02
-6.648124009370803833e-02 -9.570086002349853516e-02 3.540054708719253540e-02 -1.847563125193119049e-02 -4.977391287684440613e-02 -4.520945250988006592e-02 1.354001089930534363e-02 5.716420128010213375e-04 1.341891102492809296e-02 -5.864923074841499329e-02 3.157909587025642395e-02 7.938563078641891479e-02 3.486690297722816467e-02 -4.662941768765449524e-02 4.266576096415519714e-02 -8.304702490568161011e-02 9.734878689050674438e-02 6.005800887942314148e-02 -7.085473090410232544e-02 -9.025449864566326141e-03 8.264268189668655396e-02 8.634254336357116699e-03 -6.820808351039886475e-02 3.974655177444219589e-03 -2.350103668868541718e-02 -3.155195713043212891e-02 -3.343625366687774658e-02 -6.117353960871696472e-02 -9.006738662719726562e-02 -8.144647814333438873e-03 -3.829615190625190735e-02 -9.353877604007720947e-02 -1.584735116921365261e-03 1.045633666217327118e-02 1.146830804646015167e-02 2.680576965212821960e-02 -9.547641128301620483e-02 -5.043397843837738037e-02 1.165441889315843582e-02 -8.877418190240859985e-02 -3.084923955611884594e-04 -8.289280533790588379e-02 -6.322845816612243652e-02 1.084475684911012650e-02 3.813973441720008850e-02 8.800137788057327271e-03 4.245130345225334167e-02 9.781504422426223755e-02 -8.214803040027618408e-02 2.195599116384983063e-02 -7.036960124969482422e-02 7.073123008012771606e-03 -5.296020209789276123e-02 -1.084491014480590820e-01 -2.122429572045803070e-02 -5.686328560113906860e-02 7.487412076443433762e-03 8.125948160886764526e-02 -5.236846581101417542e-02 -2.104389294981956482e-02 -4.237646609544754028e-02 -6.931575015187263489e-03 2.956286631524562836e-02 -6.620243936777114868e-02 1.100682020187377930e-01 -6.436122953891754150e-02 -1.789345592260360718e-02 -1.009648218750953674e-01 1.034033894538879395e-01 -9.146709740161895752e-02 -5.712820962071418762e-02 2.152396179735660553e-02 9.547365829348564148e-03 -2.651476534083485603e-03 1.021708473563194275e-01 1.413393672555685043e-02 -3.084968542680144310e-03 -3.894705325365066528e-02 2.973291091620922089e-02 -2.455536276102066040e-02 6.940465420484542847e-02 7.585724443197250366e-02 -5.846101325005292892e-03 8.920862525701522827e-02 -5.429910123348236084e-02 -6.414468586444854736e-02 -9.956502169370651245e-02 3.231032192707061768e-02 -8.554893545806407928e-03 -1.404716167598962784e-02 -3.959539905190467834e-02 1.651740632951259613e-02 -5.398549884557723999e-02 4.819313436746597290e-02 -2.571613714098930359e-02 1.179391145706176758e-01 5.369665566831827164e-03 1.155351176857948303e-01 7.620972394943237305e-02 -1.785429567098617554e-01
1.980309188365936279e-02 -8.581490814685821533e-02 2.077642828226089478e-02 2.594661340117454529e-02 -5.726747214794158936e-02 -3.753405064344406128e-02 -8.107789605855941772e-02 1.301688849925994873e-01 6.378503888845443726e-02 -4.142622649669647217e-02 -1.500150412321090698e-01 9.459779597818851471e-03 8.204974234104156494e-02 1.046250239014625549e-01 -7.459890563040971756e-03 -7.501576095819473267e-02 -4.976133629679679871e-02 -1.750227622687816620e-02 8.779691904783248901e-02 -5.734934657812118530e-02 9.691314399242401123e-02 -5.064878985285758972e-02 4.529068991541862488e-02 1.259032823145389557e-02 8.780905604362487793e-02 -4.899232462048530579e-02 1.520028803497552872e-02 2.447871863842010498e-02 -6.710216403007507324e-02 5.059916060417890549e-03 -7.947381585836410522e-03 2.737043425440788269e-02 -8.057583868503570557e-02 1.823897287249565125e-02 9.846069663763046265e-02 2.974394150078296661e-02 -8.255192637443542480e-02 -4.465225338935852051e-02 -7.829891517758369446e-03 5.278850719332695007e-02 -3.868553414940834045e-02 1.772903650999069214e-02 -1.632834970951080322e-02 1.136917807161808014e-02 4.739472270011901855e-02 2.730873180553317070e-03 -1.135443220846354961e-03 -9.629911929368972778e-02 -4.601088911294937134e-02 9.019719809293746948e-02 -1.379816085100173950e-01 1.188354939222335815e-01 -1.081862300634384155e-02 4.239303991198539734e-02 -3.679476678371429443e-02 6.801590323448181152e-02 1.469573657959699631e-02 8.864019997417926788e-03 5.181444436311721802e-02 6.523036211729049683e-02 -1.469696778804063797e-02 -4.049110412597656250e-02 4.411434754729270935e-02 -9.490688145160675049e-02 -8.921949565410614014e-02 -7.497973740100860596e-02 2.681611105799674988e-03 7.115070521831512451e-02 -7.324992865324020386e-02 5.818596109747886658e-02 -7.070606201887130737e-02 1.228339523077011108e-01 6.763301789760589600e-02 -4.628386721014976501e-02 -1.253897547721862793e-01 4.155280813574790955e-02 9.197323024272918701e-02 2.610554732382297516e-02 -6.041063740849494934e-02 4.253501445055007935e-02 6.285099685192108154e-02 9.046220034360885620e-02 -5.518261715769767761e-02 -3.415209427475929260e-02 -5.152252689003944397e-02 1.133555732667446136e-02 2.671848237514495850e-02 2.031745621934533119e-03 8.479791879653930664e-02 5.429061129689216614e-02 2.542344108223915100e-02 3.994363825768232346e-03 7.797364890575408936e-02 -4.830756410956382751e-02 -4.557463899254798889e-02 1.056001521646976471e-02 -5.968213453888893127e-02 3.431967645883560181e-02 -3.278675721958279610e-03 1.293548494577407837e-01
-9.597777575254440308e-02 1.140495464205741882e-01 -6.408199667930603027e-02 3.520432114601135254e-02 -6.015696097165346146e-03 3.080514259636402130e-02 1.031779684126377106e-02 -5.154956132173538208e-03 -8.916711062192916870e-02 -6.519357115030288696e-02 6.242714449763298035e-02 8.123381063342094421e-03 1.504725515842437744e-01 4.316700994968414307e-02 8.132480829954147339e-02 -9.301160275936126709e-02 6.829118728637695312e-02 -6.094226986169815063e-02 -7.844658941030502319e-02 -7.539061456918716431e-02 -6.124202907085418701e-02 4.143843054771423340e-02 2.865392528474330902e-02 9.020064771175384521e-02 9.341849386692047119e-02 -6.619962304830551147e-02 -5.990742146968841553e-02 3.259182209149003029e-03 -2.851561002898961306e-04 -9.773061610758304596e-04 7.716336101293563843e-02 -7.442060112953186035e-02 -5.043826997280120850e-02 -6.311769783496856689e-02 6.928162276744842529e-02 2.643522806465625763e-02 8.906231820583343506e-02 -9.840096347033977509e-03 7.456868141889572144e-02 2.858525374904274940e-03 5.063052847981452942e-02 8.773152530193328857e-02 -5.675416067242622375e-02 -4.620363563299179077e-02 5.358953401446342468e-02 -8.595589897595345974e-04 6.357578933238983154e-02 -3.390925750136375427e-02 7.661017030477523804e-02 -3.853559866547584534e-02 -7.592011243104934692e-02 1.098587661981582642e-01 -3.694599494338035583e-02 -7.584107667207717896e-02 8.670926035847514868e-05 3.749965876340866089e-02 1.035688370466232300e-01 6.435994058847427368e-02 5.685982294380664825e-03 1.249670144170522690e-02 8.619000762701034546e-02 1.591350696980953217e-02 1.112077981233596802e-01 6.202620640397071838e-02 5.563744902610778809e-02 6.602172553539276123e-02 4.708056151866912842e-02 -1.693766564130783081e-02 -7.196951657533645630e-02 2.343044057488441467e-02 -3.821637481451034546e-02 -2.057095989584922791e-02 -8.882689476013183594e-02 -6.243454664945602417e-02 -2.893999451771378517e-03 -8.470798283815383911e-02 8.251845091581344604e-02 -4.426858574151992798e-02 7.697524130344390869e-02 5.147757381200790405e-02 6.475890427827835083e-02 -2.940855547785758972e-02 9.171507507562637329e-02 -6.003933772444725037e-02 -3.509469702839851379e-02 -1.026024967432022095e-01 7.151574641466140747e-02 1.790261827409267426e-02 -6.033477932214736938e-02 4.446074366569519043e-02 2.105235122144222260e-02 -3.010090440511703491e-02 6.556887924671173096e-02 -6.570733152329921722e-03 -2.462384849786758423e-02 2.481862716376781464e-02 -3.150455281138420105e-02 4.745544865727424622e-02 -5.774734541773796082e-02 1.129282489418983459e-01
-1.081916466355323792e-01 -1.335595734417438507e-02 4.568122699856758118e-02 -6.683097034692764282e-02 4.451231658458709717e-02 1.773619093000888824e-02 1.618352346122264862e-02 -7.222868502140045166e-02 -1.847848482429981232e-02 6.534016132354736328e-02 -1.341628730297088623e-01 -1.089687645435333252e-01 -4.118443001061677933e-03 6.643055472522974014e-03 -9.524007886648178101e-02 -1.166661679744720459e-01 6.694615632295608521e-02 -1.325492113828659058e-01 -1.990456320345401764e-02 6.236169952899217606e-03 1.868453342467546463e-03 2.463797293603420258e-02 -8.182595670223236084e-02 -4.408818855881690979e-02 -5.582479387521743774e-02 1.106806918978691101e-01 -2.755605848506093025e-03 -6.864188611507415771e-02 -5.590367317199707031e-02 2.522921003401279449e-02 9.430633485317230225e-02 1.289011538028717041e-01 1.085572317242622375e-01 1.582178920507431030e-01 6.252931058406829834e-02 2.058104798197746277e-02 -7.099559903144836426e-02 1.148232668638229370e-01 3.354419022798538208e-02 9.445115178823471069e-02 -4.217280074954032898e-02 2.403295226395130157e-02 -4.808639734983444214e-02 -2.619739621877670288e-02 -6.492584943771362305e-02 -1.810714304447174072e-01 1.472087111324071884e-02 -1.171286180615425110e-01 7.382982969284057617e-02 5.150157213211059570e-02 -1.024241968989372253e-01 -5.351729691028594971e-02 -7.526685297489166260e-02 2.974948845803737640e-02 -4.791896417737007141e-02 -1.067891642451286316e-01 4.891923815011978149e-02 5.818610265851020813e-02 -8.074358850717544556e-02 -4.522602830547839403e-05 -1.795890554785728455e-02 -6.110895797610282898e-02 8.880250900983810425e-02 4.697710648179054260e-02 -6.373793631792068481e-02 6.415753811597824097e-02 7.836955040693283081e-02 1.591811329126358032e-02 7.688438892364501953e-02 -4.261536896228790283e-02 -9.069564938545227051e-02 -3.874688176438212395e-03 -5.576927214860916138e-02 -8.757409453392028809e-02 -2.621632628142833710e-02 1.273839324712753296e-01 -1.000176146626472473e-01 4.362979903817176819e-02 -2.002161741256713867e-01 4.807525128126144409e-02 4.980006720870733261e-03 1.160455197095870972e-01 -3.586043789982795715e-02 1.215516552329063416e-01 -7.295676320791244507e-02 5.514216050505638123e-02 2.273615263402462006e-02 8.456208556890487671e-02 -7.729545235633850098e-02 -1.417496893554925919e-02 -1.819295138120651245e-01 5.796517431735992432e-02 -1.754548028111457825e-02 -6.294273771345615387e-03 -1.175954416394233704e-01 1.772506535053253174e-02 -5.628309398889541626e-02 2.152711004018783569e-01 4.369333758950233459e-02 3.971351683139801025e-02
-1.239700019359588623e-01 8.658482134342193604e-02 3.663057461380958557e-03 -4.759310558438301086e-02 2.439348250627517700e-01 2.241053134202957153e-01 5.807806272059679031e-03 7.689388096332550049e-02 -7.046724203974008560e-03 3.508209809660911560e-02 1.883248239755630493e-02 7.549573481082916260e-02 5.902248620986938477e-02 9.428533911705017090e-02 -2.004485875368118286e-01 -6.153141614049673080e-03 -5.237668380141258240e-02 -5.925329402089118958e-03 7.744184229522943497e-03 -2.613761834800243378e-02 -6.634994596242904663e-02 -5.915883928537368774e-02 1.512698978185653687e-01 1.790274120867252350e-02 7.446085661649703979e-02 2.096015959978103638e-03 -1.087746024131774902e-01 -5.302981007844209671e-04 -6.120259640738368034e-04 5.840348452329635620e-02 -4.538795724511146545e-02 3.658677265048027039e-02 -5.916454829275608063e-03 6.351596117019653320e-02 4.070166349411010742e-01 7.045350968837738037e-02 2.310927212238311768e-01 -2.172634564340114594e-02 8.142869174480438232e-02 1.098785549402236938e-01 3.948561847209930420e-02 -5.638214945793151855e-02 2.692002430558204651e-02 1.296083182096481323e-01 -9.723956696689128876e-03 -1.997595094144344330e-02 9.803185611963272095e-02 -4.924310371279716492e-02 6.578002125024795532e-02 1.436552554368972778e-01 -1.433619707822799683e-01 5.426575988531112671e-02 -3.534379415214061737e-03 -5.736773461103439331e-02 4.213833808898925781e-02 1.394188124686479568e-02 -2.680439874529838562e-02 -1.518917270004749298e-02 -1.297275125980377197e-01 2.855394184589385986e-01 -4.449049383401870728e-02 -7.246875762939453125e-02 -2.052739821374416351e-02 4.395063593983650208e-02 4.281707853078842163e-02 1.766003817319869995e-01 6.319551263004541397e-03 1.193388476967811584e-01 1.262469589710235596e-01 1.887502372264862061e-01 -4.743398167192935944e-03 -1.308948993682861328e-01 -2.756625227630138397e-02 7.624087482690811157e-02 -4.879286512732505798e-02 1.648836396634578705e-02 -7.443384826183319092e-02 3.763433694839477539e-01 1.845966577529907227e-01 -1.600077748298645020e-01 -9.025687724351882935e-02 2.032003365457057953e-02 -4.057447984814643860e-02 6.419827789068222046e-02 -1.424800604581832886e-02 7.563802599906921387e-02 2.841895446181297302e-02 1.356552541255950928e-01 -4.304734524339437485e-03 1.433899253606796265e-01 -8.285645395517349243e-02 3.471934795379638672e-02 -6.730609387159347534e-02 -5.164882913231849670e-02 7.031656801700592041e-02 3.940943628549575806e-02 -1.203610375523567200e-02 -4.989905282855033875e-02 3.976660221815109253e-02 8.012772351503372192e-02
1.932271383702754974e-02 -6.709226965904235840e-02 1.458572410047054291e-02 3.191788494586944580e-02 -1.079879701137542725e-01 3.677880018949508667e-02 5.177410691976547241e-02 4.478219896554946899e-02 6.753092259168624878e-02 -3.909929841756820679e-02 3.888053447008132935e-02 -3.923843428492546082e-02 3.387500345706939697e-02 8.432802557945251465e-02 -8.733512461185455322e-02 7.047458086162805557e-03 1.891669258475303650e-02 5.254876613616943359e-02 -8.727472275495529175e-02 -2.484185621142387390e-02 6.802957504987716675e-02 4.684827849268913269e-02 5.722854752093553543e-03 1.122759208083152771e-01 3.566962480545043945e-02 3.248917683959007263e-02 6.626891344785690308e-02 1.051241233944892883e-01 -7.046362757682800293e-02 -7.113669812679290771e-02 -1.032440513372421265e-01 1.699170470237731934e-02 2.770499698817729950e-02 -9.938605129718780518e-02 9.580384194850921631e-02 1.764782145619392395e-02 2.667564526200294495e-02 -8.656791597604751587e-02 -8.468388766050338745e-02 9.553389996290206909e-02 -2.687862142920494080e-02 4.803705215454101562e-02 7.452795654535293579e-02 -2.263235161080956459e-03 7.705729454755783081e-02 4.940758273005485535e-02 2.977479621767997742e-02 8.692405372858047485e-02 2.099880948662757874e-02 -6.987395137548446655e-02 -1.491941884160041809e-02 7.694049179553985596e-02 1.257607936859130859e-01 -2.738414146006107330e-02 2.465390972793102264e-02 9.836170822381973267e-02 -1.667230203747749329e-02 -4.924780502915382385e-02 5.304713174700737000e-02 7.077486068010330200e-02 -9.087517857551574707e-02 -8.652500808238983154e-02 1.153894886374473572e-02 9.210594743490219116e-02 -5.442049354314804077e-02 -1.578098349273204803e-02 -2.092702127993106842e-02 -9.852472692728042603e-02 6.271326541900634766e-02 9.415770880877971649e-03 -8.422160148620605469e-02 -8.765005320310592651e-02 4.172804951667785645e-02 -5.953053757548332214e-02 4.512161388993263245e-02 -3.777290135622024536e-02 5.200424697250127792e-03 -2.747716195881366730e-02 -1.878356374800205231e-02 3.585368394851684570e-02 -7.861270755529403687e-02 -1.518326532095670700e-02 -5.381997674703598022e-02 -8.254558593034744263e-02 -2.949935384094715118e-02 1.944504911080002785e-03 -3.240125626325607300e-02 -8.594289422035217285e-02 1.035717688500881195e-02 -4.611057788133621216e-02 -1.079259440302848816e-01 9.601513296365737915e-02 -4.571039229631423950e-02 4.616529867053031921e-02 -4.009389504790306091e-02 -4.451362416148185730e-02 -5.048355832695960999e-02 -3.680807724595069885e-02 3.233161568641662598e-02 6.665661465376615524e-03
-1.893297024071216583e-02 -1.262218356132507324e-01 -5.312061682343482971e-02 -5.676482245326042175e-02 -1.418999861925840378e-02 -5.854389816522598267e-02 -1.128738000988960266e-02 -1.502226442098617554e-01 -4.332073777914047241e-02 5.701444298028945923e-02 7.852061092853546143e-02 -4.573959449771791697e-04 -1.347946226596832275e-01 -1.280525773763656616e-01 -3.267624229192733765e-02 2.341386117041110992e-02 -1.039389297366142273e-01 1.867971755564212799e-02 -8.619784563779830933e-02 1.228722035884857178e-01 3.583194315433502197e-02 -7.921466976404190063e-02 -7.435467094182968140e-02 5.307769030332565308e-02 -1.296410560607910156e-01 2.650222741067409515e-02 9.341686218976974487e-02 -1.125537455081939697e-01 7.509004324674606323e-02 -1.064048483967781067e-01 -6.692771613597869873e-02 -1.088876351714134216e-01 -3.132866322994232178e-02 1.277887374162673950e-01 -8.243306726217269897e-02 -1.005109027028083801e-01 -4.564630612730979919e-02 -1.960264705121517181e-02 -1.433033589273691177e-02 -8.253905177116394043e-02 -4.636623710393905640e-02 5.294039472937583923e-02 1.286558806896209717e-01 -8.693132549524307251e-02 -1.151167601346969604e-01 1.616520062088966370e-02 5.006479471921920776e-02 -6.702043116092681885e-02 -8.032978326082229614e-02 -5.062013864517211914e-02 1.007516160607337952e-01 -4.105754662305116653e-03 -1.055910959839820862e-01 -1.037099791574291885e-04 -2.040091529488563538e-02 -1.154198870062828064e-02 2.014716621488332748e-03 1.801358908414840698e-02 -2.495486848056316376e-02 -2.720858529210090637e-02 -1.157552469521760941e-02 -6.748576462268829346e-02 4.226962104439735413e-02 6.849705427885055542e-02 -5.816367641091346741e-02 7.024674117565155029e-02 -5.218027532100677490e-02 6.629144307225942612e-03 1.344864070415496826e-02 -1.350326240062713623e-01 -8.096734434366226196e-02 -5.723330006003379822e-02 -2.047926932573318481e-02 3.886840492486953735e-02 1.368465870618820190e-01 -6.364891678094863892e-02 5.049682781100273132e-02 4.108659178018569946e-02 -1.669243723154067993e-01 -4.416038747876882553e-03 -4.648549109697341919e-02 -6.361394375562667847e-02 -4.394172877073287964e-02 -6.170593667775392532e-03 -2.958951750770211220e-03 -2.021001279354095459e-02 -9.967895224690437317e-03 -5.860785022377967834e-03 3.132101381197571754e-03 -1.064063087105751038e-01 -4.592351242899894714e-02 -8.978896774351596832e-03 6.322081387042999268e-02 -4.077850282192230225e-02 6.386399734765291214e-03 1.597375608980655670e-02 1.002268269658088684e-01 -4.204026609659194946e-02 1.416785642504692078e-02 -1.478717569261789322e-02
1.622915267944335938e-01 2.764043584465980530e-02 -3.675875812768936157e-02 3.133198246359825134e-02 -5.751266703009605408e-02 -1.293781995773315430e-01 -5.731640383601188660e-02 -1.079513877630233765e-01 -6.217141449451446533e-02 -3.952649421989917755e-03 1.080380156636238098e-01 -7.967712730169296265e-02 -1.307317465543746948e-01 5.894344300031661987e-02 -2.376831695437431335e-02 1.061105355620384216e-01 -1.057149842381477356e-01 5.726001784205436707e-02 -8.203562349081039429e-02 7.232152670621871948e-02 4.053025320172309875e-02 -6.582310795783996582e-02 -9.563731402158737183e-02 -1.341848913580179214e-02 1.019375324249267578e-01 8.558297902345657349e-02 7.985585182905197144e-02 5.231576040387153625e-03 -3.734881058335304260e-02 -4.131849855184555054e-02 -3.665271680802106857e-03 -1.156205907464027405e-01 -1.044566929340362549e-01 -7.355917245149612427e-03 -9.362380951642990112e-02 1.273946557193994522e-02 -2.467986010015010834e-02 -4.494214802980422974e-02 -1.417010556906461716e-02 -8.252380043268203735e-02 7.450968772172927856e-02 -1.003742590546607971e-01 -1.475945413112640381e-01 -6.096198409795761108e-02 1.279540956020355225e-01 1.133856028318405151e-01 4.222563281655311584e-02 2.056332491338253021e-02 1.551147922873497009e-02 -3.484329208731651306e-02 -3.353911638259887695e-02 8.270704001188278198e-02 5.640058219432830811e-02 -7.557044178247451782e-02 5.219907313585281372e-02 -3.324651718139648438e-02 -6.222098320722579956e-02 -4.750066995620727539e-02 1.212293058633804321e-01 -1.121187284588813782e-01 -2.556515485048294067e-02 1.012810133397579193e-02 -3.497580811381340027e-02 5.151953920722007751e-02 5.963445827364921570e-02 8.069085329771041870e-02 -6.418153643608093262e-02 -1.366161853075027466e-01 -7.813223451375961304e-02 -1.218782458454370499e-02 -1.778312143869698048e-03 2.736926451325416565e-02 6.131085753440856934e-02 6.552467495203018188e-02 1.485227346420288086e-01 4.679781943559646606e-02 5.983434244990348816e-02 2.105924487113952637e-02 2.565477229654788971e-02 3.703948855400085449e-02 5.456233024597167969e-02 1.303823292255401611e-02 -1.568556018173694611e-02 -2.938030753284692764e-03 7.051816582679748535e-02 -1.972955651581287384e-03 9.570525586605072021e-02 -8.705350011587142944e-02 8.824056386947631836e-02 -6.510108709335327148e-03 -1.713219657540321350e-02 1.083504408597946167e-01 1.743835769593715668e-02 1.134525835514068604e-01 -7.840536534786224365e-02 -5.377019941806793213e-02 7.812295854091644287e-02 7.275481242686510086e-03 2.159571461379528046e-02 -2.293064594268798828e-01
-5.073040723800659180e-02 -8.495110087096691132e-03 1.066260784864425659e-02 5.133027583360671997e-02 1.071915999054908752e-01 8.311504870653152466e-02 -6.181279569864273071e-02 -6.810618564486503601e-03 1.233433745801448822e-02 -4.241459816694259644e-02 -1.298112273216247559e-01 -1.161289513111114502e-01 -2.819209918379783630e-02 -1.762420497834682465e-02 -1.032059490680694580e-01 2.897137030959129333e-02 4.366369172930717468e-02 4.413980618119239807e-02 -6.449027359485626221e-02 3.817306086421012878e-02 6.130902329459786415e-04 -2.060414850711822510e-02 7.169508188962936401e-02 -8.646208047866821289e-02 1.108010560274124146e-01 7.502327114343643188e-02 8.925323933362960815e-02 -8.977597951889038086e-02 3.095621801912784576e-02 -8.060771971940994263e-02 4.517042264342308044e-02 -1.256885658949613571e-02 -1.713422127068042755e-02 -7.217310369014739990e-02 -5.470378696918487549e-02 -1.336450725793838501e-01 3.007556125521659851e-02 -3.435835242271423340e-03 1.129695102572441101e-01 -3.201588615775108337e-02 1.118456423282623291e-01 -2.720842696726322174e-02 5.116693675518035889e-02 9.194412827491760254e-02 -7.316152006387710571e-02 -2.057408913969993591e-02 9.437181055545806885e-02 -6.163656711578369141e-02 3.740598261356353760e-02 1.003366336226463318e-02 6.162580102682113647e-02 4.290425777435302734e-02 5.654424428939819336e-02 -6.137537956237792969e-02 -2.957695908844470978e-02 7.769712060689926147e-02 2.056139148771762848e-02 3.459807112812995911e-02 3.301965817809104919e-02 2.258394844830036163e-02 6.839123368263244629e-02 -8.368987590074539185e-03 5.551325529813766479e-02 -3.174172341823577881e-02 -4.015865549445152283e-02 -8.849845081567764282e-02 9.435588121414184570e-02 9.013656526803970337e-02 -2.842023968696594238e-02 -1.242777928709983826e-01 -4.212817922234535217e-02 -4.548197146505117416e-03 -2.451579459011554718e-02 8.471862226724624634e-02 -6.909175217151641846e-02 1.155779957771301270e-01 3.622432798147201538e-02 1.139578130096197128e-02 -1.329035460948944092e-01 9.216091036796569824e-02 -1.367000639438629150e-01 2.891429699957370758e-02 -2.139718644320964813e-02 -1.888666674494743347e-02 3.973376750946044922e-02 1.027453243732452393e-01 -3.967921435832977295e-02 3.461296111345291138e-02 -5.197339504957199097e-02 1.779528521001338959e-02 9.774632751941680908e-02 1.551122684031724930e-02 3.439772501587867737e-02 8.134279400110244751e-02 8.159806579351425171e-02 6.461457908153533936e-02 -2.099434100091457367e-02 1.191415861248970032e-01 7.078072056174278259e-03 9.134285151958465576e-02
-1.672046445310115814e-02 8.008379489183425903e-02 -8.163003623485565186e-02 9.079059958457946777e-02 1.454191468656063080e-02 2.672166004776954651e-02 5.022319778800010681e-02 -2.613763697445392609e-02 1.987768709659576416e-02 1.077630519866943359e-01 -3.048709779977798462e-02 -9.857460856437683105e-02 2.066658623516559601e-02 -2.021984383463859558e-02 -3.641683980822563171e-02 -4.851644858717918396e-03 7.450155913829803467e-02 -5.973806977272033691e-02 3.605306893587112427e-02 -3.622760623693466187e-02 -8.917047828435897827e-02 -5.812550336122512817e-02 6.531910598278045654e-02 -6.673211604356765747e-02 -3.237901255488395691e-02 -1.731650717556476593e-02 -7.279066741466522217e-02 -3.559659048914909363e-02 9.528500586748123169e-02 -4.799717292189598083e-02 -3.059135377407073975e-02 1.002479940652847290e-01 -7.855209708213806152e-02 -3.756465855985879898e-03 -2.361343428492546082e-02 -8.926413208246231079e-02 -8.533944189548492432e-02 4.101956635713577271e-02 -1.611041836440563202e-02 -4.114728886634111404e-03 3.032587468624114990e-02 -1.929631270468235016e-02 -3.710149601101875305e-02 6.061578169465065002e-02 2.426228858530521393e-02 -1.016501784324645996e-01 -2.094641327857971191e-02 2.526423707604408264e-02 4.287850856781005859e-02 -4.929531365633010864e-02 -1.135617494583129883e-02 9.656621143221855164e-03 7.757394760847091675e-02 1.205142959952354431e-02 -5.940472334623336792e-02 -1.181376911699771881e-02 -8.833389729261398315e-02 -9.977952577173709869e-03 -9.302181005477905273e-02 7.188235968351364136e-02 3.153854236006736755e-02 -1.827560178935527802e-02 5.177060142159461975e-02 8.698455244302749634e-02 -1.205755770206451416e-02 1.985236443579196930e-02 3.585882112383842468e-02 -9.761563502252101898e-03 -6.715615838766098022e-02 -2.881686389446258545e-02 -2.791999839246273041e-02 -9.705073386430740356e-02 -1.009107306599617004e-01 -1.037203595042228699e-01 -2.497355081140995026e-02 6.905161589384078979e-02 1.789377536624670029e-03 1.057934667915105820e-02 3.610747307538986206e-02 3.053383901715278625e-02 3.511821478605270386e-02 -7.801093906164169312e-02 -7.942782342433929443e-02 6.384998559951782227e-02 -4.612363874912261963e-03 -1.464726123958826065e-02 -6.305927410721778870e-03 6.480329483747482300e-02 -4.301273729652166367e-03 1.109403092414140701e-02 3.572049364447593689e-02 -4.490457102656364441e-02 -2.172859758138656616e-02 1.203189566731452942e-01 3.856268152594566345e-02 5.938130989670753479e-02 4.276362061500549316e-02 8.119255304336547852e-02 1.272144354879856110e-02 1.855933479964733124e-02
1.446051988750696182e-02 -3.031328506767749786e-02 1.395658496767282486e-02 -7.565683126449584961e-02 -6.630375981330871582e-02 -5.309331417083740234e-02 1.540224906057119370e-02 -6.838242709636688232e-02 -5.548540130257606506e-02 -1.409480422735214233e-01 1.390733420848846436e-01 -1.729325763881206512e-02 3.708925843238830566e-02 4.489028081297874451e-02 -6.734688580036163330e-02 9.989453852176666260e-02 6.988190114498138428e-02 6.470738351345062256e-02 -8.092775195837020874e-02 -1.254385709762573242e-02 -4.988136701285839081e-03 -2.727835252881050110e-02 -3.957239910960197449e-02 3.195481142029166222e-03 -6.672511249780654907e-02 -4.816086962819099426e-02 2.862081117928028107e-02 5.376424267888069153e-02 -5.633357912302017212e-03 -9.145583212375640869e-02 -4.866052418947219849e-03 -1.339134573936462402e-01 -5.960432812571525574e-02 5.086534842848777771e-02 -4.888951405882835388e-02 9.825579077005386353e-02 -7.283344864845275879e-02 -4.864958580583333969e-03 7.257374376058578491e-02 1.086125150322914124e-01 7.456529885530471802e-02 -4.591801017522811890e-02 -2.102040685713291168e-02 1.110972538590431213e-01 8.829865604639053345e-02 -1.936876960098743439e-02 9.744361788034439087e-02 1.617146842181682587e-02 7.177294790744781494e-02 4.493710398674011230e-02 1.655246689915657043e-02 -5.689542368054389954e-02 1.354176551103591919e-01 1.003065854310989380e-01 1.668347045779228210e-02 -5.484043434262275696e-02 8.345752954483032227e-02 9.663534909486770630e-02 1.996572315692901611e-02 -3.772950172424316406e-02 6.284946110099554062e-03 2.818943373858928680e-02 -1.896971911191940308e-01 -8.358475565910339355e-02 8.076383918523788452e-02 -7.908263802528381348e-02 -3.043349273502826691e-02 7.040782272815704346e-02 -7.572804391384124756e-02 -2.082259766757488251e-02 5.442384257912635803e-02 -7.439819723367691040e-02 7.425561547279357910e-02 3.025077655911445618e-02 -1.208204310387372971e-03 7.851270027458667755e-03 -5.375726148486137390e-03 7.022860646247863770e-02 2.216172963380813599e-02 4.446309804916381836e-02 1.367379575967788696e-01 -6.791612505912780762e-02 -1.165437772870063782e-01 -1.392466109246015549e-02 5.615486204624176025e-02 6.774095445871353149e-02 -1.983861811459064484e-02 3.421788802370429039e-03 -1.233144253492355347e-01 4.950394481420516968e-02 8.557641878724098206e-03 6.006510928273200989e-02 3.360571339726448059e-02 6.077368743717670441e-03 4.406920447945594788e-02 -4.809128120541572571e-02 5.086114257574081421e-02 -5.464969575405120850e-02 -4.164659976959228516e-02 9.618693031370639801e-03
-7.740322500467300415e-02 -1.065590083599090576e-01 4.609842225909233093e-02 -7.179012987762689590e-03 1.672471165657043457e-01 2.051242142915725708e-01 7.927409559488296509e-02 5.358717590570449829e-02 2.227153815329074860e-02 8.061282336711883545e-02 1.847224682569503784e-01 5.296328291296958923e-02 -1.536722034215927124e-01 1.694038361310958862e-01 -4.224095027893781662e-03 -1.179503351449966431e-01 1.078333929181098938e-01 5.068778991699218750e-02 -1.787866503000259399e-01 1.924772113561630249e-01 -6.359962373971939087e-02 -6.587912887334823608e-02 2.082346975803375244e-01 -9.703101217746734619e-02 3.026696443557739258e-01 2.160423668101429939e-03 -1.374491490423679352e-02 6.870137155055999756e-02 8.852956444025039673e-02 1.064972877502441406e-01 -5.836297571659088135e-02 2.145321816205978394e-01 7.655286043882369995e-02 -1.524243205785751343e-01 3.752996325492858887e-01 7.017861120402812958e-03 1.214715912938117981e-01 3.776248916983604431e-02 1.882302910089492798e-01 -2.737988717854022980e-02 -3.178773447871208191e-02 4.315538108348846436e-01 1.816272139549255371e-01 1.568130590021610260e-02 5.051119625568389893e-02 -1.028474941849708557e-01 6.011954322457313538e-02 8.531115949153900146e-02 9.062709659337997437e-02 -4.279136285185813904e-02 2.481246143579483032e-01 1.093303859233856201e-01 4.515095949172973633e-01 -9.546703100204467773e-02 3.125267848372459412e-02 6.657014787197113037e-02 -1.650611907243728638e-01 -6.330600380897521973e-02 -6.354028731584548950e-02 -9.273955971002578735e-02 -6.685068458318710327e-02 3.250575438141822815e-02 1.143798697739839554e-02 -3.011438064277172089e-02 -2.039219737052917480e-01 -1.940709799528121948e-01 1.223406791687011719e-01 5.038614273071289062e-01 -2.172889113426208496e-01 1.530606895685195923e-01 -1.261636167764663696e-01 -8.776719123125076294e-02 -8.891215920448303223e-02 2.159667434170842171e-03 1.931950747966766357e-01 6.876120716333389282e-02 -1.246178224682807922e-01 1.327707618474960327e-01 1.402205228805541992e-01 -2.762027680873870850e-01 -9.169261902570724487e-02 -1.229701265692710876e-01 2.255095168948173523e-02 1.054183989763259888e-01 -2.952614240348339081e-02 -1.319421380758285522e-01 -2.788035273551940918e-01 -7.118370383977890015e-02 -3.043133579194545746e-02 -8.357411250472068787e-03 -3.579664528369903564e-01 1.817458868026733398e-02 1.369660049676895142e-01 1.580497771501541138e-01 -1.303128898143768311e-01 -2.562202280387282372e-03 6.286841630935668945e-02 9.301671385765075684e-02 -7.610936462879180908e-02 3.303433060646057129e-01
-7.920865714550018311e-02 8.466032147407531738e-02 -7.505079358816146851e-02 8.905638009309768677e-02 -7.646896690130233765e-02 -7.369641680270433426e-03 6.160362064838409424e-02 3.396729752421379089e-02 8.578573912382125854e-02 4.589728266000747681e-02 5.885241553187370300e-02 -4.259908944368362427e-02 -8.504541218280792236e-02 -1.108832210302352905e-01 4.451688728295266628e-04 8.580321073532104492e-02 6.526947021484375000e-02 1.116826236248016357e-01 -8.662277460098266602e-02 1.107385102659463882e-02 1.035708934068679810e-03 -7.581861224025487900e-03 7.190120220184326172e-02 9.266738593578338623e-02 3.080212697386741638e-02 -1.004200875759124756e-01 -9.757332503795623779e-02 -5.446011945605278015e-02 -9.049287438392639160e-02 4.785029683262109756e-03 -4.300250485539436340e-02 -5.613290891051292419e-02 5.554611235857009888e-02 -7.924503087997436523e-02 -9.659691154956817627e-02 -5.892716348171234131e-02 6.801637262105941772e-02 8.947923034429550171e-02 3.291730210185050964e-02 1.787140220403671265e-02 -5.619023367762565613e-02 9.960368275642395020e-02 -7.174010388553142548e-03 1.042787358164787292e-02 -6.644995417445898056e-03 -7.089582085609436035e-02 6.927551329135894775e-02 3.623425215482711792e-02 1.796068809926509857e-02 -2.997787669301033020e-02 6.403153389692306519e-02 5.315727367997169495e-02 3.312991559505462646e-02 1.332497922703623772e-03 -4.517309740185737610e-02 7.571042515337467194e-03 -6.927533447742462158e-02 7.752009481191635132e-02 4.231535643339157104e-02 2.063728682696819305e-02 7.282147556543350220e-02 -8.397590368986129761e-02 9.613049030303955078e-02 -3.989593684673309326e-02 -5.961257219314575195e-02 -1.731997728347778320e-02 9.426003694534301758e-02 4.721436649560928345e-02 9.802314639091491699e-02 1.464585773646831512e-02 3.845060616731643677e-02 -8.814124017953872681e-02 8.760225772857666016e-02 -1.376095507293939590e-02 1.032613962888717651e-01 -2.178618870675563812e-02 3.303454443812370300e-02 -3.830623999238014221e-02 -3.925017267465591431e-02 -1.734138466417789459e-02 -3.100346960127353668e-02 4.464348033070564270e-02 1.031770482659339905e-01 1.982565037906169891e-02 -6.389658153057098389e-02 9.472063183784484863e-02 6.711649894714355469e-02 -6.148303393274545670e-03 8.249411731958389282e-02 -1.658595912158489227e-02 -4.931671079248189926e-03 7.438563555479049683e-02 -3.561925888061523438e-02 7.753684371709823608e-02 -5.383903905749320984e-02 4.141804575920104980e-02 7.177848368883132935e-02 -6.956318020820617676e-02 -3.120745904743671417e-02 6.507331877946853638e-02
-9.270773082971572876e-02 8.930958062410354614e-02 1.097843870520591736e-01 5.515983700752258301e-02 9.448079019784927368e-02 -6.169897317886352539e-02 2.864861115813255310e-02 2.517460472881793976e-02 -6.563925743103027344e-02 7.243735343217849731e-02 -1.686111465096473694e-02 -1.196314813569188118e-03 5.303344503045082092e-02 1.914041191339492798e-01 -1.632602959871292114e-01 -4.064347594976425171e-03 6.953643169254064560e-03 -8.601324260234832764e-02 -1.451436709612607956e-02 7.948561012744903564e-02 -4.036863334476947784e-03 -6.669966876506805420e-02 8.563059568405151367e-02 4.466998577117919922e-02 -1.641201600432395935e-02 -8.074716478586196899e-02 4.206385836005210876e-02 -6.500305235385894775e-02 3.534960001707077026e-02 -1.852620858699083328e-03 -9.468689560890197754e-02 -1.027128542773425579e-03 3.012467361986637115e-02 5.218632146716117859e-02 1.365100592374801636e-01 4.925147444009780884e-02 9.419314563274383545e-02 -5.255337059497833252e-02 4.015861079096794128e-02 -1.213789135217666626e-01 2.146541513502597809e-02 -1.951465904712677002e-01 -2.389459311962127686e-01 6.997232139110565186e-02 -1.142620816826820374e-01 -7.229431718587875366e-02 9.280588477849960327e-03 -1.219637840986251831e-01 -2.819499000906944275e-02 1.561338664032518864e-03 2.376756630837917328e-02 1.245929766446352005e-02 -7.839499413967132568e-02 -2.036612480878829956e-03 -9.773489832878112793e-02 -4.704400524497032166e-02 -3.702749684453010559e-02 -1.311327666044235229e-01 -6.761316955089569092e-02 1.726884543895721436e-01 -1.266166418790817261e-01 -8.626090735197067261e-02 -1.013613343238830566e-01 -1.673446036875247955e-02 -2.751954458653926849e-02 3.495788946747779846e-02 1.103735789656639099e-01 -1.371226906776428223e-01 -1.200555339455604553e-01 -1.539949625730514526e-01 -6.656244862824678421e-03 4.140423145145177841e-03 -5.582109838724136353e-02 1.868121512234210968e-02 -8.639047294855117798e-02 8.552213013172149658e-02 2.283523418009281158e-02 8.695392310619354248e-02 -1.996649056673049927e-01 1.105098798871040344e-02 -1.645995527505874634e-01 -2.057966776192188263e-02 -2.526016905903816223e-02 -4.920631274580955505e-02 -1.095862239599227905e-01 1.004221960902214050e-01 -1.642189919948577881e-01 -7.328340783715248108e-03 1.460101455450057983e-01 4.780618473887443542e-02 -8.890719711780548096e-02 -9.020336717367172241e-02 2.315067686140537262e-02 -5.352387204766273499e-02 -2.638559415936470032e-02 2.762422338128089905e-02 1.521063745021820068e-01 -1.514126546680927277e-02 3.587406873703002930e-02 -1.865086108446121216e-01
1.822416111826896667e-02 -2.105210162699222565e-02 3.968384861946105957e-02 -6.707701832056045532e-02 -9.406552463769912720e-02 8.451297134160995483e-02 2.897044178098440170e-03 -2.372791990637779236e-02 7.395468652248382568e-02 -2.490302734076976776e-02 -5.480471253395080566e-02 -2.213699184358119965e-02 -8.870286494493484497e-02 1.645044609904289246e-02 1.297337654978036880e-02 -5.895009264349937439e-02 4.832636623177677393e-04 -1.012276709079742432e-01 -1.247190311551094055e-02 8.312462829053401947e-03 -7.226616144180297852e-02 7.379920035600662231e-02 -2.151563763618469238e-02 5.913877859711647034e-02 7.414209097623825073e-02 -8.828464196994900703e-04 3.105226159095764160e-02 -5.432374030351638794e-02 -4.166823253035545349e-02 -1.066030934453010559e-01 -5.019344389438629150e-02 5.067044124007225037e-02 -7.720968872308731079e-02 -3.016883879899978638e-02 5.172134935855865479e-02 -2.930107712745666504e-02 1.096144914627075195e-01 -1.744242198765277863e-02 3.476637974381446838e-02 8.874069899320602417e-02 -1.031015664339065552e-01 -2.939460054039955139e-02 8.777438849210739136e-02 5.522770062088966370e-02 1.666863635182380676e-02 3.349543735384941101e-02 1.164209619164466858e-01 7.692617829889059067e-03 -6.851334124803543091e-02 9.588737040758132935e-02 7.222122699022293091e-02 2.361425012350082397e-02 2.109836041927337646e-02 -3.964816033840179443e-02 -1.335107069462537766e-02 5.455865524709224701e-03 -4.486272856593132019e-02 -1.154081337153911591e-02 -3.411549376323819160e-03 -4.435827583074569702e-02 8.038270473480224609e-02 2.638143301010131836e-02 5.192168802022933960e-02 7.798351347446441650e-02 7.850399613380432129e-02 1.522829756140708923e-02 -4.736050590872764587e-02 -4.743517935276031494e-02 5.439198017120361328e-02 6.019428744912147522e-02 5.403542891144752502e-03 4.704348742961883545e-03 -7.556334137916564941e-02 -5.010793730616569519e-02 4.817628487944602966e-02 3.884049132466316223e-02 9.100507595576345921e-04 -5.942368879914283752e-02 7.549668848514556885e-02 -8.430277556180953979e-02 6.936670094728469849e-02 -9.586067497730255127e-02 2.792293950915336609e-02 -4.028489068150520325e-02 9.065716713666915894e-02 3.501767292618751526e-02 9.759446233510971069e-02 -2.049648761749267578e-02 3.585994616150856018e-02 2.300480194389820099e-02 -1.240014433860778809e-01 -4.013022407889366150e-02 8.643691241741180420e-02 2.721667056903243065e-03 -6.064296886324882507e-02 -9.241232275962829590e-02 -3.447436168789863586e-02 8.010973781347274780e-02 2.026358619332313538e-02 5.783431604504585266e-02
4.437581077218055725e-02 -8.357959240674972534e-02 1.141809672117233276e-01 -6.158014014363288879e-02 6.209976226091384888e-02 2.259638532996177673e-02 5.477558448910713196e-02 -1.213801652193069458e-01 -6.808523833751678467e-02 8.963921666145324707e-02 -4.163989424705505371e-02 -3.163721412420272827e-02 -1.235917117446660995e-02 8.084756135940551758e-02 3.247645916417241096e-03 -7.879470288753509521e-02 2.286977507174015045e-02 9.466828405857086182e-02 2.438928373157978058e-02 -6.264498829841613770e-02 4.041244462132453918e-02 -7.532520592212677002e-02 7.089038938283920288e-02 -8.110415190458297729e-03 1.279709022492170334e-02 -5.891957785934209824e-03 -1.016501784324645996e-01 -5.622792989015579224e-02 -3.196864202618598938e-02 4.716252908110618591e-02 -2.932555414736270905e-02 5.714825913310050964e-02 8.486302942037582397e-02 7.257559150457382202e-02 6.128090992569923401e-02 -7.529622316360473633e-02 -7.639763504266738892e-02 -1.044891402125358582e-02 5.489320307970046997e-02 -1.036852784454822540e-02 8.486050367355346680e-02 1.126821562647819519e-01 -1.274163927882909775e-02 3.965942561626434326e-02 5.035665258765220642e-02 4.592980816960334778e-02 4.617451131343841553e-02 -6.233058869838714600e-02 -2.722625620663166046e-02 5.222150310873985291e-02 8.449872583150863647e-02 5.558035150170326233e-02 9.869009256362915039e-02 4.029855132102966309e-02 6.394972652196884155e-02 1.202839687466621399e-01 8.789316564798355103e-02 -1.162388473749160767e-01 -2.070487942546606064e-03 4.311245307326316833e-02 -4.880333319306373596e-02 4.716333001852035522e-02 1.423342376947402954e-01 -5.911613255739212036e-02 8.031368255615234375e-02 -6.155690550804138184e-02 -6.626040488481521606e-02 -4.047872498631477356e-03 3.177672997117042542e-02 -3.480402007699012756e-02 -5.039684846997261047e-02 -5.553043447434902191e-03 4.084867984056472778e-02 -1.796132698655128479e-02 -1.100851595401763916e-02 -3.464737907052040100e-02 4.042484983801841736e-02 -4.820944741368293762e-02 3.610362485051155090e-02 -1.494650449603796005e-02 5.070859938859939575e-02 -1.107211187481880188e-01 5.100446566939353943e-02 4.901474714279174805e-02 -1.839400827884674072e-02 8.161635696887969971e-02 3.431873023509979248e-02 -6.836158037185668945e-02 -1.016305908560752869e-01 8.351301401853561401e-02 1.711370795965194702e-02 -3.487297147512435913e-02 -8.069427311420440674e-02 7.717832177877426147e-02 5.963091272860765457e-03 -3.009987063705921173e-03 1.602606475353240967e-02 2.204637974500656128e-03 -1.211033668369054794e-02 7.260973006486892700e-02
1.112718433141708374e-01 4.949489980936050415e-02 6.094495579600334167e-02 -6.217522174119949341e-02 8.388561010360717773e-02 -9.533937275409698486e-02 -2.980930916965007782e-02 9.450931102037429810e-02 5.604583397507667542e-02 -2.399012632668018341e-02 -1.371275447309017181e-02 6.213499605655670166e-02 -1.671108417212963104e-02 -2.543317526578903198e-02 8.292317390441894531e-02 2.840853668749332428e-02 1.990928314626216888e-02 -5.743554607033729553e-02 -1.096223667263984680e-01 1.053498014807701111e-01 -2.241593971848487854e-02 -7.124646008014678955e-02 7.503448426723480225e-02 -5.539334844797849655e-03 6.967505812644958496e-02 -1.875936798751354218e-02 5.314697697758674622e-02 1.089333295822143555e-01 3.830130025744438171e-02 -1.603252626955509186e-02 2.834798581898212433e-02 -6.006407365202903748e-02 -6.294768303632736206e-02 -5.300659686326980591e-02 5.309350788593292236e-02 8.908696472644805908e-02 -3.916746377944946289e-02 -4.413305968046188354e-02 -4.574589896947145462e-03 -8.851203322410583496e-02 -2.157151512801647186e-02 -2.872745878994464874e-02 -1.043207272887229919e-01 -7.749604433774948120e-02 -8.433546125888824463e-02 -8.427154272794723511e-02 -9.343622624874114990e-02 -9.241916239261627197e-03 -2.574422210454940796e-02 -7.280419021844863892e-02 -2.021256089210510254e-02 -9.135822951793670654e-02 1.835754956118762493e-03 5.387294292449951172e-02 2.907337248325347900e-02 -6.529571115970611572e-02 4.562023282051086426e-02 -7.976335287094116211e-02 -1.928768819198012352e-03 1.106157340109348297e-02 4.834345076233148575e-03 7.612720876932144165e-02 8.507895469665527344e-02 -5.669492483139038086e-02 -5.542300641536712646e-02 -7.464537769556045532e-02 -1.537543348968029022e-02 3.108069859445095062e-02 8.090528845787048340e-02 -1.415142230689525604e-02 4.998010396957397461e-02 3.234567493200302124e-02 -4.210430011153221130e-02 -3.443159535527229309e-02 1.373175531625747681e-02 -6.296912580728530884e-02 -2.804350852966308594e-02 1.548547949641942978e-02 1.017186604440212250e-02 -7.280596345663070679e-02 3.803020343184471130e-03 2.589012123644351959e-02 2.254498377442359924e-02 -4.300374537706375122e-02 -3.952996805310249329e-02 1.813094317913055420e-02 -7.023724727332592010e-03 8.792992681264877319e-02 2.264123596251010895e-02 -6.104543432593345642e-02 -4.241390898823738098e-02 -7.012003101408481598e-03 -1.733430847525596619e-02 9.483950585126876831e-02 -2.955081313848495483e-02 -3.986927121877670288e-02 -2.733408659696578979e-02 -8.295418322086334229e-02 -1.274935305118560791e-01 -8.800292760133743286e-02
-4.489825293421745300e-02 -7.094636559486389160e-02 1.309696882963180542e-01 -9.760057181119918823e-02 -1.923599280416965485e-02 6.482457974925637245e-04 -9.368150681257247925e-02 2.889006398618221283e-02 -1.010370533913373947e-02 -9.440216422080993652e-02 -1.537792235612869263e-01 -1.092502623796463013e-01 -6.135468930006027222e-02 1.286844313144683838e-01 -4.706628620624542236e-02 -1.092100236564874649e-02 8.570715039968490601e-02 -1.924775987863540649e-01 -5.243603885173797607e-02 7.028651237487792969e-02 1.047002226114273071e-01 1.394891738891601562e-01 1.906041949987411499e-01 7.511179149150848389e-02 -5.959772318601608276e-02 6.545862555503845215e-02 -6.486231833696365356e-02 5.514570325613021851e-02 6.542385369539260864e-02 -1.597446203231811523e-01 -8.073674142360687256e-02 7.245745509862899780e-02 5.468852352350950241e-03 -2.659701928496360779e-02 1.845698505640029907e-01 -2.330813556909561157e-02 -1.437778770923614502e-01 -8.265944570302963257e-02 -1.217796877026557922e-01 -5.425881594419479370e-02 1.432742625474929810e-01 -1.550209075212478638e-01 -1.001194044947624207e-01 9.029075503349304199e-02 -8.027859032154083252e-02 -1.717005670070648193e-01 7.680109143257141113e-02 -1.293291896581649780e-01 -4.395278915762901306e-02 -2.218669801950454712e-01 1.595112234354019165e-01 -1.835440844297409058e-01 1.086440458893775940e-01 4.822004586458206177e-02 3.869355097413063049e-02 -8.757092989981174469e-03 -7.154122740030288696e-02 -7.575114816427230835e-02 -5.738800764083862305e-02 5.021060258150100708e-02 -2.429552972316741943e-01 -3.120089322328567505e-02 -1.832540482282638550e-01 1.745565794408321381e-02 6.808050721883773804e-02 -1.773291528224945068e-01 1.713875830173492432e-01 -2.767162770032882690e-02 1.609425060451030731e-02 -1.433118581771850586e-01 1.808840781450271606e-02 -1.028987113386392593e-02 -9.730653464794158936e-02 4.009031876921653748e-02 -2.237988114356994629e-01 -5.571297928690910339e-02 -9.934251010417938232e-02 -5.769074428826570511e-03 -2.284525036811828613e-01 1.931697688996791840e-02 -9.758909046649932861e-02 6.764123216271400452e-03 1.493005547672510147e-02 2.428847830742597580e-03 -1.800141297280788422e-02 9.660438448190689087e-02 2.323383465409278870e-02 1.005328968167304993e-01 -1.062291264533996582e-01 1.268614083528518677e-01 -6.990956515073776245e-02 -1.115176230669021606e-01 3.415367007255554199e-02 -2.341863699257373810e-02 -1.313276123255491257e-02 6.453032791614532471e-02 1.505656838417053223e-01 2.550733387470245361e-01 -2.797467634081840515e-02 -6.238756701350212097e-02
-1.097385361790657043e-01 1.007495913654565811e-02 5.630160495638847351e-02 1.852041929960250854e-01 9.511990100145339966e-02 1.856636069715023041e-02 -1.444018259644508362e-02 1.317781358957290649e-01 -1.901024207472801208e-02 -6.252993363887071609e-03 2.831118181347846985e-02 2.722613885998725891e-02 -1.048097014427185059e-01 8.567501790821552277e-03 -1.445350497961044312e-01 2.025783620774745941e-02 9.327574819326400757e-02 3.690119832754135132e-02 4.102651402354240417e-02 -3.683578595519065857e-02 1.164667904376983643e-01 1.264501661062240601e-01 1.002089828252792358e-01 4.760155081748962402e-02 1.380344331264495850e-01 -2.850083075463771820e-02 -6.642990559339523315e-02 -5.180440843105316162e-03 -2.962547726929187775e-02 -1.510341744869947433e-02 1.172789111733436584e-01 3.106822259724140167e-02 -1.936922036111354828e-02 -4.196925833821296692e-02 4.431597143411636353e-02 -5.513431504368782043e-02 -8.880680054426193237e-02 -4.234875366091728210e-02 -1.994016766548156738e-01 -5.363806709647178650e-02 -5.032131075859069824e-02 -7.870048284530639648e-02 -1.129233837127685547e-01 1.304155588150024414e-01 -1.104303970932960510e-01 -1.036046724766492844e-02 6.539160758256912231e-02 -1.655993163585662842e-01 1.751520298421382904e-02 -3.027107566595077515e-02 -1.228038296103477478e-01 -5.919633433222770691e-02 -1.677465252578258514e-02 8.618322014808654785e-02 8.545777946710586548e-02 -2.978679351508617401e-02 -3.824542835354804993e-02 -1.756435483694076538e-01 -1.342774331569671631e-01 7.239079475402832031e-02 -7.975813746452331543e-02 -1.153636053204536438e-01 7.810501754283905029e-02 1.373254042118787766e-02 2.885751053690910339e-02 1.285196244716644287e-01 3.292612731456756592e-02 1.228295862674713135e-01 1.513154357671737671e-01 -2.575299330055713654e-02 -7.772444188594818115e-02 -7.297337055206298828e-02 -2.177426405251026154e-02 1.559024751186370850e-01 -1.252386420965194702e-01 1.046560611575841904e-02 -6.104516237974166870e-02 5.671615898609161377e-02 1.599723356775939465e-03 1.664899289608001709e-01 -1.484957486391067505e-01 9.898164123296737671e-02 5.257246643304824829e-02 1.139278933405876160e-01 -4.877017438411712646e-02 9.325909614562988281e-02 9.608501195907592773e-02 -2.801724709570407867e-02 -2.752788737416267395e-02 2.929443307220935822e-02 4.708429053425788879e-02 1.640312187373638153e-02 6.705956161022186279e-02 -8.667115122079849243e-02 -6.244555488228797913e-02 -9.962838888168334961e-02 -3.947686403989791870e-02 8.729013614356517792e-03 1.319776475429534912e-01 -4.877772182226181030e-02
-8.141805231571197510e-02 -4.594754055142402649e-02 -1.283575035631656647e-02 -4.946858808398246765e-02 -6.211412325501441956e-02 2.278609015047550201e-02 9.074583649635314941e-02 -1.022688578814268112e-02 1.105231493711471558e-01 9.653001278638839722e-02 2.433880604803562164e-02 -9.015764296054840088e-02 -5.902332067489624023e-02 9.525359421968460083e-02 4.001680761575698853e-02 -8.395346999168395996e-02 7.456694543361663818e-02 -9.453518688678741455e-02 7.337112724781036377e-02 -1.061125695705413818e-01 -4.659244045615196228e-02 2.979290671646595001e-02 -5.368652567267417908e-02 -6.669446825981140137e-02 9.187904000282287598e-02 7.371771335601806641e-02 -2.480529062449932098e-02 -9.299731999635696411e-02 9.433805942535400391e-03 -7.342671602964401245e-02 -2.262415364384651184e-02 -2.760259434580802917e-02 3.516460210084915161e-02 -3.485764563083648682e-02 9.323725104331970215e-02 -6.208870559930801392e-02 -4.471471533179283142e-02 -2.724883891642093658e-02 4.269612953066825867e-02 -6.438519060611724854e-02 6.480189412832260132e-02 5.840423330664634705e-02 -1.469365656375885010e-01 -8.817309141159057617e-02 -6.680264323949813843e-02 -1.211950257420539856e-01 3.609392419457435608e-02 -1.111016646027565002e-01 9.739636629819869995e-02 -1.080619990825653076e-01 -1.649169772863388062e-01 6.885074824094772339e-02 -6.690452247858047485e-02 -7.645938545465469360e-02 -6.757314503192901611e-02 -1.208622604608535767e-01 -1.059738472104072571e-01 -9.415413439273834229e-02 4.129507765173912048e-02 6.861117482185363770e-02 -7.974140346050262451e-02 -2.721690945327281952e-02 -2.830886282026767731e-03 2.745319902896881104e-02 -5.792456213384866714e-03 -3.455314319580793381e-03 -8.476500213146209717e-02 1.206380221992731094e-02 -3.198190405964851379e-02 -5.908922478556632996e-02 -6.105347722768783569e-02 -3.446430712938308716e-02 6.979207694530487061e-02 -8.481738716363906860e-02 1.776567776687443256e-03 -5.175932869315147400e-02 3.516821563243865967e-02 7.610625773668289185e-02 8.219924569129943848e-02 -3.889243677258491516e-02 -2.869538404047489166e-02 3.220936655998229980e-02 3.974222391843795776e-02 9.298088401556015015e-02 4.920044913887977600e-02 -6.362545490264892578e-02 2.972646057605743408e-02 5.688020586967468262e-02 3.644656017422676086e-02 -2.348342351615428925e-02 1.797871477901935577e-02 -6.150119472295045853e-03 -2.513446472585201263e-02 5.481451749801635742e-03 9.011713415384292603e-02 5.540285259485244751e-02 1.771951653063297272e-02 3.585506975650787354e-02 3.897250816226005554e-02 -3.393030725419521332e-03
