-8.308570832014083862e-02 -1.075338795781135559e-01 -3.799813985824584961e-02 -9.188391268253326416e-02 -3.973614424467086792e-03 2.054584771394729614e-02 9.554834663867950439e-02 1.712957210838794708e-02 8.815905451774597168e-02 1.455206423997879028e-01 -4.786321893334388733e-02 -1.375969946384429932e-01 -7.488909363746643066e-02 6.932011246681213379e-02 6.298538297414779663e-02 2.752408012747764587e-02 -2.756896428763866425e-03 -9.336661547422409058e-03 -7.082302868366241455e-02 -7.859825342893600464e-02 -5.715332925319671631e-02 7.257781922817230225e-02 -3.998643159866333008e-02 -4.634494706988334656e-02 -1.227679401636123657e-01 -3.022260032594203949e-03 1.287697255611419678e-02 6.413512676954269409e-02 -8.384486287832260132e-02 -2.129884622991085052e-02 5.024923756718635559e-02 -5.421193689107894897e-02 -4.564879834651947021e-02 -1.313531547784805298e-01 2.031279727816581726e-03 -2.155457064509391785e-02 2.001142874360084534e-02 -2.337135933339595795e-02 9.586495906114578247e-02 -1.364091224968433380e-02 3.880535066127777100e-02 7.891256362199783325e-02 -4.007014632225036621e-02 4.384605959057807922e-02 -1.188307479023933411e-01 -6.705742329359054565e-02 -6.008634716272354126e-02 7.546862959861755371e-02 4.811220616102218628e-02 1.243403777480125427e-01 1.383698433637619019e-01 -1.014563739299774170e-01 1.175475791096687317e-01 -1.611637882888317108e-02 -1.678590080700814724e-03 -7.406302541494369507e-02 8.975583314895629883e-02 6.633269041776657104e-02 5.004679784178733826e-03 4.872502386569976807e-02 -1.221094503998756409e-01 7.236105203628540039e-02 4.796531423926353455e-02 4.554590955376625061e-02 -9.716479107737541199e-03 2.681775577366352081e-02 6.965507753193378448e-03 -1.445129066705703735e-01 5.625585466623306274e-02 4.098172858357429504e-02 -5.698273889720439911e-03 -9.090170264244079590e-02 8.428322151303291321e-03 1.913675107061862946e-02 -9.784479625523090363e-03 4.184144735336303711e-02 -3.725931793451309204e-02 3.866144269704818726e-02 -6.181059777736663818e-02 6.741159409284591675e-02 -6.206757575273513794e-02 5.221363529562950134e-02 -9.543224424123764038e-02 4.486785456538200378e-02 -7.411096990108489990e-02 -5.661645159125328064e-02 8.242548443377017975e-03 5.131946876645088196e-02 -2.197957411408424377e-02 3.176891431212425232e-02 -7.362630963325500488e-02 6.928662955760955811e-02 -2.659365348517894745e-02 8.794464170932769775e-02 -4.807862278539687395e-04 3.764570504426956177e-02 8.555204421281814575e-02 1.502007246017456055e-01 -5.442506819963455200e-02 2.390245534479618073e-02
-5.702899768948554993e-02 -7.842666655778884888e-02 -3.421438485383987427e-02 7.388483732938766479e-02 5.194916389882564545e-03 -2.636618725955486298e-02 -1.200535818934440613e-01 1.061069592833518982e-01 -1.156415138393640518e-02 -1.388895660638809204e-01 2.945271134376525879e-02 4.727643728256225586e-02 -1.084900200366973877e-01 1.641743443906307220e-02 1.281641870737075806e-01 -6.705458462238311768e-02 -6.437945412471890450e-04 -1.767790503799915314e-02 2.729193493723869324e-02 -1.364015974104404449e-02 -6.365469843149185181e-02 -1.173277869820594788e-01 -6.544432044029235840e-02 -1.435194462537765503e-01 5.499202758073806763e-02 -4.264834523200988770e-02 7.361475378274917603e-02 -1.315503865480422974e-01 3.841758146882057190e-02 -1.496822983026504517e-01 1.238993853330612183e-01 3.031691350042819977e-02 5.855709686875343323e-02 -1.254608184099197388e-01 -2.225631289184093475e-02 -1.589987426996231079e-02 5.683025717735290527e-02 2.790960669517517090e-02 3.526575118303298950e-02 1.651835441589355469e-01 -8.645566552877426147e-02 5.539536476135253906e-02 -1.310723721981048584e-01 4.579847678542137146e-03 -1.450642477720975876e-03 -1.215471234172582626e-02 1.102993413805961609e-01 3.382484614849090576e-02 2.150127198547124863e-03 8.270218223333358765e-02 -3.695687279105186462e-03 4.443160817027091980e-02 8.005160838365554810e-02 7.430481910705566406e-02 9.290410578250885010e-02 2.814105711877346039e-02 -4.981617256999015808e-02 7.103592902421951294e-02 -9.919699281454086304e-02 -9.892377071082592010e-03 -1.848701387643814087e-02 -5.910738185048103333e-02 -1.607868969440460205e-01 -1.146631501615047455e-02 9.261445142328739166e-03 -2.057367004454135895e-02 5.430392548441886902e-02 3.764221072196960449e-02 6.279062479734420776e-02 2.264940738677978516e-02 5.484692379832267761e-02 3.550905361771583557e-02 6.395873427391052246e-02 -9.179618209600448608e-03 4.545065760612487793e-02 -2.880686521530151367e-02 -2.814313769340515137e-02 6.739702820777893066e-02 6.324685364961624146e-02 8.505133539438247681e-02 2.612373419106006622e-02 -8.444481343030929565e-02 -9.787468612194061279e-02 -2.277099154889583588e-02 2.409415319561958313e-02 1.120539680123329163e-01 4.640631377696990967e-03 -5.730762332677841187e-02 -6.899722665548324585e-02 -1.496504060924053192e-02 -1.101201772689819336e-01 3.778034448623657227e-02 1.543622016906738281e-01 -5.245967954397201538e-02 1.149035766720771790e-01 -1.248909384012222290e-01 -3.488997370004653931e-02 -2.895332872867584229e-02 -5.077021196484565735e-02 -2.647724375128746033e-02
2.994646690785884857e-02 1.099484413862228394e-01 2.176483348011970520e-02 -2.078696154057979584e-02 -2.167269587516784668e-02 3.822862356901168823e-02 1.482561882585287094e-02 -2.625590004026889801e-02 2.645878307521343231e-02 2.407931350171566010e-02 1.117682904005050659e-01 5.216510593891143799e-02 6.723195780068635941e-03 1.620319858193397522e-02 1.020659785717725754e-02 -5.287328734993934631e-02 9.747837483882904053e-02 -6.059640645980834961e-02 -2.309078536927700043e-02 -1.358279585838317871e-02 4.907118156552314758e-02 8.614242821931838989e-02 -1.066142842173576355e-01 -3.049356862902641296e-02 6.734716240316629410e-03 -9.622601419687271118e-02 4.175842553377151489e-02 1.943048834800720215e-02 -2.151365764439105988e-02 6.387321650981903076e-02 -4.559117183089256287e-02 -3.380190208554267883e-02 6.440765410661697388e-02 1.370325032621622086e-02 -7.745053619146347046e-02 -9.691534191370010376e-02 -3.661644179373979568e-03 1.425359281711280346e-03 -3.773566335439682007e-02 -7.714176923036575317e-02 -8.113313466310501099e-03 9.114816039800643921e-02 -5.728626623749732971e-03 3.857659548521041870e-02 -1.006317958235740662e-01 -1.503389142453670502e-02 2.916748868301510811e-03 -5.070396140217781067e-02 -8.085565059445798397e-05 1.705235801637172699e-02 4.276400431990623474e-02 8.676332235336303711e-02 -3.465800732374191284e-02 -3.062121756374835968e-02 2.187431231141090393e-02 2.149282954633235931e-03 6.649800390005111694e-02 -4.168236628174781799e-02 1.585630327463150024e-01 -5.672512110322713852e-03 4.322995245456695557e-02 -5.140463262796401978e-02 -2.410509251058101654e-02 2.057752385735511780e-02 -1.282794028520584106e-01 5.880729109048843384e-02 9.380362182855606079e-02 4.255811497569084167e-02 -3.362369164824485779e-02 -1.015196144580841064e-01 1.600721850991249084e-02 -8.060412853956222534e-02 7.119811326265335083e-02 4.955054074525833130e-02 3.531365841627120972e-02 3.876564651727676392e-02 -1.347995996475219727e-01 7.191070914268493652e-02 6.329660862684249878e-02 -1.812255568802356720e-02 -3.355632349848747253e-02 -1.530408672988414764e-02 5.759203433990478516e-02 1.072370037436485291e-01 7.818585634231567383e-02 -1.153848096728324890e-01 5.511032044887542725e-02 5.213584378361701965e-02 9.379698336124420166e-02 4.746308922767639160e-02 2.677753753960132599e-02 2.187456376850605011e-02 -9.048570692539215088e-02 4.262699186801910400e-02 -6.869863718748092651e-02 -4.368392378091812134e-02 3.715788200497627258e-02 1.023560538887977600e-01 -8.849541842937469482e-02 1.153626665472984314e-01
-2.860800549387931824e-02 -1.174680069088935852e-01 3.669940307736396790e-02 -4.522513225674629211e-02 1.214384362101554871e-01 9.358721785247325897e-03 4.166880249977111816e-02 -8.386424183845520020e-02 4.402164369821548462e-02 1.189291700720787048e-01 6.393750756978988647e-02 3.712292015552520752e-02 -5.373397842049598694e-02 5.747628211975097656e-02 1.051497384905815125e-01 -3.776877000927925110e-02 -4.153946414589881897e-02 -4.991107434034347534e-02 -4.886272922158241272e-02 2.381181577220559120e-03 4.315619915723800659e-02 1.415809541940689087e-01 5.348202958703041077e-02 -5.336143076419830322e-02 -8.065263926982879639e-02 6.762295216321945190e-02 8.951394818723201752e-03 9.649684280157089233e-02 3.834233433008193970e-02 -1.786603592336177826e-02 -7.832226902246475220e-02 6.329484283924102783e-02 1.373582035303115845e-01 -6.636269390583038330e-02 -6.027574837207794189e-02 1.250320076942443848e-01 -1.086567118763923645e-01 -2.701731771230697632e-02 9.008231014013290405e-02 -3.233124315738677979e-02 -8.123072236776351929e-02 -4.779622331261634827e-02 -4.527594149112701416e-02 3.238010406494140625e-02 7.604312031617155299e-06 -2.366293407976627350e-02 -5.208013206720352173e-02 1.046074032783508301e-01 -1.351730525493621826e-02 7.984713464975357056e-02 -3.200088441371917725e-02 6.934399157762527466e-02 7.170157879590988159e-02 4.367620125412940979e-02 4.948665201663970947e-02 1.904357783496379852e-02 6.332067400217056274e-02 1.388204395771026611e-01 2.699457295238971710e-02 -2.530428208410739899e-02 4.376836121082305908e-02 1.200132654048502445e-03 1.062417626380920410e-01 -1.476498842239379883e-01 3.183273598551750183e-02 1.764478385448455811e-01 -6.160452589392662048e-02 4.837932065129280090e-02 3.847173601388931274e-02 3.451546654105186462e-02 4.667973890900611877e-02 8.528663218021392822e-02 1.267600059509277344e-01 -7.138925790786743164e-02 -5.326117575168609619e-02 -1.567774079740047455e-02 2.020180970430374146e-02 5.693640187382698059e-02 1.381765753030776978e-01 6.975848227739334106e-02 -1.006950736045837402e-01 -6.783498823642730713e-02 -1.753496378660202026e-02 3.688989963848143816e-04 -1.298016756772994995e-01 -1.726977154612541199e-02 2.481558732688426971e-02 -6.600561738014221191e-02 -8.303283154964447021e-02 2.608377672731876373e-02 -7.521944493055343628e-02 2.201871480792760849e-03 5.577923357486724854e-02 9.937343001365661621e-02 -5.471420288085937500e-02 1.182033792138099670e-01 9.259331971406936646e-02 6.632828712463378906e-02 -6.076380982995033264e-02 6.300739943981170654e-02
-8.932653814554214478e-02 -1.279225200414657593e-01 1.704591065645217896e-01 3.386851027607917786e-02 -1.536088287830352783e-01 1.275644451379776001e-02 -1.178483143448829651e-01 -2.368559216847643256e-04 -3.542046248912811279e-02 -1.102788075804710388e-01 -9.894912689924240112e-02 -4.561095312237739563e-02 8.366225659847259521e-02 -1.061458513140678406e-01 -4.425869882106781006e-02 -5.730811040848493576e-03 -1.238745599985122681e-01 2.505732700228691101e-02 8.406960219144821167e-02 1.131917387247085571e-01 -9.378509223461151123e-02 4.059391468763351440e-02 6.187161896377801895e-03 1.876277029514312744e-01 -1.758783310651779175e-02 -1.106628626585006714e-01 -7.457715459167957306e-03 4.657237604260444641e-02 -3.691680729389190674e-02 6.465151906013488770e-02 8.498188853263854980e-02 8.475507795810699463e-02 -1.593496836721897125e-02 5.897796526551246643e-02 5.809119716286659241e-02 -3.052956797182559967e-02 1.268042773008346558e-01 -9.463444352149963379e-03 4.120611399412155151e-02 1.055774614214897156e-01 6.332451105117797852e-02 5.712781101465225220e-02 -3.139033913612365723e-02 -8.160232566297054291e-03 1.188055495731532574e-03 -3.294040681794285774e-03 1.877677440643310547e-02 -7.806511968374252319e-02 -9.948436915874481201e-02 -1.341421306133270264e-01 -1.230202540755271912e-01 -1.570352166891098022e-01 -8.713758736848831177e-02 1.203525736927986145e-01 -1.923756115138530731e-02 -3.632465749979019165e-02 -1.411427557468414307e-01 -4.403667524456977844e-03 -1.665885150432586670e-01 -2.844913490116596222e-02 -9.452055394649505615e-02 -7.670444250106811523e-02 -1.200447902083396912e-01 1.342625021934509277e-01 3.332713991403579712e-02 -1.402369737625122070e-01 1.176539510488510132e-01 -3.029985353350639343e-02 4.239537194371223450e-02 -9.150355122983455658e-03 1.466538608074188232e-01 1.409899257123470306e-02 -1.283988356590270996e-01 1.694833301007747650e-02 -2.326822839677333832e-02 1.106069162487983704e-01 1.166038811206817627e-01 1.101028695702552795e-01 -4.315259307622909546e-02 -9.971141815185546875e-02 1.327079385519027710e-01 5.324772000312805176e-02 6.946305930614471436e-02 -8.348403126001358032e-02 4.444515332579612732e-03 5.116113647818565369e-02 -1.436099708080291748e-01 -1.388716548681259155e-01 1.185511797666549683e-01 3.596120281144976616e-03 1.395729184150695801e-01 1.892621815204620361e-02 -5.391359329223632812e-02 9.462242014706134796e-03 1.003862321376800537e-01 -2.434122748672962189e-02 -4.373335465788841248e-02 -1.513805687427520752e-01 7.057156413793563843e-02 -2.088635042309761047e-02
-1.837789453566074371e-02 -3.400805965065956116e-02 4.914237186312675476e-02 -1.385354809463024139e-02 4.316380620002746582e-02 -8.444410562515258789e-02 -1.302724797278642654e-02 1.202001795172691345e-01 -1.160311996936798096e-01 -1.398537028580904007e-02 -8.780963718891143799e-02 -5.470869317650794983e-02 -1.023647114634513855e-01 -3.642201796174049377e-02 -7.129962742328643799e-02 1.243399805389344692e-03 -7.412818074226379395e-02 7.719864137470722198e-03 -3.572189807891845703e-02 1.169505789875984192e-01 -1.092443317174911499e-01 -3.464703634381294250e-02 1.100758835673332214e-01 5.709479004144668579e-02 2.607475593686103821e-02 -5.990605056285858154e-02 8.873955160379409790e-02 7.003114093095064163e-03 -8.775467984378337860e-03 -3.505742922425270081e-02 8.114695549011230469e-02 -6.073639169335365295e-02 -7.299962639808654785e-02 -1.544925104826688766e-02 -1.028646994382143021e-02 7.709043473005294800e-02 -9.273615665733814240e-03 4.846652504056692123e-03 3.229566663503646851e-02 1.457604765892028809e-01 1.006517335772514343e-01 -3.932619094848632812e-02 6.485328078269958496e-02 -1.048107221722602844e-01 5.140155553817749023e-02 -1.876569353044033051e-02 6.687638163566589355e-02 -5.879537388682365417e-02 -2.345310058444738388e-03 -1.356522440910339355e-01 -9.006915241479873657e-02 -1.159234866499900818e-01 -1.073312237858772278e-01 -2.781384997069835663e-02 1.753291785717010498e-01 2.552318014204502106e-02 -4.392269626259803772e-02 -1.373917460441589355e-01 -1.783344596624374390e-01 2.641343511641025543e-02 -8.401630818843841553e-02 -1.210236623883247375e-01 -1.968954503536224365e-02 4.324566572904586792e-03 -4.045657441020011902e-02 -1.733994483947753906e-02 -1.850982569158077240e-02 -3.842223808169364929e-02 1.199875771999359131e-01 1.287542879581451416e-01 3.493648394942283630e-02 -4.507252201437950134e-02 -1.346942335367202759e-01 7.900752872228622437e-02 1.058778986334800720e-01 -6.754069775342941284e-02 5.153654888272285461e-02 8.421513438224792480e-02 2.274472825229167938e-02 -7.350926101207733154e-02 9.999959915876388550e-02 1.405428797006607056e-01 -5.025624111294746399e-02 -1.080094277858734131e-01 2.184429764747619629e-02 1.870697587728500366e-01 -3.462257981300354004e-02 6.488829106092453003e-02 -9.271270595490932465e-03 -2.180027030408382416e-02 7.926392555236816406e-02 -1.083125025033950806e-01 6.210881099104881287e-02 -5.422475561499595642e-02 5.489211156964302063e-02 -9.189552813768386841e-02 1.898325979709625244e-02 -4.920044913887977600e-02 3.268039599061012268e-02 -8.329305052757263184e-02
1.083257198333740234e-01 -7.450678199529647827e-02 1.457683276385068893e-02 2.336247824132442474e-02 4.880013316869735718e-02 3.814529255032539368e-02 -4.037358798086643219e-03 8.071024902164936066e-03 -5.983470752835273743e-02 8.318828791379928589e-02 1.070278808474540710e-01 5.552541092038154602e-02 -3.287379443645477295e-02 4.735703393816947937e-02 2.368959225714206696e-02 6.680551171302795410e-02 8.160538971424102783e-02 -5.639507621526718140e-02 6.456974148750305176e-02 -7.961153239011764526e-02 1.229826081544160843e-02 1.101762801408767700e-01 -6.997277587652206421e-02 4.106983542442321777e-02 -4.402114450931549072e-02 -2.350610308349132538e-02 -4.913607612252235413e-02 1.315638329833745956e-02 -1.416853815317153931e-02 -9.313371032476425171e-02 8.338903635740280151e-02 -3.993982821702957153e-02 4.017692804336547852e-02 -2.796874567866325378e-02 5.770920589566230774e-02 8.317345380783081055e-02 -4.287379980087280273e-02 7.007634639739990234e-02 2.373827248811721802e-02 -6.405603885650634766e-02 -7.553952932357788086e-02 -6.563029438257217407e-02 -9.195247292518615723e-02 -1.515043079853057861e-01 -4.724947363138198853e-02 -3.840344259515404701e-03 -6.391167640686035156e-02 1.012804582715034485e-01 -6.621714681386947632e-03 -8.514893054962158203e-02 4.581382498145103455e-02 -4.710217565298080444e-02 2.892022021114826202e-02 1.213228236883878708e-02 -4.842786863446235657e-02 -7.803807407617568970e-02 -1.020300686359405518e-01 -5.823794379830360413e-02 -5.306488648056983948e-02 -2.790153259411454201e-03 -1.621278673410415649e-01 1.014776080846786499e-01 2.222402766346931458e-02 -2.778991311788558960e-02 -6.959653645753860474e-02 2.270762063562870026e-02 -1.288274526596069336e-01 9.756275266408920288e-02 4.535755515098571777e-02 -4.260016232728958130e-02 2.549140527844429016e-02 3.300312906503677368e-02 -2.611720748245716095e-02 7.717482745647430420e-02 5.339276045560836792e-02 1.873702928423881531e-02 -4.431588947772979736e-02 -6.841097772121429443e-02 5.444250255823135376e-02 -4.354947805404663086e-02 3.195346519351005554e-02 1.130993440747261047e-01 -9.920257143676280975e-03 -8.841268718242645264e-02 7.546629756689071655e-02 -2.939860709011554718e-02 -7.132689654827117920e-02 -8.230501413345336914e-02 -1.353562027215957642e-01 -6.759841740131378174e-02 -4.786138609051704407e-02 -7.951117306947708130e-02 -3.955773264169692993e-02 1.092374324798583984e-01 5.822544172406196594e-02 1.033870875835418701e-01 8.648746460676193237e-02 2.953209681436419487e-03 5.948580428957939148e-02 -3.523903712630271912e-02
1.480733305215835571e-01 3.983427584171295166e-02 -1.632745265960693359e-01 2.720884419977664948e-02 1.032595038414001465e-01 -2.518817083910107613e-03 3.342697396874427795e-02 -1.975857652723789215e-02 -9.425178170204162598e-02 1.431829780340194702e-01 1.835938692092895508e-01 -6.056487187743186951e-02 -2.298160642385482788e-02 7.047168165445327759e-02 2.889728732407093048e-02 1.049658060073852539e-01 -1.306087709963321686e-02 -4.611739143729209900e-02 -1.577129215002059937e-01 -8.191915601491928101e-02 1.925880461931228638e-02 6.258827634155750275e-03 -7.138509303331375122e-02 -4.284781962633132935e-02 -2.036070264875888824e-02 -3.988639218732714653e-04 -8.032261580228805542e-02 3.254091367125511169e-02 -3.058285219594836235e-03 -8.301571011543273926e-02 -1.560136824846267700e-01 -9.918782114982604980e-02 7.494302093982696533e-02 -1.457823216915130615e-01 -5.521235987544059753e-02 1.268416196107864380e-01 -1.316039264202117920e-01 7.527483999729156494e-02 1.542874984443187714e-02 -8.833230286836624146e-02 4.651172086596488953e-02 -1.655171960592269897e-01 3.634971380233764648e-02 4.847413301467895508e-02 4.403305798768997192e-02 2.095316201448440552e-01 -6.838039308786392212e-02 1.921539157629013062e-01 4.105436149984598160e-03 1.074998229742050171e-01 1.972643584012985229e-01 -4.942178726196289062e-02 8.890102058649063110e-02 -4.052366688847541809e-02 2.669723471626639366e-03 1.859023794531822205e-02 6.644110381603240967e-02 1.945195496082305908e-01 1.754045113921165466e-02 -1.481582131236791611e-02 1.654856950044631958e-01 1.643458455801010132e-01 -1.017901450395584106e-01 -9.841252118349075317e-02 6.208140030503273010e-02 1.346860975027084351e-01 3.851000964641571045e-02 -1.588157266378402710e-01 -2.047649119049310684e-03 -7.069791853427886963e-02 -7.695086300373077393e-03 2.776563353836536407e-02 6.448303163051605225e-02 -2.658462338149547577e-02 -1.920107305049896240e-01 -5.218648165464401245e-02 -6.549564003944396973e-02 -1.649175137281417847e-01 -8.040967583656311035e-02 8.419913053512573242e-02 -2.762869745492935181e-02 -1.762583553791046143e-01 -1.672913134098052979e-01 -9.004459716379642487e-03 -1.620482951402664185e-01 9.354143589735031128e-02 1.562234610319137573e-01 2.237760722637176514e-01 -6.760927289724349976e-02 -4.821141436696052551e-02 -1.842781603336334229e-01 5.032994970679283142e-02 1.147460937500000000e-01 8.396214991807937622e-02 -3.369531780481338501e-02 -7.209111470729112625e-03 1.181106641888618469e-01 -6.605114904232323170e-04 -4.656232148408889771e-02 1.685052216053009033e-01
-4.014944657683372498e-02 -1.752147972583770752e-01 9.070803970098495483e-02 2.482438832521438599e-02 6.377212237566709518e-03 4.163066297769546509e-02 -1.349650137126445770e-02 4.696415271610021591e-03 3.687373828142881393e-03 -1.073991954326629639e-01 -1.983625441789627075e-02 5.457653105258941650e-02 7.808730751276016235e-02 -4.885105788707733154e-02 4.537146165966987610e-02 4.978927900083363056e-04 -4.106536507606506348e-02 -5.031578242778778076e-02 7.345118373632431030e-02 4.979635402560234070e-02 -1.736641675233840942e-02 -5.589870736002922058e-02 1.346143186092376709e-01 7.193458825349807739e-02 -5.827204883098602295e-02 -6.206116080284118652e-02 3.220822289586067200e-02 1.678640837781131268e-03 4.240934178233146667e-02 4.131158813834190369e-02 1.805081367492675781e-01 -4.339949041604995728e-02 -2.079984918236732483e-02 -1.143313851207494736e-02 9.129706770181655884e-02 4.828951880335807800e-02 9.484677016735076904e-02 4.530731122940778732e-03 -1.312398910522460938e-01 1.795912720263004303e-02 2.312436327338218689e-02 -1.030201837420463562e-01 -1.102708503603935242e-01 -1.487875282764434814e-01 -4.866882786154747009e-02 5.413150880485773087e-03 -2.790869399905204773e-02 1.034665573388338089e-02 1.814226061105728149e-02 -1.002731025218963623e-01 -1.002726852893829346e-01 -1.932593062520027161e-02 -9.481132030487060547e-02 -7.902076840400695801e-02 1.366612017154693604e-01 -7.114578038454055786e-02 1.861862465739250183e-02 -6.508058309555053711e-02 -5.532519891858100891e-02 2.699052542448043823e-02 -5.552455782890319824e-03 -1.051592361181974411e-02 -1.069781035184860229e-01 9.302544593811035156e-02 3.044538199901580811e-02 -5.127937719225883484e-02 5.959380418062210083e-02 3.679132089018821716e-02 7.370047271251678467e-02 -1.958899945020675659e-02 -2.922022948041558266e-03 2.712838910520076752e-02 9.798650862649083138e-04 3.793672472238540649e-02 5.464877933263778687e-03 1.508790068328380585e-02 1.186907961964607239e-01 7.229692302644252777e-03 1.797720231115818024e-02 -4.398689605295658112e-03 5.238539725542068481e-02 4.718137532472610474e-02 -4.549914598464965820e-02 -1.225599423050880432e-01 5.093675851821899414e-02 1.109626442193984985e-01 3.639331832528114319e-02 -6.205937266349792480e-02 -9.374723583459854126e-02 7.418122142553329468e-02 3.775436431169509888e-02 -1.059183180332183838e-01 4.764696583151817322e-02 -2.571823820471763611e-02 -1.233453163877129555e-03 1.647949032485485077e-02 -4.610890150070190430e-02 -1.216229721903800964e-01 -3.198729828000068665e-02 2.177580259740352631e-02
9.370511770248413086e-02 -3.345643356442451477e-02 3.374531865119934082e-02 4.825685918331146240e-02 -1.166048645973205566e-01 -3.651062026619911194e-02 -8.412043750286102295e-02 2.003058232367038727e-02 8.026587311178445816e-04 -9.022956341505050659e-02 2.841655723750591278e-02 -4.028600081801414490e-02 1.495369244366884232e-02 -6.467870622873306274e-02 -1.005364656448364258e-01 -7.041484117507934570e-02 5.172986537218093872e-02 5.193605273962020874e-02 6.265056133270263672e-02 1.084960326552391052e-01 -8.439734578132629395e-02 -6.885740906000137329e-02 -1.939875190146267414e-03 3.441982343792915344e-02 5.137620866298675537e-02 1.128901913762092590e-02 1.777070388197898865e-02 -1.256375163793563843e-01 -1.809119246900081635e-02 6.076011806726455688e-02 1.992196589708328247e-02 1.785387657582759857e-02 -1.160686090588569641e-01 -2.099086716771125793e-02 6.424130499362945557e-02 2.760527096688747406e-02 5.441968142986297607e-02 8.290949463844299316e-02 -1.044698730111122131e-01 3.634587302803993225e-02 -3.629282116889953613e-02 6.654880195856094360e-02 -7.934275269508361816e-02 -9.502793103456497192e-02 1.223930269479751587e-01 -4.430371522903442383e-02 3.820986300706863403e-02 6.419417262077331543e-02 -9.351918101310729980e-02 -1.019018366932868958e-01 3.191499039530754089e-02 3.485559299588203430e-02 -1.555449217557907104e-01 4.779558256268501282e-02 8.062075078487396240e-02 -6.027104333043098450e-02 -1.830055029131472111e-03 1.541573926806449890e-02 -1.360752154141664505e-02 2.336990460753440857e-02 -1.065663024783134460e-01 -5.576084181666374207e-02 4.781384021043777466e-03 8.061205595731735229e-02 2.091577276587486267e-02 -1.013955324888229370e-01 -3.285662084817886353e-02 9.028621017932891846e-02 2.286886423826217651e-02 5.368815362453460693e-02 5.508732423186302185e-02 -7.278369273990392685e-03 1.524141244590282440e-02 4.306582733988761902e-02 7.957360148429870605e-02 -8.844915777444839478e-03 4.197600856423377991e-02 3.074352070689201355e-02 6.074308231472969055e-02 -8.562744408845901489e-02 1.164094265550374985e-02 3.167819522786885500e-04 -3.315490856766700745e-02 3.015175648033618927e-02 -7.732230238616466522e-03 5.178896710276603699e-02 -7.533836364746093750e-02 -4.040350019931793213e-02 4.427330195903778076e-02 1.114730257540941238e-02 6.551532447338104248e-02 -7.505635172128677368e-02 -6.713438779115676880e-02 5.705965682864189148e-02 -3.071970306336879730e-02 -8.277158439159393311e-02 -3.186839446425437927e-02 -4.433689638972282410e-02 1.161117330193519592e-01 -9.350304305553436279e-02
-1.245837509632110596e-01 1.710365898907184601e-02 7.800967246294021606e-02 9.287496656179428101e-02 8.364277891814708710e-03 -1.359444111585617065e-01 1.115822978317737579e-02 8.159187273122370243e-04 5.977924913167953491e-03 4.795291752088814974e-04 -1.229727864265441895e-01 -9.059455990791320801e-02 8.097857236862182617e-02 4.209781438112258911e-02 -8.262502402067184448e-02 -6.716365460306406021e-03 -1.294279545545578003e-01 1.646303832530975342e-01 6.381541490554809570e-02 1.057057902216911316e-01 -2.492256090044975281e-02 -9.003156423568725586e-02 8.672779798507690430e-02 9.244605153799057007e-02 1.571680307388305664e-01 -6.747850030660629272e-02 4.576947167515754700e-02 -1.145133227109909058e-01 -4.954575002193450928e-02 1.810930110514163971e-02 4.476113244891166687e-02 3.481905907392501831e-02 -5.743983015418052673e-02 2.564645372331142426e-02 1.008087843656539917e-01 1.296892855316400528e-02 3.574113175272941589e-02 5.677788052707910538e-03 -5.798772349953651428e-02 5.978148803114891052e-02 3.061293996870517731e-02 6.632786989212036133e-02 1.015045214444398880e-02 -1.477372925728559494e-02 5.762674845755100250e-03 -4.643802717328071594e-02 -5.365824326872825623e-02 -1.151869744062423706e-01 1.031558774411678314e-02 -1.313055604696273804e-01 -8.489040657877922058e-03 -1.213468760251998901e-01 -4.744253680109977722e-02 6.229744851589202881e-02 -2.335651032626628876e-02 7.833343744277954102e-02 -7.824662327766418457e-02 -1.557951271533966064e-01 -1.299907267093658447e-01 3.894386067986488342e-02 -2.405286021530628204e-02 -1.320163253694772720e-02 3.481959179043769836e-02 1.255803108215332031e-01 -1.008824110031127930e-01 1.118837390094995499e-02 1.215007994323968887e-02 1.225512400269508362e-01 9.665280580520629883e-02 4.319489747285842896e-02 2.447389997541904449e-03 -4.679147526621818542e-02 -5.522426590323448181e-02 -5.395289883017539978e-02 -2.002158761024475098e-02 1.119329407811164856e-01 2.800770476460456848e-02 1.323544234037399292e-01 -3.060114383697509766e-02 -2.027942799031734467e-02 -2.852108702063560486e-02 1.531744897365570068e-01 1.053153723478317261e-01 -6.241839751601219177e-02 4.437730088829994202e-02 6.676454097032546997e-02 -2.361685503274202347e-03 -7.309272140264511108e-02 1.624268442392349243e-01 2.406993880867958069e-03 3.525832667946815491e-02 -1.639361679553985596e-01 -5.200691148638725281e-02 -1.481161336414515972e-03 -1.504474692046642303e-02 4.150488413870334625e-03 -1.217454206198453903e-02 -1.223533377051353455e-01 9.757240116596221924e-02 2.663136832416057587e-02
-1.517921034246683121e-02 1.401589512825012207e-01 -1.221933513879776001e-01 -1.665503829717636108e-01 9.006648510694503784e-02 -8.080036379396915436e-03 8.137977868318557739e-02 -9.293100237846374512e-02 9.769229590892791748e-02 2.597806788980960846e-02 4.194850474596023560e-02 -7.050202786922454834e-02 2.236641943454742432e-02 1.135622151196002960e-02 1.301596164703369141e-01 1.868787854909896851e-01 1.228349190205335617e-02 -3.816378116607666016e-02 -1.432896107435226440e-01 -1.344179064035415649e-01 5.021772906184196472e-02 1.375755369663238525e-01 -1.162524968385696411e-01 -5.143521726131439209e-02 5.076372995972633362e-03 4.502514749765396118e-02 -7.551190257072448730e-02 3.101906180381774902e-02 -2.449928037822246552e-02 5.714154615998268127e-02 -1.525498479604721069e-01 -5.891406908631324768e-03 2.881170995533466339e-02 2.221529558300971985e-02 1.896553486585617065e-02 -4.275531321763992310e-02 -5.413641035556793213e-02 -9.024841338396072388e-02 9.325650334358215332e-02 -2.307246066629886627e-02 -9.420232474803924561e-02 6.366221606731414795e-02 -2.924291975796222687e-02 3.523700311779975891e-02 -1.194357573986053467e-01 -9.990310668945312500e-02 -4.656787216663360596e-02 -2.456390485167503357e-02 1.551393717527389526e-01 1.197530254721641541e-01 5.714768171310424805e-02 -5.186795815825462341e-02 1.333185285329818726e-02 -1.097412430681288242e-03 -6.983878463506698608e-02 -6.797543168067932129e-02 4.765396192669868469e-02 1.054071784019470215e-01 6.588272750377655029e-02 -1.635181754827499390e-01 1.398002207279205322e-01 7.678358256816864014e-02 1.314095705747604370e-01 -1.117414534091949463e-01 -5.340195447206497192e-02 8.462516218423843384e-02 1.105083376169204712e-01 -9.007880836725234985e-02 -1.380884554237127304e-02 -1.297994405031204224e-01 -1.517963260412216187e-01 -5.284256860613822937e-02 6.902078539133071899e-02 -7.825727015733718872e-02 -5.749402195215225220e-02 5.976130813360214233e-02 -3.642786294221878052e-02 -8.357790857553482056e-02 -3.407907113432884216e-02 -5.054732784628868103e-02 -1.547978073358535767e-01 -3.233928605914115906e-02 -6.849532574415206909e-02 1.241667419672012329e-01 4.678589850664138794e-02 -9.110870957374572754e-02 -4.416213929653167725e-02 -2.245535142719745636e-02 -1.347421109676361084e-02 -3.922980651259422302e-02 -9.706980735063552856e-02 -3.303508565295487642e-04 -1.768929068930447102e-03 7.105410099029541016e-02 -1.458207070827484131e-01 1.186933144927024841e-01 4.675495624542236328e-02 1.080129016190767288e-02 -5.368720367550849915e-02 1.137363817542791367e-02
-8.526127785444259644e-02 -3.656571730971336365e-02 1.529975235462188721e-01 1.445296127349138260e-02 -8.702713251113891602e-02 -8.269005268812179565e-02 2.297009900212287903e-02 -4.244051873683929443e-02 4.088668525218963623e-02 -1.229216977953910828e-01 2.802271163091063499e-03 7.289896905422210693e-02 -9.032208472490310669e-02 -1.371900364756584167e-02 -1.172588299959897995e-02 -6.184349209070205688e-02 -2.135266922414302826e-02 1.178081408143043518e-01 -2.924442756921052933e-03 7.963113486766815186e-02 3.243233263492584229e-02 -7.618194818496704102e-02 -3.921443130820989609e-03 -4.430015385150909424e-02 -3.900868445634841919e-02 -5.675691738724708557e-02 7.964264601469039917e-02 1.071975057129748166e-04 8.810991048812866211e-02 -6.281686574220657349e-02 -2.782699652016162872e-03 -2.220854908227920532e-02 -1.055979430675506592e-01 8.663308620452880859e-02 9.054598212242126465e-02 6.518390774726867676e-02 1.442228406667709351e-01 -2.681459859013557434e-02 2.218265272676944733e-02 6.739537697285413742e-03 -2.934950031340122223e-02 1.651021465659141541e-02 3.863807395100593567e-02 -2.971017546951770782e-02 7.589236646890640259e-02 -7.446502801030874252e-03 1.348828198388218880e-03 4.602467641234397888e-03 -6.945165246725082397e-02 -1.268433183431625366e-01 1.335109956562519073e-02 7.912889122962951660e-02 -1.342473030090332031e-01 4.557276517152786255e-02 1.326070725917816162e-01 7.432835549116134644e-02 6.512092892080545425e-03 -9.071562439203262329e-02 -1.050894632935523987e-01 -2.176691405475139618e-02 -1.801924854516983032e-01 -4.449090734124183655e-02 -1.808794438838958740e-01 3.737559914588928223e-02 4.482690244913101196e-02 -6.341736763715744019e-02 -1.024764627218246460e-01 3.323185816407203674e-02 8.983786404132843018e-02 -1.953186281025409698e-02 -1.477041165344417095e-03 1.059241592884063721e-01 -7.795543968677520752e-02 2.646134421229362488e-02 1.357917906716465950e-03 6.019925698637962341e-02 8.636219054460525513e-02 2.313470840454101562e-02 -2.074196748435497284e-02 -8.811943978071212769e-02 -4.080267623066902161e-02 8.396486937999725342e-02 -9.701135568320751190e-03 -1.292302180081605911e-02 9.070326387882232666e-02 6.499089300632476807e-02 1.078261062502861023e-01 -6.028288975358009338e-02 2.825572527945041656e-02 -4.404746368527412415e-02 2.598646841943264008e-02 -1.304944604635238647e-01 8.515258878469467163e-02 -5.878639593720436096e-02 2.105183899402618408e-02 -1.304594725370407104e-01 -2.398237772285938263e-02 -1.399423182010650635e-01 -4.677155241370201111e-02 -1.509745866060256958e-01
-6.758822500705718994e-02 -1.733891367912292480e-01 1.209545955061912537e-01 1.401917189359664917e-01 5.540422163903713226e-03 -1.264623254537582397e-01 2.823528461158275604e-02 1.144910752773284912e-01 -1.237316709011793137e-02 -1.142190173268318176e-01 -1.316339522600173950e-01 -6.123668979853391647e-03 -8.515358716249465942e-02 4.942558705806732178e-02 -1.981515996158123016e-02 -1.608787104487419128e-02 -1.068457886576652527e-01 -6.341777741909027100e-02 -3.551660105586051941e-02 1.238988637924194336e-01 5.674990639090538025e-02 2.664652280509471893e-02 1.162356063723564148e-01 6.474688649177551270e-02 1.814866997301578522e-02 -1.523739006370306015e-02 -6.864880770444869995e-02 -3.221076726913452148e-02 3.138356655836105347e-02 -1.152935922145843506e-01 3.239461407065391541e-02 3.849024698138237000e-02 -1.750676194205880165e-03 8.479516953229904175e-02 -1.932373456656932831e-02 -6.975316256284713745e-02 1.242650821805000305e-01 -8.869925886392593384e-02 2.348062768578529358e-02 1.195921376347541809e-01 1.665013469755649567e-02 7.633808255195617676e-02 -9.461667388677597046e-03 -1.410931944847106934e-01 1.224403735250234604e-02 4.264417663216590881e-02 1.455925032496452332e-02 4.287629947066307068e-02 -7.794662564992904663e-02 -6.798388063907623291e-02 5.866303667426109314e-02 3.048542328178882599e-02 -1.013715192675590515e-01 6.459581851959228516e-02 1.200522109866142273e-01 -2.688047662377357483e-02 -9.812451899051666260e-02 -5.203217640519142151e-02 -1.161270886659622192e-01 -6.957949697971343994e-02 -4.950893297791481018e-02 -1.064965128898620605e-01 -5.333223193883895874e-02 7.478798180818557739e-02 5.059263203293085098e-03 -1.708999648690223694e-02 2.348020300269126892e-02 -1.950154639780521393e-02 -3.998680412769317627e-02 4.179415479302406311e-02 -3.957659006118774414e-02 1.888762973248958588e-02 -1.253226399421691895e-01 2.422447688877582550e-02 3.587474580854177475e-03 6.032723933458328247e-02 5.478527769446372986e-02 1.021994724869728088e-01 2.374661900103092194e-02 -6.703785806894302368e-02 4.430519475135952234e-04 -4.648463800549507141e-03 9.604180604219436646e-02 -8.971978724002838135e-02 -2.083400450646877289e-02 3.345353528857231140e-02 -6.723567377775907516e-03 8.465488255023956299e-02 -1.876583695411682129e-02 4.741505160927772522e-02 1.100138872861862183e-01 -1.090296804904937744e-01 4.875133186578750610e-02 4.337142407894134521e-02 9.845350682735443115e-02 7.124722003936767578e-03 -2.847510948777198792e-02 4.957757517695426941e-02 1.251093894243240356e-01 2.636393159627914429e-02
-1.181233301758766174e-01 -1.210729852318763733e-01 1.432032734155654907e-01 4.205343127250671387e-02 4.764163121581077576e-02 -2.468918077647686005e-02 -1.093754023313522339e-01 2.954888157546520233e-03 -6.047824770212173462e-02 3.057998977601528168e-02 -5.251125991344451904e-02 6.435251235961914062e-02 3.751347586512565613e-02 6.374511122703552246e-02 -4.112225025892257690e-02 -4.966691136360168457e-02 -5.966953188180923462e-02 3.974359482526779175e-02 1.010621562600135803e-01 8.514201641082763672e-02 -1.166990920901298523e-01 -6.404451280832290649e-02 3.777210041880607605e-02 -3.367424756288528442e-02 6.478632986545562744e-02 5.186176672577857971e-02 -5.900060385465621948e-02 -1.899315416812896729e-02 -6.551832705736160278e-02 -3.937571309506893158e-04 5.447810515761375427e-02 -3.578675165772438049e-02 1.484248228371143341e-02 -2.943814173340797424e-02 -7.322140038013458252e-03 -3.203178569674491882e-02 -2.811912260949611664e-02 -1.032464280724525452e-01 -7.344983518123626709e-02 4.975977167487144470e-02 1.069515347480773926e-01 1.140957400202751160e-01 8.025228232145309448e-02 -8.467792719602584839e-02 -1.636609062552452087e-02 -1.477581709623336792e-01 1.004272773861885071e-01 -6.360656023025512695e-02 -1.153962835669517517e-01 -9.906475991010665894e-02 -5.559534952044487000e-02 9.025019244290888309e-04 -4.521009325981140137e-02 6.920835375785827637e-02 -3.260777518153190613e-02 1.266934257000684738e-02 -1.408177912235260010e-01 -3.086133114993572235e-02 -1.815079152584075928e-01 -1.826569810509681702e-02 -1.460021245293319225e-03 -1.031390801072120667e-01 -1.303000897169113159e-01 8.904906921088695526e-03 -4.168625175952911377e-02 -7.048643380403518677e-02 5.278239771723747253e-02 -3.476513922214508057e-02 1.284935027360916138e-01 1.081407293677330017e-01 -1.723841205239295959e-02 -2.664375305175781250e-02 -4.542599245905876160e-02 1.070234477519989014e-01 -2.091358788311481476e-02 3.736448660492897034e-02 2.873313985764980316e-02 9.580890648066997528e-03 -1.159467846155166626e-01 -3.140588104724884033e-02 -4.223058000206947327e-02 1.228240132331848145e-01 -4.229511320590972900e-02 -1.238487660884857178e-01 1.666306890547275543e-02 1.335181444883346558e-01 -4.575178399682044983e-02 -1.064703613519668579e-01 -2.645333297550678253e-02 -8.261789567768573761e-03 -2.234847471117973328e-02 -6.410474330186843872e-02 -9.588675945997238159e-02 -4.976417869329452515e-02 1.032517775893211365e-01 -3.840671852231025696e-02 -7.067590206861495972e-02 -1.316725164651870728e-01 1.790195330977439880e-02 -1.028658002614974976e-01
-4.556312412023544312e-02 -1.181888580322265625e-01 1.346792131662368774e-01 1.227732747793197632e-01 7.619959302246570587e-03 -1.139474287629127502e-01 -8.072193711996078491e-02 -5.035676062107086182e-03 -1.407313793897628784e-01 2.217750251293182373e-02 -3.834107145667076111e-02 4.719289019703865051e-03 -2.613357454538345337e-02 -5.965251103043556213e-02 -9.009682387113571167e-02 -1.046987920999526978e-01 2.362775057554244995e-02 9.203191101551055908e-02 -1.180267799645662308e-02 5.568723380565643311e-02 -2.805587090551853180e-02 1.283205696381628513e-03 1.186867207288742065e-01 8.995881676673889160e-02 5.679421126842498779e-02 -7.465135306119918823e-02 1.519792079925537109e-01 -3.590689226984977722e-02 1.134295910596847534e-01 7.098577171564102173e-02 1.136042252182960510e-01 1.928527839481830597e-03 -9.299027733504772186e-03 1.443142890930175781e-01 7.178742438554763794e-02 -8.524761348962783813e-02 5.332469567656517029e-02 2.272548712790012360e-02 -5.603962764143943787e-02 7.369575649499893188e-02 -1.507687475532293320e-02 6.623961776494979858e-02 1.000314578413963318e-01 -1.230554506182670593e-01 1.749488152563571930e-02 -3.371879085898399353e-02 1.427757143974304199e-01 -1.381909251213073730e-01 -1.302705556154251099e-01 -1.218134984374046326e-01 7.622431032359600067e-03 -1.063946262001991272e-01 -1.057968065142631531e-01 1.848653890192508698e-02 2.807936072349548340e-02 6.099630147218704224e-02 -1.220112442970275879e-01 -1.338088214397430420e-01 -7.671529799699783325e-02 5.341631919145584106e-02 3.115955553948879242e-02 -4.170827195048332214e-02 -1.741414815187454224e-01 1.313528120517730713e-01 -1.888078600168228149e-01 -1.127623096108436584e-01 9.728787839412689209e-02 -4.291262105107307434e-02 5.803879816085100174e-03 3.757479041814804077e-02 7.046794518828392029e-03 -6.572146713733673096e-02 3.047248162329196930e-02 1.223280504345893860e-01 1.320449411869049072e-01 -5.602825433015823364e-02 3.943649306893348694e-02 -8.593882434070110321e-03 -3.149932995438575745e-02 -8.297858387231826782e-02 1.439646780490875244e-01 -3.037642221897840500e-03 1.225980520248413086e-01 -1.557057648897171021e-01 9.419540315866470337e-02 1.794508695602416992e-01 -2.680485695600509644e-02 -1.059295609593391418e-01 1.115693598985671997e-01 -4.994028434157371521e-02 8.707567304372787476e-02 -1.424903571605682373e-01 -4.899790883064270020e-02 -1.082058325409889221e-01 1.188806444406509399e-01 -1.257223933935165405e-01 -6.154998764395713806e-02 -8.773474395275115967e-02 1.437339037656784058e-01 -2.368788234889507294e-02
9.514706209301948547e-03 -1.220032796263694763e-01 7.864102721214294434e-02 -2.991453558206558228e-02 -6.789512932300567627e-02 -4.138673469424247742e-02 -2.196321636438369751e-02 1.242690905928611755e-01 -4.006255418062210083e-02 -1.310875713825225830e-01 4.750272259116172791e-02 7.579698413610458374e-02 -7.693363726139068604e-02 4.026471450924873352e-02 -2.345329895615577698e-02 1.463841926306486130e-02 -5.969218909740447998e-02 -3.119666315615177155e-02 -2.616251632571220398e-02 3.742649778723716736e-02 3.299616277217864990e-02 2.727887779474258423e-02 9.760791063308715820e-02 3.274744376540184021e-02 2.208150178194046021e-02 -7.310275733470916748e-02 6.102422997355461121e-02 -1.446946873329579830e-03 1.125604808330535889e-01 -1.966073643416166306e-03 7.975885272026062012e-02 -5.451487377285957336e-02 -1.087888255715370178e-01 1.002606153488159180e-01 1.047648265957832336e-01 3.374235471710562706e-03 1.046757400035858154e-01 2.618560940027236938e-02 9.899547323584556580e-03 1.141308397054672241e-01 -4.941466823220252991e-02 -4.909693449735641479e-02 -7.687624543905258179e-02 -9.719361364841461182e-02 5.238602310419082642e-02 -2.955651096999645233e-02 1.028744652867317200e-01 -1.282601803541183472e-01 -4.718926548957824707e-02 -3.041545301675796509e-02 -2.478765137493610382e-02 -1.110465601086616516e-01 -6.789694074541330338e-03 5.424036458134651184e-02 2.683894475921988487e-03 -7.391369342803955078e-02 -1.027012690901756287e-01 -1.239912956953048706e-01 -1.926658116281032562e-02 1.340994983911514282e-01 -1.633666902780532837e-01 3.976367786526679993e-02 3.717696061357855797e-03 5.382037535309791565e-02 7.751160115003585815e-02 -8.721778169274330139e-03 6.042076647281646729e-02 9.909206070005893707e-03 8.613482117652893066e-02 1.171621307730674744e-01 1.324545443058013916e-01 -6.340896338224411011e-02 -7.516969740390777588e-02 -3.635550290346145630e-02 -2.027459628880023956e-02 -5.454331263899803162e-02 7.307060807943344116e-02 -4.469096660614013672e-02 3.573951497673988342e-02 -7.724543660879135132e-02 7.047083973884582520e-02 1.392288953065872192e-01 1.140926852822303772e-01 -2.852113917469978333e-02 1.135512515902519226e-01 4.649700596928596497e-02 -6.253647059202194214e-02 -6.249016150832176208e-02 -3.702917695045471191e-02 3.115583444014191628e-03 -5.354847386479377747e-02 -1.379706263542175293e-01 -3.393243998289108276e-02 -1.035969704389572144e-01 1.368246376514434814e-01 -1.237211972475051880e-01 -1.315330713987350464e-01 4.610402509570121765e-02 -2.493388019502162933e-02 -9.291583672165870667e-03
4.149743169546127319e-02 -2.804210036993026733e-02 -8.633159101009368896e-02 -1.295666396617889404e-01 1.020395234227180481e-01 -1.316410209983587265e-02 2.766138315200805664e-02 1.132261473685503006e-02 2.651477158069610596e-01 1.495766080915927887e-02 3.291076049208641052e-02 -1.234310418367385864e-01 5.212626233696937561e-02 2.105163633823394775e-01 1.125942394137382507e-01 -3.560707345604896545e-02 1.024496182799339294e-01 -1.291441824287176132e-02 -6.018770486116409302e-02 -2.629861049354076385e-02 -9.294557571411132812e-02 3.706724196672439575e-02 -4.503128677606582642e-02 -1.259043514728546143e-01 -1.251380741596221924e-01 6.689867377281188965e-02 -1.621077060699462891e-01 4.024111852049827576e-02 -1.135712414979934692e-01 1.047798022627830505e-01 -1.513110008090734482e-02 9.821987897157669067e-02 4.236963018774986267e-02 -5.667999759316444397e-02 2.709838934242725372e-02 1.264900434762239456e-02 -4.074790701270103455e-02 -6.841041147708892822e-02 9.167703241109848022e-02 -8.547239005565643311e-02 -1.059052795171737671e-01 4.089844226837158203e-02 -6.689649075269699097e-02 9.504215419292449951e-02 2.163889631628990173e-02 8.064389228820800781e-02 -3.850907832384109497e-02 8.511256426572799683e-03 -1.972586661577224731e-02 1.292654313147068024e-02 8.813595026731491089e-02 -5.537229403853416443e-02 1.197547987103462219e-01 -5.838875472545623779e-02 -1.172236055135726929e-01 -7.632917724549770355e-03 1.247106119990348816e-02 4.788577184081077576e-02 1.289135124534368515e-02 -4.065511003136634827e-02 5.138416215777397156e-02 6.578758358955383301e-02 9.095162153244018555e-03 -6.638037413358688354e-02 1.065564602613449097e-01 5.494591221213340759e-02 -9.757739305496215820e-02 -3.999647870659828186e-02 -4.308994859457015991e-02 1.652597822248935699e-02 -1.137308403849601746e-01 -1.496318611316382885e-03 1.299509555101394653e-01 1.532207615673542023e-02 -1.253773123025894165e-01 -4.796647652983665466e-02 -5.152741819620132446e-02 3.118116036057472229e-02 -6.852930411696434021e-03 5.618336051702499390e-02 -7.393403351306915283e-02 -2.406567335128784180e-02 4.257357493042945862e-02 1.243092641234397888e-01 -1.022785827517509460e-01 -2.561373710632324219e-01 -3.338008001446723938e-02 2.451410330832004547e-02 -1.379883140325546265e-01 -4.670023545622825623e-02 -4.900444298982620239e-03 2.544020116329193115e-02 2.526072971522808075e-02 -3.129173815250396729e-02 -1.879173368215560913e-01 1.186238881200551987e-02 7.420341018587350845e-03 -1.320639438927173615e-02 2.797155454754829407e-02 -3.638793248683214188e-03
2.614379674196243286e-02 -9.148266911506652832e-02 1.357680745422840118e-02 2.785465866327285767e-02 6.721082329750061035e-02 -5.122414976358413696e-02 5.275008454918861389e-02 -2.074286900460720062e-02 -1.097164899110794067e-01 -1.005821302533149719e-01 1.217287871986627579e-02 1.428562998771667480e-01 4.907350614666938782e-02 7.607830315828323364e-02 -4.927924275398254395e-02 -9.152685105800628662e-02 7.128795236349105835e-02 -3.566335886716842651e-02 -4.982332699000835419e-03 -8.310528844594955444e-02 -3.167134895920753479e-02 5.808883160352706909e-02 -3.089926950633525848e-02 -2.276790142059326172e-02 -4.154205671511590481e-04 -3.253921493887901306e-02 -4.648678377270698547e-02 1.020427048206329346e-01 -6.177258491516113281e-02 -3.626495599746704102e-02 -5.180431902408599854e-02 6.646192818880081177e-02 1.725966110825538635e-03 -8.094838261604309082e-02 1.060485914349555969e-01 1.477615069597959518e-02 1.198321878910064697e-01 4.675642773509025574e-02 6.251525133848190308e-02 7.987871021032333374e-02 -4.047899320721626282e-02 -1.045138761401176453e-01 3.960077650845050812e-03 -3.031603619456291199e-02 9.077424556016921997e-02 4.992804303765296936e-02 1.140938773751258850e-01 -7.842569611966609955e-03 -9.341570734977722168e-02 5.378863960504531860e-02 -6.927914172410964966e-02 4.433788731694221497e-02 3.299398347735404968e-02 5.533014610409736633e-02 -7.151376456022262573e-02 -5.656250566244125366e-02 -1.203136965632438660e-01 2.928476408123970032e-02 -4.264141619205474854e-02 -2.931803837418556213e-02 -4.323796555399894714e-02 9.580404311418533325e-02 -1.369309425354003906e-01 1.727222464978694916e-02 1.321602165699005127e-01 -5.678915604948997498e-02 -2.650911174714565277e-02 1.063528433442115784e-01 5.812627077102661133e-02 -4.294669628143310547e-02 9.697271883487701416e-02 1.185470297932624817e-01 6.886941194534301758e-02 6.856439262628555298e-02 9.730394184589385986e-02 -3.041813336312770844e-02 2.877698093652725220e-02 5.971002951264381409e-02 -4.980872198939323425e-02 -5.285682529211044312e-02 -4.099440574645996094e-02 -5.529835820198059082e-02 -1.025251001119613647e-01 -6.032421812415122986e-02 -2.632592245936393738e-02 5.887879803776741028e-02 -1.089031249284744263e-02 -1.930016092956066132e-02 -1.067892611026763916e-01 -7.129830121994018555e-02 -9.372361749410629272e-02 7.304104417562484741e-02 1.033355668187141418e-01 -2.680626511573791504e-02 6.463190657086670399e-04 2.314715646207332611e-02 -4.964715987443923950e-02 9.684371948242187500e-02 -1.189746800810098648e-02 -4.248710721731185913e-02
1.238818988204002380e-01 4.478294029831886292e-02 -9.183213859796524048e-02 -3.283163905143737793e-02 6.227232515811920166e-03 1.205963194370269775e-01 2.283573709428310394e-02 -6.808316707611083984e-02 -3.213167563080787659e-02 -3.874113317579030991e-03 1.640694439411163330e-01 -7.971936836838722229e-03 -1.350213289260864258e-01 1.859867200255393982e-02 4.778483882546424866e-02 -4.825333890039473772e-04 -1.903910748660564423e-02 -1.131643652915954590e-01 -1.478447169065475464e-01 -1.622399538755416870e-01 1.036876346915960312e-02 1.406022012233734131e-01 3.554537193849682808e-03 -8.451829850673675537e-02 -2.730122767388820648e-02 1.094192117452621460e-01 -9.932851791381835938e-02 9.886157512664794922e-02 3.543783351778984070e-02 -1.169124692678451538e-01 -3.630821360275149345e-03 -1.163706928491592407e-01 8.611648529767990112e-02 -5.750607326626777649e-02 -1.593310385942459106e-01 1.691752374172210693e-01 -3.702709451317787170e-02 1.857222914695739746e-01 1.824269741773605347e-01 1.290509570389986038e-02 -7.169459760189056396e-02 -1.883910149335861206e-01 -1.481848210096359253e-01 1.614366769790649414e-01 6.793168932199478149e-02 2.081264257431030273e-01 -4.750298801809549332e-03 1.852519065141677856e-01 3.692639991641044617e-02 5.933795589953660965e-03 1.907227337360382080e-01 5.923205614089965820e-02 7.062492519617080688e-02 -1.509733498096466064e-02 -1.049538254737854004e-01 -3.127352520823478699e-02 1.081565394997596741e-02 1.889873445034027100e-01 1.509043294936418533e-02 -1.446803361177444458e-01 -9.236610494554042816e-04 1.225231140851974487e-01 -1.248224750161170959e-01 -2.242719195783138275e-02 1.301915198564529419e-01 1.821486502885818481e-01 -1.349469274282455444e-01 -5.846489220857620239e-02 -2.101447060704231262e-02 -1.280629336833953857e-01 2.340169437229633331e-02 8.584149926900863647e-02 2.030745595693588257e-01 1.221063435077667236e-01 -1.682403683662414551e-01 -7.829602062702178955e-02 -4.370813816785812378e-02 -5.369262769818305969e-03 5.195745453238487244e-02 6.216290220618247986e-02 -8.997876942157745361e-02 -1.341464370489120483e-01 -1.568731516599655151e-01 -2.612657845020294189e-02 -8.152070641517639160e-02 8.531765639781951904e-02 1.001100391149520874e-01 1.423856019973754883e-01 -1.389846950769424438e-01 -3.028790280222892761e-02 -4.453229531645774841e-02 -3.051030077040195465e-02 -6.144511979073286057e-03 4.455210641026496887e-02 -2.394830621778964996e-02 -3.088646754622459412e-02 1.081029232591390610e-02 -8.788789622485637665e-03 -9.536956995725631714e-02 1.267223805189132690e-01
-4.674194846302270889e-03 3.458621725440025330e-02 -1.780115440487861633e-02 2.726359292864799500e-02 -4.029997065663337708e-02 -4.230247810482978821e-02 2.035384252667427063e-02 -3.800667077302932739e-02 1.360897272825241089e-01 1.220885366201400757e-01 7.292167842388153076e-02 -4.906324669718742371e-02 -2.740756794810295105e-02 4.948472231626510620e-02 1.243494898080825806e-01 1.075900793075561523e-01 2.655768021941184998e-02 -3.990549221634864807e-02 4.920721799135208130e-02 -8.146031945943832397e-02 5.761934071779251099e-02 1.149803251028060913e-01 -9.461733512580394745e-03 9.524571895599365234e-02 -2.580179367214441299e-03 2.308304235339164734e-02 -1.058569252490997314e-01 4.718110710382461548e-02 -1.385177373886108398e-01 5.652102828025817871e-02 -1.635350733995437622e-01 8.634012937545776367e-02 -2.822480536997318268e-02 -3.815456293523311615e-03 -1.950672268867492676e-02 8.024242706596851349e-03 -1.084579452872276306e-01 -1.109352111816406250e-01 1.479320675134658813e-01 -1.270435601472854614e-01 -6.227210536599159241e-02 6.071079522371292114e-02 -8.913256227970123291e-02 9.482190757989883423e-02 -7.714419066905975342e-02 -1.157202105969190598e-02 -3.668746724724769592e-02 8.687923103570938110e-02 3.530947724357247353e-03 1.411083787679672241e-01 4.764107614755630493e-02 6.742991507053375244e-02 1.428396850824356079e-01 -1.446389011107385159e-03 -1.122307181358337402e-01 -2.993149310350418091e-02 1.519009321928024292e-01 1.411704570055007935e-01 2.805255353450775146e-03 -7.398837804794311523e-02 1.622136980295181274e-01 7.423084974288940430e-02 1.025450602173805237e-01 -1.069959998130798340e-01 1.272236229851841927e-03 -3.668183460831642151e-02 -3.121849521994590759e-02 -9.989004582166671753e-03 7.996688783168792725e-02 -1.223167255520820618e-01 -4.392780363559722900e-03 -4.135038703680038452e-02 -1.918005757033824921e-02 -5.348621681332588196e-02 -1.457719802856445312e-01 9.393709897994995117e-02 -7.966200262308120728e-02 5.184365063905715942e-02 1.436773571185767651e-03 2.537305839359760284e-02 4.311721026897430420e-02 -5.678247660398483276e-02 -6.376881152391433716e-02 1.296261548995971680e-01 9.839183650910854340e-03 -1.174735948443412781e-01 4.236990213394165039e-02 -9.269626811146736145e-03 2.206310629844665527e-02 -1.208988055586814880e-01 -7.037679105997085571e-02 1.431306302547454834e-01 7.554998993873596191e-02 4.838981106877326965e-02 -9.507761336863040924e-03 1.031918078660964966e-01 3.940830647479742765e-04 -4.051172733306884766e-02 -6.533741950988769531e-02 4.536062106490135193e-02
1.346328556537628174e-01 -5.856239795684814453e-02 6.768684089183807373e-02 2.562461420893669128e-02 3.288188949227333069e-02 1.409707665443420410e-01 -1.342306435108184814e-01 4.647710546851158142e-02 -1.279734373092651367e-01 -4.225357249379158020e-02 8.045753836631774902e-02 -3.050393983721733093e-02 -2.810336835682392120e-02 -1.108207926154136658e-01 7.233270257711410522e-02 -5.882535502314567566e-02 3.387160226702690125e-02 -7.064565434120595455e-04 7.606464624404907227e-02 1.220639795064926147e-01 3.094191849231719971e-02 -7.990982383489608765e-02 5.319491773843765259e-02 -1.511420756578445435e-01 1.479280646890401840e-02 7.608918845653533936e-02 4.408762976527214050e-02 -9.753613919019699097e-02 -2.404590509831905365e-02 1.472716219723224640e-02 8.815048635005950928e-02 -7.447349280118942261e-02 -7.138587068766355515e-03 6.444939225912094116e-02 9.630802273750305176e-02 -1.027559116482734680e-02 4.862288758158683777e-02 -2.322719991207122803e-02 -1.401605755090713501e-01 2.019567228853702545e-02 -6.059064716100692749e-02 -1.072401404380798340e-01 -8.648443967103958130e-03 1.236330997198820114e-02 1.445547342300415039e-01 1.499792039394378662e-01 1.233400106430053711e-01 -3.726300597190856934e-02 -4.232605174183845520e-02 5.095215141773223877e-02 -1.440592855215072632e-01 -4.691446945071220398e-02 -1.005918383598327637e-01 -6.067917123436927795e-02 1.721806265413761139e-02 8.786395937204360962e-02 1.139154378324747086e-02 -3.290053457021713257e-02 -7.952646911144256592e-02 -2.164898999035358429e-02 3.144160611554980278e-03 -8.066835254430770874e-02 -1.408392041921615601e-01 1.681233011186122894e-02 -4.507480934262275696e-02 5.604945123195648193e-02 2.195252664387226105e-02 8.950302749872207642e-02 -4.343965277075767517e-02 5.097042396664619446e-02 6.005990877747535706e-02 6.930896639823913574e-02 2.607489377260208130e-02 4.142729099839925766e-03 -4.455899819731712341e-02 -8.190803229808807373e-02 -7.061617821455001831e-02 -5.274854600429534912e-02 1.298108249902725220e-01 3.882997902110219002e-03 2.029581181704998016e-02 -5.454240366816520691e-02 -4.056583717465400696e-02 -4.523590207099914551e-02 -4.572035372257232666e-02 6.756986677646636963e-02 -1.847533322870731354e-02 6.171543523669242859e-02 -4.684676229953765869e-02 6.273078918457031250e-02 -6.987290084362030029e-02 -1.460667848587036133e-01 8.092612773180007935e-02 5.087950453162193298e-02 -2.933226153254508972e-02 2.899804525077342987e-02 -7.654766086488962173e-03 -5.896994471549987793e-02 4.781742114573717117e-03 -8.019798994064331055e-02
5.997183918952941895e-02 5.446575954556465149e-02 -8.177196979522705078e-02 1.662295311689376831e-02 -1.775949262082576752e-02 -2.669174410402774811e-02 1.037921905517578125e-01 -1.432235240936279297e-01 1.179026365280151367e-01 5.304045602679252625e-02 8.303079754114151001e-02 9.302487596869468689e-03 4.328184574842453003e-02 1.283732950687408447e-01 1.115697175264358521e-01 9.374407678842544556e-02 1.254492104053497314e-01 3.273231536149978638e-02 6.397971510887145996e-02 -1.149499043822288513e-01 -2.674210444092750549e-02 7.767526898533105850e-03 2.447516098618507385e-02 -5.191798135638237000e-02 -6.612729281187057495e-02 6.483173370361328125e-02 -1.215165480971336365e-01 2.859209291636943817e-02 -5.018059164285659790e-02 2.979309111833572388e-02 9.724503383040428162e-03 1.614521630108356476e-02 2.514314651489257812e-02 -9.388131089508533478e-03 -2.163666766136884689e-03 7.274219393730163574e-02 -1.403680592775344849e-01 -2.949456870555877686e-02 1.388327330350875854e-01 -4.172633215785026550e-02 -7.563135027885437012e-02 -3.841927275061607361e-02 5.746267363429069519e-02 2.123053818941116333e-01 -5.700056999921798706e-02 -3.535972908139228821e-02 4.008454084396362305e-02 -7.838455587625503540e-02 1.558994352817535400e-01 3.302313759922981262e-02 -4.778620973229408264e-02 1.055289655923843384e-01 1.628753244876861572e-01 -8.450274169445037842e-02 -1.992422714829444885e-02 8.003535680472850800e-03 3.132871165871620178e-02 9.861287474632263184e-02 7.843841612339019775e-02 3.856026381254196167e-02 1.667048037052154541e-01 6.218134984374046326e-02 4.512699320912361145e-02 9.333490394055843353e-03 -5.595001950860023499e-02 -7.347509264945983887e-03 -4.467872902750968933e-02 -3.201695159077644348e-02 -7.781881839036941528e-02 3.497533872723579407e-02 -6.064114347100257874e-02 -9.060984849929809570e-02 7.223942875862121582e-02 -3.701144456863403320e-02 -8.869420737028121948e-02 7.727250456809997559e-02 -4.330597817897796631e-02 2.556720376014709473e-02 -6.877888739109039307e-02 -4.643128439784049988e-02 -9.173768013715744019e-02 1.995840482413768768e-02 -1.010745987296104431e-01 -3.872244060039520264e-02 5.563465412706136703e-03 -5.051168799400329590e-02 5.363136529922485352e-02 -5.568981543183326721e-02 6.474068760871887207e-02 2.295017242431640625e-02 -5.134256556630134583e-02 9.848090261220932007e-02 -7.635460793972015381e-02 -3.493869677186012268e-02 4.714194685220718384e-02 1.334613710641860962e-01 -9.476220235228538513e-03 5.030081793665885925e-02 6.125451996922492981e-02 4.331121966242790222e-02
-3.460983186960220337e-02 -7.313357293605804443e-02 1.489091385155916214e-02 -4.431375488638877869e-02 -5.088134109973907471e-02 -6.041123718023300171e-02 9.255207842215895653e-04 5.941742286086082458e-02 -7.574491202831268311e-02 -1.680055856704711914e-01 3.385997936129570007e-02 1.612253338098526001e-01 -9.727750718593597412e-02 -3.325149789452552795e-02 -1.370326895266771317e-02 -1.368989348411560059e-01 7.841991633176803589e-02 8.493185043334960938e-02 -1.380941830575466156e-02 -1.317794527858495712e-02 1.005909591913223267e-01 -6.776232272386550903e-02 2.419975958764553070e-02 -7.421988993883132935e-03 -8.913812041282653809e-02 -4.132917616516351700e-03 -4.805520642548799515e-03 4.992803558707237244e-02 2.303387597203254700e-02 -6.877812743186950684e-02 2.121971547603607178e-02 -4.192901402711868286e-02 -2.651748433709144592e-02 -4.605130478739738464e-02 -6.860185414552688599e-02 2.511536143720149994e-02 -3.822237625718116760e-02 4.283560067415237427e-02 3.140604496002197266e-02 1.120847240090370178e-01 2.424133196473121643e-02 -1.073199957609176636e-01 3.342895209789276123e-02 3.486575931310653687e-02 8.460849523544311523e-03 6.671264022588729858e-02 1.074233371764421463e-02 1.161096319556236267e-01 1.579712959937751293e-03 -7.248913496732711792e-02 -7.383456081151962280e-02 -5.192640423774719238e-02 -1.121861264109611511e-01 1.377695053815841675e-02 8.095116913318634033e-02 -7.601381093263626099e-02 -1.324716210365295410e-01 4.764870926737785339e-02 -2.080960571765899658e-02 4.438482597470283508e-02 -9.199697524309158325e-03 -6.405599415302276611e-02 -1.114987283945083618e-01 4.102255776524543762e-02 1.085574850440025330e-01 -1.006637066602706909e-01 5.862502008676528931e-02 1.575785875320434570e-01 -6.632781773805618286e-02 1.346802562475204468e-01 5.945546925067901611e-02 -3.608645126223564148e-02 -5.128144472837448120e-02 8.309095166623592377e-03 8.728455752134323120e-02 3.177789505571126938e-03 -6.176868453621864319e-02 -6.443945318460464478e-02 -6.371434777975082397e-03 9.974174946546554565e-02 3.148719295859336853e-02 -5.816073343157768250e-02 -5.591224133968353271e-02 -1.237542927265167236e-01 -9.019397199153900146e-02 -4.035336896777153015e-02 1.267203092575073242e-01 -6.431466341018676758e-02 5.134300515055656433e-02 -3.535463660955429077e-02 -4.946034029126167297e-02 2.365353517234325409e-02 1.472183316946029663e-01 1.040298715233802795e-01 -4.301019757986068726e-02 -8.744760602712631226e-02 -4.022264853119850159e-02 2.645928971469402313e-02 6.507745385169982910e-02 -8.300740271806716919e-02
1.084345877170562744e-01 -1.122505292296409607e-01 1.265179086476564407e-02 5.489853397011756897e-02 5.457590520381927490e-02 -1.550441235303878784e-02 -1.186089590191841125e-02 3.552101552486419678e-02 -8.744106441736221313e-02 5.025971913710236549e-04 -4.474871605634689331e-02 3.677204251289367676e-02 -2.890328876674175262e-02 2.087150141596794128e-02 8.002466708421707153e-02 5.449841544032096863e-02 -2.684027887880802155e-02 -1.077652722597122192e-01 6.588890217244625092e-03 3.207956999540328979e-02 -1.857202150858938694e-04 9.819177538156509399e-02 -6.754983216524124146e-02 2.087641507387161255e-02 -6.312702782452106476e-03 5.826326552778482437e-03 -2.062121592462062836e-02 7.092737406492233276e-02 6.431187689304351807e-02 -1.037600487470626831e-01 7.512765005230903625e-03 4.490616172552108765e-02 -5.273642390966415405e-02 1.762657612562179565e-02 -1.284718364477157593e-01 9.439834952354431152e-02 4.527993034571409225e-03 3.882718086242675781e-02 4.176362603902816772e-02 3.854439780116081238e-02 5.272887647151947021e-02 -4.710446298122406006e-02 -1.494933664798736572e-01 -1.127213984727859497e-01 2.315407618880271912e-02 2.441889233887195587e-02 9.485317766666412354e-02 1.274310648441314697e-01 -5.934363976120948792e-02 2.016437612473964691e-02 1.057809218764305115e-01 -1.108199357986450195e-02 1.118317395448684692e-01 -8.923908323049545288e-02 6.523664295673370361e-02 -6.766733527183532715e-02 3.405494615435600281e-02 1.373167335987091064e-01 -1.355996876955032349e-01 -3.414719924330711365e-02 -4.914899542927742004e-02 7.315111905336380005e-02 6.817891448736190796e-02 -1.294375807046890259e-01 1.480924040079116821e-01 -5.515604279935359955e-03 1.557933911681175232e-02 -3.530337288975715637e-02 1.450369693338871002e-02 -1.931557618081569672e-02 -8.970340341329574585e-02 1.571678668260574341e-01 8.866885304450988770e-02 -7.657412439584732056e-03 -7.155361026525497437e-02 -4.494640231132507324e-02 -7.595648616552352905e-02 -5.680718459188938141e-03 9.639096260070800781e-02 -1.966522075235843658e-02 -4.046373069286346436e-02 -6.647334247827529907e-02 -1.042699441313743591e-01 6.400289386510848999e-02 -2.939306944608688354e-02 4.017512127757072449e-02 1.042300537228584290e-01 6.502271443605422974e-02 -4.453341290354728699e-02 -1.260743141174316406e-01 3.677457571029663086e-02 1.354134231805801392e-01 -6.013127975165843964e-03 -5.667782202363014221e-02 -5.982442945241928101e-02 2.349113579839468002e-03 -4.784895852208137512e-02 -7.866888307034969330e-03 -3.655240312218666077e-02 2.405410073697566986e-02
6.136913225054740906e-02 4.586081951856613159e-02 -1.146917268633842468e-01 6.460789591073989868e-02 -4.913269728422164917e-02 1.876695267856121063e-02 1.001650467514991760e-01 1.160689513199031353e-03 -4.070556536316871643e-02 4.106897488236427307e-02 1.080987900495529175e-01 1.416622698307037354e-01 -1.553809344768524170e-01 -2.043561637401580811e-02 8.631709963083267212e-02 6.903212517499923706e-02 7.807793468236923218e-02 -3.180796746164560318e-03 -8.256180584430694580e-02 -8.604433387517929077e-02 2.624772116541862488e-02 -5.865288153290748596e-02 -4.943623021245002747e-02 -7.746278494596481323e-02 4.406987130641937256e-02 1.443965137004852295e-01 6.925103068351745605e-02 -1.010617986321449280e-02 -1.534604746848344803e-02 -3.332867845892906189e-02 -7.047721743583679199e-02 1.643691956996917725e-02 4.483445733785629272e-02 -8.088055998086929321e-02 1.836222037672996521e-02 7.335053291171789169e-03 -2.326471358537673950e-02 1.256300956010818481e-01 4.554534703493118286e-02 1.479090657085180283e-02 -2.839700318872928619e-02 3.781514987349510193e-02 3.062236122786998749e-02 1.344279199838638306e-01 1.071381047368049622e-01 1.215340420603752136e-01 2.106325142085552216e-02 3.356420621275901794e-02 6.059594824910163879e-02 1.321693956851959229e-01 6.876128911972045898e-02 3.843953087925910950e-02 -1.960049010813236237e-02 -8.881394565105438232e-02 -9.411124885082244873e-02 -5.101958289742469788e-02 7.237558066844940186e-02 -1.419777888804674149e-02 1.095036044716835022e-03 5.156000331044197083e-02 2.939167991280555725e-02 1.195094957947731018e-01 3.772534430027008057e-02 -8.889996260404586792e-02 1.048460230231285095e-01 1.098010241985321045e-01 -1.075128391385078430e-01 -4.598910734057426453e-02 1.880846545100212097e-02 -4.367491602897644043e-02 -4.504022374749183655e-02 6.465946137905120850e-02 -4.679228365421295166e-02 -8.009121567010879517e-02 -7.121527194976806641e-02 -3.465304151177406311e-02 5.326225608587265015e-02 -9.527931106276810169e-04 3.138443082571029663e-02 1.301821768283843994e-01 2.670970186591148376e-02 -1.427375674247741699e-01 1.354767754673957825e-02 2.284469641745090485e-02 -1.099418103694915771e-01 -4.269937798380851746e-02 8.251851797103881836e-02 3.299779072403907776e-02 -6.600303202867507935e-02 -3.905682265758514404e-02 -6.601644307374954224e-02 9.819021075963973999e-02 -2.392584085464477539e-02 6.344740837812423706e-02 -5.581031739711761475e-02 6.934730708599090576e-02 1.459335237741470337e-01 1.431131213903427124e-01 -1.406960189342498779e-02 3.201415017247200012e-02
1.314625293016433716e-01 5.793529003858566284e-02 -6.105145439505577087e-03 -1.899634450674057007e-01 1.198290288448333740e-01 7.487861067056655884e-02 2.425592951476573944e-02 -1.440031081438064575e-01 1.264038830995559692e-01 2.193002402782440186e-02 1.217749193310737610e-01 -7.779358886182308197e-03 4.420624300837516785e-02 3.164316341280937195e-02 5.281316861510276794e-02 -2.501878701150417328e-02 6.182621419429779053e-02 -1.087016016244888306e-01 -1.073192507028579712e-01 -4.089193884283304214e-03 1.237459853291511536e-01 -1.171548385173082352e-02 -3.852988127619028091e-03 -2.689915150403976440e-02 2.601391077041625977e-02 1.085569858551025391e-01 -8.000553585588932037e-03 6.694906204938888550e-02 -6.133911013603210449e-02 1.011299192905426025e-01 -7.696343585848808289e-03 8.491627871990203857e-02 1.281348913908004761e-01 -9.506511688232421875e-02 -7.517214119434356689e-02 6.023113429546356201e-02 -2.038785442709922791e-02 8.158048987388610840e-02 5.929483845829963684e-02 -1.537789702415466309e-01 4.932428896427154541e-02 1.502077430486679077e-01 -2.396926842629909515e-02 -2.204709127545356750e-02 -5.560329556465148926e-02 -1.300148386508226395e-02 -2.810332179069519043e-02 8.081927895545959473e-02 4.231937229633331299e-02 8.954228833317756653e-03 5.755565594881772995e-03 3.943869378417730331e-03 -3.529236093163490295e-02 8.328786492347717285e-02 -5.049376189708709717e-02 5.078495666384696960e-02 1.904599927365779877e-02 1.125913858413696289e-01 1.161836180835962296e-02 -1.291029453277587891e-01 -2.308980748057365417e-02 -2.047982253134250641e-02 1.341515630483627319e-01 -1.670601405203342438e-02 -4.843251779675483704e-02 -1.856066845357418060e-02 4.206639155745506287e-02 -9.245410561561584473e-02 3.904492035508155823e-02 -1.128992289304733276e-01 9.116512723267078400e-03 -1.714016124606132507e-02 3.671472147107124329e-02 -1.298355162143707275e-01 -1.244645342230796814e-01 6.183265894651412964e-02 2.310741692781448364e-03 -5.809940770268440247e-02 -4.878685995936393738e-02 5.963622406125068665e-02 -5.506849847733974457e-03 3.805679455399513245e-02 -1.233895942568778992e-01 8.487480133771896362e-02 -3.487205505371093750e-02 -2.311537265777587891e-01 -3.211884573101997375e-02 -7.195570319890975952e-02 6.589783728122711182e-02 -9.842868894338607788e-03 7.023599464446306229e-04 9.270656108856201172e-02 -5.610547587275505066e-02 -2.971417084336280823e-02 -8.746626228094100952e-02 7.029915228486061096e-03 -1.058284658938646317e-02 4.153610020875930786e-02 -1.091222092509269714e-01 1.063068583607673645e-01
-1.367541998624801636e-01 2.977119944989681244e-02 8.412861078977584839e-02 4.475801810622215271e-02 -1.304144114255905151e-01 4.425980616360902786e-03 -1.802378334105014801e-02 -1.003414671868085861e-02 -6.907412409782409668e-02 -7.456153631210327148e-02 4.462854936718940735e-02 -1.116369292140007019e-02 4.352990910410881042e-02 5.616157129406929016e-02 -1.112114861607551575e-01 6.955421529710292816e-03 -9.973952919244766235e-02 2.642576768994331360e-02 2.409522049129009247e-02 1.507340520620346069e-01 6.718025356531143188e-02 3.103062696754932404e-02 -2.167193405330181122e-02 1.529712677001953125e-01 1.730312108993530273e-01 8.116970956325531006e-02 2.627401612699031830e-02 -8.022262156009674072e-02 5.514134466648101807e-02 9.101058542728424072e-02 1.106168329715728760e-02 -6.753022223711013794e-02 -2.184295654296875000e-02 3.474915400147438049e-02 3.445867821574211121e-02 -4.789639636874198914e-02 9.569947421550750732e-02 -3.548903018236160278e-02 -9.439260512590408325e-02 2.698026224970817566e-02 -4.507007449865341187e-02 -5.647549778223037720e-02 -4.681837558746337891e-02 5.236501246690750122e-02 -4.630878940224647522e-02 -9.853874891996383667e-02 4.301102831959724426e-02 -1.191033702343702316e-02 -9.359056502580642700e-02 -1.593145430088043213e-01 -1.089122518897056580e-01 2.292965538799762726e-02 -6.897842139005661011e-02 -5.276056006550788879e-02 6.101488694548606873e-02 7.639829814434051514e-02 -4.459266085177659988e-03 -6.677948683500289917e-02 6.901627779006958008e-02 -1.176514197140932083e-02 -1.041219905018806458e-01 -9.319904446601867676e-02 4.242067039012908936e-02 1.031080931425094604e-01 -3.553974907845258713e-03 -8.118908107280731201e-02 3.242857009172439575e-02 9.621292352676391602e-02 8.991365320980548859e-03 -3.261784464120864868e-02 6.868778169155120850e-02 -1.205960381776094437e-02 -1.603083312511444092e-02 -5.768935382366180420e-02 1.353515088558197021e-01 -3.180908784270286560e-02 2.540468610823154449e-02 8.093881607055664062e-02 -1.029770523309707642e-01 -1.367638111114501953e-01 1.347168534994125366e-01 -4.132061451673507690e-02 -2.824982441961765289e-02 8.617632091045379639e-02 7.956425845623016357e-02 4.681967198848724365e-02 -2.891151420772075653e-02 -5.325821042060852051e-02 6.524780392646789551e-02 4.451776295900344849e-02 3.457976132631301880e-02 -1.628908962011337280e-01 -3.943450748920440674e-02 -2.232609316706657410e-02 6.491975486278533936e-02 -5.746931955218315125e-02 2.726079709827899933e-02 -1.454180777072906494e-01 9.279897809028625488e-02 -5.395853426307439804e-03
-7.219034433364868164e-02 6.247007288038730621e-03 -4.074279218912124634e-02 -7.684694603085517883e-03 8.469771593809127808e-02 2.440604008734226227e-02 5.168537050485610962e-02 -1.377995908260345459e-01 3.039501793682575226e-02 4.689820855855941772e-02 -3.022092580795288086e-02 -7.115055620670318604e-02 -3.107621893286705017e-02 1.019680798053741455e-01 -8.340893313288688660e-03 -3.748280182480812073e-02 1.384264826774597168e-01 -7.223142683506011963e-02 2.080516703426837921e-02 2.050447836518287659e-02 -3.355837613344192505e-02 7.624132186174392700e-02 -9.551008045673370361e-02 -7.213491946458816528e-02 -8.617264032363891602e-02 -8.653296530246734619e-02 -2.146650291979312897e-02 9.578984230756759644e-02 2.250810153782367706e-02 -5.153291299939155579e-02 -1.098411902785301208e-01 8.975287899374961853e-03 -7.522851228713989258e-03 -6.302288919687271118e-02 9.985623881220817566e-03 -6.793999671936035156e-02 -9.988351725041866302e-03 4.643916338682174683e-02 9.544663131237030029e-02 3.149915114045143127e-02 7.406961917877197266e-02 9.324569255113601685e-02 1.415667496621608734e-02 1.002593860030174255e-01 -1.868541724979877472e-02 7.493577152490615845e-02 -1.033340245485305786e-01 1.023296415805816650e-01 1.729002036154270172e-02 6.031737104058265686e-02 -1.477125100791454315e-02 7.236076891422271729e-02 -3.675597533583641052e-02 8.168527483940124512e-02 1.646634005010128021e-02 -3.639525547623634338e-02 -1.429515890777111053e-02 4.771143943071365356e-02 1.401173919439315796e-01 -7.016179710626602173e-02 8.877311646938323975e-02 3.376967459917068481e-02 4.097871854901313782e-02 -7.047451287508010864e-02 8.026807010173797607e-02 1.295073330402374268e-01 -4.026451706886291504e-02 -4.537490755319595337e-02 -1.722320541739463806e-02 -3.774706274271011353e-02 -4.222449287772178650e-02 2.805030718445777893e-02 1.182288900017738342e-01 1.005612965673208237e-02 -8.804720640182495117e-02 -4.867233708500862122e-02 4.802907630801200867e-02 -9.877378493547439575e-02 8.084540069103240967e-02 1.457898132503032684e-02 -7.073897868394851685e-02 5.044717714190483093e-02 -1.426360197365283966e-02 5.607626959681510925e-02 4.739463329315185547e-02 -1.792821586132049561e-01 5.139685049653053284e-02 6.449444591999053955e-02 -1.151687651872634888e-01 -4.400653392076492310e-02 -1.008845120668411255e-01 4.840325098484754562e-03 -6.732758879661560059e-02 5.136569961905479431e-02 -8.687335997819900513e-02 1.258775293827056885e-01 8.366654068231582642e-02 8.344813436269760132e-02 -5.085876677185297012e-03 1.157163530588150024e-01
-7.210870832204818726e-02 6.153715308755636215e-03 2.434461750090122223e-02 1.965751126408576965e-02 -2.698247879743576050e-02 3.759494796395301819e-02 -4.173425585031509399e-02 -1.741964556276798248e-02 -1.128401905298233032e-01 3.910945728421211243e-03 -1.144385486841201782e-01 3.485063090920448303e-02 4.041205719113349915e-02 -1.401116251945495605e-01 1.673680916428565979e-02 -1.582541018724441528e-01 3.397702425718307495e-02 5.544430390000343323e-02 9.211020916700363159e-02 -3.529912605881690979e-02 -4.460595920681953430e-02 -8.728258311748504639e-02 4.391919448971748352e-02 -5.067047476768493652e-02 -4.587481170892715454e-02 2.254471555352210999e-02 1.177205443382263184e-01 -5.248278030194342136e-04 -2.716998569667339325e-02 -6.608238816261291504e-02 4.480387270450592041e-02 6.873613595962524414e-02 -1.464830152690410614e-02 1.025696918368339539e-01 8.796703070402145386e-03 8.061980456113815308e-02 1.219825446605682373e-01 -6.054522818885743618e-04 -1.074465084820985794e-02 8.829638361930847168e-02 2.230563946068286896e-02 -7.313958555459976196e-02 6.901877000927925110e-03 -1.265610605478286743e-01 1.609770804643630981e-01 8.735164254903793335e-02 7.776220887899398804e-02 -2.119995281100273132e-02 -1.378945112228393555e-01 -1.148994192481040955e-01 -6.934172660112380981e-02 4.925089702010154724e-02 -2.891157194972038269e-02 2.774838916957378387e-02 1.539066135883331299e-01 4.766285419464111328e-02 -4.079093225300312042e-03 -7.299020141363143921e-02 -1.168025285005569458e-01 -8.293204009532928467e-03 -2.339456230401992798e-02 2.671187743544578552e-02 -2.827663347125053406e-02 -4.799611866474151611e-02 7.062922418117523193e-02 -2.710638567805290222e-02 -1.855935901403427124e-02 1.501698940992355347e-01 -8.195877075195312500e-02 3.848496079444885254e-02 7.691908627748489380e-02 -2.148320525884628296e-02 -3.774544596672058105e-02 -2.360535226762294769e-02 1.517107784748077393e-01 -2.851554192602634430e-02 1.373855769634246826e-01 -1.509954687207937241e-02 -9.088468737900257111e-03 5.542148277163505554e-02 8.548164367675781250e-02 -1.533213164657354355e-02 9.011262655258178711e-02 -1.354534327983856201e-01 -4.436224326491355896e-02 -4.650735110044479370e-02 -4.803012311458587646e-02 -3.854406997561454773e-02 4.541065916419029236e-02 7.073777168989181519e-02 -3.171675279736518860e-02 4.126193001866340637e-03 1.110610440373420715e-01 9.131054580211639404e-02 -1.993424259126186371e-02 -1.781982332468032837e-01 4.135075956583023071e-02 -1.377441138029098511e-01 -6.303236633539199829e-02 -1.464012712240219116e-01
-5.607859417796134949e-02 5.288593471050262451e-02 7.791282609105110168e-03 -1.584669388830661774e-02 1.304665058851242065e-01 1.896650157868862152e-02 6.056511402130126953e-02 -1.422353982925415039e-01 7.686087489128112793e-02 1.094687804579734802e-01 1.386556029319763184e-01 6.931689381599426270e-02 -6.338374316692352295e-02 6.473495066165924072e-02 1.254555885680019855e-03 -1.310618408024311066e-02 -1.705698668956756592e-02 -1.082668155431747437e-01 -1.116975173354148865e-01 -8.345446735620498657e-02 3.976549208164215088e-02 1.548813581466674805e-01 -4.955237358808517456e-02 -1.074185445904731750e-01 2.816106006503105164e-02 3.517200052738189697e-02 2.717538550496101379e-02 1.149341762065887451e-01 -3.225605189800262451e-02 1.061928179115056992e-02 -1.344837844371795654e-01 3.733113780617713928e-02 -1.944838836789131165e-02 4.946498200297355652e-02 -1.547791212797164917e-01 -4.762744531035423279e-02 -4.268726706504821777e-02 -1.612301915884017944e-02 5.448449403047561646e-02 -9.559118770994246006e-04 -3.336203843355178833e-02 -7.718218956142663956e-03 -6.075599044561386108e-02 3.590352088212966919e-02 -1.190330535173416138e-01 -7.649434357881546021e-02 2.734077535569667816e-02 1.061664223670959473e-01 1.067328751087188721e-01 -4.874283447861671448e-02 -2.333057485520839691e-02 4.000828787684440613e-02 1.193648278713226318e-01 9.042087942361831665e-02 -1.796745881438255310e-02 -3.833813592791557312e-02 3.773618489503860474e-02 3.913919627666473389e-02 1.245100423693656921e-01 4.046167433261871338e-02 -1.343597192317247391e-02 -6.042632460594177246e-02 1.742579936981201172e-01 5.081880092620849609e-02 -2.364771626889705658e-02 -5.633304268121719360e-02 3.669427335262298584e-02 -1.398590020835399628e-02 7.799471914768218994e-02 -1.402134001255035400e-01 -1.049705669283866882e-01 6.493434309959411621e-02 1.149608120322227478e-01 -1.082653775811195374e-01 2.829720079898834229e-02 -1.011964902281761169e-01 -8.824022859334945679e-02 -1.707806251943111420e-02 1.090787202119827271e-01 1.712676323950290680e-02 3.571193665266036987e-02 8.644253946840763092e-03 1.331865694373846054e-02 1.139770373702049255e-01 -8.164978027343750000e-02 -4.350927099585533142e-02 -7.832606881856918335e-02 -9.285167604684829712e-02 -6.017434597015380859e-02 -1.355262398719787598e-01 5.658939853310585022e-02 1.305672228336334229e-01 6.901901215314865112e-02 -2.824655547738075256e-02 -1.452726721763610840e-01 6.769012659788131714e-02 -4.216188937425613403e-02 3.945820033550262451e-02 3.057628637179732323e-03 5.557558313012123108e-02
-1.084441542625427246e-01 -7.362857460975646973e-02 2.971180528402328491e-02 5.328355729579925537e-02 -5.275264009833335876e-02 -1.265391428023576736e-02 -6.786686927080154419e-02 -5.135460197925567627e-02 -1.280082464218139648e-01 -8.050370216369628906e-02 -1.319335252046585083e-01 4.511775076389312744e-02 -1.357494480907917023e-02 -1.552633196115493774e-01 -9.646598249673843384e-02 -7.671065628528594971e-02 -7.338814437389373779e-02 4.646400362253189087e-02 -5.497059784829616547e-03 8.683869987726211548e-02 9.324359893798828125e-02 -8.434652537107467651e-02 1.308817714452743530e-01 6.554605066776275635e-02 1.056768894195556641e-01 1.876188442111015320e-02 5.355300754308700562e-02 -8.844309300184249878e-02 1.094156205654144287e-01 8.240319043397903442e-02 1.842624694108963013e-01 7.847777754068374634e-02 -8.584917336702346802e-02 -1.328227389603853226e-02 -4.882488772273063660e-02 -7.542579621076583862e-02 -3.050808422267436981e-02 -6.449850741773843765e-03 -7.751806825399398804e-02 9.099471569061279297e-02 4.586185887455940247e-02 7.423857692629098892e-03 8.974325656890869141e-02 -1.328775286674499512e-02 9.306275099515914917e-02 -7.387878745794296265e-02 -5.457098409533500671e-02 -1.801611669361591339e-02 -2.194013632833957672e-02 -8.189725130796432495e-02 -1.523859053850173950e-02 -8.731907606124877930e-02 -1.643098704516887665e-02 5.561135336756706238e-02 6.492630392313003540e-02 1.362198218703269958e-02 -1.195915043354034424e-01 -7.675046473741531372e-02 -1.279282271862030029e-01 1.163574978709220886e-01 -2.188589982688426971e-02 3.913464024662971497e-02 -4.429485276341438293e-02 5.421613529324531555e-02 -4.310218617320060730e-02 3.377943113446235657e-02 6.982422620058059692e-02 -6.129131466150283813e-02 3.143977746367454529e-02 1.195627003908157349e-01 1.465862393379211426e-01 1.117658242583274841e-02 -3.444878384470939636e-02 1.218486651778221130e-01 1.227036416530609131e-01 -7.480910513550043106e-03 2.912423573434352875e-02 4.378835856914520264e-02 -9.193340688943862915e-02 -7.391162216663360596e-02 7.263564318418502808e-02 5.459914449602365494e-03 1.433402448892593384e-01 -2.108719386160373688e-02 7.231251895427703857e-02 7.402945309877395630e-02 -4.312149807810783386e-02 1.020105704665184021e-01 1.423663198947906494e-01 -1.704500429332256317e-02 5.343405902385711670e-02 -1.559892147779464722e-01 6.402434408664703369e-02 3.963404148817062378e-02 7.345904409885406494e-02 -6.027563288807868958e-02 -2.733419532887637615e-04 4.544320702552795410e-02 -1.808714680373668671e-02 -8.596187829971313477e-02
-7.694058120250701904e-02 -2.837593667209148407e-02 1.242823302745819092e-01 6.027293577790260315e-02 -1.560130715370178223e-02 -7.066547870635986328e-02 -2.443577721714973450e-02 -3.152909874916076660e-02 -1.097108945250511169e-01 -1.523696631193161011e-01 2.426181174814701080e-02 6.384427100419998169e-02 1.086247712373733521e-02 -7.485557813197374344e-03 -1.973391324281692505e-02 -1.428792346268892288e-02 -9.976693987846374512e-02 -5.138017609715461731e-02 4.622142016887664795e-02 -2.595579950138926506e-03 -7.984869927167892456e-02 4.023582488298416138e-02 -2.458994835615158081e-02 9.715020656585693359e-02 -8.122269064188003540e-02 -9.624043852090835571e-02 6.373443454504013062e-02 1.380033697932958603e-02 8.391700685024261475e-02 -8.037424087524414062e-02 -1.089188270270824432e-02 -6.868284940719604492e-02 -1.298738569021224976e-01 1.143379136919975281e-01 8.182977139949798584e-02 -9.998103976249694824e-02 -2.419214323163032532e-02 7.456060498952865601e-02 -9.764155000448226929e-02 -2.601547352969646454e-02 2.838124148547649384e-02 -3.327829390764236450e-02 8.448697626590728760e-02 -4.587498307228088379e-02 3.526621684432029724e-02 -1.020501926541328430e-01 -4.351960122585296631e-02 -1.283897459506988525e-01 -1.352940946817398071e-01 -1.122524365782737732e-01 2.166327834129333496e-02 -5.844547227025032043e-02 6.759715266525745392e-03 -3.734700754284858704e-02 7.782996445894241333e-02 -1.326096430420875549e-02 -3.426526486873626709e-02 -1.301512718200683594e-01 -1.251110881567001343e-01 -2.525125443935394287e-02 -1.725722104310989380e-02 6.225584074854850769e-03 -1.300355195999145508e-01 -1.038022746797651052e-04 -2.021198347210884094e-02 1.853829436004161835e-02 -8.219958096742630005e-02 1.083272248506546021e-01 -3.973627462983131409e-02 -4.285003989934921265e-02 1.177842393517494202e-01 1.086947321891784668e-02 -1.000794544816017151e-01 -5.290191993117332458e-02 1.345496773719787598e-01 -4.387090727686882019e-02 1.349642127752304077e-01 -5.529683828353881836e-02 4.448292311280965805e-03 1.189412083476781845e-02 1.078244298696517944e-01 5.213785544037818909e-02 -1.694731041789054871e-02 2.909966558218002319e-02 -7.037814706563949585e-02 8.751959353685379028e-02 7.428357005119323730e-02 -7.101277261972427368e-02 -2.045798115432262421e-03 1.274949908256530762e-01 6.214628368616104126e-02 -2.114272862672805786e-02 -3.148553147912025452e-02 6.353448331356048584e-02 6.954233348369598389e-02 7.911983877420425415e-03 -6.653697788715362549e-02 3.628373146057128906e-02 2.039450965821743011e-02 -4.644725844264030457e-02
2.132253721356391907e-02 1.265816986560821533e-01 -3.071752935647964478e-02 -1.109365746378898621e-01 2.656832337379455566e-02 1.064134612679481506e-01 1.358294636011123657e-01 -7.008109986782073975e-02 1.258506029844284058e-01 1.073538810014724731e-01 1.389621198177337646e-01 -5.064817890524864197e-02 -9.476736187934875488e-03 8.319960534572601318e-02 9.856377542018890381e-02 9.891261160373687744e-02 3.718743100762367249e-02 -3.262684121727943420e-02 -2.114151045680046082e-02 -9.870100021362304688e-02 -4.263027384877204895e-02 1.360841211862862110e-03 -1.219497844576835632e-01 -1.294955760240554810e-01 -4.384012147784233093e-02 -6.399836391210556030e-02 -3.493189811706542969e-02 7.793543487787246704e-02 -3.314555063843727112e-02 6.339449435472488403e-02 -7.796183973550796509e-02 -8.275068551301956177e-02 4.487781319767236710e-03 -1.352686882019042969e-01 -3.486368805170059204e-02 1.015142053365707397e-01 -9.537425637245178223e-02 -4.270781576633453369e-02 2.498870715498924255e-02 -1.082655740901827812e-03 -2.992707304656505585e-02 -2.796745300292968750e-02 -5.187023058533668518e-02 4.332895204424858093e-02 -5.866357684135437012e-02 3.983820602297782898e-02 -9.804597496986389160e-02 -1.136741973459720612e-02 4.999222978949546814e-02 8.690147846937179565e-02 7.728645205497741699e-02 5.551944673061370850e-02 5.036081001162528992e-02 8.107259869575500488e-02 1.298748888075351715e-02 6.330138444900512695e-02 5.746395513415336609e-02 8.076521754264831543e-02 5.265526100993156433e-02 -1.508472412824630737e-01 1.511133760213851929e-01 1.346080303192138672e-01 8.819519728422164917e-02 8.426080457866191864e-03 2.772277779877185822e-02 3.167966753244400024e-02 3.562022466212511063e-03 -4.175172373652458191e-02 -3.692911937832832336e-02 -9.691077470779418945e-02 -5.686131492257118225e-02 -8.588437736034393311e-02 4.066198691725730896e-02 -3.364332392811775208e-02 -2.779469639062881470e-02 -7.121727615594863892e-02 1.419379655271768570e-02 3.039545193314552307e-02 8.359880000352859497e-02 -4.187431558966636658e-02 -7.928121089935302734e-02 -1.258995831012725830e-01 -6.994932424277067184e-03 1.470276862382888794e-01 3.905709460377693176e-02 -1.395698403939604759e-03 1.235932111740112305e-01 -6.642401963472366333e-02 -6.682756543159484863e-02 1.273016072809696198e-02 2.230675518512725830e-02 1.316646188497543335e-01 -2.372625283896923065e-02 7.445971667766571045e-02 -1.342844665050506592e-01 1.144710406661033630e-01 -1.148189604282379150e-02 1.384716480970382690e-01 -1.265146434307098389e-01 4.803814738988876343e-02
1.038895081728696823e-02 1.053371131420135498e-01 -1.678498536348342896e-01 4.765820875763893127e-02 -4.362542927265167236e-02 1.480555385351181030e-01 1.381489038467407227e-01 -7.909552752971649170e-02 1.139516532421112061e-01 5.323312431573867798e-02 1.006714534014463425e-02 -1.233211811631917953e-02 -4.354479536414146423e-02 -4.494241997599601746e-02 1.559129636734724045e-02 5.903631448745727539e-03 4.635739326477050781e-02 -5.199388042092323303e-02 9.851391613483428955e-02 -1.168491989374160767e-01 3.692568093538284302e-02 1.044191420078277588e-01 8.314643800258636475e-02 9.370903670787811279e-02 -3.084099292755126953e-02 -2.746423473581671715e-03 4.156507551670074463e-02 1.581363528966903687e-01 -1.678981934674084187e-03 9.142962098121643066e-02 1.981371454894542694e-02 3.998702857643365860e-03 -8.688813075423240662e-03 3.494417294859886169e-02 -1.257896572351455688e-01 -5.874468479305505753e-03 -1.028588265180587769e-01 -1.926994509994983673e-02 6.668530404567718506e-03 4.128369910176843405e-04 -4.641764611005783081e-02 -5.522319674491882324e-02 -3.411495313048362732e-02 1.369854658842086792e-01 -9.191298857331275940e-03 6.205710768699645996e-02 -3.230717033147811890e-02 1.796499826014041901e-02 5.801188573241233826e-02 2.794970571994781494e-02 8.157888054847717285e-02 4.506029188632965088e-03 1.004898473620414734e-01 7.972915470600128174e-02 -5.815209820866584778e-02 1.182934939861297607e-01 2.040855400264263153e-02 6.031558662652969360e-02 1.893145143985748291e-01 -4.805212095379829407e-02 2.757916413247585297e-02 -2.278217673301696777e-02 1.244515553116798401e-01 -6.216200068593025208e-03 -7.062873244285583496e-02 -8.884007483720779419e-02 8.070668578147888184e-02 -1.363034825772047043e-02 -1.199166756123304367e-02 -6.671638786792755127e-02 -1.172369159758090973e-02 1.447588205337524414e-02 -3.784633427858352661e-02 -1.122476980090141296e-01 -2.401475980877876282e-02 2.298579923808574677e-02 -1.396798193454742432e-01 9.238561987876892090e-02 -7.323610782623291016e-02 -1.126580685377120972e-01 -1.296381652355194092e-01 -8.925627171993255615e-02 -5.659507215023040771e-02 -2.904275804758071899e-02 -1.018359418958425522e-02 -1.142342910170555115e-01 -3.935503959655761719e-02 9.569689631462097168e-03 4.825861379504203796e-02 -7.853283733129501343e-02 -6.467106193304061890e-02 1.491139531135559082e-01 -4.281107708811759949e-02 -3.604838391765952110e-03 -1.181820109486579895e-01 8.834529668092727661e-02 9.590298868715763092e-03 -1.864110678434371948e-02 -1.384390741586685181e-01 1.236459426581859589e-02
8.003878593444824219e-02 1.148555353283882141e-01 2.550104074180126190e-02 -4.884565621614456177e-02 -8.616670966148376465e-03 1.398933818563818932e-03 -2.357786893844604492e-02 -3.167353942990303040e-02 9.127354621887207031e-02 1.967910863459110260e-02 -8.721283636987209320e-03 -6.095621362328529358e-02 -3.178637102246284485e-02 -8.389307186007499695e-03 8.668275177478790283e-02 1.654975563287734985e-01 5.314205586910247803e-02 -2.440421469509601593e-02 -1.501633524894714355e-01 -9.721172600984573364e-02 -1.482299994677305222e-02 1.989929527044296265e-01 -1.261030137538909912e-01 -2.086394838988780975e-02 -1.210366934537887573e-01 7.875978946685791016e-02 -1.552050411701202393e-01 8.538530766963958740e-02 -1.232488602399826050e-01 -1.463588140904903412e-02 -9.013029932975769043e-02 -6.217692047357559204e-02 1.372080147266387939e-01 -9.488813579082489014e-02 3.023844771087169647e-02 3.974924981594085693e-02 -7.881639152765274048e-02 1.635096035897731781e-02 -2.172823064029216766e-03 -1.417220830917358398e-01 -9.003733843564987183e-02 9.832403808832168579e-02 1.468485780060291290e-02 3.783662244677543640e-02 -2.305871248245239258e-02 8.370425552129745483e-02 8.863386698067188263e-03 -3.709701076149940491e-02 3.652939945459365845e-02 1.244543492794036865e-01 5.480293557047843933e-02 1.601022854447364807e-02 1.508359760046005249e-01 2.312460541725158691e-02 2.128313109278678894e-02 2.452704310417175293e-02 4.498001933097839355e-02 -3.585597872734069824e-02 1.548168212175369263e-01 -5.136272683739662170e-02 2.603145316243171692e-02 -1.405769865959882736e-02 7.705728709697723389e-02 2.412111498415470123e-03 -1.186864823102951050e-02 1.097289547324180603e-01 -1.265018479898571968e-03 -1.337712705135345459e-01 3.035387210547924042e-02 2.257166989147663116e-02 -1.285579204559326172e-01 4.895744472742080688e-02 -5.678724497556686401e-02 -4.912607744336128235e-02 -1.612954437732696533e-01 5.356521904468536377e-02 -1.908406987786293030e-02 5.484549701213836670e-02 -1.709423027932643890e-02 3.959559276700019836e-02 -5.715354159474372864e-02 2.247337810695171356e-02 -3.425718471407890320e-02 1.602441966533660889e-01 5.942506343126296997e-02 -1.082891249097883701e-03 -4.041914269328117371e-02 6.162912026047706604e-02 -3.667854890227317810e-02 -1.146588996052742004e-01 -7.813638076186180115e-03 1.057655140757560730e-01 4.888096451759338379e-02 -4.505839571356773376e-02 -8.296832442283630371e-02 -6.273953244090080261e-03 -2.364877797663211823e-02 3.918398870155215263e-04 -8.110142499208450317e-02 9.437723457813262939e-02
8.804034441709518433e-02 9.508527815341949463e-02 -1.612111479043960571e-01 -9.207385033369064331e-02 1.069448888301849365e-01 8.947051130235195160e-03 1.341553330421447754e-01 1.660528779029846191e-02 -5.053153634071350098e-02 9.647095203399658203e-02 6.231269985437393188e-02 -7.830246537923812866e-02 4.102037847042083740e-02 9.527012705802917480e-02 1.488286703824996948e-01 6.610918790102005005e-02 9.332910180091857910e-02 -1.443362236022949219e-01 1.035855710506439209e-02 -1.380481123924255371e-01 5.578453093767166138e-02 1.433866024017333984e-01 1.371244154870510101e-02 -6.463651359081268311e-02 6.145529076457023621e-02 -5.083075165748596191e-02 -1.505732834339141846e-01 -1.704058982431888580e-02 -3.020882606506347656e-02 5.190841481089591980e-02 -1.289646029472351074e-01 -9.722384810447692871e-02 1.328920274972915649e-01 4.583560675382614136e-02 1.920851506292819977e-02 -7.711227983236312866e-03 -1.722622290253639221e-02 8.432853966951370239e-02 1.123140230774879456e-01 -2.041030675172805786e-02 -9.939535707235336304e-02 5.279381945729255676e-02 2.447338588535785675e-02 8.394550532102584839e-02 1.043985318392515182e-02 7.514762878417968750e-02 -1.373675614595413208e-01 1.050748229026794434e-01 -2.446629293262958527e-02 1.234116256237030029e-01 5.155674368143081665e-02 2.973076514899730682e-02 4.421252384781837463e-02 -3.505370020866394043e-02 -2.483362890779972076e-02 -2.847971767187118530e-02 1.524978131055831909e-01 6.447056680917739868e-02 5.242944881319999695e-02 -3.804751485586166382e-02 6.842029839754104614e-02 5.159225687384605408e-02 1.802684664726257324e-01 -8.364892005920410156e-02 1.022694408893585205e-01 1.038070693612098694e-01 -9.010883420705795288e-02 -1.531071662902832031e-01 -1.524601690471172333e-02 1.089008711278438568e-02 -1.226727068424224854e-01 -8.172829449176788330e-02 5.189411714673042297e-02 4.993436858057975769e-02 -1.204607039690017700e-01 -3.192432597279548645e-02 2.375746145844459534e-02 5.952925235033035278e-02 -9.533061645925045013e-03 2.145947888493537903e-02 -8.180813491344451904e-02 2.756759524345397949e-02 -1.710296608507633209e-02 1.445396542549133301e-01 -1.149602755904197693e-01 -3.883717209100723267e-02 6.364709883928298950e-02 -1.964753121137619019e-02 6.204570829868316650e-02 -2.813132712617516518e-03 3.628938645124435425e-02 2.937108092010021210e-02 5.514882039278745651e-03 6.077774241566658020e-02 -8.034110814332962036e-02 -2.418768219649791718e-02 6.286241114139556885e-02 1.372996419668197632e-01 5.860963370651006699e-03 1.319014281034469604e-01
-1.957220211625099182e-02 -6.478493567556142807e-03 -6.941059231758117676e-02 4.804901406168937683e-02 7.290259748697280884e-02 4.994967579841613770e-02 6.601463258266448975e-02 -6.651180982589721680e-02 2.190423756837844849e-02 1.337157040834426880e-01 -3.183632344007492065e-02 -4.337216913700103760e-02 1.132243573665618896e-01 1.551589667797088623e-01 7.018135488033294678e-02 9.360221773386001587e-02 1.111265644431114197e-01 -1.303496807813644409e-01 3.415799513459205627e-02 -3.870182484388351440e-02 -1.301880180835723877e-01 2.094291001558303833e-01 4.468012973666191101e-02 1.068861111998558044e-01 -8.388727903366088867e-03 5.946661159396171570e-02 -8.827023208141326904e-02 1.091743558645248413e-01 -1.794217526912689209e-02 -2.367305941879749298e-02 -9.828147292137145996e-02 1.327619999647140503e-01 -5.415204912424087524e-02 -1.066889464855194092e-01 -1.157978326082229614e-01 2.845083363354206085e-02 -8.582124859094619751e-02 -1.143440976738929749e-01 -2.026209235191345215e-02 5.965578369796276093e-03 -3.679352998733520508e-02 -3.639315068721771240e-02 5.418272688984870911e-02 -2.345605753362178802e-02 -9.308741241693496704e-02 1.507932133972644806e-02 -1.316838711500167847e-01 7.086208462715148926e-02 5.323601886630058289e-02 8.882404118776321411e-02 1.372206360101699829e-01 -2.980733290314674377e-02 9.657759964466094971e-02 -8.867160230875015259e-02 3.735094144940376282e-02 -8.583600819110870361e-02 -3.310278803110122681e-02 1.138426363468170166e-01 1.057191938161849976e-01 3.230794519186019897e-02 1.005354076623916626e-01 1.357129812240600586e-01 1.634076684713363647e-01 -8.477301895618438721e-02 9.591969847679138184e-02 5.573641508817672729e-02 1.194974482059478760e-01 -8.024284988641738892e-02 2.233332581818103790e-02 -3.299640864133834839e-02 2.822853997349739075e-02 -5.885106325149536133e-02 -3.522282838821411133e-02 -9.289229661226272583e-02 3.083763644099235535e-02 3.643393516540527344e-02 4.226807504892349243e-03 5.831663031131029129e-03 -2.648083493113517761e-02 -7.492396980524063110e-02 -1.197730153799057007e-01 2.956558577716350555e-02 -1.038398593664169312e-01 -3.535637166351079941e-03 -2.369011053815484047e-03 -1.207299381494522095e-01 -9.128484129905700684e-02 1.432856172323226929e-02 1.747929677367210388e-02 -4.449853207916021347e-03 -1.855359971523284912e-02 4.016262944787740707e-03 -1.334475725889205933e-01 -9.633286972530186176e-04 -4.483576118946075439e-02 3.485055640339851379e-02 5.874870344996452332e-02 9.109631180763244629e-02 6.101756542921066284e-02 1.165036950260400772e-02
4.020065441727638245e-02 -4.759515076875686646e-02 2.268456667661666870e-02 9.368400275707244873e-02 4.155702143907546997e-02 -1.124970689415931702e-01 4.148231074213981628e-02 2.467251382768154144e-02 -8.185516297817230225e-02 -1.241375133395195007e-01 -6.684191524982452393e-02 9.645300358533859253e-02 3.346373140811920166e-02 1.624904759228229523e-02 -6.864830851554870605e-02 3.873475641012191772e-02 4.115363210439682007e-02 -5.750298500061035156e-02 2.476027421653270721e-02 1.189679950475692749e-01 -3.604902885854244232e-03 7.365046441555023193e-02 1.252134740352630615e-01 -1.325885206460952759e-02 3.612143546342849731e-02 8.583657443523406982e-02 -2.453493699431419373e-02 -9.154388308525085449e-02 1.476190052926540375e-02 -9.619078785181045532e-02 1.382806599140167236e-01 6.941006053239107132e-03 -8.693300187587738037e-02 3.225553408265113831e-02 -3.389347344636917114e-02 7.912591844797134399e-02 1.019296795129776001e-01 1.356113888323307037e-02 -2.417043410241603851e-02 1.158313676714897156e-01 8.684191107749938965e-02 3.946041688323020935e-02 -1.559539046138525009e-02 -8.649106323719024658e-02 1.093932464718818665e-01 4.477484896779060364e-02 7.161724567413330078e-02 -8.017046004533767700e-02 -2.556508406996726990e-02 3.706238046288490295e-02 5.057736113667488098e-02 2.955741621553897858e-02 3.297878801822662354e-02 7.494328916072845459e-02 -3.842698782682418823e-02 8.892305940389633179e-02 -8.857560902833938599e-02 2.933021821081638336e-02 -1.352582573890686035e-01 -3.695983067154884338e-02 -1.727837771177291870e-01 -4.220377653837203979e-02 -1.330374628305435181e-01 -1.934660412371158600e-02 7.865592092275619507e-02 -5.669654905796051025e-02 -3.583762422204017639e-02 8.334775269031524658e-02 3.685639798641204834e-02 -1.027470268309116364e-02 -3.614211082458496094e-02 9.275556355714797974e-02 -4.718748480081558228e-02 3.182622045278549194e-02 7.589036226272583008e-02 7.411648333072662354e-02 2.814090624451637268e-02 1.072416976094245911e-01 7.940550148487091064e-02 -4.239492863416671753e-02 3.609718382358551025e-02 6.505037099123001099e-02 7.319877296686172485e-02 -1.057960763573646545e-01 7.162905484437942505e-02 1.126363202929496765e-01 7.179999351501464844e-02 7.280675694346427917e-03 -9.721387177705764771e-02 9.155175089836120605e-02 3.349598124623298645e-02 -1.254764795303344727e-01 8.723285049200057983e-02 -5.546955019235610962e-02 -3.815932199358940125e-02 -3.138326853513717651e-02 -1.846999116241931915e-02 -1.697480678558349609e-02 1.101803928613662720e-01 -7.208181172609329224e-02
-5.531243234872817993e-02 5.045166611671447754e-02 -8.913604915142059326e-02 -8.115056157112121582e-02 -6.798922270536422729e-02 7.311007380485534668e-02 7.033293694257736206e-02 -2.898330427706241608e-02 1.778371073305606842e-02 1.730514615774154663e-01 6.458090245723724365e-02 3.214738890528678894e-02 5.418856069445610046e-02 -6.262338906526565552e-02 -4.242718592286109924e-02 1.186838932335376740e-02 1.039917347952723503e-03 -1.246628761291503906e-01 -3.601836413145065308e-02 -1.474538296461105347e-01 4.241334274411201477e-02 -5.175281781703233719e-03 -4.607793316245079041e-02 7.054471224546432495e-02 6.349148601293563843e-02 -8.327860385179519653e-02 -3.823283687233924866e-02 8.417401462793350220e-02 7.706893235445022583e-02 -4.358244594186544418e-03 -4.735637083649635315e-02 -4.657692089676856995e-02 3.504932671785354614e-02 3.403022512793540955e-02 -4.270783439278602600e-02 -9.591003507375717163e-02 -1.613117754459381104e-01 -3.096127137541770935e-02 9.597155451774597168e-02 -1.160020157694816589e-01 -9.715271741151809692e-02 7.734177261590957642e-02 5.341092497110366821e-02 4.964198917150497437e-02 -1.437597721815109253e-01 -9.037268161773681641e-02 1.566080935299396515e-02 -5.874139070510864258e-02 8.791503310203552246e-02 -3.013225644826889038e-02 -1.493808347731828690e-02 -3.408750891685485840e-02 1.595614701509475708e-01 6.905320286750793457e-02 -6.416045129299163818e-02 6.621612608432769775e-02 1.077509596943855286e-01 3.775839135050773621e-02 4.532415792346000671e-02 -1.401679813861846924e-01 2.160711139440536499e-01 -5.454151332378387451e-02 2.754865214228630066e-02 2.403764799237251282e-02 -2.392535284161567688e-02 -8.184359967708587646e-02 -2.077817916870117188e-02 -1.306735277175903320e-01 -6.820056587457656860e-02 -1.693533360958099365e-02 -5.476131569594144821e-03 -2.869697846472263336e-02 9.732138365507125854e-02 -3.390823490917682648e-03 -9.581723064184188843e-02 -6.209283694624900818e-02 -1.339820176362991333e-01 2.598454989492893219e-02 1.957060396671295166e-02 2.861164510250091553e-02 1.223722845315933228e-02 9.639002382755279541e-03 2.072454057633876801e-02 1.767227649688720703e-01 -3.892087936401367188e-02 2.674018405377864838e-02 -4.004785045981407166e-02 8.725480735301971436e-02 5.748389288783073425e-02 4.260275512933731079e-02 1.654843427240848541e-02 7.020218763500452042e-03 -6.207732111215591431e-02 5.128528922796249390e-02 -1.059348955750465393e-01 1.117667928338050842e-01 4.789338633418083191e-02 8.924818038940429688e-02 -6.631992291659116745e-04 1.130246296525001526e-01
-4.614808782935142517e-02 -4.681425169110298157e-02 2.240577340126037598e-02 1.564702391624450684e-01 1.030737347900867462e-02 -7.637599110603332520e-02 -3.688837168738245964e-03 7.753339409828186035e-02 7.655031513422727585e-03 2.260911650955677032e-02 -1.206723749637603760e-01 4.915984347462654114e-02 -7.555050402879714966e-02 -7.164739072322845459e-02 -3.714923560619354248e-02 -1.057594735175371170e-02 -2.634187927469611168e-03 6.324236840009689331e-02 2.784290350973606110e-02 7.161732017993927002e-02 9.719920903444290161e-02 -1.022128984332084656e-01 -3.681121766567230225e-02 5.337189510464668274e-02 -4.929270595312118530e-03 7.724136114120483398e-02 -2.096896432340145111e-02 2.565650967881083488e-03 4.746586084365844727e-02 1.314487308263778687e-03 1.580541431903839111e-01 7.942755520343780518e-02 -2.383292652666568756e-02 -4.207970201969146729e-02 7.797108590602874756e-02 -5.452403426170349121e-02 2.334425412118434906e-02 8.157688379287719727e-02 -9.080985933542251587e-02 -2.830431796610355377e-03 4.518601670861244202e-02 -6.147005781531333923e-02 -9.891744703054428101e-02 -5.283373594284057617e-02 4.086395353078842163e-02 5.316225811839103699e-02 5.692506581544876099e-02 5.706474184989929199e-02 -1.283635944128036499e-01 3.921516984701156616e-02 4.223024472594261169e-02 -9.102816879749298096e-02 3.409593179821968079e-02 -6.163934711366891861e-03 7.595758140087127686e-02 6.522805243730545044e-02 -6.295735388994216919e-02 4.720932617783546448e-02 -8.243089914321899414e-02 6.980243325233459473e-02 -7.864726334810256958e-02 -1.199088543653488159e-01 -1.037220284342765808e-02 1.003150567412376404e-01 -2.736267261207103729e-02 -9.059052914381027222e-02 -2.231403952464461327e-03 2.514143660664558411e-02 -8.407374471426010132e-02 3.686339408159255981e-02 2.158425189554691315e-02 -9.075559675693511963e-02 2.075785398483276367e-02 5.063869804143905640e-02 7.085172086954116821e-02 5.833366140723228455e-02 1.456499844789505005e-01 1.130159571766853333e-02 3.811141103506088257e-02 8.795712888240814209e-02 3.942013159394264221e-02 2.916492149233818054e-02 1.238761395215988159e-01 -6.875899620354175568e-03 1.498179975897073746e-02 7.883495837450027466e-02 -7.603882253170013428e-02 1.148322224617004395e-01 1.884870789945125580e-02 -3.963322937488555908e-02 1.400503143668174744e-02 -1.390563249588012695e-01 -5.897397175431251526e-02 -6.558413058519363403e-02 3.258074633777141571e-03 -4.610705003142356873e-02 -4.459790512919425964e-02 -1.405128240585327148e-01 -3.924764692783355713e-02 -1.267157644033432007e-01
-2.638798439875245094e-03 -1.913020908832550049e-01 -1.750643132254481316e-04 9.477008879184722900e-02 -9.414739161729812622e-02 -5.114632472395896912e-02 -1.367378234863281250e-01 -2.117612026631832123e-02 -3.068199194967746735e-02 -3.588749840855598450e-02 -1.077118515968322754e-01 5.248737707734107971e-02 3.476804413367062807e-04 -4.913385584950447083e-02 -1.119233518838882446e-01 -5.567968357354402542e-03 -1.247691288590431213e-01 -1.224692817777395248e-02 1.126983985304832458e-01 2.088746242225170135e-02 -6.313022971153259277e-02 -2.889177948236465454e-02 8.508871495723724365e-02 8.023148775100708008e-02 1.066299006342887878e-01 1.899057067930698395e-02 6.914979964494705200e-02 6.652975082397460938e-02 -3.322874009609222412e-02 -6.989887356758117676e-02 2.295687608420848846e-02 5.895007401704788208e-02 1.933631114661693573e-02 -1.089856959879398346e-02 1.348583027720451355e-02 -2.217186614871025085e-02 8.939682692289352417e-02 -4.374691843986511230e-02 -1.129267551004886627e-02 2.565892413258552551e-02 -2.281401865184307098e-02 8.629325032234191895e-02 1.153053566813468933e-01 -1.144519448280334473e-01 -4.511532187461853027e-02 -1.775867640972137451e-01 6.591646373271942139e-02 -1.008214578032493591e-01 -7.930357754230499268e-02 -4.075900092720985413e-02 -1.693487726151943207e-02 -8.887451142072677612e-02 -6.619716994464397430e-03 5.816921591758728027e-02 1.254695951938629150e-01 4.012911394238471985e-02 -1.239453554153442383e-01 -4.111785069108009338e-02 -8.565273135900497437e-02 -8.050480857491493225e-03 -7.566846907138824463e-02 -5.425724759697914124e-02 -5.829799454659223557e-03 -2.422522939741611481e-02 -1.465364824980497360e-02 -7.459651678800582886e-02 1.360065340995788574e-01 -5.866966769099235535e-02 2.061404846608638763e-02 1.513256970793008804e-02 6.273522507399320602e-03 -6.788045167922973633e-02 -2.840317413210868835e-02 -2.188827656209468842e-02 1.251264214515686035e-01 1.107917279005050659e-01 7.311675697565078735e-02 7.256411015987396240e-02 -6.229072064161300659e-02 2.675339113920927048e-03 1.592435687780380249e-02 1.219583600759506226e-01 3.816186636686325073e-02 1.254983711987733841e-03 1.538113225251436234e-02 -3.314075246453285217e-02 -1.356254220008850098e-01 -1.324337869882583618e-01 8.857601135969161987e-02 1.091770827770233154e-01 6.712695211172103882e-02 -2.667966671288013458e-02 -6.328070908784866333e-02 -7.215872406959533691e-02 -2.903214842081069946e-02 -1.922210492193698883e-02 -6.579299271106719971e-02 -2.540091052651405334e-03 3.070473670959472656e-02 3.344233334064483643e-02
6.413785368204116821e-02 -4.467399418354034424e-02 -7.597403228282928467e-02 -5.595443770289421082e-02 3.875293582677841187e-02 1.184578314423561096e-01 2.092930302023887634e-02 -7.111527025699615479e-03 -1.291278451681137085e-01 8.928244002163410187e-03 5.336354672908782959e-02 -2.185931988060474396e-02 -7.890213280916213989e-02 -3.627751395106315613e-02 -5.090824514627456665e-02 -8.261053264141082764e-02 -8.470526337623596191e-02 4.492941126227378845e-02 9.410898387432098389e-02 1.040158197283744812e-01 9.168797731399536133e-02 -1.936793774366378784e-01 -6.537314504384994507e-02 -1.120565682649612427e-01 -1.087946146726608276e-01 -5.027407035231590271e-02 1.142032146453857422e-01 -8.154320716857910156e-02 2.386904507875442505e-02 3.713163733482360840e-02 5.810946226119995117e-02 5.615902692079544067e-02 -2.196251228451728821e-02 -6.135614216327667236e-02 7.662897929549217224e-03 7.710816711187362671e-02 5.958819761872291565e-02 7.014489918947219849e-02 -9.691180288791656494e-02 1.402184367179870605e-01 -1.093587502837181091e-01 5.998487770557403564e-02 4.417034611105918884e-02 -3.471048257779330015e-04 1.051591336727142334e-01 1.328539401292800903e-01 9.812739491462707520e-02 -9.162293863482773304e-04 -2.324416860938072205e-02 7.010778039693832397e-02 -6.452607363462448120e-02 -6.343982368707656860e-02 5.290529876947402954e-02 -6.536733359098434448e-02 -3.327177464962005615e-02 -1.630786061286926270e-02 -1.315386146306991577e-01 -2.295411191880702972e-02 2.698449604213237762e-02 3.845954686403274536e-02 -1.479556262493133545e-01 3.049845620989799500e-02 -1.223342567682266235e-01 -9.093143045902252197e-02 5.327508226037025452e-02 3.786467015743255615e-02 -1.118198633193969727e-01 7.124193012714385986e-02 -8.681418746709823608e-02 4.834827408194541931e-02 8.097950369119644165e-02 1.328515857458114624e-01 -1.434032246470451355e-02 5.744431167840957642e-03 9.641306102275848389e-02 -1.049202233552932739e-01 -1.748380437493324280e-02 4.934042692184448242e-02 1.737787947058677673e-02 1.225283071398735046e-01 9.934321790933609009e-02 3.647527098655700684e-02 -1.605679513886570930e-03 -7.378231734037399292e-02 -5.495667830109596252e-02 3.331943647935986519e-03 -4.311421513557434082e-02 -6.386572122573852539e-02 2.453601174056529999e-02 -9.656880050897598267e-02 5.509361624717712402e-02 5.589237064123153687e-02 5.726603046059608459e-02 -5.684901401400566101e-02 2.740204893052577972e-02 -2.470993064343929291e-02 -1.097948942333459854e-02 8.003856055438518524e-03 -5.922942608594894409e-02 3.579314798116683960e-02
6.352584809064865112e-02 -7.136554270982742310e-02 1.251938194036483765e-02 6.227426230907440186e-02 1.035393327474594116e-01 1.202960312366485596e-02 -9.338428080081939697e-02 1.773490384221076965e-02 -9.689386188983917236e-02 2.602156065404415131e-02 -6.851470470428466797e-02 -4.696641489863395691e-02 6.341035664081573486e-02 -1.078633219003677368e-01 -7.703682035207748413e-02 -1.225444823503494263e-01 -7.270947098731994629e-02 9.956815838813781738e-02 -5.412536486983299255e-02 1.282799988985061646e-01 1.248742789030075073e-01 -6.320131570100784302e-02 1.057398989796638489e-01 -1.901285164058208466e-02 5.072825402021408081e-02 5.777891352772712708e-02 1.942388014867901802e-03 -1.718854345381259918e-02 1.333412677049636841e-01 -6.453569978475570679e-02 1.266996562480926514e-01 -4.660167545080184937e-02 7.291819900274276733e-02 5.902165174484252930e-02 7.903450727462768555e-02 -2.327720634639263153e-02 1.205955892801284790e-01 8.466141670942306519e-02 -9.330423921346664429e-02 8.100453019142150879e-02 3.488010168075561523e-02 -9.519483149051666260e-02 1.095704734325408936e-02 -7.070120424032211304e-02 5.706201866269111633e-02 9.434486739337444305e-03 8.238380774855613708e-03 3.709999471902847290e-02 -1.879189349710941315e-02 -5.949128046631813049e-02 -1.239456087350845337e-01 -1.828391570597887039e-03 6.910179741680622101e-03 1.143103651702404022e-02 1.159704625606536865e-01 -1.009358391165733337e-01 -1.233061850070953369e-01 -3.231142088770866394e-02 -4.537076503038406372e-02 9.041334688663482666e-02 -5.198462307453155518e-02 -6.648125499486923218e-02 -8.777245879173278809e-02 7.292316108942031860e-02 3.779559955000877380e-02 1.256042276509106159e-03 4.660991951823234558e-02 -5.293572321534156799e-02 -4.137537628412246704e-02 -6.152031570672988892e-02 1.307195425033569336e-01 8.005203306674957275e-02 -2.302021160721778870e-02 1.305110603570938110e-01 -1.307963952422142029e-02 -6.634882837533950806e-02 1.152765527367591858e-01 -8.664952218532562256e-02 -2.094075456261634827e-02 8.703969419002532959e-02 6.546786427497863770e-02 2.303746342658996582e-02 -3.223200887441635132e-02 -9.151215106248855591e-02 -1.084714457392692566e-01 9.933522343635559082e-02 5.772469565272331238e-02 -5.522236227989196777e-03 -8.329650014638900757e-02 5.466484650969505310e-02 -9.976175427436828613e-02 -6.498910486698150635e-02 -6.973614543676376343e-02 -4.113973304629325867e-02 9.827591478824615479e-03 -4.259049519896507263e-02 5.914750322699546814e-02 -3.685638681054115295e-02 -1.474565174430608749e-02 -9.769172221422195435e-02
5.536292120814323425e-02 1.078259572386741638e-01 1.095794700086116791e-02 -7.289387285709381104e-02 -9.729455225169658661e-03 -4.758878797292709351e-02 -1.431881915777921677e-02 -1.596907228231430054e-01 5.797555297613143921e-02 4.595701396465301514e-02 -6.698603183031082153e-02 3.149043396115303040e-02 1.044947728514671326e-01 6.632435321807861328e-02 3.729518130421638489e-02 1.175277233123779297e-01 9.930040687322616577e-02 -3.239437192678451538e-02 -8.123478293418884277e-02 -8.175056427717208862e-03 -3.568149404600262642e-03 6.613446027040481567e-02 -1.013982221484184265e-01 1.017883569002151489e-01 -6.431025266647338867e-02 8.827377855777740479e-02 -4.827338084578514099e-02 2.912900969386100769e-02 -9.708566963672637939e-02 1.790641434490680695e-02 4.561494290828704834e-02 -1.436528470367193222e-02 -6.394356489181518555e-02 2.495699562132358551e-02 -1.228590495884418488e-02 -6.963983923196792603e-02 -4.079615697264671326e-02 -8.440232276916503906e-02 7.819349318742752075e-02 -1.723902076482772827e-01 -8.585721254348754883e-02 -7.766976207494735718e-02 -1.803639531135559082e-02 1.677309572696685791e-01 -7.769852131605148315e-02 4.180361051112413406e-03 5.898084491491317749e-03 -8.356647938489913940e-02 1.515736430883407593e-01 -4.894733056426048279e-02 4.459702409803867340e-03 2.484445832669734955e-02 -5.224024504423141479e-02 7.939866930246353149e-02 -1.199876740574836731e-01 -4.444713518023490906e-02 1.022995635867118835e-01 3.099347837269306183e-02 7.216667383909225464e-02 2.482251077890396118e-02 4.672093316912651062e-02 1.125031858682632446e-01 1.614098101854324341e-01 7.521229237318038940e-02 -1.179820671677589417e-01 7.841607183218002319e-02 1.047661378979682922e-01 -4.687358811497688293e-02 2.134488150477409363e-02 -3.715060651302337646e-02 -1.504113376140594482e-01 -8.017090708017349243e-02 -5.110918357968330383e-02 -1.315184235572814941e-01 1.127794850617647171e-02 1.114786267280578613e-01 2.143450640141963959e-02 -5.631232168525457382e-03 -6.142177060246467590e-02 4.175282642245292664e-02 5.961602181196212769e-02 -4.556737840175628662e-02 -1.025501415133476257e-01 1.000619903206825256e-01 3.544747456908226013e-02 -6.927488744258880615e-02 -7.355503737926483154e-02 4.894549958407878876e-03 -4.863346740603446960e-02 1.897649839520454407e-02 -3.357092663645744324e-02 1.032024696469306946e-01 5.081973224878311157e-02 5.229470133781433105e-02 -5.440305918455123901e-02 7.623605430126190186e-02 8.269102871417999268e-02 6.882899999618530273e-02 -3.488891571760177612e-02 4.161454364657402039e-02
-4.906182736158370972e-02 9.843509644269943237e-02 -5.082585662603378296e-02 -7.419199496507644653e-02 -3.158553317189216614e-02 7.727422565221786499e-02 1.018495019525289536e-02 -1.035240963101387024e-01 -1.073328126221895218e-02 1.306955367326736450e-01 -5.768509954214096069e-02 3.568228334188461304e-02 5.115606635808944702e-02 1.334995627403259277e-01 3.687201067805290222e-02 1.300321966409683228e-01 -2.835578843951225281e-02 1.708917133510112762e-02 -1.754355244338512421e-02 -1.602291874587535858e-02 -1.451420336961746216e-01 3.365161269903182983e-02 6.467161327600479126e-02 9.977618604898452759e-02 8.327135816216468811e-03 -9.534298628568649292e-02 -1.322125792503356934e-01 -6.248060241341590881e-02 -4.079557210206985474e-02 1.343630105257034302e-01 -1.904204636812210083e-01 4.249363392591476440e-02 -5.347135011106729507e-03 2.041606046259403229e-02 -1.017080396413803101e-01 5.471745505928993225e-02 -3.001189976930618286e-02 -1.324877794831991196e-02 -4.302547872066497803e-02 -1.249205917119979858e-01 -4.866189137101173401e-02 1.998112723231315613e-02 1.083687916398048401e-01 1.065623238682746887e-01 -6.855185329914093018e-02 -1.322000771760940552e-01 5.248756706714630127e-02 -4.631927236914634705e-02 -3.523591149132698774e-04 -1.300435420125722885e-02 8.547100424766540527e-02 -8.513294160366058350e-02 1.017960086464881897e-01 7.709667086601257324e-02 -2.831405587494373322e-02 4.388476908206939697e-02 6.960148364305496216e-02 -2.763734199106693268e-02 -3.062838455662131310e-03 7.413709163665771484e-02 5.957349669188261032e-03 6.613673642277717590e-03 1.636089943349361420e-02 -3.390804165974259377e-03 -4.882008582353591919e-02 9.854036569595336914e-02 -7.270242553204298019e-03 1.487723086029291153e-03 8.654076606035232544e-02 -9.594009071588516235e-02 -1.095578372478485107e-01 4.305293783545494080e-02 -5.170980934053659439e-03 2.640195377171039581e-02 1.110710483044385910e-02 -4.206940531730651855e-03 -7.974662631750106812e-02 4.049112088978290558e-03 -3.625197708606719971e-02 4.656439647078514099e-02 1.892548985779285431e-02 -7.491447031497955322e-02 6.302734836935997009e-03 -4.490677267313003540e-02 -1.377189438790082932e-02 -3.018753603100776672e-02 -2.507292665541172028e-02 -3.873626142740249634e-02 3.827517479658126831e-02 8.784843236207962036e-02 -1.724459975957870483e-02 1.190384253859519958e-01 5.422195047140121460e-02 -1.053810045123100281e-01 7.492527365684509277e-02 2.567849308252334595e-02 1.917967572808265686e-02 -5.526397377252578735e-02 9.096477925777435303e-02 1.237837299704551697e-01
6.425080448389053345e-02 1.128963474184274673e-02 -1.390075534582138062e-01 1.260653883218765259e-02 1.115015894174575806e-01 2.188017219305038452e-02 1.487955302000045776e-01 -1.369383633136749268e-01 2.543020807206630707e-02 -1.179145928472280502e-02 7.323155552148818970e-02 -2.388067543506622314e-02 3.585559874773025513e-02 -1.992289163172245026e-02 9.215126931667327881e-02 7.053873501718044281e-03 1.101987361907958984e-01 -1.428326666355133057e-01 -8.642183989286422729e-02 3.950137272477149963e-02 2.371259778738021851e-02 1.501211374998092651e-01 -5.964754149317741394e-02 -5.087482929229736328e-02 -1.292681135237216949e-02 4.791593924164772034e-02 -6.666314601898193359e-02 5.596562847495079041e-02 3.696625307202339172e-02 6.876549683511257172e-03 -2.196811698377132416e-02 2.510575950145721436e-02 4.917684942483901978e-02 -1.131411641836166382e-01 4.237871989607810974e-02 6.956879049539566040e-02 -5.919030681252479553e-02 2.570069395005702972e-02 8.753253519535064697e-02 -4.971762746572494507e-02 -4.119774326682090759e-02 -2.176430635154247284e-02 8.318220824003219604e-02 1.100332662463188171e-01 8.794401772320270538e-03 -4.582028836011886597e-02 -1.455157995223999023e-01 -6.287458236329257488e-04 2.549810707569122314e-02 5.790995806455612183e-02 1.529428064823150635e-01 -7.126769423484802246e-02 1.121789813041687012e-01 -1.186739727854728699e-01 3.088550083339214325e-02 -2.334456332027912140e-02 5.438822880387306213e-02 1.421893537044525146e-01 1.192956566810607910e-01 -2.096794545650482178e-02 4.141467437148094177e-02 1.020711101591587067e-02 6.543464958667755127e-02 -4.051320999860763550e-02 8.598181605339050293e-02 5.873939767479896545e-02 -4.072478786110877991e-02 -2.616253681480884552e-03 7.182702422142028809e-02 -1.399118006229400635e-01 -6.169461458921432495e-02 8.669841289520263672e-02 1.112620085477828979e-01 1.873829029500484467e-02 -4.250883311033248901e-02 -9.353309869766235352e-02 -6.348998844623565674e-02 -8.261967450380325317e-02 -2.161202393472194672e-02 3.431933745741844177e-02 -1.448706537485122681e-01 -9.040766954421997070e-02 -4.934010095894336700e-03 4.900791123509407043e-02 -6.671255081892013550e-02 -1.395400799810886383e-02 -9.726058691740036011e-02 2.752284519374370575e-02 -1.453005336225032806e-02 -1.128678619861602783e-01 -2.974665025249123573e-03 2.165702730417251587e-02 -8.467351645231246948e-02 -8.072802796959877014e-03 -1.461515128612518311e-01 -1.758450828492641449e-02 -7.063555996865034103e-03 1.308733373880386353e-01 1.444347947835922241e-02 8.315450698137283325e-02
-1.139730438590049744e-01 -6.375401467084884644e-02 6.127122417092323303e-02 2.192790387198328972e-03 4.300041496753692627e-02 1.809415407478809357e-03 1.587788388133049011e-02 -1.743797445669770241e-03 5.782652273774147034e-02 3.009602054953575134e-02 2.408726885914802551e-02 6.267825514078140259e-02 -1.452997513115406036e-02 9.214706718921661377e-02 -1.214224845170974731e-02 4.079649597406387329e-02 -4.403523355722427368e-02 -9.122507274150848389e-02 5.658186227083206177e-02 -5.340847186744213104e-03 -1.291088312864303589e-01 1.040586009621620178e-01 5.317901447415351868e-02 4.918162524700164795e-02 -2.602400071918964386e-02 -9.554698318243026733e-02 6.423915177583694458e-02 5.801990255713462830e-02 7.369684427976608276e-02 -3.042789921164512634e-02 1.162418052554130554e-01 -9.569118730723857880e-03 -1.118986755609512329e-01 -2.073895372450351715e-02 -3.205787390470504761e-02 9.514996781945228577e-03 5.531223118305206299e-02 -1.285979747772216797e-01 5.748282372951507568e-02 7.438512891530990601e-02 1.044936701655387878e-01 -3.133581951260566711e-02 1.284703612327575684e-01 -6.640728563070297241e-02 -4.527378082275390625e-02 -3.807224705815315247e-02 8.516789972782135010e-02 -6.180304288864135742e-02 -9.151388891041278839e-03 -9.450503438711166382e-02 5.199798196554183960e-02 8.999061770737171173e-03 -2.655253186821937561e-02 -5.777254328131675720e-02 -3.096512332558631897e-02 1.765971817076206207e-02 -5.072978511452674866e-02 -1.216537877917289734e-01 -1.753283105790615082e-02 1.379581242799758911e-01 -9.819886088371276855e-02 -1.273306179791688919e-02 2.173466235399246216e-01 1.257945150136947632e-01 9.373027086257934570e-02 -1.160496771335601807e-01 7.933446764945983887e-02 -1.977846212685108185e-02 -1.658392138779163361e-02 -4.845735803246498108e-02 6.342070549726486206e-02 -2.452685870230197906e-02 1.153223495930433273e-02 -1.140899285674095154e-01 4.066938906908035278e-02 1.321276724338531494e-01 7.327332347631454468e-02 4.868523776531219482e-02 2.406487241387367249e-02 -1.173797324299812317e-01 1.144999638199806213e-01 9.408257156610488892e-02 5.213041976094245911e-02 9.797250479459762573e-02 -7.599634584039449692e-03 -8.829166740179061890e-02 -8.522920310497283936e-02 -1.576717048883438110e-01 1.407417439622804523e-04 7.892428338527679443e-02 1.995602548122406006e-01 -3.561876714229583740e-02 -6.293430179357528687e-02 -8.238907158374786377e-02 2.023189142346382141e-02 -5.052582547068595886e-02 -7.261412590742111206e-02 6.034925580024719238e-02 6.022766977548599243e-02 8.248537033796310425e-02
-5.531568080186843872e-02 -1.600646413862705231e-02 1.989139020442962646e-01 9.664332121610641479e-02 -1.201503798365592957e-01 6.010700948536396027e-03 -9.905123710632324219e-02 1.115958839654922485e-01 -5.124001577496528625e-02 -6.465090066194534302e-02 -1.506628841161727905e-01 7.410884648561477661e-02 -4.227083176374435425e-02 8.980146795511245728e-02 -4.509399086236953735e-02 -6.453313678503036499e-02 3.719041123986244202e-02 8.924681693315505981e-02 9.991120547056198120e-02 9.420373290777206421e-02 -8.323590457439422607e-02 -2.672140859067440033e-02 5.449642241001129150e-02 3.342818096280097961e-02 1.268767118453979492e-01 2.367198839783668518e-02 -9.502066299319267273e-03 -2.811641432344913483e-02 1.236569508910179138e-02 -3.873388096690177917e-02 1.591422557830810547e-01 9.344620257616043091e-02 -1.414743717759847641e-02 -8.796567097306251526e-03 7.340679317712783813e-02 -5.684636533260345459e-02 1.754734516143798828e-01 -4.789844900369644165e-02 -5.783688277006149292e-02 -5.691700428724288940e-02 8.745773136615753174e-02 -2.744591981172561646e-02 6.049956753849983215e-02 -1.259574443101882935e-01 1.125701665878295898e-01 -4.223036020994186401e-02 -3.201586008071899414e-02 -9.619057923555374146e-02 8.759020827710628510e-03 -1.780855953693389893e-01 7.757977116852998734e-03 -3.941968083381652832e-02 -1.451484411954879761e-01 9.574396908283233643e-02 1.121711451560258865e-02 -1.711468398571014404e-02 4.918958991765975952e-03 -1.375536024570465088e-01 6.266172975301742554e-02 1.036556735634803772e-01 -9.776289016008377075e-02 -1.702052354812622070e-01 8.973734825849533081e-02 1.103509813547134399e-01 -1.609903946518898010e-02 -7.291013747453689575e-02 -6.054963916540145874e-02 8.400669693946838379e-02 1.483674943447113037e-01 5.042195320129394531e-02 9.318168461322784424e-02 -8.227675408124923706e-02 -1.702530384063720703e-01 7.573538925498723984e-03 6.258393824100494385e-02 8.421265333890914917e-02 7.430446892976760864e-02 -1.391669083386659622e-02 -2.516996115446090698e-02 -1.800746321678161621e-01 1.629388779401779175e-01 1.015547662973403931e-01 -2.079840376973152161e-02 -1.118743419647216797e-01 3.513490036129951477e-02 -1.316409558057785034e-01 -8.489663898944854736e-02 2.550812810659408569e-02 1.116000637412071228e-01 4.653699696063995361e-02 7.992833107709884644e-02 7.006723899394273758e-03 2.299996791407465935e-03 -1.101358830928802490e-01 -5.075289309024810791e-02 1.797326654195785522e-02 -3.302856907248497009e-02 -1.607575267553329468e-01 -5.957247689366340637e-03 6.594630330801010132e-02
-1.741658002138137817e-01 -1.264189779758453369e-01 1.049329489469528198e-01 2.152624353766441345e-02 -7.347232848405838013e-02 -1.190707460045814514e-01 -3.664841502904891968e-02 -1.845964696258306503e-03 2.727934904396533966e-02 2.636190690100193024e-02 -2.838426828384399414e-02 -1.830998808145523071e-01 8.528316020965576172e-02 8.586899936199188232e-02 2.794867008924484253e-02 -1.286698132753372192e-01 -2.907108888030052185e-02 1.322888880968093872e-01 -5.842106789350509644e-02 1.171188876032829285e-01 -5.033188685774803162e-02 -1.056294366717338562e-01 8.482505381107330322e-02 6.089755520224571228e-02 2.997466549277305603e-02 -1.440118700265884399e-01 5.024500563740730286e-02 1.110468432307243347e-02 1.008528005331754684e-02 4.335686564445495605e-02 7.306236773729324341e-02 1.549417227506637573e-01 -5.864870548248291016e-02 8.468627184629440308e-02 3.296532854437828064e-02 -1.043031960725784302e-01 1.404602378606796265e-01 -4.484841600060462952e-02 -1.116194874048233032e-01 5.149922519922256470e-02 7.576292008161544800e-02 1.055299043655395508e-01 1.902433782815933228e-01 -9.007915854454040527e-02 1.508287247270345688e-02 -6.078826729208230972e-03 -7.367579266428947449e-03 -1.232984736561775208e-01 -4.452237393707036972e-03 -8.404881507158279419e-02 -6.644305586814880371e-02 -1.971948444843292236e-01 -2.142144739627838135e-02 1.385906189680099487e-01 4.339203238487243652e-02 9.634366631507873535e-02 -3.679732233285903931e-02 -5.570401623845100403e-02 -6.313091516494750977e-02 -2.936414442956447601e-02 -1.008149906992912292e-01 -9.693229943513870239e-02 -3.272571414709091187e-02 2.329666726291179657e-02 -2.968498039990663528e-03 -4.436142370104789734e-02 1.347779035568237305e-01 9.503275156021118164e-02 1.354343146085739136e-01 4.041146486997604370e-02 5.183997005224227905e-02 -1.977176666259765625e-01 1.684108935296535492e-02 4.851102083921432495e-02 7.541856169700622559e-02 1.071517989039421082e-01 1.383056491613388062e-01 8.442833274602890015e-02 -3.838976845145225525e-02 -1.584431827068328857e-01 2.844280563294887543e-03 -2.239641547203063965e-02 1.243604999035596848e-02 6.132895871996879578e-02 1.163970753550529480e-01 -9.499540179967880249e-02 -1.797070652246475220e-01 -1.859364956617355347e-01 4.336538910865783691e-02 1.953199971467256546e-03 1.300232112407684326e-01 -1.286012083292007446e-01 -2.057776898145675659e-01 -1.196236461400985718e-01 1.170250959694385529e-02 9.589456021785736084e-03 -4.288787394762039185e-02 -2.958781272172927856e-02 7.679227273911237717e-03 -1.307041347026824951e-01
-9.494783729314804077e-02 7.939669489860534668e-02 1.402334123849868774e-01 1.429250687360763550e-01 -1.632931977510452271e-01 -1.437552720308303833e-01 -1.612951755523681641e-01 9.815049171447753906e-02 -7.101143896579742432e-02 -3.125709667801856995e-02 -1.398615445941686630e-02 -2.218930795788764954e-02 1.109093800187110901e-01 -4.007915034890174866e-02 -4.677502810955047607e-02 -1.176100149750709534e-01 -8.918465673923492432e-02 1.011165753006935120e-01 1.412079036235809326e-01 1.147775501012802124e-01 -1.394569724798202515e-01 -9.871680289506912231e-02 4.599490761756896973e-02 1.084329485893249512e-01 1.054194495081901550e-01 -1.658119075000286102e-02 -1.080549601465463638e-02 -1.384291350841522217e-01 -4.600773751735687256e-02 -1.274535432457923889e-02 7.702343910932540894e-02 1.154989451169967651e-01 -3.324696421623229980e-02 2.627620473504066467e-02 1.269368976354598999e-01 5.340167507529258728e-02 5.216341465711593628e-02 4.093858599662780762e-02 -4.973676428198814392e-02 1.267482992261648178e-02 1.222926750779151917e-01 4.065144807100296021e-02 1.027560979127883911e-01 2.056023338809609413e-03 5.431355163455009460e-02 -1.360936462879180908e-01 6.111441552639007568e-02 -8.004567027091979980e-02 -1.017049849033355713e-01 -7.100798189640045166e-02 -4.726402834057807922e-02 -1.436728090047836304e-01 -1.627687513828277588e-01 8.791953325271606445e-02 1.027502864599227905e-01 6.904705613851547241e-02 -5.601832643151283264e-02 -8.642764389514923096e-02 -2.144358865916728973e-02 -2.374276705086231232e-02 5.457487702369689941e-02 -5.247571691870689392e-02 -8.262988924980163574e-02 -1.922792289406061172e-03 -1.037456616759300232e-01 -5.825952813029289246e-02 1.343921273946762085e-01 -4.212432727217674255e-02 5.064360052347183228e-02 2.676594071090221405e-02 1.108044572174549103e-02 6.977133452892303467e-04 -1.621597409248352051e-01 -7.750860601663589478e-02 4.798152297735214233e-02 2.916943281888961792e-02 4.648390412330627441e-02 -5.102154798805713654e-03 -1.635854840278625488e-01 -5.538944900035858154e-02 1.254141330718994141e-01 3.816209360957145691e-02 1.053235754370689392e-01 -4.002766683697700500e-03 -2.388048358261585236e-02 -1.438543479889631271e-02 -9.648578613996505737e-02 -1.893768087029457092e-02 1.078941971063613892e-01 -3.091275691986083984e-02 -1.016907207667827606e-02 -1.654083877801895142e-01 -1.304531544446945190e-01 -3.334516659379005432e-02 -7.337389886379241943e-02 -1.980661973357200623e-02 -1.258274167776107788e-01 -1.431626528501510620e-01 7.297549396753311157e-02 -5.975486710667610168e-02
-5.500933900475502014e-02 -1.693052612245082855e-02 -1.113991737365722656e-01 6.530572474002838135e-02 9.488487243652343750e-02 -2.625273168087005615e-02 3.188122063875198364e-02 1.791955716907978058e-02 2.623599208891391754e-02 1.398670822381973267e-01 9.094288200139999390e-02 -1.219660788774490356e-01 -6.498768925666809082e-02 1.106046140193939209e-01 3.445529937744140625e-02 1.502208560705184937e-01 1.890162751078605652e-02 -3.164092823863029480e-02 2.883649989962577820e-02 2.167640440165996552e-02 -9.328551590442657471e-02 6.492908298969268799e-02 -1.089869961142539978e-01 -8.447631448507308960e-02 -8.026695251464843750e-02 5.281062051653862000e-02 -2.940234169363975525e-02 1.022753044962882996e-01 3.424958512187004089e-02 -2.683614566922187805e-02 4.669052734971046448e-02 8.111932873725891113e-02 1.233728006482124329e-01 -8.096826076507568359e-02 4.723206534981727600e-02 5.466037243604660034e-02 -1.211998686194419861e-01 -6.579455733299255371e-02 1.414007693529129028e-01 -1.209231559187173843e-02 -8.170454949140548706e-02 -2.034119889140129089e-02 4.135446622967720032e-02 6.742022931575775146e-02 2.609485574066638947e-02 -4.683846235275268555e-02 -2.977462671697139740e-02 1.761890575289726257e-02 6.926087290048599243e-02 4.153147712349891663e-02 9.968777187168598175e-03 3.421460092067718506e-02 1.306468993425369263e-01 -7.659920491278171539e-03 -1.167291775345802307e-01 -1.157996878027915955e-01 3.163365274667739868e-02 -4.735195636749267578e-02 -3.942047432065010071e-02 3.457254916429519653e-02 3.042649291455745697e-02 1.352883428335189819e-01 4.627320170402526855e-02 -5.128682777285575867e-02 4.341614991426467896e-02 1.501300632953643799e-01 1.866362243890762329e-02 -1.090881451964378357e-01 -1.537961512804031372e-02 5.170138925313949585e-02 -4.622707515954971313e-02 2.436712756752967834e-02 1.098757460713386536e-01 1.935932785272598267e-02 -2.325223386287689209e-02 -2.042177598923444748e-03 1.455383468419313431e-02 -4.587772488594055176e-02 3.112685494124889374e-02 4.326459765434265137e-02 -7.691930234432220459e-02 4.149756953120231628e-02 -5.545807257294654846e-02 4.398347437381744385e-02 -3.706308081746101379e-02 -1.018930133432149887e-02 -3.372769430279731750e-02 2.624342963099479675e-02 -1.500402297824621201e-02 1.191425696015357971e-02 -4.957266151905059814e-03 7.378411293029785156e-02 -3.184271976351737976e-02 1.165928989648818970e-01 -4.502365365624427795e-03 1.132683008909225464e-01 -2.415564656257629395e-02 -9.475276805460453033e-03 -6.810838729143142700e-02 -6.710782181471586227e-03
-1.319336295127868652e-01 -3.538293763995170593e-02 1.478662639856338501e-01 3.063529171049594879e-02 -8.348270505666732788e-02 -7.170212268829345703e-02 -1.725713908672332764e-02 9.954234957695007324e-02 5.789224058389663696e-02 -2.025186643004417419e-02 -9.478065371513366699e-02 1.032116562128067017e-01 4.008704423904418945e-02 -4.346805624663829803e-03 3.197326138615608215e-02 3.140555322170257568e-02 -4.786269366741180420e-02 1.359761953353881836e-01 -3.494031354784965515e-02 5.797336623072624207e-02 -1.147374734282493591e-01 -4.295609891414642334e-02 1.188338920474052429e-01 -2.089616283774375916e-02 -1.698610372841358185e-02 -1.679424941539764404e-02 6.940522789955139160e-02 -1.688522249460220337e-01 -2.045382559299468994e-02 -2.912854216992855072e-02 1.033243760466575623e-01 5.349162593483924866e-02 -1.628536265343427658e-03 -1.265139319002628326e-02 1.057136952877044678e-01 1.381773850880563259e-03 1.278772056102752686e-01 4.329903423786163330e-02 -8.706376701593399048e-02 -2.416702546179294586e-02 7.775865495204925537e-02 -9.067151695489883423e-02 2.635044977068901062e-02 -1.306471377611160278e-01 9.161630272865295410e-02 3.861047327518463135e-02 1.308657135814428329e-02 4.224343970417976379e-02 -2.189074642956256866e-02 -1.441993415355682373e-01 -8.705414831638336182e-03 -1.272074580192565918e-01 -4.353349283337593079e-02 5.294991284608840942e-02 -1.095709297806024551e-02 7.523564994335174561e-02 -1.775231808423995972e-01 1.702979393303394318e-02 -8.976006507873535156e-02 1.127785369753837585e-01 -7.596895843744277954e-02 -2.419644221663475037e-02 -1.845229864120483398e-01 3.826441615819931030e-02 -5.799918621778488159e-02 -6.396461278200149536e-03 -1.324675977230072021e-02 2.982795424759387970e-02 1.322111040353775024e-01 -2.769567817449569702e-02 1.618747562170028687e-01 -5.221072211861610413e-02 3.443409129977226257e-02 7.831968367099761963e-03 6.081503629684448242e-02 4.303614795207977295e-02 6.614863127470016479e-02 -6.061910465359687805e-02 -8.818521350622177124e-02 -1.129927858710289001e-01 -3.163484856486320496e-02 1.502881641499698162e-03 1.364469379186630249e-01 -1.632843464612960815e-01 5.061930790543556213e-02 1.559309959411621094e-01 -3.123365901410579681e-02 3.358749300241470337e-02 1.994685642421245575e-02 -5.009177699685096741e-02 1.353259198367595673e-02 8.485334925353527069e-03 -5.574945360422134399e-02 -1.621666713617742062e-03 1.218464821577072144e-01 -1.416798830032348633e-01 5.640886258333921432e-03 -1.488246470689773560e-01 -3.647846356034278870e-02 -4.925631359219551086e-02
2.974797971546649933e-02 -1.243368238210678101e-01 9.574849158525466919e-02 4.357693344354629517e-02 -1.007607206702232361e-01 3.079121373593807220e-02 -1.088187992572784424e-01 1.092941910028457642e-01 -8.970522880554199219e-02 5.983285605907440186e-02 -3.103966638445854187e-02 -1.397983636707067490e-03 -4.859856888651847839e-02 9.264016523957252502e-03 -1.572060398757457733e-02 5.832030251622200012e-02 -3.152394667267799377e-02 1.091770306229591370e-01 -6.727623194456100464e-02 -2.057265117764472961e-02 -9.619772434234619141e-02 -1.180940419435501099e-01 8.225906640291213989e-02 1.106625795364379883e-01 4.366356506943702698e-02 -1.573020592331886292e-02 -3.019946441054344177e-02 1.716851443052291870e-02 1.773728802800178528e-02 4.769433662295341492e-02 -5.331371724605560303e-02 8.857686817646026611e-02 3.352572768926620483e-02 5.726664513349533081e-02 2.263847365975379944e-02 -5.955239757895469666e-02 1.462234854698181152e-01 4.192834347486495972e-02 1.541632809676229954e-03 -7.969207316637039185e-02 3.902814537286758423e-02 1.093402430415153503e-01 -1.038795057684183121e-02 3.828448429703712463e-02 4.664593562483787537e-02 -8.982790261507034302e-02 -3.646905720233917236e-02 -8.069470524787902832e-02 3.204275667667388916e-02 -9.720221906900405884e-02 -2.543218899518251419e-03 -1.509356778115034103e-02 3.764563426375389099e-02 8.191294968128204346e-02 5.851640924811363220e-02 -2.802081406116485596e-02 -9.549351781606674194e-02 -5.969624593853950500e-02 1.844557002186775208e-02 -7.457597181200981140e-03 -8.121509104967117310e-02 -6.465672049671411514e-03 -3.554019331932067871e-02 1.675181388854980469e-01 3.746984899044036865e-02 -1.116889864206314087e-01 -8.324937080033123493e-04 2.532075345516204834e-02 1.008213311433792114e-01 7.677506655454635620e-02 6.635934114456176758e-02 -3.309693560004234314e-02 -4.411656782031059265e-02 4.824225977063179016e-02 5.222392827272415161e-02 1.070591993629932404e-02 1.047540083527565002e-01 -3.221651073545217514e-03 -7.330173254013061523e-02 -5.952978506684303284e-03 5.792697519063949585e-02 8.279886096715927124e-02 1.226392984390258789e-01 2.088969573378562927e-02 6.065619736909866333e-02 4.721289128065109253e-02 -1.319913864135742188e-01 -1.300219893455505371e-01 -4.037246573716402054e-03 1.041922569274902344e-01 -1.357584539800882339e-02 1.144569367170333862e-02 7.658186950720846653e-04 -7.049527764320373535e-02 -7.286698371171951294e-02 4.749926924705505371e-02 -1.196527928113937378e-01 -1.173904836177825928e-01 -3.633880615234375000e-02 -5.724824219942092896e-02
4.857416450977325439e-02 8.946993201971054077e-02 -1.038605906069278717e-02 4.169124364852905273e-02 5.981323495507240295e-02 1.753120571374893188e-01 5.102716013789176941e-02 1.225358620285987854e-02 2.785944088827818632e-04 6.225358322262763977e-02 1.140145510435104370e-01 -3.089085966348648071e-02 -3.148347884416580200e-02 -4.860701411962509155e-02 5.925241485238075256e-02 8.417549729347229004e-02 1.487600803375244141e-01 3.947138786315917969e-02 -9.974987059831619263e-02 -2.184964483603835106e-03 -3.546318411827087402e-02 -6.892603635787963867e-02 -1.073132529854774475e-01 7.330962456762790680e-03 5.738026276230812073e-02 -1.710016094148159027e-02 -1.274290829896926880e-01 1.246853098273277283e-01 -4.706663638353347778e-02 1.202589832246303558e-02 4.692168440669775009e-03 -8.248885720968246460e-02 1.136936545372009277e-01 -7.206504046916961670e-02 -1.398984044790267944e-01 3.576500341296195984e-02 -1.475520431995391846e-03 -1.520403567701578140e-02 -6.877502426505088806e-03 -6.436506658792495728e-02 9.604994952678680420e-02 -1.035013794898986816e-01 9.949659556150436401e-02 1.236407160758972168e-01 3.177095949649810791e-02 1.291680485010147095e-01 -9.873890317976474762e-03 -1.604028977453708649e-02 1.393857412040233612e-03 8.100631088018417358e-02 1.100560799241065979e-01 -1.211774721741676331e-02 3.338139504194259644e-02 -6.799219548702239990e-02 -1.995983347296714783e-02 -1.296458765864372253e-02 3.295117989182472229e-02 1.755544245243072510e-01 1.446699798107147217e-01 -1.429283320903778076e-01 1.753703206777572632e-01 1.617801934480667114e-01 -3.361336886882781982e-02 -8.360388129949569702e-02 -7.260933518409729004e-02 5.658272653818130493e-02 2.814752236008644104e-02 1.082357857376337051e-02 -7.484927028417587280e-02 -3.291314700618386269e-03 -1.847865758463740349e-03 -7.916579395532608032e-02 1.195614561438560486e-01 -4.249637573957443237e-02 -1.582172662019729614e-01 8.433283120393753052e-02 -9.179224073886871338e-02 2.157047390937805176e-03 -1.020931005477905273e-01 2.066093729808926582e-04 -5.438600108027458191e-02 -8.823533356189727783e-02 1.104758027940988541e-02 9.704067558050155640e-02 7.053012400865554810e-02 5.919936671853065491e-02 -4.025370255112648010e-02 7.076498121023178101e-02 8.618929982185363770e-02 -3.665602207183837891e-02 -1.034979298710823059e-01 1.348208039999008179e-01 -2.366620674729347229e-02 1.456765644252300262e-02 -9.703331440687179565e-02 -4.083953052759170532e-02 8.451126515865325928e-02 1.961157284677028656e-02 -1.248888820409774780e-01 1.147486343979835510e-01
-4.375301301479339600e-02 8.533089421689510345e-03 -2.136032842099666595e-02 2.679020352661609650e-02 -4.666969180107116699e-02 -1.312604546546936035e-01 4.585187137126922607e-02 -2.418664656579494476e-02 -2.080865949392318726e-02 -5.961301177740097046e-02 -4.394036158919334412e-02 1.163357347249984741e-01 6.216537952423095703e-02 -3.241005912423133850e-02 -2.952836453914642334e-02 -5.523530766367912292e-02 1.677774824202060699e-02 1.463348567485809326e-01 4.179301671683788300e-03 1.288174185901880264e-03 6.831961870193481445e-02 -6.400683522224426270e-02 -2.842613309621810913e-02 2.907907404005527496e-02 9.960534423589706421e-02 -4.026843234896659851e-03 2.280631335452198982e-03 4.103640839457511902e-02 -2.939195139333605766e-03 -3.365322574973106384e-02 1.488238871097564697e-01 -2.420273981988430023e-02 6.017304956912994385e-02 1.486966311931610107e-01 4.404760152101516724e-02 -5.805738642811775208e-02 4.333172366023063660e-02 1.286943006562069058e-04 -1.024035215377807617e-01 -1.582544483244419098e-02 7.787557691335678101e-02 -4.243423044681549072e-02 -1.221316680312156677e-01 4.697135835886001587e-02 2.449533157050609589e-02 -5.666803196072578430e-02 3.347467258572578430e-02 6.840042024850845337e-02 -4.548785742372274399e-03 -9.678220748901367188e-02 -1.527325250208377838e-02 8.502890914678573608e-02 -4.576247557997703552e-02 5.653511732816696167e-02 1.346568316221237183e-01 1.020949557423591614e-01 -5.871698632836341858e-02 -1.912808232009410858e-02 2.875638194382190704e-02 1.052466481924057007e-01 -1.225150078535079956e-01 -2.170968428254127502e-02 -7.314384728670120239e-02 -5.197712033987045288e-02 -5.401119589805603027e-03 2.361874841153621674e-02 -1.082495301961898804e-01 3.029782138764858246e-02 5.748035386204719543e-03 -2.294139750301837921e-02 -2.162214368581771851e-02 5.207122117280960083e-02 5.658828094601631165e-02 1.238054931163787842e-01 8.040062338113784790e-02 8.211313746869564056e-03 9.731625765562057495e-02 -8.762691169977188110e-02 -2.356049232184886932e-02 8.242044597864151001e-02 8.948406577110290527e-02 3.380899503827095032e-02 4.780597984790802002e-02 -1.472954303026199341e-01 4.962705448269844055e-02 1.520602405071258545e-02 -5.637428164482116699e-02 5.019256845116615295e-02 -3.951255977153778076e-02 -2.751092053949832916e-02 1.250662840902805328e-03 6.884518545120954514e-03 1.647338829934597015e-02 -2.210979722440242767e-02 1.241002082824707031e-01 -1.967789418995380402e-02 -6.025180965662002563e-02 -1.324771791696548462e-01 1.006751880049705505e-01 -1.099289059638977051e-01
3.256182651966810226e-03 -1.146490573883056641e-01 1.057160422205924988e-01 -5.228540860116481781e-03 -2.484242245554924011e-02 -1.082225516438484192e-01 -1.413164194673299789e-03 1.378233730792999268e-02 2.127499785274267197e-03 -9.101073443889617920e-02 2.310279011726379395e-02 9.603571891784667969e-02 -7.599494606256484985e-02 -5.695904418826103210e-02 -1.158586889505386353e-01 -1.488534659147262573e-01 3.370006382465362549e-02 -1.737510599195957184e-02 8.895619213581085205e-02 -8.415670134127140045e-03 4.455535486340522766e-02 -5.702289566397666931e-02 1.385589241981506348e-01 4.707629233598709106e-02 1.538030803203582764e-01 4.516338929533958435e-02 7.620608061552047729e-02 2.749953232705593109e-02 1.439576297998428345e-01 -2.096388675272464752e-02 1.682003587484359741e-01 6.438005715608596802e-03 -1.113642901182174683e-01 1.102881357073783875e-01 8.369027078151702881e-02 8.915681391954421997e-04 1.273626238107681274e-01 -1.043387688696384430e-02 -1.816385053098201752e-02 -1.034669764339923859e-02 -8.282791078090667725e-02 -7.881662994623184204e-02 6.152812018990516663e-02 4.573707655072212219e-02 5.747374519705772400e-02 -9.408711455762386322e-03 -1.337320171296596527e-02 2.542846463620662689e-02 -5.644965916872024536e-03 -1.410879343748092651e-01 -4.025885090231895447e-02 -2.565499953925609589e-02 -7.147878408432006836e-02 -1.076009869575500488e-02 1.039431318640708923e-01 -4.125368222594261169e-02 -3.209315007552504539e-03 -1.202270761132240295e-01 3.736791014671325684e-02 5.717605352401733398e-02 -9.985682554543018341e-03 -7.974910736083984375e-02 -1.952527090907096863e-02 9.180486202239990234e-02 -5.313054099678993225e-02 3.376782685518264771e-02 9.700790047645568848e-02 1.296813040971755981e-01 3.195244073867797852e-02 -1.209236588329076767e-02 3.645611926913261414e-02 1.077334508299827576e-01 -1.008160114288330078e-01 1.382452696561813354e-01 2.576978877186775208e-02 1.248941048979759216e-01 1.147219911217689514e-01 5.626294761896133423e-02 -9.002232551574707031e-02 1.114422306418418884e-01 2.783513069152832031e-02 5.610643699765205383e-02 5.868815258145332336e-02 6.486108060926198959e-03 6.454933434724807739e-02 1.445507109165191650e-01 8.600088208913803101e-02 1.537364423274993896e-01 -9.430741518735885620e-02 9.755948930978775024e-02 1.885637640953063965e-02 4.343101009726524353e-02 1.465280260890722275e-02 -5.572624504566192627e-02 4.009756445884704590e-02 -1.716296561062335968e-02 3.571560233831405640e-02 5.367800127714872360e-03 1.292725354433059692e-01 -1.252884566783905029e-01
5.899849906563758850e-02 -2.706569153815507889e-03 -1.301127858459949493e-02 1.771908998489379883e-01 -7.288902252912521362e-02 -1.079662516713142395e-01 1.279826927930116653e-02 -3.811239823698997498e-02 -1.839484572410583496e-01 -1.528614014387130737e-01 3.501490876078605652e-02 -6.717222929000854492e-02 4.845555871725082397e-02 -1.773091778159141541e-02 -8.075679838657379150e-02 -2.372999489307403564e-02 3.645625710487365723e-02 -1.217724103480577469e-02 -1.430940814316272736e-02 1.666491180658340454e-01 -1.330015361309051514e-01 1.500054728239774704e-02 -5.555088818073272705e-02 1.212367694824934006e-02 4.676760733127593994e-02 -1.124192774295806885e-01 -5.002135410904884338e-02 -1.693963110446929932e-01 1.604025438427925110e-02 5.550600960850715637e-02 1.431493014097213745e-01 8.094460517168045044e-02 2.751233242452144623e-02 2.915351185947656631e-03 2.363014593720436096e-02 -7.479331642389297485e-02 1.582186967134475708e-01 -1.055722311139106750e-01 2.696838974952697754e-02 -4.266649112105369568e-02 9.874408692121505737e-02 8.441915363073348999e-02 -2.123108878731727600e-02 4.483250156044960022e-02 -1.061571296304464340e-03 3.772053867578506470e-02 1.874688826501369476e-02 -8.918539434671401978e-02 -1.303553134202957153e-01 -6.051709875464439392e-02 -1.043299138545989990e-01 4.712307080626487732e-02 -1.307758390903472900e-01 1.219968870282173157e-01 1.473352015018463135e-01 -4.145373404026031494e-02 -4.980987682938575745e-02 -2.716565504670143127e-02 3.380331769585609436e-02 1.559076309204101562e-01 2.444242872297763824e-02 -1.084160879254341125e-01 -6.610405445098876953e-02 1.059965640306472778e-01 2.906616404652595520e-02 5.063105747103691101e-02 8.603676408529281616e-02 1.173322647809982300e-01 1.972285471856594086e-02 2.770246379077434540e-02 8.246067911386489868e-02 4.997524246573448181e-02 -1.111508235335350037e-01 9.263768047094345093e-02 1.071720644831657410e-01 -3.599543496966362000e-02 4.493946582078933716e-02 1.286486256867647171e-02 5.595771130174398422e-03 -4.460687935352325439e-02 1.106086075305938721e-01 -9.520203806459903717e-03 9.937146306037902832e-02 -1.309954375028610229e-02 2.092141471803188324e-02 2.007856816053390503e-01 4.434439167380332947e-02 -3.540913015604019165e-02 -1.106738857924938202e-02 9.219305962324142456e-02 -4.456093534827232361e-03 -9.867859631776809692e-02 5.687101930379867554e-02 -1.013040766119956970e-01 -1.568569801747798920e-03 -1.100831404328346252e-01 1.454749703407287598e-02 -8.730641752481460571e-02 8.855274319648742676e-02 -6.922967731952667236e-02
-2.367941476404666901e-02 -1.534104347229003906e-01 1.650973111391067505e-01 2.470491826534271240e-02 2.181782945990562439e-02 -3.567373380064964294e-02 -6.169596314430236816e-02 -1.742760092020034790e-02 -4.496367648243904114e-02 -2.830247208476066589e-02 -5.978073924779891968e-02 -4.872032254934310913e-02 -6.592067424207925797e-03 -4.040675610303878784e-02 -1.084409803152084351e-01 -3.366664797067642212e-02 -9.065266698598861694e-02 6.520434399135410786e-04 4.997649788856506348e-02 -1.451834850013256073e-02 -5.026248842477798462e-02 -1.295481622219085693e-01 -2.761200815439224243e-02 7.082170993089675903e-02 4.133999347686767578e-02 2.738319104537367821e-03 1.325174123048782349e-01 5.677874758839607239e-02 2.357534505426883698e-02 -7.944323122501373291e-02 9.059911966323852539e-02 -4.093476384878158569e-02 -6.125593557953834534e-03 4.417056962847709656e-02 8.674146980047225952e-02 4.899679124355316162e-02 4.778095334768295288e-02 2.013281546533107758e-02 -1.461378931999206543e-01 1.396958064287900925e-02 4.136800020933151245e-02 -3.891687840223312378e-02 -1.235239207744598389e-01 -7.449864596128463745e-02 8.746880292892456055e-02 8.013089746236801147e-02 7.019639760255813599e-02 -1.045554950833320618e-01 5.295924842357635498e-02 -6.487637758255004883e-02 -1.353708058595657349e-01 4.423544742166996002e-04 -5.967313423752784729e-02 6.673175841569900513e-02 -1.566081866621971130e-02 -8.321307599544525146e-02 8.834904059767723083e-03 -9.068857133388519287e-02 -8.312202244997024536e-02 3.273402154445648193e-02 -1.429655700922012329e-01 -1.159184947609901428e-01 -7.763069868087768555e-02 4.204322397708892822e-02 1.142928525805473328e-01 8.809646219015121460e-02 7.904107868671417236e-02 5.484879761934280396e-02 -3.302840515971183777e-02 2.715421840548515320e-02 3.867990523576736450e-02 8.224742859601974487e-02 3.311480209231376648e-02 3.062549745664000511e-03 -3.704705834388732910e-02 -6.445640325546264648e-02 7.904438674449920654e-02 -5.853359773755073547e-02 1.143046617507934570e-01 -3.459806740283966064e-02 -6.219908129423856735e-03 3.098968602716922760e-02 7.555835694074630737e-02 -1.269711554050445557e-01 5.134483799338340759e-02 3.805391117930412292e-02 -7.606726139783859253e-02 -5.181709676980972290e-02 -9.998940676450729370e-02 8.892486244440078735e-02 6.844195723533630371e-02 -9.762648493051528931e-03 -2.555935271084308624e-02 -4.941386729478836060e-02 1.599226519465446472e-02 -1.294248998165130615e-01 3.774087876081466675e-02 -3.055237233638763428e-02 1.039027869701385498e-01 -1.299128532409667969e-01
1.807928271591663361e-02 2.661278005689382553e-03 -9.146791696548461914e-02 -1.319262832403182983e-01 1.845659874379634857e-02 1.723322123289108276e-01 9.553586132824420929e-03 -4.208548367023468018e-02 -1.000234931707382202e-01 1.111744940280914307e-01 4.985583573579788208e-02 5.885866656899452209e-02 -1.721232384443283081e-01 2.837999165058135986e-02 1.630637645721435547e-01 1.060572639107704163e-01 9.478132426738739014e-02 -7.770351320505142212e-02 -1.281529068946838379e-01 1.341814827173948288e-02 8.437306433916091919e-02 -2.363789454102516174e-02 -7.740476168692111969e-03 -9.741512686014175415e-02 2.841721102595329285e-02 9.026293456554412842e-02 4.706676304340362549e-02 1.917297020554542542e-02 1.121317371726036072e-01 4.365039616823196411e-02 3.650511428713798523e-02 -5.390379577875137329e-03 -1.027206424623727798e-02 -1.099492087960243225e-01 -7.279033958911895752e-02 1.572673916816711426e-01 2.521171048283576965e-02 1.813116222620010376e-01 9.118397533893585205e-02 3.406528010964393616e-02 -5.226803198456764221e-02 1.187054673209786415e-03 -1.381266415119171143e-01 1.270954906940460205e-01 1.257923990488052368e-01 7.908517122268676758e-02 -1.098736599087715149e-01 1.413953751325607300e-01 7.766133546829223633e-02 -2.929407358169555664e-02 1.234896760433912277e-02 1.700030863285064697e-01 1.185089722275733948e-01 -1.406795233488082886e-01 -4.134263098239898682e-02 -9.735069423913955688e-02 7.766172289848327637e-02 1.671128422021865845e-01 -4.577775672078132629e-02 1.006201375275850296e-02 -4.231008514761924744e-02 9.117653220891952515e-02 -4.298020526766777039e-02 -8.129607141017913818e-02 1.650981754064559937e-01 5.274740606546401978e-02 -5.612123757600784302e-03 4.852835834026336670e-02 -3.865282982587814331e-02 -9.459849447011947632e-02 -7.428671419620513916e-02 1.364661455154418945e-01 1.048048883676528931e-01 1.208088621497154236e-01 2.828882075846195221e-03 1.263988483697175980e-02 -1.201243847608566284e-01 -1.181619167327880859e-01 7.562547177076339722e-02 7.921431213617324829e-02 -3.379509225487709045e-02 -7.138239592313766479e-02 -9.263050556182861328e-02 -4.940471798181533813e-02 -1.157440338283777237e-02 -2.322861179709434509e-02 1.378702558577060699e-02 1.189420819282531738e-01 -1.253431290388107300e-02 -1.111086457967758179e-01 -1.256635785102844238e-01 -1.628101803362369537e-02 -1.096544787287712097e-02 1.579558402299880981e-01 -2.303913049399852753e-02 2.942459285259246826e-02 6.629654020071029663e-02 7.935191504657268524e-03 -1.366612315177917480e-01 -3.999324981123209000e-03
-4.526112228631973267e-02 -6.187109276652336121e-02 1.747920364141464233e-01 1.115596070885658264e-01 -3.048949502408504486e-02 -9.827093034982681274e-02 -9.740591794252395630e-02 -1.939043961465358734e-02 3.813675837591290474e-03 -7.127296179533004761e-03 -9.591071307659149170e-02 1.252959966659545898e-01 -1.652647368609905243e-02 3.349021449685096741e-02 -6.915965676307678223e-02 3.170460835099220276e-02 -2.158239111304283142e-02 -1.532884314656257629e-03 2.127370424568653107e-02 2.256847545504570007e-02 -8.372832089662551880e-02 -9.019781649112701416e-02 5.837571248412132263e-02 -4.100355878472328186e-02 -1.759322546422481537e-02 -1.013990119099617004e-01 6.607258319854736328e-02 -1.070112511515617371e-01 4.380324098747223616e-04 -1.033503413200378418e-01 9.851568937301635742e-02 3.220671042799949646e-02 2.886920934543013573e-03 2.149342000484466553e-02 1.145244240760803223e-01 -8.550529927015304565e-02 7.171221822500228882e-02 1.787417195737361908e-02 -6.294726859778165817e-03 1.826886273920536041e-02 1.032945886254310608e-01 7.050529529806226492e-05 3.656411170959472656e-02 -1.043838411569595337e-01 1.826876029372215271e-02 -5.482370406389236450e-02 -5.487559828907251358e-03 6.657521426677703857e-02 -7.836784422397613525e-02 9.310234338045120239e-03 -8.475599437952041626e-02 3.915973007678985596e-02 -1.295033395290374756e-01 -1.146381627768278122e-02 -2.356971800327301025e-02 -5.125610902905464172e-02 -1.038269028067588806e-01 -2.761387825012207031e-02 -8.293808251619338989e-02 3.076694533228874207e-02 -6.007548421621322632e-02 -2.019654773175716400e-02 -5.491239577531814575e-02 7.002254575490951538e-02 1.523717939853668213e-01 -1.435087062418460846e-02 8.993712253868579865e-03 9.442104399204254150e-02 1.023664996027946472e-01 8.956822007894515991e-02 5.227949097752571106e-02 6.288677453994750977e-02 4.308707267045974731e-02 9.042635560035705566e-02 -1.936214603483676910e-02 -2.855998463928699493e-02 2.962360717356204987e-02 4.155730083584785461e-02 1.091203466057777405e-01 5.188275128602981567e-03 7.074063271284103394e-02 -2.549175918102264404e-02 -5.016995593905448914e-02 -8.126799762248992920e-02 9.525992721319198608e-02 1.145176142454147339e-01 4.408220574259757996e-02 -4.745519533753395081e-02 -8.998048305511474609e-02 -2.340761013329029083e-02 4.234979674220085144e-02 4.244431853294372559e-02 -1.974327675998210907e-02 -3.675326332449913025e-02 9.833429008722305298e-03 -2.552083879709243774e-02 8.310763537883758545e-02 -1.082517653703689575e-01 4.449883103370666504e-02 -1.650217473506927490e-01
-7.655578851699829102e-02 -4.133668914437294006e-02 1.821546256542205811e-02 1.607795506715774536e-01 -1.592091098427772522e-02 -1.341716665774583817e-02 -6.910961121320724487e-02 4.362285882234573364e-02 4.950972646474838257e-02 -7.099258154630661011e-02 -1.509527862071990967e-02 -2.384224161505699158e-02 -4.863792285323143005e-02 -9.190309047698974609e-02 -1.283144056797027588e-01 3.231554105877876282e-02 -1.322807818651199341e-01 1.989662088453769684e-02 1.341743320226669312e-01 1.123718395829200745e-01 -7.840616628527641296e-03 -8.875174820423126221e-02 1.009605452418327332e-01 1.350754946470260620e-01 6.110814400017261505e-03 -1.010922268033027649e-01 8.357457071542739868e-02 -1.824642121791839600e-01 2.802982740104198456e-02 -1.652111671864986420e-02 4.365637153387069702e-02 6.593331694602966309e-02 -1.135942563414573669e-01 -2.277731895446777344e-02 3.046223148703575134e-02 7.600361853837966919e-02 1.789713627658784389e-03 -6.322263926267623901e-02 -2.400456182658672333e-02 2.379698865115642548e-02 5.845263227820396423e-02 -5.046509206295013428e-03 8.976181596517562866e-02 -1.965574622154235840e-01 7.232101261615753174e-02 -1.360460668802261353e-01 3.498435392975807190e-02 -1.239033862948417664e-01 2.697893045842647552e-02 -1.302665770053863525e-01 -1.331249773502349854e-01 -9.022154659032821655e-02 -1.140257809311151505e-02 4.513680934906005859e-02 1.168053820729255676e-01 1.101257577538490295e-01 -6.001254171133041382e-02 -3.627727925777435303e-02 -1.614572554826736450e-01 -1.962244277819991112e-03 -6.458555907011032104e-02 -1.072397381067276001e-01 -3.509989008307456970e-02 2.171348966658115387e-02 -2.256625145673751831e-02 4.829752817749977112e-02 -3.627691790461540222e-02 8.502753078937530518e-02 -5.580748990178108215e-02 1.248074769973754883e-01 6.759454309940338135e-02 2.278835745528340340e-03 -3.701474890112876892e-02 -2.693517692387104034e-02 -5.659555550664663315e-03 8.283728361129760742e-02 -4.307177383452653885e-03 4.440646246075630188e-02 -8.530448377132415771e-02 -6.269990652799606323e-02 9.912469983100891113e-02 1.682244539260864258e-01 -2.800462022423744202e-02 -5.084197223186492920e-02 -1.484886556863784790e-02 1.070661768317222595e-01 -9.517373144626617432e-02 -4.691343382000923157e-02 -2.472772635519504547e-02 6.550298631191253662e-02 5.698069930076599121e-02 7.838577963411808014e-03 9.954532235860824585e-02 4.094988480210304260e-02 1.472001969814300537e-01 3.415384143590927124e-02 1.181134302169084549e-02 -8.492739871144294739e-03 2.171429991722106934e-02 -1.464694458991289139e-02
3.020813874900341034e-02 -8.489710092544555664e-02 5.585977062582969666e-02 -7.740733027458190918e-02 -9.940580278635025024e-02 -1.739396154880523682e-02 -7.767046242952346802e-02 7.872021943330764771e-02 -6.065561249852180481e-02 -7.298168540000915527e-02 -7.659878581762313843e-02 7.701537758111953735e-02 -7.865454256534576416e-02 5.787205696105957031e-02 -5.301599949598312378e-02 -8.412642776966094971e-02 5.342474905773997307e-04 5.105142295360565186e-02 -2.011064905673265457e-03 -5.310906097292900085e-02 7.386121153831481934e-02 -1.344848126173019409e-01 1.046266406774520874e-02 -1.373021118342876434e-02 -7.804954797029495239e-02 8.440116047859191895e-02 1.153764575719833374e-01 4.192221909761428833e-02 -5.276538431644439697e-02 -3.787906374782323837e-03 -2.566652372479438782e-02 -7.163864374160766602e-02 6.742401421070098877e-02 -7.088320702314376831e-02 -5.955705419182777405e-02 6.721274461597204208e-03 -2.958408929407596588e-02 1.181334257125854492e-02 -5.221869051456451416e-02 1.681807786226272583e-01 -5.403068382292985916e-03 3.952642530202865601e-02 -2.504535391926765442e-02 -5.669040977954864502e-02 1.448841840028762817e-01 8.817577362060546875e-02 1.097146496176719666e-01 1.013805642724037170e-01 -7.247340679168701172e-02 5.026895552873611450e-02 -8.440820127725601196e-02 1.572597399353981018e-02 5.338872596621513367e-02 -2.396234311163425446e-02 9.608628600835800171e-02 4.534960165619850159e-02 -3.241135925054550171e-02 1.607250608503818512e-02 -1.494358181953430176e-01 6.920608133077621460e-02 -3.655178079498000443e-05 -7.287085056304931641e-02 -1.497755199670791626e-01 -5.887490138411521912e-02 -1.681579276919364929e-02 8.026976883411407471e-02 5.149314552545547485e-02 9.479197114706039429e-02 -1.412146142683923244e-03 -1.257309317588806152e-02 1.158344596624374390e-01 1.787921413779258728e-02 4.937323555350303650e-02 9.963512420654296875e-03 9.018385410308837891e-02 6.058499217033386230e-02 -7.914771139621734619e-02 8.024965971708297729e-02 5.386224947869777679e-03 -1.528378762304782867e-02 6.539761275053024292e-02 -3.377835452556610107e-02 2.993736043572425842e-02 -1.472183503210544586e-03 3.913976997137069702e-02 -4.529879614710807800e-02 -1.380003243684768677e-02 9.169086813926696777e-02 -3.203384205698966980e-02 4.306241869926452637e-02 -1.961510628461837769e-02 -7.340469211339950562e-02 3.569042310118675232e-03 -2.742488123476505280e-02 -4.933820664882659912e-02 -3.102555871009826660e-02 -5.864742025732994080e-02 -7.478399574756622314e-02 -1.743748434819281101e-04 -1.411046385765075684e-01
-3.401996335014700890e-03 -8.893794566392898560e-02 -6.890419870615005493e-02 6.952901184558868408e-02 4.964119195938110352e-02 2.711476758122444153e-02 -5.119044333696365356e-03 1.672230660915374756e-02 -3.248801454901695251e-02 4.529714211821556091e-02 -1.997216418385505676e-02 9.948728978633880615e-02 -5.736221745610237122e-02 2.243708260357379913e-02 -1.453314442187547684e-02 7.893345504999160767e-02 2.610040456056594849e-02 -7.490082085132598877e-02 -9.735376387834548950e-02 1.594363711774349213e-02 8.260405808687210083e-02 -1.462728530168533325e-01 -1.057676374912261963e-01 -1.596692502498626709e-01 -1.378613114356994629e-01 4.787140712141990662e-02 -6.718672066926956177e-02 -5.943306535482406616e-02 -5.769310891628265381e-02 4.963282123208045959e-02 3.450082242488861084e-02 2.507450431585311890e-02 9.347288310527801514e-02 -1.273195147514343262e-01 -1.152219846844673157e-01 1.155533492565155029e-01 -1.045906823128461838e-02 8.467595279216766357e-02 -3.570222482085227966e-02 -5.506139248609542847e-02 -9.891015291213989258e-02 -1.502405479550361633e-02 1.242183521389961243e-02 6.213890016078948975e-02 7.083949446678161621e-02 8.177191019058227539e-02 -4.842739552259445190e-02 8.496965467929840088e-02 3.082780912518501282e-02 3.426731005311012268e-02 -4.074061661958694458e-02 9.384129941463470459e-02 2.419198490679264069e-02 6.418656557798385620e-02 1.312227640300989151e-02 -9.191427379846572876e-02 -9.174618870019912720e-02 1.434342712163925171e-01 8.825595676898956299e-02 1.076275832019746304e-03 9.584622085094451904e-02 3.457069769501686096e-02 -8.637659996747970581e-02 7.607092615216970444e-03 3.318843990564346313e-02 6.146765872836112976e-02 -1.337125599384307861e-01 8.336724340915679932e-02 -3.989799320697784424e-02 -2.122669480741024017e-02 1.291960198432207108e-02 5.330784246325492859e-02 1.529928147792816162e-01 -1.381505280733108521e-02 8.232836425304412842e-02 -2.551158517599105835e-02 -2.597615867853164673e-02 -1.175762563943862915e-01 -2.937267906963825226e-02 -2.533644437789916992e-02 -7.887836545705795288e-02 -3.696528449654579163e-02 -9.195284545421600342e-02 -6.516394019126892090e-02 -9.036750346422195435e-02 1.111767962574958801e-01 4.512919113039970398e-02 -3.242810070514678955e-02 -2.048503048717975616e-02 -1.324959993362426758e-01 -1.156457811594009399e-01 -1.754129305481910706e-02 -1.424147281795740128e-02 1.274736225605010986e-01 6.755248457193374634e-02 -7.840628176927566528e-02 5.446808040142059326e-02 -6.699447054415941238e-03 -3.545894473791122437e-02 -1.974476687610149384e-02
1.927038468420505524e-02 -3.852176293730735779e-02 1.104689612984657288e-01 3.448009863495826721e-02 -2.645492739975452423e-02 -5.857166275382041931e-02 -4.638594016432762146e-02 -6.647183001041412354e-02 -7.246772944927215576e-02 -5.872203782200813293e-02 -1.063032746315002441e-01 6.659988313913345337e-03 7.044940441846847534e-02 9.784032404422760010e-02 -1.333316713571548462e-01 2.573873847723007202e-03 -1.299267411231994629e-01 3.950117528438568115e-02 -3.351643308997154236e-02 -4.407713189721107483e-02 2.129221102222800255e-03 2.286672592163085938e-02 2.167231775820255280e-02 3.580586239695549011e-02 -1.922778901644051075e-03 -3.512048721313476562e-02 1.017460674047470093e-01 -1.003686860203742981e-01 4.270397499203681946e-02 -4.970385506749153137e-02 -2.711593173444271088e-03 1.114860028028488159e-01 -1.363664716482162476e-01 4.977520182728767395e-02 1.075317636132240295e-01 -1.609941944479942322e-02 1.156296208500862122e-02 9.615675546228885651e-03 -1.215990632772445679e-01 1.242705434560775757e-01 9.164273738861083984e-02 1.278079207986593246e-02 7.012748718261718750e-02 -1.113276332616806030e-01 2.991463430225849152e-02 -4.876656085252761841e-02 5.492057651281356812e-02 -8.923659473657608032e-02 -9.793170541524887085e-02 -6.194487586617469788e-02 -3.875548020005226135e-02 2.635320462286472321e-02 -1.505807787179946899e-01 5.640176683664321899e-02 9.535260498523712158e-02 -5.807276815176010132e-02 -6.609353423118591309e-02 -8.881776779890060425e-02 -3.480518609285354614e-02 1.372071914374828339e-02 -1.341349482536315918e-01 -1.781497523188591003e-02 -5.948314443230628967e-02 1.806924119591712952e-02 -1.184283196926116943e-02 1.695573888719081879e-02 7.017365843057632446e-02 -1.483732461929321289e-02 9.191051125526428223e-02 1.415111273527145386e-01 -2.841112390160560608e-02 -5.759981647133827209e-02 -1.079417765140533447e-01 8.431936055421829224e-02 1.204302832484245300e-01 -4.273585602641105652e-02 1.296412758529186249e-02 2.519403398036956787e-02 8.333256468176841736e-03 -7.918560504913330078e-02 1.349977105855941772e-01 1.299606114625930786e-01 1.337445527315139771e-01 2.919710613787174225e-02 1.087178066372871399e-01 2.950371988117694855e-02 -7.141515612602233887e-02 -7.926162332296371460e-02 9.578263014554977417e-02 -5.134493112564086914e-02 1.369155347347259521e-01 -1.377606093883514404e-01 6.124874576926231384e-02 -1.131041124463081360e-01 5.636537447571754456e-02 -5.683014914393424988e-02 -9.887035936117172241e-02 -6.071033328771591187e-02 5.675794929265975952e-02 3.848185017704963684e-02
-6.802314519882202148e-02 -2.325514703989028931e-02 1.150888353586196899e-01 1.235919818282127380e-01 2.206173352897167206e-02 5.755789577960968018e-03 2.097508497536182404e-02 -1.126063801348209381e-02 5.879928544163703918e-02 8.814059942960739136e-02 -1.064523309469223022e-02 -1.189330127090215683e-02 5.459418147802352905e-02 -7.942582666873931885e-02 -1.124718040227890015e-01 9.997062385082244873e-03 1.422658911906182766e-03 1.197702735662460327e-01 5.181698128581047058e-03 -6.286218296736478806e-03 -4.935250803828239441e-02 8.834640681743621826e-02 1.016966775059700012e-01 7.613743096590042114e-02 1.513362526893615723e-01 -1.248963922262191772e-01 -2.921497076749801636e-02 4.103656485676765442e-02 -3.246067836880683899e-02 -1.949250698089599609e-02 5.588015541434288025e-02 6.655303388833999634e-02 -9.803466498851776123e-02 9.225612878799438477e-02 -2.663468942046165466e-02 -7.450463622808456421e-02 1.657223701477050781e-01 -7.051876932382583618e-02 -7.072051614522933960e-02 -6.559863686561584473e-02 -2.344580832868814468e-03 5.504509434103965759e-02 7.672729343175888062e-02 -6.108004599809646606e-03 5.909469351172447205e-02 -9.510318748652935028e-03 1.653713546693325043e-02 -1.168532148003578186e-01 -4.694476351141929626e-02 -5.789939686655998230e-02 -5.365411937236785889e-02 -1.467391550540924072e-01 -1.943563297390937805e-02 -1.830241829156875610e-02 1.116214692592620850e-01 -2.371070720255374908e-02 -4.834740888327360153e-03 -8.840348571538925171e-02 9.461937844753265381e-02 3.665062412619590759e-02 -3.207805007696151733e-02 2.927874214947223663e-02 8.825722336769104004e-02 5.484701320528984070e-02 -1.434803158044815063e-01 -9.586907178163528442e-02 4.073493927717208862e-02 3.576553985476493835e-02 -3.730151057243347168e-02 6.466767936944961548e-02 -4.180156812071800232e-02 -8.241506665945053101e-02 -9.748184680938720703e-02 6.806091871112585068e-03 2.161117643117904663e-02 6.004960089921951294e-02 1.059954389929771423e-01 9.429174661636352539e-02 -6.406525522470474243e-02 -1.016242131590843201e-01 1.493208110332489014e-01 -1.167855318635702133e-02 4.797434434294700623e-02 -4.135004058480262756e-02 -5.434858053922653198e-02 8.073764294385910034e-02 -8.148508518934249878e-02 -6.188642978668212891e-02 9.493695199489593506e-02 5.841150879859924316e-03 4.134989157319068909e-02 -1.969425082206726074e-01 -9.039364755153656006e-02 -2.877617441117763519e-02 1.123443469405174255e-01 3.376135369762778282e-03 3.046028316020965576e-02 1.468264311552047729e-02 1.350370142608880997e-02 4.667558521032333374e-02
4.958147928118705750e-02 -1.680903509259223938e-02 7.935608737170696259e-03 -4.151887819170951843e-02 -2.168432250618934631e-02 3.091549873352050781e-02 -6.777445320039987564e-03 -1.854551024734973907e-02 -6.681460142135620117e-02 -2.677880600094795227e-02 -1.760808192193508148e-02 6.100980564951896667e-02 9.354340843856334686e-03 -1.470471173524856567e-01 -7.855137437582015991e-02 -1.106225326657295227e-01 2.314879558980464935e-02 -2.813981380313634872e-03 8.757499605417251587e-02 1.142596155405044556e-01 1.231987401843070984e-02 -2.074380815029144287e-01 6.331063061952590942e-02 -7.708250731229782104e-02 -6.491934508085250854e-02 6.743085384368896484e-02 -1.589627191424369812e-02 -7.812134176492691040e-02 4.584065452218055725e-02 -1.380735337734222412e-01 8.190656453371047974e-02 5.446393974125385284e-03 -1.117018535733222961e-01 4.825649037957191467e-02 6.318358331918716431e-02 -1.678331010043621063e-02 -2.299247309565544128e-03 1.943178288638591766e-02 -1.425249427556991577e-01 1.312348097562789917e-01 9.696255624294281006e-02 -3.895620256662368774e-02 -3.870750218629837036e-02 -1.332498341798782349e-01 1.530165225267410278e-01 6.617166101932525635e-02 -1.765229180455207825e-02 -2.919430285692214966e-02 -9.073656052350997925e-02 -1.250282824039459229e-01 1.069889753125607967e-03 -6.944229453802108765e-02 5.021814256906509399e-03 -1.328040659427642822e-02 6.181330606341362000e-02 1.942577213048934937e-02 -3.689450910314917564e-03 3.795310482382774353e-02 -1.160059943795204163e-01 1.021541133522987366e-01 -9.587193280458450317e-02 -8.338528871536254883e-02 -1.851045340299606323e-01 -1.980801345780491829e-03 -5.305795371532440186e-02 2.636715210974216461e-02 -1.057539805769920349e-01 1.418409794569015503e-01 -4.229693487286567688e-02 9.566992521286010742e-03 6.512462347745895386e-02 1.307337731122970581e-01 -7.028676569461822510e-02 6.202279124408960342e-03 1.150514706969261169e-01 -9.635364264249801636e-02 -1.442955690436065197e-03 -8.799332380294799805e-02 2.629406191408634186e-02 6.551885604858398438e-02 -1.609452068805694580e-02 6.189646571874618530e-02 8.520393073558807373e-02 1.723689958453178406e-03 6.251309067010879517e-02 4.801510274410247803e-02 1.139186099171638489e-01 4.227792099118232727e-02 -8.270474523305892944e-02 7.357258815318346024e-03 8.559918403625488281e-02 -9.813449531793594360e-02 1.020455849356949329e-03 9.920571756083518267e-05 1.276674270629882812e-01 -1.023410335183143616e-01 1.653690449893474579e-02 1.683478429913520813e-02 -3.554674237966537476e-02 4.953959491103887558e-03
1.300750374794006348e-01 -9.107152372598648071e-02 -8.052939176559448242e-02 -1.241804435849189758e-01 -3.420916572213172913e-02 8.448789268732070923e-02 3.078307583928108215e-02 -4.056685790419578552e-02 9.116872400045394897e-02 1.183804795145988464e-01 1.388009488582611084e-01 -1.910671778023242950e-02 1.515192165970802307e-02 -1.997830346226692200e-02 1.083309203386306763e-01 1.126694679260253906e-01 1.534351240843534470e-02 8.582352660596370697e-03 -8.545985072851181030e-02 -1.298131197690963745e-01 -1.064796117134392262e-03 6.005525216460227966e-02 6.423232704401016235e-02 3.878727555274963379e-02 1.738867908716201782e-02 9.198167920112609863e-02 -4.848825931549072266e-02 1.628520339727401733e-01 -2.270345948636531830e-02 -1.463186144828796387e-01 4.280840978026390076e-02 8.032968640327453613e-02 1.004952713847160339e-01 -2.341393753886222839e-02 3.240297734737396240e-02 2.240130677819252014e-02 -5.142004787921905518e-02 9.247755259275436401e-02 1.372620910406112671e-01 -2.744861505925655365e-02 -3.904594108462333679e-02 8.602928370237350464e-03 -1.087490022182464600e-01 -7.179933041334152222e-02 6.591938901692628860e-03 5.568929389119148254e-02 7.771700620651245117e-02 2.768389135599136353e-02 -8.710036054253578186e-03 5.973959714174270630e-02 6.468979269266128540e-02 3.801752626895904541e-02 4.132473096251487732e-02 -9.821649640798568726e-02 -9.657141566276550293e-02 -9.804960340261459351e-02 -6.594852358102798462e-02 -2.504615858197212219e-02 2.005407959222793579e-02 -1.256829053163528442e-01 -9.012576937675476074e-02 -2.928702533245086670e-02 9.528605639934539795e-02 2.803640440106391907e-02 1.394625604152679443e-01 1.028425991535186768e-01 -1.120311487466096878e-02 -2.034346759319305420e-02 2.242716215550899506e-02 4.824769869446754456e-02 2.687672525644302368e-02 1.581332981586456299e-01 9.248474985361099243e-02 2.891421504318714142e-02 -8.599128574132919312e-02 2.408414706587791443e-02 -6.137343496084213257e-02 -5.870281532406806946e-02 -1.441592723131179810e-02 1.176677569746971130e-01 -5.777774006128311157e-02 -1.304440796375274658e-01 -1.208781078457832336e-01 -4.834354296326637268e-02 -5.092835519462823868e-03 2.127628214657306671e-02 1.447551324963569641e-02 -2.816097065806388855e-02 -8.299916237592697144e-02 -1.503630448132753372e-02 -6.619017571210861206e-02 3.198732435703277588e-02 1.128770932555198669e-01 3.465423360466957092e-02 2.630323171615600586e-02 6.614841520786285400e-02 8.935457468032836914e-02 4.750274866819381714e-02 -8.062716573476791382e-02 4.300288856029510498e-02
2.407890371978282928e-02 3.072506561875343323e-02 -1.288436912000179291e-02 8.823911100625991821e-02 -1.171045452356338501e-01 -6.169416755437850952e-02 2.934555523097515106e-02 -4.272312670946121216e-02 2.540921419858932495e-02 -3.289172798395156860e-02 -5.548712983727455139e-02 -4.601635411381721497e-02 -3.776916116476058960e-02 -1.032147407531738281e-01 2.672795765101909637e-02 -1.613714545965194702e-01 5.856173112988471985e-02 7.942436635494232178e-02 1.089093461632728577e-01 9.264467656612396240e-02 1.362556666135787964e-01 -2.069192975759506226e-01 6.054357159882783890e-03 5.090375617146492004e-02 3.791338205337524414e-02 -7.214660942554473877e-02 -4.583417903631925583e-03 -7.531421631574630737e-02 -4.757200554013252258e-02 -8.730842173099517822e-02 9.142067283391952515e-02 6.989543139934539795e-02 1.718505471944808960e-02 4.046357423067092896e-02 -4.944126680493354797e-02 2.647376619279384613e-02 1.356753427535295486e-02 9.017696976661682129e-02 1.415499858558177948e-02 8.366485685110092163e-02 -3.956306353211402893e-02 1.519606728106737137e-02 -7.154881209135055542e-02 2.334530465304851532e-02 -1.958782598376274109e-02 -5.508453026413917542e-02 -2.383095771074295044e-02 8.642505854368209839e-02 -1.509533543139696121e-02 -9.974410384893417358e-02 -6.111941859126091003e-02 -5.524363741278648376e-02 4.209215939044952393e-02 8.368168026208877563e-03 -2.022353373467922211e-02 -1.603124663233757019e-02 3.090990148484706879e-02 2.156643383204936981e-02 1.224970445036888123e-03 -4.405611753463745117e-02 -8.965326100587844849e-02 -5.510515719652175903e-02 -2.167542427778244019e-01 8.308763802051544189e-02 -1.064117718487977982e-02 1.987130753695964813e-02 -8.645821362733840942e-02 -7.816302590072154999e-03 5.467864871025085449e-02 2.228556573390960693e-02 -5.880299489945173264e-03 1.045164987444877625e-01 5.358017981052398682e-02 1.091565638780593872e-01 1.210705935955047607e-01 -9.214164316654205322e-02 3.013733215630054474e-02 -4.836421087384223938e-02 4.365383833646774292e-02 -6.883072108030319214e-02 -1.267404295504093170e-02 -1.518052536994218826e-02 -9.497350081801414490e-03 -1.545434817671775818e-02 -8.805218338966369629e-02 1.223410815000534058e-01 -1.630269363522529602e-02 4.841916263103485107e-02 5.054117366671562195e-02 -2.598976902663707733e-02 -2.227225154638290405e-02 -1.116501539945602417e-01 8.789727836847305298e-02 1.104264408349990845e-01 9.930037707090377808e-02 -1.443963497877120972e-01 -8.430242538452148438e-02 1.038559898734092712e-02 -3.016288392245769501e-02 -4.372217226773500443e-03
1.266250163316726685e-01 -6.807859987020492554e-02 -3.307631611824035645e-02 3.319717012345790863e-03 1.716121435165405273e-01 1.083189249038696289e-01 -1.904159085825085640e-03 -8.898487687110900879e-02 -6.242402642965316772e-02 -2.536341547966003418e-02 7.469789683818817139e-02 -3.957862034440040588e-02 -1.147131063044071198e-02 3.358541429042816162e-02 6.061327457427978516e-02 2.756051719188690186e-02 1.870734542608261108e-01 -3.838987275958061218e-02 -8.417376875877380371e-02 9.337888658046722412e-02 1.164481118321418762e-01 1.464840173721313477e-01 -7.644268870353698730e-02 2.295425906777381897e-02 -6.438853591680526733e-02 2.002943754196166992e-01 -4.723540320992469788e-02 1.033006981015205383e-01 -2.111463062465190887e-02 3.176967054605484009e-02 1.469889581203460693e-01 -2.150421775877475739e-02 1.092775911092758179e-01 -4.469120875000953674e-02 -1.128935888409614563e-01 1.760569363832473755e-01 -8.730948716402053833e-02 2.997043542563915253e-02 6.269700080156326294e-02 -5.322680622339248657e-02 -1.054583266377449036e-01 -1.049731299281120300e-01 -1.165516078472137451e-01 2.175645716488361359e-02 -6.437525898218154907e-02 1.471126638352870941e-02 -6.541761755943298340e-02 5.955995619297027588e-02 1.252229511737823486e-01 1.176332309842109680e-02 3.151239827275276184e-02 1.686418615281581879e-02 8.159949630498886108e-02 -1.026584208011627197e-01 1.047711446881294250e-01 -8.232444524765014648e-02 3.767868038266897202e-03 1.675869524478912354e-01 1.123160570859909058e-01 -1.110526770353317261e-01 -3.525367006659507751e-02 6.085693836212158203e-02 6.734859943389892578e-02 -1.133689191192388535e-02 6.794198602437973022e-02 1.283826231956481934e-01 -7.262448221445083618e-02 5.776827409863471985e-02 -3.432859433814883232e-03 -3.110743314027786255e-02 -5.019805952906608582e-02 1.381929069757461548e-01 6.693021208047866821e-02 4.289911687374114990e-02 -7.105248421430587769e-02 -7.417359203100204468e-02 -2.926120907068252563e-02 -6.915292143821716309e-02 7.951460778713226318e-03 6.069239228963851929e-02 -1.098531782627105713e-01 -7.137425988912582397e-02 -1.827640235424041748e-01 4.260583221912384033e-02 -8.891987055540084839e-02 1.301295608282089233e-01 1.477984786033630371e-01 7.007990032434463501e-02 -2.665521204471588135e-02 -1.394143104553222656e-01 -4.070489481091499329e-02 1.234356164932250977e-01 -6.599549204111099243e-02 1.567336916923522949e-01 -1.017242521047592163e-01 -2.604287117719650269e-02 4.751269146800041199e-02 2.214363403618335724e-02 -4.884409159421920776e-02 5.904525518417358398e-02
-2.090361900627613068e-02 5.354331061244010925e-02 2.253040298819541931e-02 -1.178590729832649231e-01 9.878197312355041504e-02 -2.619636431336402893e-02 1.418938934803009033e-01 -1.182624772191047668e-01 6.810971535742282867e-03 5.249086394906044006e-02 4.781276918947696686e-03 -2.719951607286930084e-02 -1.353274285793304443e-02 -6.371813826262950897e-03 -3.688820078969001770e-02 9.053687006235122681e-02 -2.846495248377323151e-02 3.973381966352462769e-02 2.165112085640430450e-02 3.188096731901168823e-02 1.021998822689056396e-01 4.346811678260564804e-03 3.770863264799118042e-02 6.860902160406112671e-02 -5.623513367027044296e-03 7.462370395660400391e-02 -1.321586072444915771e-01 1.516496986150741577e-01 -5.267173424363136292e-02 -2.927681058645248413e-02 -1.213211789727210999e-01 -2.345450036227703094e-02 4.725608602166175842e-02 -1.556100510060787201e-02 -1.489398479461669922e-01 4.467699676752090454e-02 7.612911518663167953e-03 9.289518930017948151e-03 9.314756095409393311e-02 -4.704156517982482910e-02 -7.946390658617019653e-03 5.458579957485198975e-02 9.759834036231040955e-03 1.238877773284912109e-01 -1.084928661584854126e-01 1.016083732247352600e-01 -1.703436672687530518e-02 1.510833799839019775e-01 3.501563519239425659e-02 -2.559943310916423798e-02 1.069804131984710693e-01 -2.516334131360054016e-02 3.717470541596412659e-02 -8.807546645402908325e-02 -3.745052590966224670e-02 8.381918817758560181e-02 1.341406106948852539e-01 7.522116415202617645e-03 9.512614458799362183e-02 -9.821525961160659790e-02 8.394094556570053101e-02 1.591594666242599487e-01 1.285563707351684570e-01 2.244334481656551361e-02 3.523943200707435608e-02 2.806774899363517761e-02 6.089150905609130859e-02 -7.337289396673440933e-03 3.982611745595932007e-02 -5.105512216687202454e-03 -1.086114048957824707e-01 -4.345792904496192932e-02 1.260313987731933594e-01 -4.509819298982620239e-02 -8.567542769014835358e-03 1.133027859032154083e-02 -1.480396836996078491e-01 4.140638560056686401e-02 -2.636318840086460114e-02 -1.587217673659324646e-02 -1.157828196883201599e-01 -5.087181553244590759e-02 -1.365763992071151733e-01 4.407922737300395966e-03 -8.144612610340118408e-02 2.212641295045614243e-03 8.613132685422897339e-02 -6.446936726570129395e-02 6.365031003952026367e-02 -9.190754592418670654e-02 8.846702985465526581e-03 1.523784399032592773e-01 -2.594229020178318024e-02 -4.037171602249145508e-02 -1.760785579681396484e-01 6.243661418557167053e-02 6.897176150232553482e-03 3.249634057283401489e-02 -1.381878275424242020e-02 1.895539611577987671e-01
-1.329984217882156372e-01 1.009231060743331909e-02 7.300633005797863007e-03 -1.326238214969635010e-01 -2.059385925531387329e-02 -9.659706614911556244e-03 5.829767789691686630e-03 -9.723900258541107178e-02 1.643195003271102905e-01 8.197994530200958252e-02 8.168596774339675903e-02 -3.135264292359352112e-02 8.595634251832962036e-02 8.498504757881164551e-02 -1.771829836070537567e-02 -1.005280064418911934e-03 8.902650326490402222e-02 -1.522874273359775543e-02 -1.081755980849266052e-01 -9.442745894193649292e-02 2.738867700099945068e-02 6.669460982084274292e-02 2.243747189640998840e-02 2.270061336457729340e-02 -8.834186941385269165e-03 1.576122455298900604e-02 1.130788121372461319e-02 7.842352986335754395e-02 -1.634958684444427490e-01 1.573775336146354675e-02 -9.164838492870330811e-02 2.525695227086544037e-02 -8.620107546448707581e-03 -1.041027829051017761e-01 -8.954251557588577271e-02 -2.440164051949977875e-02 -2.486186847090721130e-02 -1.168558672070503235e-01 1.025982946157455444e-01 -4.678397998213768005e-02 7.531069964170455933e-02 5.472761020064353943e-02 1.322622299194335938e-01 -5.423332750797271729e-02 -2.840335667133331299e-02 3.241198137402534485e-03 -1.021552905440330505e-01 -6.739955395460128784e-02 1.049135997891426086e-01 5.967457592487335205e-02 1.152403652667999268e-01 2.621093206107616425e-02 1.166215538978576660e-01 -3.357399255037307739e-02 -4.060048982501029968e-02 6.190082058310508728e-02 4.726169630885124207e-02 -4.035039246082305908e-02 1.395338177680969238e-01 -8.442361652851104736e-02 -1.436322089284658432e-02 -2.335254289209842682e-02 6.439642608165740967e-02 -1.054237876087427139e-02 1.569992303848266602e-02 -4.758006334304809570e-02 1.777772419154644012e-02 -9.414136409759521484e-02 9.878220409154891968e-02 -2.112876437604427338e-02 7.891271263360977173e-03 -6.727361679077148438e-02 5.454474687576293945e-02 -1.172151714563369751e-01 -1.377315670251846313e-01 4.040595889091491699e-02 -8.227812126278877258e-03 -2.439465373754501343e-02 -1.360340118408203125e-01 4.625219479203224182e-02 4.898595064878463745e-02 -4.996255040168762207e-02 -3.013347275555133820e-03 3.236005082726478577e-02 8.058288693428039551e-02 3.591064736247062683e-02 3.702887520194053650e-02 -1.576626300811767578e-02 9.384635090827941895e-02 2.818382717669010162e-02 1.275457441806793213e-01 -9.976830333471298218e-03 -2.806488890200853348e-03 1.289123576134443283e-02 -4.019306600093841553e-02 -9.294711053371429443e-03 -3.051345981657505035e-02 -1.109525933861732483e-02 8.200966566801071167e-02 2.553839422762393951e-02
1.619912311434745789e-02 -1.930741593241691589e-02 5.588117986917495728e-02 1.164168789982795715e-01 -4.725964739918708801e-02 2.819570153951644897e-02 9.890743531286716461e-03 -5.954684317111968994e-02 -8.811933547258377075e-02 4.795959591865539551e-02 -1.017405316233634949e-01 -1.503261923789978027e-02 1.082948520779609680e-01 6.372234970331192017e-02 -1.077106446027755737e-01 -7.706092298030853271e-02 5.709036439657211304e-02 2.841072343289852142e-02 -4.872099310159683228e-02 2.969273366034030914e-02 3.143223293591290712e-04 9.971673786640167236e-02 1.266326382756233215e-02 -2.154608722776174545e-03 -2.647936157882213593e-02 1.928736269474029541e-02 -4.186809435486793518e-02 -2.699467539787292480e-02 -3.687174990773200989e-02 1.224286407232284546e-01 5.640942975878715515e-02 9.179545193910598755e-02 -1.220013126730918884e-01 3.757851943373680115e-02 5.337331444025039673e-02 -2.729767002165317535e-02 5.923788994550704956e-02 -1.239596456289291382e-01 2.372001856565475464e-02 -1.152334585785865784e-01 2.948826365172863007e-02 -2.447092346847057343e-02 1.499803066253662109e-01 1.299801170825958252e-01 -2.320796437561511993e-02 3.805514052510261536e-02 1.820684224367141724e-02 -8.367511630058288574e-02 8.154049515724182129e-02 -1.339316554367542267e-02 -8.078030496835708618e-02 -1.245677620172500610e-01 -1.029601320624351501e-01 2.763995341956615448e-02 9.720784425735473633e-02 7.851541973650455475e-03 4.345346824266016483e-04 -1.042026467621326447e-02 8.198449015617370605e-02 9.094116091728210449e-02 1.397052556276321411e-01 -9.101720154285430908e-02 6.432627886533737183e-02 2.994327805936336517e-02 -1.133993938565254211e-01 -3.646962717175483704e-02 -2.771175652742385864e-02 4.879351705312728882e-02 -5.238881707191467285e-02 -5.181294679641723633e-02 8.045064657926559448e-02 -6.479088217020034790e-02 -1.364860832691192627e-01 -4.342583939433097839e-03 1.113277114927768707e-02 8.618182688951492310e-02 8.438553661108016968e-02 5.563199985772371292e-03 -6.889808177947998047e-02 -8.776782453060150146e-02 -6.004908308386802673e-02 -5.824691802263259888e-02 9.420343488454818726e-02 -4.480137303471565247e-02 3.570482134819030762e-02 4.320849478244781494e-02 -1.000555455684661865e-01 -1.138251125812530518e-01 -4.566948115825653076e-02 2.149854600429534912e-02 -1.055110711604356766e-02 5.133729893714189529e-03 1.136761251837015152e-02 -1.159075498580932617e-01 -1.068458035588264465e-01 -1.765229972079396248e-03 -9.646069258451461792e-02 1.142194028943777084e-02 1.340091675519943237e-01 3.484696522355079651e-02
-5.301794782280921936e-02 1.157947257161140442e-01 -8.693046122789382935e-02 -1.513799577951431274e-01 8.594241738319396973e-02 8.152030408382415771e-02 9.403252601623535156e-02 -4.526415467262268066e-02 1.838820576667785645e-01 3.985796496272087097e-02 8.372831344604492188e-02 -1.520861983299255371e-01 -8.419203571975231171e-03 6.484610587358474731e-02 -6.575322151184082031e-02 3.542017191648483276e-02 3.163377940654754639e-02 -7.524286955595016479e-02 9.453119710087776184e-03 -1.009692475199699402e-01 -8.715623058378696442e-03 7.165907323360443115e-02 -8.723025023937225342e-02 3.991694375872612000e-02 6.387482583522796631e-02 7.787144277244806290e-03 -1.079956665635108948e-01 4.857449978590011597e-02 -1.021802052855491638e-01 8.418858982622623444e-03 -7.440661638975143433e-02 1.049941852688789368e-01 -9.936575777828693390e-03 1.115213334560394287e-02 -1.165584623813629150e-01 -4.237383976578712463e-02 -1.474690735340118408e-01 -5.640324670821428299e-03 1.316037327051162720e-01 -2.716800384223461151e-02 6.647799164056777954e-02 -3.435283526778221130e-02 -1.364507619291543961e-02 1.144006326794624329e-01 -5.663831252604722977e-03 -7.722219824790954590e-02 -1.032834723591804504e-01 -9.145210683345794678e-02 1.225989609956741333e-01 -5.490343272686004639e-02 1.669567078351974487e-01 -9.190876781940460205e-02 1.916664093732833862e-02 -5.824840441346168518e-02 -1.140498742461204529e-01 -2.801567874848842621e-02 4.920102655887603760e-02 4.730385169386863708e-02 5.858499184250831604e-02 -7.635701447725296021e-02 4.284852743148803711e-02 7.358539849519729614e-02 1.070527136325836182e-01 2.802305296063423157e-02 -3.429562970995903015e-02 -1.765143312513828278e-02 1.055170521140098572e-01 -1.975798606872558594e-02 6.248814985156059265e-02 -1.270236372947692871e-01 -9.400460124015808105e-02 -1.268540024757385254e-01 9.643131494522094727e-02 -1.618478745222091675e-01 -2.000564895570278168e-02 3.088373318314552307e-02 -3.885452821850776672e-02 5.059344321489334106e-02 3.773374482989311218e-02 -9.871162474155426025e-02 3.878146037459373474e-02 6.999310106039047241e-02 6.381516903638839722e-02 -1.685296767391264439e-03 1.232521981000900269e-02 -2.888252958655357361e-02 -1.490916311740875244e-01 -8.342334331246092916e-05 -4.086410626769065857e-02 -6.674390286207199097e-02 8.770330250263214111e-02 -3.868183121085166931e-02 2.017965167760848999e-02 -2.679932303726673126e-02 -1.491715461015701294e-01 4.500732757151126862e-03 -9.397559612989425659e-02 9.938278794288635254e-02 -7.294630259275436401e-02 -5.557432770729064941e-03
4.766547307372093201e-02 1.352419406175613403e-01 -7.928235456347465515e-03 -8.919882588088512421e-03 4.854624345898628235e-02 9.007696062326431274e-02 7.052835822105407715e-02 -4.929146543145179749e-02 3.612202033400535583e-02 1.143743395805358887e-01 6.143054924905300140e-03 -9.340440481901168823e-02 -8.822724968194961548e-02 5.346680060029029846e-02 -1.380455773323774338e-02 9.909236431121826172e-02 1.111241728067398071e-01 -1.030684188008308411e-01 1.316411700099706650e-02 -3.958307579159736633e-02 -8.703113347291946411e-02 5.643614754080772400e-02 -1.414223611354827881e-01 -6.051209568977355957e-02 -7.459990680217742920e-02 -5.791036784648895264e-02 4.737587645649909973e-03 6.417485326528549194e-02 -1.382919698953628540e-01 2.489581517875194550e-02 -1.704559624195098877e-01 -4.313069209456443787e-02 -1.990822702646255493e-02 3.211750090122222900e-02 -1.095239371061325073e-01 1.081618368625640869e-01 -1.134336516261100769e-01 -7.077223807573318481e-02 1.094086840748786926e-01 2.750010229647159576e-02 -2.597035840153694153e-02 7.889716885983943939e-03 7.230471819639205933e-03 1.313377469778060913e-01 -1.861953735351562500e-02 1.139951869845390320e-01 -1.035182401537895203e-01 2.050989307463169098e-02 -2.711446583271026611e-02 1.062648296356201172e-01 7.094077020883560181e-02 1.135486736893653870e-01 -2.168560959398746490e-02 -3.476496040821075439e-02 -9.655790030956268311e-02 -8.016514033079147339e-02 4.642977938055992126e-02 -2.615986764430999756e-02 -1.478932797908782959e-02 -1.056483574211597443e-02 1.096645966172218323e-01 -5.710490513592958450e-03 1.196728050708770752e-01 5.132184177637100220e-02 5.761601403355598450e-02 1.213897019624710083e-01 -9.379526972770690918e-02 -1.221997886896133423e-01 -3.836549073457717896e-02 -1.271189153194427490e-01 -1.182476431131362915e-01 3.306186571717262268e-02 -4.159344360232353210e-03 -1.335134953260421753e-01 -1.361046433448791504e-01 -4.509586468338966370e-02 -1.335247457027435303e-01 3.487384319305419922e-02 3.319117426872253418e-02 1.219160258769989014e-01 -1.083153709769248962e-01 -1.248869765549898148e-02 3.780074045062065125e-02 2.566673979163169861e-02 -1.468832488171756268e-03 4.390536807477474213e-03 2.838926389813423157e-02 3.823146224021911621e-02 5.011462420225143433e-02 -4.992441460490226746e-02 2.680320851504802704e-02 -2.145070815458893776e-03 4.304020851850509644e-02 -6.648717820644378662e-02 2.873711101710796356e-02 1.437313854694366455e-01 1.354892402887344360e-01 1.103737205266952515e-01 -6.147419288754463196e-02 3.670876845717430115e-02
-7.277568429708480835e-02 1.022553443908691406e-02 -4.422611370682716370e-02 -2.674588176887482405e-04 -6.906089838594198227e-03 5.575229227542877197e-02 -5.283345654606819153e-02 -2.272017486393451691e-02 2.781735919415950775e-02 -5.729306489229202271e-02 7.246474851854145527e-04 8.255777508020401001e-02 -5.951427295804023743e-02 -8.061760663986206055e-02 7.939589768648147583e-02 2.446828223764896393e-02 -7.307250797748565674e-02 6.726307421922683716e-02 -7.552082091569900513e-02 3.787765279412269592e-02 -2.106302650645375252e-03 -6.951518356800079346e-02 -6.980995088815689087e-02 2.238625288009643555e-02 -1.801307313144207001e-02 6.840756535530090332e-02 8.508520200848579407e-03 -5.767589434981346130e-02 -7.712423056364059448e-02 -7.597305625677108765e-02 1.087016571545973420e-04 3.998889401555061340e-02 -1.521832402795553207e-02 2.291267737746238708e-03 -1.047508418560028076e-02 -6.672628223896026611e-02 2.334175072610378265e-02 -6.004663184285163879e-02 -9.562471508979797363e-02 -5.248873494565486908e-04 7.874262332916259766e-02 4.217351227998733521e-02 -4.619080200791358948e-02 -4.468392580747604370e-02 2.971766516566276550e-02 9.861246217042207718e-04 6.181241478770971298e-03 -6.031649559736251831e-02 -2.041098847985267639e-02 8.609581738710403442e-02 -1.905908063054084778e-02 -5.327329412102699280e-02 6.314362585544586182e-02 -3.862001933157444000e-03 9.297206997871398926e-02 -8.372654765844345093e-02 -1.636376045644283295e-02 2.844385616481304169e-02 -2.181861177086830139e-02 -6.589747965335845947e-02 -1.132345721125602722e-01 -6.175659969449043274e-02 -1.782782822847366333e-01 -7.959066331386566162e-02 2.046885527670383453e-02 -4.902454093098640442e-02 -4.199266806244850159e-02 1.049618944525718689e-01 -6.919091939926147461e-02 -7.042342424392700195e-02 2.706066519021987915e-02 6.947477906942367554e-02 1.046924516558647156e-01 7.165481150150299072e-02 -1.501388289034366608e-02 7.960116118192672729e-02 -4.271635040640830994e-02 -1.237476826645433903e-03 -5.025598406791687012e-02 -5.112273618578910828e-02 9.531415253877639771e-02 1.169350445270538330e-01 8.853308856487274170e-02 -2.942296117544174194e-02 -4.874962940812110901e-02 2.469278872013092041e-02 2.173622697591781616e-02 4.922075942158699036e-02 -2.166954986751079559e-02 -8.732473850250244141e-02 -7.376788556575775146e-02 2.068511024117469788e-02 8.181384950876235962e-02 8.295811712741851807e-02 2.398383244872093201e-02 6.731988396495580673e-03 4.325095564126968384e-02 1.346072740852832794e-02 -5.426921322941780090e-02 -1.435139328241348267e-01
1.160213127732276917e-01 5.602554976940155029e-02 -8.821450918912887573e-02 -1.455549150705337524e-01 2.542591840028762817e-02 -2.707501873373985291e-03 6.672246009111404419e-02 -3.345925360918045044e-02 -1.301694214344024658e-01 1.423741430044174194e-01 7.293331623077392578e-02 9.211798012256622314e-02 -3.464599326252937317e-02 -4.837978258728981018e-02 5.185039341449737549e-02 1.932716183364391327e-02 3.719753026962280273e-02 -9.912645071744918823e-02 -2.498918026685714722e-02 -5.799392610788345337e-02 5.302800238132476807e-02 -7.613364607095718384e-03 2.297871746122837067e-02 -6.587834656238555908e-02 1.034619100391864777e-02 1.000330895185470581e-01 -7.358521223068237305e-02 7.955824583768844604e-02 9.534483402967453003e-02 7.096929103136062622e-02 -5.045080557465553284e-02 -1.563144624233245850e-01 -8.095647208392620087e-03 -6.952136009931564331e-02 -1.320612281560897827e-01 8.978181518614292145e-03 -3.419964807108044624e-03 8.912640810012817383e-02 1.270028483122587204e-02 -1.069623082876205444e-01 -1.483496725559234619e-01 -1.777431070804595947e-01 -1.531448215246200562e-01 1.336896866559982300e-01 1.554056406021118164e-01 1.329740434885025024e-01 -5.139155313372612000e-02 1.087009981274604797e-01 1.423027366399765015e-01 1.273446977138519287e-01 -1.089336164295673370e-02 -1.225479994900524616e-03 8.521071076393127441e-02 2.519918419420719147e-02 5.597025901079177856e-02 -9.997210651636123657e-02 -1.940223760902881622e-02 -1.011300459504127502e-02 5.752706527709960938e-02 5.981602706015110016e-03 -2.323717065155506134e-02 -2.138365246355533600e-02 -5.658998712897300720e-02 -3.945814818143844604e-02 8.863400667905807495e-03 -3.754043951630592346e-02 -2.395807951688766479e-02 4.106705263257026672e-02 -1.613781414926052094e-02 8.372704498469829559e-03 1.813465543091297150e-02 1.896947026252746582e-01 4.619824141263961792e-02 1.980786956846714020e-02 -1.268288940191268921e-01 -5.783068761229515076e-02 -7.364991120994091034e-03 -2.064695395529270172e-02 1.249420940876007080e-01 1.504626572132110596e-01 -1.593179851770401001e-01 -1.304513663053512573e-01 -7.928071427159011364e-04 2.479504607617855072e-02 -1.837320066988468170e-02 7.401924580335617065e-02 7.853936403989791870e-02 2.760257013142108917e-02 -4.687562584877014160e-02 2.092907950282096863e-02 -1.464094221591949463e-01 1.185492724180221558e-01 4.552656784653663635e-02 3.396711125969886780e-02 -1.202211603522300720e-01 1.113865897059440613e-01 9.126807004213333130e-02 9.117929264903068542e-03 -9.575402736663818359e-02 -1.554977241903543472e-02
6.661836989223957062e-03 -4.566716030240058899e-03 -1.934204809367656708e-02 -4.512970522046089172e-02 -5.341891944408416748e-02 -3.447440266609191895e-02 -1.413669735193252563e-01 -3.031681105494499207e-02 -1.412884593009948730e-01 -1.512108445167541504e-01 2.071456797420978546e-02 6.149328127503395081e-02 -7.936881482601165771e-02 -1.530577689409255981e-01 -5.259402561932802200e-03 -8.366496860980987549e-02 3.887449577450752258e-02 -3.045512549579143524e-02 9.803188033401966095e-03 4.967523738741874695e-02 -6.710572540760040283e-02 -2.603367157280445099e-02 2.186724543571472168e-02 -3.912306576967239380e-02 -2.240984002128243446e-03 7.187350094318389893e-02 7.565192133188247681e-02 -7.766375690698623657e-02 1.977803744375705719e-02 -7.161173224449157715e-02 8.536417968571186066e-03 -9.305987507104873657e-02 -6.978341937065124512e-02 2.639950625598430634e-02 1.231159344315528870e-01 8.214376866817474365e-02 1.284589320421218872e-01 5.308549106121063232e-02 3.790620714426040649e-03 1.587595492601394653e-01 -6.089277938008308411e-02 -6.048066169023513794e-02 -1.117287874221801758e-01 -2.631296031177043915e-02 1.560835391283035278e-01 -6.142144650220870972e-02 4.871919006109237671e-02 5.474131554365158081e-02 -9.849319607019424438e-02 4.404666647315025330e-02 -8.912698365747928619e-03 1.116042658686637878e-01 -8.935272693634033203e-02 -9.482032805681228638e-02 1.046424955129623413e-01 -7.223864644765853882e-02 3.206719830632209778e-02 2.046054229140281677e-03 8.014061488211154938e-03 -1.977110048756003380e-03 -9.111510962247848511e-02 -8.482605218887329102e-02 -1.405961364507675171e-01 -3.607029095292091370e-02 -4.926967248320579529e-02 -3.459449857473373413e-02 -8.285494521260261536e-03 -3.715236205607652664e-03 3.367958590388298035e-02 2.163225784897804260e-02 4.946672543883323669e-02 -4.278016835451126099e-02 6.858574692159891129e-03 -5.983926821500062943e-03 1.234009116888046265e-01 -6.461454555392265320e-03 -2.169989421963691711e-02 5.375695601105690002e-02 8.807431906461715698e-02 -1.831576600670814514e-02 -1.296006515622138977e-02 -5.620763078331947327e-02 7.538474351167678833e-02 2.219066256657242775e-03 -2.473382093012332916e-02 9.665115177631378174e-02 -1.025523338466882706e-02 8.723273873329162598e-02 -6.089849397540092468e-02 9.288591332733631134e-03 8.260040730237960815e-02 8.435389958322048187e-03 7.732275128364562988e-02 8.697945624589920044e-02 4.946716874837875366e-02 -7.380162179470062256e-02 -8.257554471492767334e-02 1.246960926800966263e-02 9.520515054464340210e-02 -4.198648408055305481e-02
4.048284888267517090e-02 1.449419744312763214e-02 -1.290999948978424072e-01 -9.773197025060653687e-02 1.395823657512664795e-01 3.463388606905937195e-02 1.423223614692687988e-01 -1.352233886718750000e-01 2.548372000455856323e-02 7.701396197080612183e-02 6.524992734193801880e-02 2.006233297288417816e-02 5.433449521660804749e-02 -3.794468194246292114e-02 7.388074696063995361e-02 1.273037791252136230e-01 1.111479625105857849e-01 -7.408421486616134644e-02 6.661941856145858765e-02 1.293254736810922623e-02 -6.041707820259034634e-04 1.150226593017578125e-01 -1.611326187849044800e-01 7.149583101272583008e-02 -1.081145778298377991e-01 2.795683965086936951e-02 -9.001121670007705688e-02 4.151989147067070007e-02 -7.643796503543853760e-02 1.326882541179656982e-01 4.468847066164016724e-02 4.520012065768241882e-02 -2.705972269177436829e-02 -5.813680961728096008e-02 -1.211173012852668762e-01 -6.759898364543914795e-02 -1.561773568391799927e-01 5.320039018988609314e-02 3.641882166266441345e-02 -1.231544613838195801e-01 3.170825168490409851e-02 5.855861306190490723e-02 1.315255742520093918e-02 7.042868435382843018e-02 -1.565382927656173706e-01 1.891725324094295502e-02 4.122227430343627930e-03 3.587312251329421997e-02 1.556768268346786499e-01 1.213338896632194519e-01 1.020630821585655212e-01 1.646883785724639893e-03 1.113362237811088562e-01 -5.441926792263984680e-02 -1.090219840407371521e-01 -7.484833151102066040e-02 1.984651200473308563e-02 3.235625848174095154e-02 9.120579808950424194e-02 1.728992909193038940e-02 1.307293921709060669e-01 1.022117808461189270e-01 -4.866159870289266109e-04 -2.069173194468021393e-02 -8.789162337779998779e-02 8.275365084409713745e-02 3.881217911839485168e-02 6.596708670258522034e-03 9.292421862483024597e-03 -1.109968349337577820e-01 -6.659103184938430786e-02 -9.713733196258544922e-02 7.488058507442474365e-02 -1.738568395376205444e-01 -1.622047126293182373e-01 1.191968657076358795e-02 -1.744645535945892334e-01 -4.424226935952901840e-03 1.273793540894985199e-02 -5.277365073561668396e-02 3.266810998320579529e-02 -2.760530076920986176e-02 -1.873739622533321381e-02 3.635195025708526373e-04 -6.689766049385070801e-02 -3.771243244409561157e-02 -7.762446254491806030e-02 9.728208929300308228e-02 1.127256006002426147e-01 -1.401882469654083252e-01 -4.369504749774932861e-02 -3.988528624176979065e-02 5.340337008237838745e-02 -9.124780446290969849e-02 -9.430123865604400635e-02 1.620021760463714600e-01 8.370643109083175659e-02 1.463155597448348999e-01 3.298908099532127380e-02 4.366944357752799988e-02
-1.818818412721157074e-02 -3.620457276701927185e-02 5.204943194985389709e-02 -6.135689467191696167e-02 -3.000065684318542480e-02 -1.475141011178493500e-02 1.711447089910507202e-01 -3.445104230195283890e-03 1.170196980237960815e-01 5.625889077782630920e-02 -1.358521729707717896e-01 -1.168072372674942017e-01 -3.957919031381607056e-02 4.591909050941467285e-02 -1.294788569211959839e-01 9.180705063045024872e-03 -8.652734756469726562e-02 -3.977879136800765991e-02 -1.676627248525619507e-01 -1.813638806343078613e-01 -9.294726699590682983e-02 2.443304285407066345e-02 1.546943932771682739e-01 1.100680083036422729e-01 9.700278192758560181e-02 -1.072834804654121399e-01 -6.812221556901931763e-02 1.606699973344802856e-01 -1.612190157175064087e-01 -2.349519869312644005e-03 -2.552845887839794159e-02 1.153048872947692871e-01 -8.564487844705581665e-02 9.822945296764373779e-02 9.516858309507369995e-02 -4.868028685450553894e-02 -1.131676137447357178e-01 -8.533098548650741577e-02 1.053791791200637817e-01 -4.162744805216789246e-02 9.954653680324554443e-02 4.946069046854972839e-02 2.815891429781913757e-02 -4.142495803534984589e-03 -4.375449195504188538e-02 1.908745965920388699e-03 -9.118656814098358154e-02 -2.242090925574302673e-02 1.050797179341316223e-01 4.073205962777137756e-02 1.485673896968364716e-02 -8.903736621141433716e-02 -3.450069343671202660e-03 1.344447433948516846e-01 -1.573554873466491699e-01 6.029929965734481812e-02 -3.816299512982368469e-02 4.145813360810279846e-02 1.136902868747711182e-01 1.138246133923530579e-01 -5.467754229903221130e-02 -8.144181338138878345e-04 1.887546628713607788e-01 -1.896776631474494934e-02 8.832210302352905273e-02 4.849897325038909912e-02 -2.278854697942733765e-02 -1.002209708094596863e-01 4.517401009798049927e-02 1.087141502648591995e-02 -1.053362786769866943e-01 -5.771962180733680725e-02 3.146868199110031128e-02 1.118782255798578262e-02 -4.903591424226760864e-02 9.926041215658187866e-02 2.931389771401882172e-02 -2.994798310101032257e-02 -1.208269596099853516e-01 -3.971125930547714233e-02 -5.091170966625213623e-02 -3.436484606936573982e-03 1.639528870582580566e-01 9.736740589141845703e-02 9.416172653436660767e-02 -8.665741235017776489e-02 5.750519782304763794e-02 -1.731832278892397881e-03 -3.345478326082229614e-02 -5.196721851825714111e-02 -1.697820611298084259e-02 1.079178676009178162e-01 -8.658511564135551453e-03 -1.082246750593185425e-01 -8.214688301086425781e-02 7.913871109485626221e-02 -1.045309379696846008e-01 -1.064229309558868408e-01 2.768502011895179749e-02 -4.774095863103866577e-02
1.078250929713249207e-01 1.105451956391334534e-01 -1.148182451725006104e-01 -6.032709032297134399e-02 3.889016434550285339e-02 8.795153349637985229e-02 3.685789555311203003e-02 -1.181020885705947876e-01 -5.788037925958633423e-02 1.084657534956932068e-01 2.353756316006183624e-02 2.066188119351863861e-02 -2.091876417398452759e-02 -2.864534035325050354e-02 1.020349413156509399e-01 8.749196678400039673e-02 1.062397509813308716e-01 -8.285847306251525879e-02 -9.196870774030685425e-02 3.544593695551156998e-03 1.123119518160820007e-01 -1.526157464832067490e-02 3.640224412083625793e-02 -5.253548151813447475e-04 -1.037566736340522766e-01 6.189028918743133545e-02 8.241116069257259369e-03 7.919136434793472290e-02 -6.361985206604003906e-02 9.721183776855468750e-02 1.709552295506000519e-02 -1.170985028147697449e-01 9.654895961284637451e-02 1.202174555510282516e-02 -8.652256429195404053e-02 1.478599458932876587e-01 2.548222430050373077e-02 9.921933710575103760e-02 1.586923897266387939e-01 -8.915875107049942017e-02 -8.554716408252716064e-02 2.654552645981311798e-02 -1.217455863952636719e-01 3.388494998216629028e-02 3.223481029272079468e-02 1.851472444832324982e-02 1.178673096001148224e-02 4.130444675683975220e-02 1.489343345165252686e-01 8.407976478338241577e-02 1.055640280246734619e-01 1.204542890191078186e-01 1.077254414558410645e-01 -1.651911996304988861e-02 2.233350649476051331e-02 -3.489522263407707214e-02 -1.674679457210004330e-03 4.488198831677436829e-02 4.914490133523941040e-02 -3.533073514699935913e-02 -2.831648662686347961e-02 1.082380861043930054e-01 3.429005295038223267e-02 -9.750797599554061890e-02 7.263837009668350220e-02 1.982563640922307968e-03 -8.289615064859390259e-02 -9.199635684490203857e-02 -6.200867891311645508e-02 -1.037694811820983887e-01 -9.336306154727935791e-02 1.006192542263306677e-04 5.882342346012592316e-03 -9.841351956129074097e-02 -3.262890502810478210e-03 -1.569590419530868530e-01 -4.589558020234107971e-02 -1.604527533054351807e-01 4.028782621026039124e-02 6.061581149697303772e-02 -4.793770983815193176e-02 -4.162961151450872421e-03 -1.642014235258102417e-01 1.297075003385543823e-01 -1.369255632162094116e-01 3.491514129564166069e-03 1.353214532136917114e-01 1.600740253925323486e-01 -9.716597944498062134e-02 -9.771942347288131714e-02 -7.488680630922317505e-02 1.545886248350143433e-01 6.632626056671142578e-02 2.552156522870063782e-02 -1.409031152725219727e-01 6.982275843620300293e-02 1.089946702122688293e-01 3.330906480550765991e-02 -1.341550946235656738e-01 2.441097982227802277e-02
6.014934554696083069e-02 9.751492738723754883e-02 -1.095645055174827576e-01 -7.473199069499969482e-02 -2.313637733459472656e-02 5.876072123646736145e-02 7.818558067083358765e-02 -6.202818080782890320e-02 1.334643214941024780e-01 2.753766626119613647e-02 -5.732531845569610596e-02 6.487691774964332581e-03 1.492952555418014526e-01 9.392454475164413452e-02 -6.601044442504644394e-03 8.614518679678440094e-03 9.030255675315856934e-02 -1.214167326688766479e-01 9.215369820594787598e-02 -1.635114401578903198e-01 8.621627837419509888e-02 1.157048270106315613e-01 -4.315100982785224915e-02 5.396363139152526855e-02 -1.346625536680221558e-01 2.710941247642040253e-02 -4.727822542190551758e-02 -5.325171723961830139e-02 -5.790514498949050903e-02 7.732605189085006714e-02 -1.605160981416702271e-01 -1.108897998929023743e-01 -3.490927442908287048e-02 -1.471219360828399658e-01 -7.251815497875213623e-02 -4.114287719130516052e-02 -7.303611189126968384e-02 1.605765521526336670e-02 5.687284097075462341e-02 -5.146153643727302551e-02 -5.400140769779682159e-03 9.141048789024353027e-02 1.257286518812179565e-01 8.108183741569519043e-02 -4.700178280472755432e-02 -4.859191924333572388e-02 -1.168316006660461426e-01 -4.799218103289604187e-02 3.887679427862167358e-02 1.132771670818328857e-01 -4.085280001163482666e-03 -4.905048757791519165e-02 1.198607757687568665e-01 -6.839624140411615372e-03 -1.009414121508598328e-01 -8.186700940132141113e-02 5.533395335078239441e-02 1.595159471035003662e-01 1.680603027343750000e-01 -1.669368445873260498e-01 1.403825432062149048e-01 1.407198309898376465e-01 3.828256204724311829e-02 4.870826378464698792e-02 -6.322944909334182739e-02 9.515818208456039429e-02 1.161217316985130310e-01 -4.967598989605903625e-02 -5.481931939721107483e-02 -7.414545118808746338e-02 -1.619780659675598145e-01 -5.508607625961303711e-02 7.391950488090515137e-02 -3.121802955865859985e-02 -1.710864603519439697e-01 -2.599343843758106232e-02 -1.581467390060424805e-01 -7.736459840089082718e-03 -1.794583164155483246e-03 4.807752743363380432e-02 -1.333449780941009521e-02 -1.245317235589027405e-01 -4.817212373018264771e-02 1.563047170639038086e-01 5.556258931756019592e-02 -1.110944077372550964e-01 2.940551564097404480e-02 -7.329365704208612442e-03 1.252852231264114380e-01 -3.912118077278137207e-02 3.162924200296401978e-02 1.554630398750305176e-01 -7.377105206251144409e-02 4.722211509943008423e-02 -5.522339418530464172e-02 1.892500184476375580e-02 1.226755902171134949e-01 1.169792786240577698e-01 -1.539678871631622314e-01 3.235104680061340332e-02
9.250070899724960327e-02 1.427259594202041626e-01 1.952556706964969635e-02 -5.460448097437620163e-03 4.179306700825691223e-02 -3.124397434294223785e-02 2.068245969712734222e-02 -5.619068443775177002e-02 7.459902670234441757e-03 5.604532733559608459e-02 4.354622215032577515e-02 -1.926253316923975945e-03 -8.888351172208786011e-02 -6.162597611546516418e-02 -3.878524899482727051e-02 -4.623624682426452637e-02 -2.970130741596221924e-02 -1.086377948522567749e-01 -4.333513230085372925e-02 -9.373859316110610962e-02 -4.192112945020198822e-03 5.609169602394104004e-03 -8.915257453918457031e-02 -1.100935116410255432e-01 4.705861955881118774e-02 -3.809950128197669983e-02 -7.312588859349489212e-03 1.388308107852935791e-01 -8.243884146213531494e-02 -4.648204147815704346e-02 -1.289038360118865967e-01 -8.578801900148391724e-02 1.400673389434814453e-01 3.069340996444225311e-02 -8.334090560674667358e-02 8.420246094465255737e-02 1.860105805099010468e-02 -3.465072810649871826e-02 9.964656829833984375e-02 8.378829807043075562e-04 8.616950362920761108e-02 4.509755969047546387e-02 9.986690431833267212e-02 2.465770952403545380e-02 -1.012915745377540588e-01 -1.109098317101597786e-03 -1.546629667282104492e-01 -7.082116603851318359e-02 6.680309772491455078e-02 1.289945691823959351e-01 2.559054875746369362e-03 7.688444107770919800e-02 -1.435642782598733902e-02 1.977054029703140259e-02 -1.791642606258392334e-02 8.132684975862503052e-02 6.852824240922927856e-02 -2.744936617091298103e-03 4.334928467869758606e-02 -5.524268001317977905e-02 5.377258360385894775e-02 2.017851173877716064e-02 1.649210155010223389e-01 -9.339964017271995544e-03 1.222824677824974060e-02 -4.668573290109634399e-02 2.206875756382942200e-02 -4.950977861881256104e-02 -7.948675751686096191e-02 -4.936702176928520203e-02 -3.286449983716011047e-02 4.952365905046463013e-02 3.633017465472221375e-02 -1.038205698132514954e-01 -1.614585816860198975e-01 5.321874842047691345e-02 -5.739333480596542358e-02 -8.663671463727951050e-02 8.310533314943313599e-02 5.225950479507446289e-02 -1.317730844020843506e-01 2.698371186852455139e-02 2.348802424967288971e-02 3.431516140699386597e-02 -7.572032511234283447e-02 -5.985159426927566528e-02 4.923680331557989120e-03 3.537567704916000366e-02 -6.755350530147552490e-02 -4.536074027419090271e-02 6.776209175586700439e-02 7.440005242824554443e-02 6.660678237676620483e-02 6.911600381135940552e-02 2.228275872766971588e-02 5.543609708547592163e-02 1.493491325527429581e-02 1.199271678924560547e-01 -6.583242863416671753e-02 2.073094807565212250e-02
4.009641334414482117e-02 -7.183026522397994995e-02 2.639589086174964905e-02 9.049857407808303833e-02 -6.246805191040039062e-02 -1.016106680035591125e-01 -1.048230528831481934e-01 1.031462028622627258e-01 -2.492298744618892670e-02 -1.675403118133544922e-01 -8.470103144645690918e-02 -1.212480291724205017e-02 -1.063244417309761047e-01 1.620831340551376343e-02 -1.456301566213369370e-02 -1.387423276901245117e-01 4.455307871103286743e-02 1.372629702091217041e-01 -1.025308668613433838e-02 4.532581567764282227e-02 -1.084111630916595459e-02 -1.479420214891433716e-01 3.585371375083923340e-02 -9.317367523908615112e-02 6.315737217664718628e-02 9.047213010489940643e-03 3.800082951784133911e-03 -5.903414636850357056e-02 1.699428074061870575e-02 -1.442167460918426514e-01 4.636210575699806213e-02 -2.177055366337299347e-02 -8.823677897453308105e-02 1.302703619003295898e-01 4.293838143348693848e-02 6.851000338792800903e-02 1.702923476696014404e-01 -4.554171860218048096e-02 -1.076450794935226440e-01 2.995317056775093079e-02 -7.995984517037868500e-03 6.978294253349304199e-02 -6.179089844226837158e-02 -9.607394039630889893e-02 9.225465357303619385e-02 -2.050431445240974426e-02 -2.334635891020298004e-02 -1.006051599979400635e-01 -1.106842905282974243e-01 -1.160666272044181824e-01 -3.720343858003616333e-02 4.541864991188049316e-02 -3.944528102874755859e-02 9.464286267757415771e-02 -4.649216309189796448e-02 3.252128139138221741e-03 -1.143397390842437744e-01 -1.317495107650756836e-01 -1.239537522196769714e-01 -4.977805167436599731e-02 -8.983349800109863281e-02 -8.321756869554519653e-02 -5.483612045645713806e-02 7.280862331390380859e-02 1.390099059790372849e-02 -1.259184032678604126e-01 -7.447389513254165649e-02 5.306108295917510986e-02 -1.778722740709781647e-02 3.173306584358215332e-02 -1.311616040766239166e-02 9.610213339328765869e-02 1.484791282564401627e-02 -1.554428716190159321e-03 -6.427136715501546860e-03 -4.296194761991500854e-02 7.160551100969314575e-02 -4.508486017584800720e-02 -3.040990559384226799e-03 7.460520416498184204e-02 1.449246555566787720e-01 -1.380573306232690811e-02 1.778771728277206421e-02 -1.038186252117156982e-01 -1.376804802566766739e-02 1.073709353804588318e-01 -6.255486607551574707e-02 6.913585960865020752e-02 -4.377879202365875244e-02 -6.126510445028543472e-03 -2.160781808197498322e-02 -1.487700045108795166e-01 -4.278525710105895996e-02 -1.766937412321567535e-02 -2.663709968328475952e-02 -3.259031102061271667e-02 2.671619690954685211e-02 -1.107202172279357910e-01 1.340902149677276611e-01 -1.436355561017990112e-01
4.372098669409751892e-02 -7.223346829414367676e-02 7.716564834117889404e-02 -3.898239135742187500e-02 -6.402455270290374756e-02 -3.979014232754707336e-02 -4.998045042157173157e-03 2.119838446378707886e-02 -3.343932330608367920e-02 -3.000794351100921631e-02 -1.973905041813850403e-02 1.287332177162170410e-01 -9.682487696409225464e-02 -6.238866969943046570e-02 -4.658510908484458923e-02 -5.522743612527847290e-02 1.633764430880546570e-02 1.321695297956466675e-01 1.290259957313537598e-01 6.132558733224868774e-02 -4.764552786946296692e-02 -1.296225190162658691e-01 3.803991898894309998e-02 -1.199478060007095337e-01 5.864097923040390015e-02 4.535311087965965271e-02 1.042361482977867126e-01 1.475501433014869690e-02 -3.953279927372932434e-02 -2.850440330803394318e-02 1.084787920117378235e-01 -3.030897676944732666e-02 -1.166997700929641724e-01 -2.104721218347549438e-02 7.776957750320434570e-02 9.091771394014358521e-02 -4.939790815114974976e-02 2.392996475100517273e-02 4.649439826607704163e-02 -1.870083808898925781e-02 -7.097145915031433105e-02 3.813958913087844849e-02 -9.845870733261108398e-02 -6.790246069431304932e-02 1.643900275230407715e-01 3.628887981176376343e-02 3.256664797663688660e-02 -9.148935973644256592e-02 -7.658521831035614014e-02 -1.349143497645854950e-02 3.840144351124763489e-02 -3.217233344912528992e-02 4.730109125375747681e-02 7.321295887231826782e-02 1.083168908953666687e-01 6.586638838052749634e-02 -6.199823319911956787e-02 3.915061429142951965e-02 6.039620563387870789e-02 -1.071546785533428192e-02 -8.797428756952285767e-02 -8.600978553295135498e-02 -1.580196171998977661e-01 8.141168206930160522e-02 -3.398204594850540161e-02 1.266321260482072830e-02 -9.621763229370117188e-02 9.522217325866222382e-03 -6.651987880468368530e-02 -4.586917534470558167e-02 7.731903344392776489e-02 -5.874853581190109253e-03 5.763432383537292480e-02 -1.380769303068518639e-03 4.351427778601646423e-02 -1.053060740232467651e-01 -7.057769596576690674e-02 -4.058632999658584595e-02 -7.658039778470993042e-02 -1.572582311928272247e-02 1.026597917079925537e-01 8.322687447071075439e-02 4.154861345887184143e-02 2.925588376820087433e-02 5.602494627237319946e-02 1.306020468473434448e-01 1.755238324403762817e-02 3.316230699419975281e-02 6.294940412044525146e-02 5.363426357507705688e-02 6.212613731622695923e-02 1.501260697841644287e-02 -5.289320275187492371e-02 9.186893701553344727e-02 3.850770369172096252e-02 3.505618870258331299e-02 -4.937402158975601196e-02 -9.944691509008407593e-02 6.018825992941856384e-02 3.022212907671928406e-02
-2.161608822643756866e-02 8.330661803483963013e-02 -1.341733932495117188e-01 -9.573941677808761597e-02 -1.053092535585165024e-02 7.796180248260498047e-02 8.605570532381534576e-03 -5.955659970641136169e-02 1.375323086977005005e-01 1.345715373754501343e-01 5.071786046028137207e-02 -1.127942502498626709e-01 1.176935359835624695e-01 7.238142192363739014e-02 1.292544752359390259e-01 1.379497721791267395e-02 -5.251109227538108826e-02 -6.950595229864120483e-02 -8.091945201158523560e-02 -6.986549496650695801e-02 -7.868293323554098606e-05 -8.199842274188995361e-02 5.692678503692150116e-03 8.526733145117759705e-03 -3.281131759285926819e-02 6.438922137022018433e-02 5.606862530112266541e-02 1.501780003309249878e-01 8.491493761539459229e-03 -3.550007939338684082e-02 -2.339464146643877029e-03 -6.127773225307464600e-02 5.603530257940292358e-02 1.756069622933864594e-02 -4.360169172286987305e-02 4.946659132838249207e-02 -1.516983807086944580e-01 -1.133017241954803467e-01 8.351246267557144165e-02 -3.727072849869728088e-02 -1.978636346757411957e-02 1.114592254161834717e-01 1.046739816665649414e-01 1.546531766653060913e-01 -4.880215227603912354e-02 9.803910506889224052e-04 -1.002387478947639465e-01 -7.689725607633590698e-02 1.356770396232604980e-01 -1.860376633703708649e-02 -5.921956896781921387e-02 7.423542439937591553e-02 1.359238326549530029e-01 1.661516539752483368e-02 -6.190430000424385071e-02 -2.638549357652664185e-02 9.674360603094100952e-02 -5.197221413254737854e-02 6.683859229087829590e-02 7.958374917507171631e-03 9.936791658401489258e-02 7.904791086912155151e-02 5.719654634594917297e-02 -2.026115916669368744e-02 -1.136362832039594650e-02 -6.236210837960243225e-02 -8.871388435363769531e-02 -4.891612008213996887e-02 7.834860682487487793e-02 -3.615232929587364197e-02 -4.247236624360084534e-02 -2.014586143195629120e-02 5.350324325263500214e-03 3.270163387060165405e-02 4.164099693298339844e-02 -3.908757492899894714e-02 -8.804567903280258179e-02 -2.974555455148220062e-02 3.295230912044644356e-03 -9.137447178363800049e-02 -8.593555539846420288e-02 -7.110998034477233887e-02 3.197786957025527954e-02 1.175705119967460632e-01 1.276561431586742401e-02 -4.846458137035369873e-02 5.036883801221847534e-02 -5.992241948843002319e-02 6.444045901298522949e-02 -1.269097626209259033e-01 -9.159410744905471802e-02 -6.824542651884257793e-04 8.943460136651992798e-02 -7.473880797624588013e-02 -1.117600128054618835e-01 4.542398080229759216e-02 7.550570368766784668e-02 5.489327013492584229e-02 -4.829728603363037109e-02 3.788612037897109985e-02
-4.297868907451629639e-02 1.087879538536071777e-01 -4.687346145510673523e-02 2.612140728160738945e-03 4.638542234897613525e-02 -4.176802933216094971e-02 1.448479294776916504e-01 -6.384532153606414795e-02 -3.090064041316509247e-02 5.915224924683570862e-02 5.146317929029464722e-02 -1.449091732501983643e-01 -3.711869474500417709e-03 -1.986236684024333954e-02 -4.712358117103576660e-02 9.953829459846019745e-03 1.237029731273651123e-01 -2.639171294867992401e-02 4.986256733536720276e-02 -5.221903324127197266e-02 -1.085874363780021667e-01 5.211618915200233459e-02 -4.380633682012557983e-02 -2.579142712056636810e-02 -5.173445492982864380e-02 7.277544587850570679e-02 1.373357512056827545e-02 -1.778212189674377441e-02 -2.768254652619361877e-02 7.415366172790527344e-02 -3.035080060362815857e-02 2.115307562053203583e-02 -5.043431371450424194e-02 -9.451265633106231689e-02 -1.182391569018363953e-01 -9.297135472297668457e-02 1.403693575412034988e-02 5.010320618748664856e-02 1.344493925571441650e-01 -3.969357535243034363e-02 8.503144234418869019e-02 3.803093731403350830e-02 -1.982558891177177429e-02 9.257354587316513062e-02 -1.385595798492431641e-01 3.925205674022436142e-03 -5.025048181414604187e-02 -3.966203704476356506e-02 1.139960065484046936e-01 4.890905693173408508e-02 3.267867863178253174e-02 2.746426314115524292e-02 -4.305871576070785522e-02 -5.382210388779640198e-02 -1.652221083641052246e-01 -6.378844380378723145e-02 1.517177671194076538e-01 2.093146927654743195e-02 -1.272497791796922684e-02 -1.438109725713729858e-01 1.581992357969284058e-01 8.686842024326324463e-02 6.537301838397979736e-02 -9.672632068395614624e-02 4.008444666396826506e-04 -2.478845603764057159e-02 2.422048710286617279e-02 -6.411869823932647705e-02 -2.267419360578060150e-03 3.772382391616702080e-03 -2.553389221429824829e-02 -7.069253921508789062e-02 -5.153869092464447021e-02 -1.639068573713302612e-01 2.367532439529895782e-02 3.664580872282385826e-03 -1.274257451295852661e-01 2.686405926942825317e-02 -1.224658936262130737e-01 -7.489247620105743408e-02 -8.004067093133926392e-02 -1.421640366315841675e-01 -5.140402168035507202e-02 5.671298876404762268e-02 3.228216245770454407e-02 -1.665812432765960693e-01 3.495592996478080750e-02 -6.762535870075225830e-02 1.211690902709960938e-01 -5.303225293755531311e-02 -1.544221490621566772e-02 3.438543900847434998e-02 -5.525708943605422974e-02 1.806019805371761322e-02 -8.778316527605056763e-02 9.264584630727767944e-02 1.706492505036294460e-03 7.645314931869506836e-02 3.094637999311089516e-03 1.413403730839490891e-02
-5.568938329815864563e-03 -3.506090492010116577e-02 -5.613630637526512146e-03 -1.186453178524971008e-01 -7.221366744488477707e-03 -4.944819211959838867e-02 3.072949312627315521e-02 -2.385171595960855484e-03 3.408572450280189514e-02 -3.185773640871047974e-02 7.218771427869796753e-02 -4.328617081046104431e-02 -1.589619740843772888e-02 6.403281539678573608e-02 -5.331198126077651978e-02 1.294304523617029190e-02 5.516736581921577454e-02 -1.026100292801856995e-01 -1.188930869102478027e-01 -4.367373138666152954e-02 1.103345863521099091e-02 1.376047134399414062e-01 5.360965803265571594e-02 -1.029141712933778763e-03 1.482961792498826981e-02 2.863743901252746582e-02 2.860554493963718414e-02 1.513913180679082870e-02 -1.504369229078292847e-01 3.828341141343116760e-02 -1.620475798845291138e-01 -4.831303283572196960e-02 -7.053194567561149597e-03 4.251991584897041321e-02 8.784481137990951538e-02 4.723784804809838533e-04 -1.005114614963531494e-01 -1.354681104421615601e-01 -2.575711533427238464e-02 3.748839721083641052e-02 4.024404659867286682e-02 -3.274519741535186768e-02 8.244320005178451538e-02 -3.768138214945793152e-02 -3.839150443673133850e-02 -1.323824673891067505e-01 2.034005941823124886e-03 -2.700858190655708313e-02 1.197478845715522766e-01 -7.698933780193328857e-02 1.543458458036184311e-02 -1.633795723319053650e-02 5.647366493940353394e-02 -4.660844430327415466e-02 -7.614931091666221619e-03 1.052130982279777527e-01 -2.635352313518524170e-02 8.866655826568603516e-02 -5.512149631977081299e-02 -3.906956315040588379e-02 -5.603145807981491089e-03 5.187327042222023010e-02 1.702170819044113159e-01 -5.334460735321044922e-02 -1.035660505294799805e-02 -1.640662923455238342e-02 -5.710187906515784562e-05 -1.250628679990768433e-01 9.673194028437137604e-03 1.034510787576436996e-02 -8.078831434249877930e-02 -2.448572032153606415e-02 1.032229792326688766e-02 -7.626209408044815063e-02 -1.118482947349548340e-01 1.334991306066513062e-01 -2.117095515131950378e-02 9.282640367746353149e-02 8.278696238994598389e-02 -5.443165451288223267e-02 -3.753652051091194153e-02 -2.912341989576816559e-02 2.335038408637046814e-02 8.077394217252731323e-02 -1.352481171488761902e-02 -1.357239782810211182e-01 3.133451938629150391e-02 4.782136902213096619e-02 1.007625609636306763e-01 -1.958924531936645508e-02 -5.633449926972389221e-02 1.022786870598793030e-01 5.815455317497253418e-02 -7.035639882087707520e-02 3.739095479249954224e-02 3.638780489563941956e-02 -2.714842557907104492e-02 -4.558862186968326569e-03 8.411713689565658569e-02 3.130839020013809204e-02
-6.808575708419084549e-03 -2.458358369767665863e-02 1.514244526624679565e-01 -6.229616235941648483e-03 4.838247969746589661e-02 -4.884610418230295181e-03 -9.030400961637496948e-02 3.288189321756362915e-02 5.093579366803169250e-02 1.771936565637588501e-02 -6.845368444919586182e-02 9.196054935455322266e-02 -3.810315951704978943e-02 -5.312585085630416870e-02 -3.948153927922248840e-02 -9.220923483371734619e-02 5.692644417285919189e-02 -1.630490273237228394e-02 5.683971196413040161e-02 6.844434421509504318e-03 -2.810462005436420441e-02 -1.669210195541381836e-01 -4.952359572052955627e-02 -7.759077847003936768e-02 5.138059612363576889e-03 8.932542055845260620e-02 1.334422677755355835e-01 -3.586763516068458557e-02 -2.317472919821739197e-02 -4.649001732468605042e-02 3.489227965474128723e-02 -5.744719132781028748e-02 -5.729573220014572144e-02 4.291560500860214233e-03 2.842232026159763336e-02 6.923307478427886963e-02 7.470534741878509521e-02 3.615623340010643005e-02 -6.338981539011001587e-02 1.185539513826370239e-01 -4.685370996594429016e-02 -6.639329344034194946e-02 8.971659466624259949e-03 -1.090384721755981445e-01 -1.132313068956136703e-02 -3.811376914381980896e-02 3.726819157600402832e-02 1.874772459268569946e-02 -1.241257786750793457e-01 -2.317700162529945374e-02 -1.149411872029304504e-01 -1.615362241864204407e-03 -2.749986574053764343e-02 -7.843417674303054810e-02 -3.714579343795776367e-02 -6.576146185398101807e-02 -6.807650625705718994e-02 -1.261056214570999146e-01 -8.819416910409927368e-02 -3.836082667112350464e-02 -9.236966073513031006e-02 -2.007459104061126709e-02 -2.073269039392471313e-01 9.109450131654739380e-02 -1.757520250976085663e-02 1.736136525869369507e-02 7.209485862404108047e-03 2.705135382711887360e-03 -5.615667626261711121e-02 -4.038695618510246277e-02 2.291985601186752319e-02 -5.046557635068893433e-03 -5.319747608155012131e-03 9.364368766546249390e-02 -7.706064730882644653e-03 5.542453005909919739e-02 -1.633794629015028477e-03 -3.430451732128858566e-03 -3.124344861134886742e-03 -2.715252153575420380e-02 6.642717868089675903e-02 1.145958825945854187e-01 -3.593618795275688171e-02 -4.932974651455879211e-02 -7.333749532699584961e-02 8.129308000206947327e-03 8.690417557954788208e-02 8.968397229909896851e-02 -4.527766630053520203e-02 -4.996526986360549927e-02 1.361794024705886841e-02 -6.578320264816284180e-02 -8.036311715841293335e-03 -2.723431773483753204e-02 1.044706255197525024e-02 -2.891120873391628265e-02 4.283769056200981140e-03 -5.874949693679809570e-02 5.000216141343116760e-02 3.988131508231163025e-02
9.468800574541091919e-02 -1.218645833432674408e-02 -3.426511213183403015e-02 -2.355846203863620758e-02 1.011423394083976746e-02 1.025336794555187225e-02 1.426546275615692139e-01 4.544431716203689575e-02 6.025039404630661011e-02 2.906599454581737518e-02 5.564586725085973740e-03 7.660391181707382202e-02 5.160636454820632935e-02 2.334283478558063507e-02 1.101367548108100891e-01 -4.059962928295135498e-02 1.336154490709304810e-01 5.764176324009895325e-02 -4.781683534383773804e-02 -4.988384246826171875e-02 -6.735603511333465576e-02 4.743584617972373962e-02 -1.181681826710700989e-01 6.530389189720153809e-03 -9.987951070070266724e-02 -1.143571361899375916e-02 1.315283216536045074e-02 -1.879916340112686157e-02 -6.004740670323371887e-02 1.318824887275695801e-01 1.402377337217330933e-02 2.859093062579631805e-02 3.719889745116233826e-02 -9.937188774347305298e-02 2.905820962041616440e-03 4.195472598075866699e-02 -1.222877949476242065e-01 -7.476761192083358765e-02 4.509864002466201782e-02 -1.598286181688308716e-01 -3.081014752388000488e-02 8.781252801418304443e-02 -9.621919691562652588e-02 1.228052675724029541e-01 5.316917970776557922e-02 1.145957708358764648e-01 -1.546811163425445557e-01 8.709903806447982788e-03 1.084668189287185669e-01 1.134995222091674805e-01 1.327580809593200684e-01 1.297152228653430939e-02 1.018113046884536743e-01 4.434784501791000366e-02 -1.234575808048248291e-01 -5.092101916670799255e-02 2.691568247973918915e-02 5.955415591597557068e-02 1.668000370264053345e-01 -7.585310190916061401e-02 1.082704514265060425e-01 1.399935781955718994e-01 -7.921569980680942535e-03 6.181776523590087891e-02 -9.488537907600402832e-03 4.728471487760543823e-02 -7.791031152009963989e-02 -3.042125515639781952e-02 5.986664444208145142e-03 -1.346465945243835449e-01 3.684477414935827255e-03 8.134450018405914307e-02 3.247560188174247742e-02 -6.866531074047088623e-02 -1.211818531155586243e-01 -6.343121081590652466e-02 -2.588458359241485596e-03 1.996770873665809631e-02 1.350831706076860428e-02 -8.625886589288711548e-02 -1.176087185740470886e-01 -1.427488401532173157e-02 -2.903161570429801941e-02 5.593148246407508850e-02 7.320477068424224854e-02 2.217180468142032623e-02 1.194507554173469543e-01 5.585505440831184387e-02 -6.697800755500793457e-02 -9.810446202754974365e-02 -4.046694934368133545e-02 1.575027406215667725e-01 -2.215715311467647552e-02 -8.663058280944824219e-02 -1.084700003266334534e-01 7.774712145328521729e-02 -5.636752769351005554e-02 1.276929080486297607e-01 -8.779195696115493774e-02 -1.656388863921165466e-02
-6.792715191841125488e-02 -3.230958059430122375e-02 -4.868055507540702820e-02 -3.775155544281005859e-02 -6.125469226390123367e-03 1.410575211048126221e-01 -9.167632460594177246e-02 -3.683578595519065857e-02 -6.908365339040756226e-02 -9.536380320787429810e-02 4.627570509910583496e-02 1.540209203958511353e-01 -2.861357852816581726e-02 -8.038777112960815430e-02 6.860676407814025879e-02 -9.186383336782455444e-02 1.306678950786590576e-01 -3.812975436449050903e-02 1.113069802522659302e-01 1.093491017818450928e-01 1.158850789070129395e-01 -8.722970634698867798e-02 -5.233515426516532898e-02 1.928541623055934906e-02 6.304917484521865845e-02 -5.206924676895141602e-02 7.499156892299652100e-02 -1.119258720427751541e-02 8.730885386466979980e-02 -1.023871079087257385e-01 -1.394341699779033661e-02 1.604537107050418854e-02 -4.079436510801315308e-02 -5.388258025050163269e-02 6.941576302051544189e-02 1.085035651922225952e-01 7.690276019275188446e-03 -9.082519682124257088e-04 -5.832216516137123108e-02 1.331271082162857056e-01 -1.169080659747123718e-02 -6.090536341071128845e-02 -7.583096623420715332e-02 -7.329546660184860229e-02 1.399511247873306274e-01 1.353754401206970215e-01 7.436021417379379272e-02 -2.977441065013408661e-02 -9.331508539617061615e-03 -4.764595627784729004e-02 -1.109072193503379822e-01 -3.949409350752830505e-02 -1.504715997725725174e-02 7.584139704704284668e-02 2.286677062511444092e-02 -1.503993198275566101e-02 4.442419484257698059e-02 -6.592401862144470215e-02 -7.598893344402313232e-02 -1.078295521438121796e-02 -8.181390352547168732e-03 -6.097586825489997864e-02 -9.237220883369445801e-02 3.128336975350975990e-03 -2.433357946574687958e-02 1.649037702009081841e-03 2.423520013689994812e-02 6.350158154964447021e-02 -3.608779236674308777e-02 -1.270105503499507904e-02 1.111208274960517883e-02 -5.729389563202857971e-02 5.720739811658859253e-02 -3.364064544439315796e-02 1.197627112269401550e-01 6.828061491250991821e-02 -7.295727729797363281e-02 4.696309939026832581e-02 5.004619807004928589e-02 7.181898504495620728e-02 -3.805094957351684570e-02 -1.532159000635147095e-01 5.970659852027893066e-02 -8.300424367189407349e-02 -1.004087924957275391e-01 1.064089313149452209e-01 -5.297901108860969543e-02 1.123545467853546143e-01 -1.215491443872451782e-01 6.659808009862899780e-02 3.436395898461341858e-02 -3.480127453804016113e-02 5.327375978231430054e-02 6.107964739203453064e-02 -8.053741417825222015e-03 -1.978070288896560669e-02 -5.120890215039253235e-02 1.847557350993156433e-02 -1.423998177051544189e-01 4.948348179459571838e-02
5.717833526432514191e-03 1.217903941869735718e-02 -2.821092680096626282e-02 8.595807105302810669e-02 -1.153535321354866028e-01 1.912025734782218933e-02 -3.492896631360054016e-02 -1.914863288402557373e-02 4.155678302049636841e-02 2.814110927283763885e-02 1.874868944287300110e-02 -1.079658791422843933e-01 1.229518875479698181e-01 7.592783123254776001e-02 4.254556819796562195e-02 3.707746788859367371e-02 4.443412646651268005e-03 1.009942777454853058e-02 9.210164844989776611e-02 4.018150735646486282e-03 -3.881154581904411316e-02 -6.882987916469573975e-02 7.789670675992965698e-02 9.944587200880050659e-02 1.071521174162626266e-02 -4.305401816964149475e-02 5.645945202559232712e-03 -3.787287510931491852e-03 -7.840789109468460083e-02 4.532678797841072083e-02 8.203484117984771729e-02 4.709426686167716980e-02 -1.258445382118225098e-01 6.800696998834609985e-02 1.150490641593933105e-01 -7.484169304370880127e-02 1.239193044602870941e-02 4.011013358831405640e-02 -8.530218154191970825e-03 5.990450084209442139e-02 1.338463127613067627e-01 1.338037941604852676e-02 -2.300579100847244263e-02 -4.483616352081298828e-02 -7.112704962491989136e-02 -7.911166548728942871e-02 -3.258336335420608521e-02 2.172160334885120392e-02 -1.126381382346153259e-01 4.040825739502906799e-02 -3.606588579714298248e-03 -9.567288309335708618e-02 -9.817570447921752930e-02 -1.578357187099754810e-03 -3.248047083616256714e-02 -3.631079569458961487e-02 -1.058569550514221191e-01 -9.331008046865463257e-02 -8.165862411260604858e-02 6.439927220344543457e-02 -9.498503804206848145e-02 -1.321973800659179688e-01 -8.135718107223510742e-02 2.398440614342689514e-02 -1.819944009184837341e-02 1.581370271742343903e-02 -3.489040955901145935e-02 -7.691941410303115845e-02 5.986082553863525391e-02 6.807050853967666626e-02 1.414819210767745972e-01 -4.421915393322706223e-03 3.441534936428070068e-02 6.511627696454524994e-03 -2.649303339421749115e-02 -3.679588437080383301e-02 1.322657912969589233e-01 3.455524146556854248e-02 -1.279402524232864380e-01 -8.039620518684387207e-02 -1.129921618849039078e-02 7.106406986713409424e-02 1.268206983804702759e-01 2.981632389128208160e-02 3.503799438476562500e-02 1.557841002941131592e-01 -5.218708515167236328e-02 3.289299830794334412e-02 -8.454604540020227432e-04 1.236297637224197388e-01 1.787364669144153595e-02 -2.480886131525039673e-02 -1.017918214201927185e-01 -8.514028787612915039e-02 1.260786652565002441e-01 2.783381938934326172e-02 -9.102259576320648193e-02 -3.256733343005180359e-02 -1.626139879226684570e-02 -1.340603083372116089e-02
5.531362071633338928e-02 1.826148033142089844e-01 -4.280730336904525757e-02 -1.102640181779861450e-01 1.072412263602018356e-02 8.209767937660217285e-02 1.457820385694503784e-01 -1.070734709501266479e-01 -2.129931701347231865e-03 1.595141589641571045e-01 9.373953938484191895e-02 -1.680521517992019653e-01 1.520066894590854645e-02 1.374515444040298462e-01 1.517457365989685059e-01 1.109840273857116699e-01 1.290092319250106812e-01 1.060122810304164886e-02 -5.475576967000961304e-02 -2.933279611170291901e-02 -2.247508056461811066e-02 1.236931532621383667e-01 1.415986474603414536e-02 1.247047334909439087e-01 -1.611213572323322296e-02 3.748788312077522278e-02 -2.617287391331046820e-04 -2.108264900743961334e-02 2.902706339955329895e-02 9.985161572694778442e-02 -5.528444424271583557e-02 7.606673240661621094e-02 1.052509248256683350e-01 -1.216689944267272949e-01 1.198831293731927872e-02 -6.738979369401931763e-02 -1.186574548482894897e-01 -3.148536384105682373e-02 -2.569952979683876038e-02 -1.099632959812879562e-02 2.855178713798522949e-02 -8.036871440708637238e-03 8.419504761695861816e-02 3.758402541279792786e-02 -3.090084902942180634e-02 5.677291378378868103e-02 -1.377525329589843750e-01 3.876196965575218201e-02 -3.207004815340042114e-02 -2.991611324250698090e-02 -3.504741564393043518e-02 4.735695570707321167e-02 4.747823625802993774e-02 4.674461856484413147e-02 -1.103322673588991165e-02 5.558977648615837097e-02 7.494709640741348267e-02 3.794271126389503479e-02 2.444176562130451202e-02 -9.353042393922805786e-02 3.894777595996856689e-02 5.519033223390579224e-02 1.201379075646400452e-01 -6.747916340827941895e-02 -1.073311567306518555e-01 9.995575994253158569e-02 -2.972179092466831207e-03 -9.063879027962684631e-03 -5.216459184885025024e-02 -7.310262322425842285e-02 -1.229720711708068848e-01 4.093103483319282532e-02 1.072068139910697937e-01 -3.575458005070686340e-02 -7.708783447742462158e-02 3.153151273727416992e-02 -2.639122679829597473e-02 3.887900710105895996e-02 -2.454194240272045135e-02 3.931685164570808411e-02 -1.260264217853546143e-01 -8.957796962931752205e-04 -8.788286708295345306e-03 9.944482892751693726e-02 5.276488140225410461e-03 -6.975635141134262085e-02 -4.541097953915596008e-02 -6.808064132928848267e-02 7.337425649166107178e-02 -2.185083553194999695e-02 -6.042918935418128967e-02 -2.855438506230711937e-03 -9.986714273691177368e-02 9.495931863784790039e-02 -4.250518977642059326e-03 1.345548182725906372e-01 8.407034724950790405e-02 -1.501755136996507645e-02 -1.509332377463579178e-02 7.220219820737838745e-02
-8.868717402219772339e-02 2.096785977482795715e-02 1.753587089478969574e-02 -1.146495528519153595e-02 4.502585530281066895e-02 -7.214789837598800659e-02 1.659905016422271729e-01 -5.896427482366561890e-02 1.822186559438705444e-01 3.770301491022109985e-02 1.131949722766876221e-01 -1.144651994109153748e-01 1.121287234127521515e-02 1.368121206760406494e-01 9.328043460845947266e-02 5.615488812327384949e-02 1.118247210979461670e-01 9.863493964076042175e-03 -1.045735776424407959e-01 -2.155306749045848846e-02 -5.611570179462432861e-02 9.093064814805984497e-02 -8.355315774679183960e-02 8.715441823005676270e-02 8.198383264243602753e-03 -6.499880552291870117e-02 -8.543685078620910645e-03 1.270988583564758301e-01 -1.483545601367950439e-01 1.557617932558059692e-01 -1.588117182254791260e-01 1.001176685094833374e-01 1.073814034461975098e-01 -1.267503388226032257e-02 -1.103420704603195190e-01 2.706869877874851227e-02 -9.976587444543838501e-02 2.713847532868385315e-02 4.132609441876411438e-02 -1.681836671195924282e-03 1.482902746647596359e-02 -3.239311650395393372e-02 1.476604491472244263e-01 2.136146882548928261e-03 -7.909825444221496582e-02 4.396150633692741394e-02 -1.431336700916290283e-01 9.576772153377532959e-02 3.505571559071540833e-02 -5.362443998456001282e-02 1.741540431976318359e-02 4.542573355138301849e-03 1.194832697510719299e-01 2.159632928669452667e-02 -1.277102380990982056e-01 7.484389003366231918e-03 -2.856159955263137817e-02 1.484845858067274094e-02 -4.324418026953935623e-03 -3.117353096604347229e-02 8.014812320470809937e-02 -3.223141655325889587e-02 1.251054257154464722e-01 4.155454412102699280e-02 -5.707062315195798874e-03 1.178572326898574829e-01 1.316258013248443604e-01 -2.587790228426456451e-02 1.272766478359699249e-02 -6.879573315382003784e-02 -1.713971346616744995e-01 -5.130527913570404053e-02 -1.595341251231729984e-03 -3.208654746413230896e-02 -1.196740493178367615e-01 -4.669395834207534790e-02 -3.074039705097675323e-02 9.987361729145050049e-03 -1.329578906297683716e-01 -6.581290066242218018e-02 -1.092704907059669495e-01 -1.875890977680683136e-02 -1.638261368498206139e-03 9.454768151044845581e-02 1.203905045986175537e-01 -8.096509426832199097e-02 -4.940175637602806091e-02 -6.836625188589096069e-02 3.300007805228233337e-02 -1.165207624435424805e-01 -3.784993663430213928e-02 -3.236886486411094666e-02 1.746051572263240814e-02 -7.463758438825607300e-02 -1.069062650203704834e-01 4.909548535943031311e-02 -7.255222648382186890e-02 3.673913329839706421e-02 -2.746744640171527863e-02 1.063559670001268387e-03
-1.086267363280057907e-02 1.112115383148193359e-02 -5.888823885470628738e-03 3.602483496069908142e-02 7.277839630842208862e-02 -3.813616186380386353e-02 1.866535842418670654e-02 3.009282983839511871e-02 1.042324751615524292e-01 2.694680541753768921e-02 1.418877691030502319e-01 4.601862654089927673e-02 5.149216856807470322e-03 1.314291507005691528e-01 3.290789946913719177e-02 -3.926493227481842041e-03 2.474297210574150085e-02 -1.052555218338966370e-01 -1.382722556591033936e-01 3.716183081269264221e-02 1.104592308402061462e-01 -4.441710934042930603e-02 -8.705823868513107300e-02 -6.663887202739715576e-02 -1.726412475109100342e-01 5.105626955628395081e-02 -6.308639794588088989e-02 7.482904195785522461e-02 -8.959537744522094727e-02 -1.778304949402809143e-02 -8.883446455001831055e-02 -5.085120350122451782e-02 2.539161592721939087e-02 6.821189541369676590e-03 -6.669455021619796753e-02 6.285984814167022705e-02 3.340993821620941162e-02 6.926425267010927200e-03 7.713786512613296509e-02 -8.501188829541206360e-03 -3.629580512642860413e-02 4.132870957255363464e-02 -1.561032682657241821e-01 -5.645002052187919617e-02 -3.314699977636337280e-02 1.259350031614303589e-01 6.727015227079391479e-02 -1.789206266403198242e-02 1.043779924511909485e-01 5.087941884994506836e-02 5.408709868788719177e-02 4.588802903890609741e-02 1.355997771024703979e-01 1.671210862696170807e-02 -9.096027165651321411e-02 2.233397960662841797e-02 5.918302759528160095e-02 -9.591205045580863953e-03 -2.726538479328155518e-02 -9.781058877706527710e-02 1.058468520641326904e-01 1.449786871671676636e-01 -1.654188893735408783e-02 -1.320623159408569336e-01 -6.620739586651325226e-03 1.796056888997554779e-02 -2.264792099595069885e-02 -5.979650095105171204e-02 -3.127928078174591064e-02 -5.842057988047599792e-02 6.167129799723625183e-02 -1.304970309138298035e-02 1.437657177448272705e-01 -4.380299150943756104e-02 -3.775475919246673584e-02 -3.445959836244583130e-02 3.318408736959099770e-03 -7.118574529886245728e-02 6.508118659257888794e-02 1.020113006234169006e-01 -1.120527610182762146e-01 -1.245435476303100586e-01 -1.236833333969116211e-01 4.159686714410781860e-02 -6.562627106904983521e-02 1.019397899508476257e-01 4.850363358855247498e-02 4.434051737189292908e-02 9.538824670016765594e-03 -8.341617882251739502e-02 -2.841622196137905121e-02 6.578968465328216553e-02 9.103935211896896362e-02 -4.287488758563995361e-02 -5.803184956312179565e-02 1.565935909748077393e-01 1.177527159452438354e-01 -2.629916369915008545e-02 3.194922953844070435e-02 1.493196701630949974e-03
-7.965734601020812988e-02 -1.046578884124755859e-01 6.544663012027740479e-02 7.945980876684188843e-02 -9.676046669483184814e-02 -1.509887129068374634e-01 -1.212490573525428772e-01 2.571430616080760956e-02 6.416647881269454956e-02 -8.712042123079299927e-02 1.778891496360301971e-02 1.293690036982297897e-02 3.963368386030197144e-02 -4.106943681836128235e-02 -4.896835610270500183e-02 3.680847957730293274e-02 -1.327471286058425903e-01 3.190169855952262878e-02 4.385814443230628967e-02 1.558949500322341919e-01 -1.553066913038492203e-02 -5.780139192938804626e-02 -2.621281892061233521e-02 1.581608802080154419e-01 1.051370147615671158e-02 -9.289930760860443115e-02 1.278936862945556641e-01 -4.779793694615364075e-02 -5.664076190441846848e-03 1.201337054371833801e-01 3.547603636980056763e-02 1.481233686208724976e-01 -6.644406169652938843e-02 1.543699800968170166e-01 7.285734266042709351e-02 2.764180302619934082e-02 2.291443757712841034e-02 -1.495195627212524414e-01 -3.261859342455863953e-02 4.741699621081352234e-02 8.187028020620346069e-02 6.034170836210250854e-02 -6.519601214677095413e-03 -9.649959206581115723e-02 -7.675310224294662476e-02 -2.084723263978958130e-01 8.145323954522609711e-03 -1.194337476044893265e-02 -3.968393430113792419e-03 -4.731066059321165085e-03 3.889986872673034668e-02 -1.051326841115951538e-01 -1.370445191860198975e-01 -3.675259277224540710e-02 1.328177154064178467e-01 4.016390815377235413e-02 -5.062967538833618164e-02 -3.761423006653785706e-02 -1.047993227839469910e-01 6.182598695158958435e-02 -5.210556089878082275e-02 -6.168744340538978577e-02 2.216847613453865051e-02 1.324899196624755859e-01 -1.551479101181030273e-02 -4.816888272762298584e-02 7.989988476037979126e-02 1.854644902050495148e-02 8.116166293621063232e-02 1.454598009586334229e-01 -4.245130810886621475e-03 -6.030615046620368958e-02 1.225058175623416901e-02 -4.230746254324913025e-02 -8.398452773690223694e-03 3.506645560264587402e-02 5.294719338417053223e-02 -1.480522844940423965e-02 -7.279551774263381958e-02 -1.468353718519210815e-01 9.826391935348510742e-02 5.176250264048576355e-02 1.298577040433883667e-01 5.836771056056022644e-02 1.365037262439727783e-01 -6.402596831321716309e-02 -3.805170580744743347e-02 5.111647769808769226e-03 1.543076187372207642e-01 -3.482096642255783081e-02 2.608044818043708801e-02 -4.139266535639762878e-02 -9.819328784942626953e-02 -1.560842692852020264e-01 1.149287298321723938e-01 -6.120096426457166672e-03 -1.203629095107316971e-02 2.080370858311653137e-02 1.194424740970134735e-02 -4.710949957370758057e-02
3.838007524609565735e-02 5.824563279747962952e-02 1.128808632493019104e-01 -8.345605432987213135e-02 -5.518564209342002869e-02 -1.206585392355918884e-01 1.310173869132995605e-01 3.924153745174407959e-02 -3.597944974899291992e-02 1.201395019888877869e-01 1.286782044917345047e-02 -1.909936405718326569e-02 -1.882216148078441620e-02 -6.317179650068283081e-02 -1.361858397722244263e-01 2.496035769581794739e-02 -1.149595752358436584e-01 -6.118276715278625488e-02 -6.758610904216766357e-02 1.792796701192855835e-02 -1.132583320140838623e-01 9.163899719715118408e-02 -4.071635007858276367e-02 4.236048087477684021e-02 9.622478485107421875e-02 7.940262439660727978e-04 1.229737978428602219e-02 1.052112039178609848e-02 -8.786877989768981934e-02 1.244916021823883057e-01 -7.913374155759811401e-02 6.417315453290939331e-02 2.913273684680461884e-02 1.487849745899438858e-02 1.003731265664100647e-01 -5.403767526149749756e-02 -1.256750971078872681e-01 -1.138574779033660889e-01 -4.557023942470550537e-02 9.986575692892074585e-03 -2.585785090923309326e-02 5.333454161882400513e-02 1.808505132794380188e-02 6.750565767288208008e-02 -8.702185750007629395e-02 2.649661339819431305e-02 3.514818148687481880e-03 2.577539905905723572e-02 3.885145857930183411e-02 2.079126611351966858e-02 3.852117806673049927e-02 4.527616314589977264e-03 4.516792669892311096e-02 -5.934707075357437134e-02 -5.991478916257619858e-03 -6.371370702981948853e-02 4.819196090102195740e-02 -1.312153507024049759e-02 1.246742233633995056e-01 7.344518601894378662e-02 6.515172868967056274e-02 3.729916736483573914e-02 7.872585952281951904e-02 -1.919019967317581177e-02 3.883640840649604797e-02 8.363239467144012451e-02 4.857177659869194031e-02 2.825017459690570831e-02 2.829215023666620255e-03 -1.614590547978878021e-02 -4.840498790144920349e-02 -3.247058019042015076e-02 3.895434737205505371e-02 -6.744223088026046753e-02 -9.282024204730987549e-02 8.618508279323577881e-02 -3.274764865636825562e-02 -4.137197509407997131e-02 -5.876032263040542603e-02 -5.995848029851913452e-02 5.139009281992912292e-02 1.533051021397113800e-02 -5.444219801574945450e-03 1.889150217175483704e-02 1.156039163470268250e-01 -7.058926671743392944e-02 -1.388246417045593262e-01 -1.101953461766242981e-01 2.745648100972175598e-02 6.778006255626678467e-02 1.302781552076339722e-01 1.246059238910675049e-01 1.535291131585836411e-02 4.164427984505891800e-03 -3.595023229718208313e-02 2.265207096934318542e-02 4.655065014958381653e-02 -5.332693830132484436e-02 -2.991455048322677612e-02 7.799272984266281128e-02
-5.625064019113779068e-03 -1.308396160602569580e-01 -1.248294208198785782e-02 -2.877477183938026428e-02 -9.827338159084320068e-02 -4.035743325948715210e-02 -3.788280859589576721e-02 2.952813543379306793e-02 6.149716675281524658e-03 -8.138778060674667358e-02 -1.211963444948196411e-01 -5.313532426953315735e-02 1.077811270952224731e-01 -2.675975859165191650e-02 -1.551877260208129883e-01 -2.430334500968456268e-02 -6.804357748478651047e-03 4.083021730184555054e-02 2.134377695620059967e-02 -3.734200820326805115e-02 5.730393901467323303e-02 -4.369878768920898438e-02 4.932899028062820435e-03 1.003565937280654907e-01 -3.909934312105178833e-02 -6.746781524270772934e-03 3.395758569240570068e-02 -9.130848944187164307e-02 1.042682155966758728e-01 -1.274446398019790649e-02 4.682465270161628723e-02 7.844217866659164429e-02 4.632547963410615921e-03 8.832661062479019165e-02 3.948007151484489441e-02 3.558379039168357849e-02 1.650026440620422363e-01 1.401453837752342224e-02 -2.701217122375965118e-02 1.610370725393295288e-01 -3.278405219316482544e-02 7.314617186784744263e-02 -2.786229178309440613e-02 -1.217247694730758667e-01 4.312604293227195740e-02 -1.224720329046249390e-01 8.783528953790664673e-02 1.658599637448787689e-02 1.869617588818073273e-02 1.429209485650062561e-02 1.724724285304546356e-02 -8.003372699022293091e-02 -1.046260073781013489e-01 8.671852946281433105e-02 2.328170277178287506e-02 -1.660531572997570038e-02 -1.248156800866127014e-01 -1.467645168304443359e-01 -1.619394272565841675e-01 1.521756201982498169e-01 -6.330486387014389038e-02 -1.353149563074111938e-01 -6.130419299006462097e-02 4.930610582232475281e-02 5.957107618451118469e-02 -2.476502582430839539e-02 -2.150152437388896942e-02 -3.505912050604820251e-02 -1.117629231885075569e-03 1.236895844340324402e-01 1.082611009478569031e-01 2.058284357190132141e-02 4.633032530546188354e-02 -3.707716707140207291e-03 6.620178371667861938e-02 4.721628874540328979e-02 7.437328994274139404e-02 -2.144335024058818817e-02 3.224655985832214355e-02 -5.500715598464012146e-02 -5.677673034369945526e-03 3.955866768956184387e-02 -2.126101590692996979e-02 2.433576993644237518e-02 5.497146770358085632e-02 1.242701038718223572e-01 4.506283905357122421e-03 5.395672470331192017e-02 2.812855131924152374e-02 9.659139811992645264e-02 1.322731077671051025e-01 -6.815057992935180664e-02 7.792685925960540771e-02 3.578583896160125732e-02 9.610797464847564697e-02 -3.518661856651306152e-02 1.968648983165621758e-03 4.355397075414657593e-02 6.872514635324478149e-02 -5.801564455032348633e-02
5.335399508476257324e-02 -1.364654451608657837e-01 4.968986380845308304e-03 6.784108933061361313e-03 -1.396603696048259735e-02 1.468376517295837402e-01 2.341829799115657806e-02 -7.710641622543334961e-02 -4.711552709341049194e-02 -5.832351744174957275e-02 1.433179527521133423e-01 2.801411319524049759e-03 3.781436383724212646e-02 -8.522506058216094971e-02 -4.765377938747406006e-02 4.433141648769378662e-02 5.884195119142532349e-02 3.369427099823951721e-02 -5.167700350284576416e-02 6.470970064401626587e-02 9.703780710697174072e-02 3.039784915745258331e-02 -1.122675687074661255e-01 -3.941808640956878662e-02 3.871953114867210388e-02 -3.583103045821189880e-02 3.917029127478599548e-02 5.980664491653442383e-02 -3.230390697717666626e-02 1.841640472412109375e-02 2.756013162434101105e-02 -7.655342668294906616e-02 8.527087420225143433e-02 4.184668138623237610e-02 -9.947312995791435242e-03 -2.210689708590507507e-02 -7.332690991461277008e-03 8.453241735696792603e-02 -3.934226557612419128e-02 -2.530359290540218353e-02 -1.245699939318001270e-03 7.598055899143218994e-02 -6.396045535802841187e-02 -1.177185848355293274e-01 1.354542970657348633e-01 -7.553678005933761597e-04 -6.858254969120025635e-02 6.177338957786560059e-02 -7.666748017072677612e-02 8.752174675464630127e-02 2.491554943844676018e-03 -1.022167596966028214e-02 -4.901238903403282166e-02 -4.484276846051216125e-02 -4.951282590627670288e-02 2.434753812849521637e-02 5.474844574928283691e-02 -1.514068059623241425e-02 -6.428039819002151489e-02 -1.165187638252973557e-02 -3.331948444247245789e-02 5.706899613142013550e-02 1.982546225190162659e-02 -1.145748347043991089e-01 4.640168976038694382e-03 -1.086792070418596268e-02 -5.781220644712448120e-02 1.731563545763492584e-02 -5.168297141790390015e-02 -4.713198170065879822e-02 6.716495752334594727e-02 -1.230490859597921371e-02 7.566448301076889038e-02 -3.673576563596725464e-02 7.263218611478805542e-02 -4.029928147792816162e-02 5.792585387825965881e-02 -5.332798510789871216e-02 -1.494401367381215096e-03 5.964143946766853333e-02 4.954698379151523113e-04 -2.027840726077556610e-02 -1.239059716463088989e-01 -1.166676804423332214e-01 -1.104837507009506226e-01 4.655950888991355896e-02 -7.244992535561323166e-03 4.524816293269395828e-03 4.021706804633140564e-02 -5.875726346857845783e-04 -4.339427221566438675e-03 2.578619681298732758e-02 1.352853327989578247e-01 -2.816360443830490112e-02 1.701549254357814789e-02 -6.864958559162914753e-04 2.604134008288383484e-02 1.175749525427818298e-01 -1.219014003872871399e-01 -3.425284288823604584e-03
2.941629476845264435e-02 -1.209049001336097717e-01 1.472183689475059509e-02 4.073450341820716858e-02 -7.618501037359237671e-02 -3.025678731501102448e-02 -1.310998797416687012e-01 1.795161329209804535e-02 -7.998871058225631714e-02 -8.865079283714294434e-02 -3.182483837008476257e-02 4.442879930138587952e-02 5.961840599775314331e-02 -9.012644179165363312e-03 -1.618801653385162354e-01 -1.005046349018812180e-02 -1.067688763141632080e-01 7.482230663299560547e-02 -5.717101693153381348e-02 1.046771779656410217e-01 -2.486541401594877243e-03 -1.314594894647598267e-01 1.104126572608947754e-01 3.098110668361186981e-02 1.193198040127754211e-01 -4.830164834856987000e-02 1.322324275970458984e-01 -1.139245554804801941e-01 7.489977777004241943e-02 1.071486063301563263e-02 1.190769523382186890e-01 9.260756894946098328e-03 3.744703531265258789e-02 -2.352233044803142548e-02 1.284902244806289673e-01 -8.703518658876419067e-02 -2.359294332563877106e-02 -9.524544328451156616e-02 -2.844814211130142212e-02 4.929862916469573975e-02 -5.692141130566596985e-02 3.814044222235679626e-02 -9.192632138729095459e-02 2.403513761237263680e-03 1.559361219406127930e-01 -4.366151988506317139e-02 1.585274189710617065e-02 -7.445236202329397202e-03 -1.059838198125362396e-02 -1.421044319868087769e-01 -1.549651473760604858e-01 4.902751743793487549e-02 -1.424856334924697876e-01 -5.307646933943033218e-03 -6.849750410765409470e-03 4.343408718705177307e-02 -4.923453554511070251e-02 -2.168692648410797119e-02 -5.461297184228897095e-02 7.258758693933486938e-02 -5.918746441602706909e-02 -1.517935097217559814e-01 4.099078476428985596e-03 1.270758509635925293e-01 1.378584802150726318e-01 -9.068709611892700195e-02 -4.438501968979835510e-02 3.081920370459556580e-02 6.049838662147521973e-02 2.661061100661754608e-02 3.461097553372383118e-02 4.016098007559776306e-02 -3.909047693014144897e-02 4.191265255212783813e-02 1.335715055465698242e-01 -3.881812095642089844e-02 1.253749430179595947e-01 -3.448258712887763977e-02 6.558923423290252686e-02 -1.119891181588172913e-01 1.160571202635765076e-01 7.568854838609695435e-02 1.482040137052536011e-01 -1.249986737966537476e-01 -4.231571033596992493e-02 -1.819524355232715607e-02 6.774774938821792603e-02 7.302477955818176270e-02 4.196279868483543396e-02 5.065744742751121521e-02 5.363541096448898315e-02 -2.078881673514842987e-02 9.977258741855621338e-02 -9.665179997682571411e-03 8.313838392496109009e-02 -8.438204228878021240e-02 -5.624454468488693237e-02 -4.407161846756935120e-02 2.066997624933719635e-02 -8.815441280603408813e-03
