3.999561443924903870e-02 5.325742438435554504e-02 -2.919000014662742615e-02 1.544982008635997772e-02 -1.307731959968805313e-02 7.392289489507675171e-02 6.537036597728729248e-02 5.200958997011184692e-02 -1.845923811197280884e-02 2.255520224571228027e-02 4.596544802188873291e-02 -2.479036338627338409e-02 7.096658647060394287e-02 4.653338715434074402e-02 8.481535315513610840e-02 -3.218049183487892151e-02 2.618427388370037079e-02 1.536746695637702942e-02 1.008698940277099609e-01 9.024677798151969910e-03 7.046785950660705566e-02 -7.366591691970825195e-02 1.510337926447391510e-02 -7.506301999092102051e-02 -5.584936216473579407e-02 -1.504602730274200439e-01 3.384391590952873230e-02 -2.922896668314933777e-02 4.394454136490821838e-02 -1.313475817441940308e-01 7.705440372228622437e-02 2.548976428806781769e-02 -9.036725014448165894e-02 1.224727630615234375e-01 7.191645354032516479e-02 5.845887213945388794e-02 -1.150667294859886169e-01 2.786164917051792145e-02 -3.565177693963050842e-02 9.174251556396484375e-02 8.527982234954833984e-02 5.319637432694435120e-02 1.576550155878067017e-01 7.187864929437637329e-02 -6.691441684961318970e-02 6.836654245853424072e-02 -1.483495384454727173e-01 -1.072802301496267319e-02 -1.232424452900886536e-01 7.360142469406127930e-02 -1.070879981853067875e-03 2.285124734044075012e-02 -3.922716714441776276e-03 6.045373901724815369e-02 -6.679526716470718384e-02 -1.135016083717346191e-01 1.362934615463018417e-02 7.822079211473464966e-02 1.733693480491638184e-02 -7.500644028186798096e-02 8.026736974716186523e-02 2.180965803563594818e-02 -7.094424683600664139e-03 -5.890643224120140076e-02 -1.534670963883399963e-02 3.724927082657814026e-02 -9.705331176519393921e-02 -9.597425162792205811e-02 -8.073168247938156128e-02 1.426292699761688709e-03 2.948451787233352661e-02 1.094065383076667786e-01 -3.534847497940063477e-02 7.459159940481185913e-02 -6.132572516798973083e-02 3.637904673814773560e-02 8.241339027881622314e-02 8.989749103784561157e-02 -2.340591885149478912e-02 -3.721860796213150024e-02 1.163350716233253479e-01 2.586518414318561554e-02 -4.803757369518280029e-02 -6.940057128667831421e-02 -2.003547549247741699e-02 2.924143709242343903e-02 6.332080066204071045e-02 4.644549265503883362e-02 -9.922003746032714844e-02 -2.352742943912744522e-03 -1.927362568676471710e-02 7.107037585228681564e-03 -9.518811851739883423e-02 -7.267770171165466309e-02 -5.389234051108360291e-02 -9.044247120618820190e-02 3.711177781224250793e-02 5.758399888873100281e-02 4.560812562704086304e-02 -8.438698947429656982e-02
5.146071687340736389e-02 -1.849079132080078125e-02 4.086750000715255737e-02 -5.800021067261695862e-02 1.049534901976585388e-01 -7.610047608613967896e-02 1.650170981884002686e-02 1.061818674206733704e-01 1.029506623744964600e-01 6.983479112386703491e-02 -7.203347980976104736e-02 4.611657559871673584e-02 6.047469750046730042e-02 2.506865747272968292e-02 6.446769088506698608e-02 2.589463442564010620e-02 8.433055877685546875e-02 -7.812095433473587036e-02 -5.246361717581748962e-02 -5.742080509662628174e-03 -9.942702203989028931e-02 4.820622503757476807e-02 4.495717212557792664e-02 -2.844738960266113281e-02 2.426907233893871307e-02 2.607098221778869629e-02 1.233005151152610779e-02 6.348580121994018555e-02 -3.842075914144515991e-02 8.958572894334793091e-02 9.235149249434471130e-03 8.576712757349014282e-02 -1.506046112626791000e-02 -9.483699500560760498e-02 3.826632723212242126e-02 1.802230253815650940e-02 -8.706974238157272339e-02 -2.379705384373664856e-02 -2.084537781774997711e-02 -1.292734220623970032e-02 4.240866377949714661e-02 1.345120668411254883e-01 -1.531221866607666016e-01 7.729154825210571289e-02 -1.912011019885540009e-02 5.891108885407447815e-02 6.640522927045822144e-02 -2.367123588919639587e-02 6.127662211656570435e-02 7.513357792049646378e-03 -5.151523649692535400e-02 2.500409260392189026e-02 -6.872214376926422119e-02 4.819659143686294556e-02 -5.661064386367797852e-02 1.118147969245910645e-01 9.727845340967178345e-02 -2.696532011032104492e-02 1.677552051842212677e-02 -2.126348577439785004e-02 8.971307426691055298e-02 7.760487496852874756e-02 -3.952215984463691711e-02 -9.972440451383590698e-02 -3.955293446779251099e-02 4.499519988894462585e-02 -2.392456121742725372e-02 -8.758866786956787109e-02 -5.111643671989440918e-02 -8.201350271701812744e-02 6.381059437990188599e-02 1.204934343695640564e-01 -7.926016114652156830e-03 -3.942879661917686462e-02 -7.267937064170837402e-02 -9.378005564212799072e-02 -2.277142740786075592e-02 6.404648721218109131e-02 1.580976066179573536e-03 -2.304925769567489624e-02 -2.820272184908390045e-02 -6.737559288740158081e-02 -7.821217924356460571e-02 -9.716039896011352539e-02 3.780715167522430420e-02 -7.722921669483184814e-02 5.493478477001190186e-02 -3.952886909246444702e-02 3.488267585635185242e-02 -9.266199171543121338e-02 -1.091648563742637634e-01 -1.245448924601078033e-02 -5.909631401300430298e-02 -1.354159880429506302e-02 -9.369634091854095459e-02 -9.068878740072250366e-02 2.521251514554023743e-02 -3.460815921425819397e-02 3.846723958849906921e-02 1.370048969984054565e-01
-1.939023099839687347e-02 -5.608631297945976257e-02 5.895953252911567688e-02 -4.042127728462219238e-02 3.597174212336540222e-02 -8.554230444133281708e-03 7.215749472379684448e-02 -5.145119875669479370e-02 -3.905202075839042664e-02 8.719538152217864990e-02 2.388671413064002991e-02 5.303601548075675964e-02 8.251253515481948853e-03 -9.740614145994186401e-02 7.660523802042007446e-02 -5.690434202551841736e-02 1.851412095129489899e-02 -4.555677622556686401e-02 -3.390606120228767395e-02 -4.420499876141548157e-02 1.516325920820236206e-01 1.037894859910011292e-01 7.611714303493499756e-02 -3.850527852773666382e-02 7.352305948734283447e-02 -3.657183051109313965e-02 -2.668906562030315399e-02 -7.179248332977294922e-02 -7.675908505916595459e-02 -6.944618374109268188e-02 4.526810720562934875e-02 -7.411743281409144402e-04 8.822879195213317871e-02 3.197588957846164703e-03 -4.904954135417938232e-02 2.592267654836177826e-02 2.950053475797176361e-02 -1.366410986520349979e-03 9.157185442745685577e-03 -5.716580897569656372e-02 2.462431043386459351e-02 -1.336080282926559448e-01 -3.477582335472106934e-02 -6.650290638208389282e-02 6.394129991531372070e-02 -3.930130228400230408e-02 1.893242262303829193e-02 -1.915250904858112335e-02 4.604703933000564575e-02 1.477541029453277588e-02 -8.902137726545333862e-02 -5.567056126892566681e-03 -6.454168260097503662e-02 -3.916883841156959534e-02 2.649041824042797089e-02 9.465675801038742065e-02 -9.038630872964859009e-02 -1.234424859285354614e-01 -6.169608235359191895e-02 -2.885297127068042755e-02 4.157888889312744141e-02 -8.995915949344635010e-02 -4.619269073009490967e-02 4.882259666919708252e-02 -2.966124191880226135e-02 9.342691302299499512e-02 -5.553634464740753174e-02 4.528330266475677490e-02 -7.941359281539916992e-02 -3.686641901731491089e-02 -4.600659303832799196e-04 8.453357033431529999e-03 -3.232903778553009033e-02 4.558573942631483078e-03 3.956766799092292786e-03 -7.128173857927322388e-02 2.916889078915119171e-02 1.211927458643913269e-01 2.064135484397411346e-02 -6.341207027435302734e-02 3.492479154374450445e-04 4.483358934521675110e-02 8.740736544132232666e-02 7.843946106731891632e-03 -5.062819644808769226e-02 -5.354827269911766052e-02 4.149093478918075562e-02 1.437427010387182236e-03 7.748112827539443970e-02 7.355913519859313965e-02 6.638674437999725342e-02 -7.890108972787857056e-02 1.984384842216968536e-02 1.096936911344528198e-01 -1.016518101096153259e-01 1.693430822342634201e-03 -4.333668574690818787e-02 -4.908990859985351562e-02 7.900550216436386108e-02 -9.692758321762084961e-02
9.251979738473892212e-02 6.969534605741500854e-02 -2.126288972795009613e-02 -4.748495295643806458e-02 -9.994892776012420654e-02 -1.108714863657951355e-01 -7.783842831850051880e-02 5.089689046144485474e-02 -2.242864668369293213e-02 -6.170303001999855042e-02 3.328080475330352783e-02 7.497335970401763916e-02 1.528240740299224854e-02 -7.333396351896226406e-04 -5.389267578721046448e-02 -5.803349241614341736e-02 -7.481797784566879272e-02 1.691699475049972534e-01 2.899466082453727722e-02 1.988667622208595276e-02 -2.761250361800193787e-02 5.814986303448677063e-02 1.904429197311401367e-01 1.007392257452011108e-01 6.360909342765808105e-02 -1.302663534879684448e-01 1.711298525333404541e-02 1.854241266846656799e-02 -7.971967756748199463e-02 3.842762112617492676e-02 -7.929870486259460449e-02 -2.839316055178642273e-02 -6.660340726375579834e-02 -3.844246501103043556e-03 1.571501372382044792e-03 1.661183238029479980e-01 -7.535975426435470581e-02 -8.819404989480972290e-02 -5.132626742124557495e-02 -3.176589310169219971e-02 -6.346800923347473145e-02 6.691379845142364502e-02 1.039542164653539658e-02 3.827094286680221558e-02 -4.230877384543418884e-02 -2.194302529096603394e-02 1.564278081059455872e-02 -1.079685464501380920e-01 -8.175186067819595337e-02 -2.770573832094669342e-02 7.919403165578842163e-02 2.181015349924564362e-02 -8.990444988012313843e-02 4.303266480565071106e-02 -8.829014748334884644e-02 7.428779453039169312e-02 3.602848574519157410e-02 -2.784665860235691071e-02 -7.259493321180343628e-02 1.051668971776962280e-01 -1.545298006385564804e-02 2.431193180382251740e-02 2.710584783926606178e-03 7.722737640142440796e-02 8.538610488176345825e-02 -3.704667091369628906e-02 4.264272004365921021e-02 -4.646634217351675034e-03 -7.462236285209655762e-02 -3.277800604701042175e-02 -2.435561083257198334e-02 -3.357417136430740356e-02 -1.901104673743247986e-02 -5.558905005455017090e-02 -8.913289755582809448e-02 3.625729307532310486e-02 1.286777555942535400e-01 1.995773613452911377e-02 9.776266664266586304e-02 5.519965663552284241e-02 9.496372938156127930e-02 -1.026322841644287109e-01 2.006021887063980103e-02 8.501287549734115601e-02 -9.171155095100402832e-02 -7.163228839635848999e-02 -7.560002058744430542e-02 -3.079303726553916931e-02 1.205264851450920105e-01 5.646263435482978821e-02 -3.105442598462104797e-02 1.546840835362672806e-02 7.420329749584197998e-02 4.005609452724456787e-02 -7.463576644659042358e-02 5.266930535435676575e-02 7.032918184995651245e-02 1.307439524680376053e-02 -1.365322154015302658e-03 -9.161861240863800049e-02
6.337329000234603882e-02 7.944025844335556030e-02 -3.021777793765068054e-02 -3.106193616986274719e-02 8.959899842739105225e-02 -6.623210757970809937e-02 9.115418791770935059e-02 5.447781458497047424e-02 3.581520169973373413e-03 1.017902512103319168e-02 7.882779836654663086e-02 1.960641890764236450e-02 1.174016967415809631e-01 1.627858728170394897e-02 -4.174811765551567078e-02 2.487539499998092651e-02 -6.279897689819335938e-02 2.179415076971054077e-01 3.478153422474861145e-02 4.075689241290092468e-02 5.611249431967735291e-02 8.052991703152656555e-03 9.368377923965454102e-02 4.686099290847778320e-02 4.023988917469978333e-02 2.894168719649314880e-02 -1.130809858441352844e-01 -4.570921510457992554e-02 8.693720400333404541e-02 1.390266120433807373e-01 3.563044592738151550e-02 -2.810019999742507935e-02 -1.699570566415786743e-02 -7.015457749366760254e-02 -3.465022146701812744e-02 5.877085030078887939e-02 -2.314196154475212097e-02 -2.498961240053176880e-02 1.062158718705177307e-01 1.151979714632034302e-02 5.640254542231559753e-02 9.490811079740524292e-02 -1.487651746720075607e-02 -5.100381374359130859e-02 3.841960057616233826e-02 1.879298128187656403e-03 -7.488434761762619019e-02 -4.352740943431854248e-03 2.046955525875091553e-01 -2.352930977940559387e-02 -1.340014636516571045e-01 -3.814553841948509216e-02 9.902140498161315918e-02 1.162385866045951843e-01 -6.012053042650222778e-02 -8.436144888401031494e-02 1.137091740965843201e-01 1.410612277686595917e-02 -5.754699185490608215e-02 -7.622872292995452881e-02 -4.011061415076255798e-02 3.456924483180046082e-02 1.219385042786598206e-01 -4.192920774221420288e-02 -1.485280394554138184e-01 1.158865466713905334e-01 4.288601502776145935e-02 1.841296404600143433e-01 -6.680455803871154785e-02 -1.695282943546772003e-02 -8.504084497690200806e-02 3.525708988308906555e-02 1.313871238380670547e-02 1.076871063560247421e-02 -9.963206946849822998e-02 8.624658919870853424e-03 1.530468929558992386e-02 -1.181865297257900238e-02 -6.345497071743011475e-02 3.098987042903900146e-02 -2.121900208294391632e-03 -5.309232324361801147e-02 3.232660144567489624e-02 7.272270973771810532e-03 5.714166164398193359e-02 8.115992881357669830e-03 1.311324983835220337e-01 -4.942876845598220825e-02 -7.451784610748291016e-02 5.677824094891548157e-02 -2.999899908900260925e-02 8.907009847462177277e-03 8.295011520385742188e-02 -5.378280207514762878e-02 -1.057766675949096680e-01 8.086364716291427612e-02 2.344888448715209961e-02 2.409177599474787712e-03 -5.090286210179328918e-02 1.623569279909133911e-01
7.182495296001434326e-02 5.238758772611618042e-02 1.517282873392105103e-01 -2.335865423083305359e-02 -6.383279711008071899e-02 7.977221161127090454e-02 8.984405547380447388e-02 -6.234262511134147644e-02 3.794711455702781677e-02 -1.028920933604240417e-01 -1.066006720066070557e-01 4.663544707000255585e-03 -1.781756617128849030e-02 3.052598983049392700e-02 -5.570992454886436462e-02 6.384742259979248047e-02 5.910072848200798035e-02 2.579538337886333466e-02 -3.600811585783958435e-02 -3.835320472717285156e-02 -8.731164038181304932e-02 -9.342330694198608398e-02 1.179040968418121338e-01 -5.912167485803365707e-03 6.325707584619522095e-02 -1.046018209308385849e-02 -3.160472214221954346e-02 -1.173833385109901428e-02 9.868346154689788818e-02 9.914869815111160278e-02 -3.283163160085678101e-02 -9.736625850200653076e-02 3.457662463188171387e-02 1.780710555613040924e-02 -6.085424497723579407e-02 5.029267445206642151e-02 1.036796066910028458e-02 5.581479519605636597e-02 -2.053190954029560089e-02 -4.034230485558509827e-02 4.939386621117591858e-02 -2.616927027702331543e-02 -3.047886863350868225e-02 -5.282001569867134094e-02 -5.062432214617729187e-02 -2.067062258720397949e-02 9.689627587795257568e-02 -6.676555424928665161e-02 -7.095274329185485840e-02 -3.528524190187454224e-02 -5.451723933219909668e-02 6.719093769788742065e-02 1.500700861215591431e-01 6.437030434608459473e-02 4.300912842154502869e-02 3.574339300394058228e-02 8.937942236661911011e-02 -5.461414903402328491e-02 -1.108896061778068542e-01 -9.895041584968566895e-02 6.981279700994491577e-02 2.676597796380519867e-02 2.300453186035156250e-02 -4.100436344742774963e-03 7.598040252923965454e-02 -9.782078862190246582e-02 -4.798251762986183167e-02 9.311094880104064941e-02 -3.186565637588500977e-02 8.833926916122436523e-02 9.829086065292358398e-02 5.971035733819007874e-02 -4.459538683295249939e-02 8.356753736734390259e-02 3.300715610384941101e-02 -5.467022955417633057e-02 2.093767561018466949e-02 1.011087596416473389e-01 -8.215845562517642975e-03 7.668145000934600830e-02 -2.084071002900600433e-02 5.537214130163192749e-02 -9.626431763172149658e-02 1.005078852176666260e-01 -1.291991211473941803e-02 8.936475962400436401e-02 5.066316202282905579e-02 4.888503998517990112e-02 -5.254267714917659760e-03 -5.074199289083480835e-02 -5.278903618454933167e-02 -3.283249214291572571e-02 -6.428106874227523804e-02 3.153586760163307190e-02 4.326148703694343567e-02 -5.841797962784767151e-02 -6.362171471118927002e-02 -8.173152804374694824e-02 7.799614965915679932e-02 4.299722146242856979e-03
-4.557492956519126892e-02 -2.784514054656028748e-02 5.668875947594642639e-02 -8.686255663633346558e-02 3.644925728440284729e-02 4.210198298096656799e-02 -7.433945685625076294e-02 3.268174827098846436e-02 6.205316260457038879e-02 -2.471672371029853821e-02 -6.283479928970336914e-02 -5.581949278712272644e-02 -5.835419520735740662e-02 1.452000141143798828e-01 2.625248767435550690e-02 -4.001652356237173080e-03 -6.113035231828689575e-02 -5.917749926447868347e-02 -1.112496107816696167e-02 4.737079143524169922e-02 5.998764187097549438e-02 -9.276077896356582642e-02 8.443769067525863647e-02 -4.258772358298301697e-02 -2.150022424757480621e-02 7.514213025569915771e-02 -1.982457190752029419e-02 4.543089121580123901e-02 2.062083594501018524e-02 1.073065325617790222e-01 5.501172319054603577e-02 -3.374725580215454102e-02 -1.428739167749881744e-02 5.045941472053527832e-02 1.391656883060932159e-02 3.094613738358020782e-02 -2.820769511163234711e-02 3.729394450783729553e-02 -2.419298887252807617e-02 1.088867038488388062e-01 4.319690167903900146e-02 -9.722073376178741455e-02 -4.614096134901046753e-02 -5.582215636968612671e-02 -4.082721099257469177e-02 -5.896003916859626770e-02 8.135538548231124878e-02 -8.845129609107971191e-02 -6.956671178340911865e-02 -5.599501356482505798e-02 -7.587957382202148438e-02 5.150321871042251587e-02 2.502858266234397888e-02 -8.447211235761642456e-02 -1.607109233736991882e-02 -4.006455838680267334e-02 -1.081407535821199417e-02 -7.522536814212799072e-02 9.032922238111495972e-02 -6.808912754058837891e-02 8.040261454880237579e-03 6.794372200965881348e-02 9.872200340032577515e-02 1.557168643921613693e-02 1.597244478762149811e-02 -1.405077520757913589e-03 -3.993541933596134186e-03 -9.626640006899833679e-03 1.027490384876728058e-02 -4.183122888207435608e-02 -4.378278180956840515e-02 2.749263122677803040e-02 6.155755370855331421e-02 -2.385566011071205139e-02 4.307653754949569702e-02 3.479892760515213013e-02 -2.422236837446689606e-02 4.674066230654716492e-02 -7.085883617401123047e-02 -7.793026417493820190e-02 -6.243576109409332275e-02 -9.520685300230979919e-03 3.931959718465805054e-02 -6.910675764083862305e-02 6.051083654165267944e-02 -6.165589764714241028e-02 6.658435612916946411e-02 -7.966481894254684448e-02 -9.087775647640228271e-02 6.129013374447822571e-02 -9.241652488708496094e-02 7.685066014528274536e-02 6.445941329002380371e-02 -4.249880462884902954e-02 6.273711472749710083e-02 -5.779109522700309753e-02 -5.783900246024131775e-02 -1.371639780700206757e-02 -7.993842661380767822e-02 -1.440905407071113586e-02
-2.148187905550003052e-02 -3.604062274098396301e-02 2.840059809386730194e-02 -1.621798984706401825e-02 -3.499098494648933411e-02 -2.706534462049603462e-03 8.425334841012954712e-02 -5.319286137819290161e-03 1.454101037234067917e-02 -5.803842097520828247e-02 -6.726069003343582153e-02 3.873948380351066589e-02 -1.461551524698734283e-02 1.403058916330337524e-01 -1.354109495878219604e-03 3.465885063633322716e-03 6.947011500597000122e-02 1.494239829480648041e-02 -7.250282913446426392e-02 -1.368646621704101562e-01 -3.910679742693901062e-02 7.345081865787506104e-02 1.677331924438476562e-01 7.180967926979064941e-02 9.776038676500320435e-02 -1.430723667144775391e-01 -1.380022615194320679e-01 -9.505277872085571289e-02 -1.243217755109071732e-02 1.457390040159225464e-01 1.663513854146003723e-02 2.808347158133983612e-02 -9.568645805120468140e-02 1.678179763257503510e-02 -2.008622139692306519e-02 1.580000370740890503e-01 -1.203812733292579651e-01 2.162250690162181854e-02 8.744660019874572754e-02 -1.031122654676437378e-01 5.881574377417564392e-02 6.344510614871978760e-02 -6.345903384499251842e-04 -3.753729537129402161e-02 8.884603530168533325e-02 2.056567464023828506e-03 4.778883233666419983e-02 3.365353494882583618e-02 2.407245337963104248e-02 5.317592248320579529e-02 -2.807143703103065491e-02 4.733615368604660034e-02 9.315700829029083252e-02 1.107893139123916626e-02 -3.936465084552764893e-02 1.111338213086128235e-01 6.617606431245803833e-02 4.085782915353775024e-02 4.922325909137725830e-02 -8.495078235864639282e-02 -7.119592744857072830e-03 6.531264632940292358e-02 1.479288786649703979e-01 5.857653543353080750e-02 -8.146845549345016479e-02 -4.288715496659278870e-02 -2.577718533575534821e-02 1.227724477648735046e-01 3.129138424992561340e-02 1.044646054506301880e-01 -7.075254619121551514e-02 -4.176119342446327209e-02 8.551561087369918823e-02 2.022371999919414520e-02 -1.269904971122741699e-01 1.120838988572359085e-02 5.888545420020818710e-03 8.155544102191925049e-02 5.171611160039901733e-02 5.395779758691787720e-02 7.079248875379562378e-02 -6.824889220297336578e-03 9.782849997282028198e-02 1.439322531223297119e-01 -3.624710813164710999e-02 -8.119413256645202637e-02 -5.675686150789260864e-02 -6.006121635437011719e-02 -6.829520314931869507e-02 -6.333802640438079834e-02 -2.553134039044380188e-02 -3.342195879667997360e-03 -2.290707267820835114e-02 3.393892198801040649e-02 7.713931798934936523e-02 -2.878586389124393463e-02 -1.056783050298690796e-01 -5.875109881162643433e-02 5.896070227026939392e-02 1.478390246629714966e-01
-7.845778763294219971e-02 1.015688627958297729e-01 -4.292490333318710327e-02 -8.978907763957977295e-02 4.921191558241844177e-02 -1.043819007463753223e-03 -5.701031908392906189e-02 -1.103619188070297241e-01 6.459487229585647583e-02 7.061625272035598755e-02 -4.726398363709449768e-02 -1.299858242273330688e-01 1.166397556662559509e-01 5.688356980681419373e-02 1.378184184432029724e-02 -7.424673996865749359e-03 -6.096361204981803894e-02 -3.783831198234111071e-04 -1.990333199501037598e-03 4.403157159686088562e-02 8.079711347818374634e-02 -3.372440859675407410e-02 -8.047495037317276001e-02 -3.490836545825004578e-02 -7.477341592311859131e-02 1.340552866458892822e-01 1.330940797924995422e-02 9.138727188110351562e-02 -4.759778827428817749e-02 2.052319794893264771e-02 6.296981126070022583e-02 -2.407327853143215179e-02 9.854011982679367065e-02 -4.380552843213081360e-02 1.647288794629275799e-03 7.152812927961349487e-02 -5.660631135106086731e-02 7.267557829618453979e-02 1.086348146200180054e-01 1.686005480587482452e-02 9.183649718761444092e-02 -5.216518417000770569e-02 -1.619934737682342529e-01 5.638084560632705688e-02 2.520036883652210236e-03 -4.358597844839096069e-02 5.345211178064346313e-02 4.737500473856925964e-02 -6.409050524234771729e-02 6.759337848052382469e-04 -5.883289501070976257e-02 6.323661655187606812e-02 -4.643095657229423523e-02 -1.370048429816961288e-02 8.920271694660186768e-02 8.842200785875320435e-02 1.907400414347648621e-02 -6.324946135282516479e-02 7.010762393474578857e-02 5.649503320455551147e-02 -3.942970559000968933e-02 2.446741797029972076e-02 7.633700966835021973e-02 -8.335375040769577026e-02 3.262832760810852051e-02 -1.168223097920417786e-01 -3.234138712286949158e-02 -1.719398424029350281e-02 4.609324038028717041e-02 -3.942463919520378113e-02 -5.932409688830375671e-02 -1.476276814937591553e-01 -6.176766753196716309e-02 -1.122981775552034378e-02 7.835279405117034912e-02 -1.621333416551351547e-03 -1.177796907722949982e-02 3.776520863175392151e-02 -4.864204383920878172e-04 -4.089742526412010193e-02 -2.323844656348228455e-02 -4.553993046283721924e-02 5.788854137063026428e-02 6.340634822845458984e-02 -3.283869475126266479e-02 9.803643822669982910e-02 -9.173580259084701538e-02 6.858684122562408447e-02 1.050469651818275452e-01 1.204590573906898499e-01 -7.147476077079772949e-02 -3.252683579921722412e-02 -5.848539061844348907e-03 2.604685351252555847e-02 6.410377472639083862e-02 7.381077855825424194e-02 4.284581169486045837e-03 -2.357116667553782463e-03 2.320750616490840912e-02 1.000024471431970596e-02
6.208008527755737305e-02 -2.756087109446525574e-02 -7.052893936634063721e-02 -8.385449647903442383e-02 9.062224626541137695e-02 1.038046851754188538e-01 8.867493271827697754e-02 -1.147282496094703674e-02 -2.160650677978992462e-02 1.107934117317199707e-01 -5.823185294866561890e-02 8.048616349697113037e-02 8.209480345249176025e-02 6.183507665991783142e-02 -2.473171986639499664e-02 -7.277826219797134399e-02 1.951165124773979187e-02 -9.580973535776138306e-02 1.152494028210639954e-01 5.210795253515243530e-02 2.088448777794837952e-02 -9.211376309394836426e-02 1.987092569470405579e-02 -1.678807102143764496e-02 -6.042995490133762360e-03 6.342874467372894287e-02 -7.603836804628372192e-02 6.652814894914627075e-02 9.636156260967254639e-03 -1.620553247630596161e-02 -3.315604850649833679e-02 4.283925518393516541e-02 -1.013687923550605774e-01 6.630268692970275879e-02 -1.505961408838629723e-03 3.112941049039363861e-02 4.056042432785034180e-02 1.510667148977518082e-02 -2.054143324494361877e-02 -4.548568278551101685e-02 3.043619450181722641e-03 4.107051715254783630e-02 -3.626094013452529907e-02 -3.499443456530570984e-02 5.530583113431930542e-02 -1.050340291112661362e-02 -5.414689704775810242e-02 8.153974264860153198e-02 1.134773567318916321e-01 -1.614486798644065857e-02 -6.107623502612113953e-02 -7.184756547212600708e-02 -9.821514040231704712e-02 -6.379340309649705887e-03 9.480545669794082642e-02 -8.776937425136566162e-02 -9.503835439682006836e-02 -4.948914423584938049e-02 -8.636273443698883057e-03 -8.386404253542423248e-03 -2.531349100172519684e-02 -1.384975761175155640e-01 3.003888390958309174e-02 -3.606818616390228271e-02 -8.892886340618133545e-02 -5.770696699619293213e-02 2.297849766910076141e-02 -6.618168205022811890e-02 4.984670132398605347e-02 -5.420658737421035767e-02 4.062213748693466187e-02 -2.763588167726993561e-02 -9.696953743696212769e-02 -2.455291338264942169e-02 1.277741491794586182e-01 9.783010184764862061e-02 -2.980921790003776550e-02 -4.216261208057403564e-02 -3.843319788575172424e-02 -3.002297366037964821e-03 -7.348723709583282471e-02 -6.678978353738784790e-02 1.656335033476352692e-02 1.014293879270553589e-01 8.234575943788513541e-05 -8.409316651523113251e-03 -7.983159273862838745e-02 -1.964917406439781189e-02 3.318930277600884438e-03 -1.679888926446437836e-02 -1.147019118070602417e-01 -3.697200492024421692e-02 5.191727727651596069e-02 2.587076276540756226e-02 -5.382097512483596802e-02 -8.224994689226150513e-02 -3.261632844805717468e-02 5.910247936844825745e-02 -4.236894100904464722e-02 -9.070204943418502808e-02
5.348359793424606323e-02 -1.957170292735099792e-02 -3.568535298109054565e-02 -2.447859384119510651e-02 1.148165389895439148e-01 2.891725115478038788e-02 -3.864830732345581055e-02 -6.572964787483215332e-02 -4.914520680904388428e-02 -1.647331751883029938e-02 1.411381661891937256e-01 -1.089413240551948547e-01 1.979040727019309998e-02 1.247766241431236267e-01 -7.349732518196105957e-02 5.709637701511383057e-02 -3.954051434993743896e-02 -6.728335469961166382e-02 -5.106293037533760071e-02 1.013268083333969116e-01 -1.715179532766342163e-02 -3.009413741528987885e-02 -9.472594410181045532e-02 1.256789173930883408e-02 -9.447589516639709473e-02 -4.411792755126953125e-02 1.538317557424306870e-02 2.073395252227783203e-02 -2.210376597940921783e-02 -4.399068653583526611e-03 6.174129433929920197e-03 -9.017526358366012573e-02 3.957879543304443359e-02 -2.366541326045989990e-02 4.720336198806762695e-02 1.531900465488433838e-02 1.144241392612457275e-01 -1.105403527617454529e-01 3.439221903681755066e-02 1.294790804386138916e-01 -4.767397791147232056e-02 1.068480461835861206e-01 -8.164216578006744385e-02 2.335221320390701294e-02 -8.702369034290313721e-02 -8.294998109340667725e-02 -2.322790026664733887e-02 -5.757977813482284546e-02 1.441071368753910065e-02 -1.114804968237876892e-01 1.088188886642456055e-01 -8.339752256870269775e-02 1.243207976222038269e-01 -9.755127131938934326e-02 -4.896694794297218323e-02 -1.533392909914255142e-02 4.256777837872505188e-02 1.395836286246776581e-02 9.502794593572616577e-03 1.213033944368362427e-01 2.689651772379875183e-02 1.046981588006019592e-01 -1.049635037779808044e-01 8.032600581645965576e-02 -1.613661833107471466e-02 -3.579124808311462402e-02 -1.199645623564720154e-01 1.581745147705078125e-01 -1.042660623788833618e-01 2.590869739651679993e-02 -7.134845107793807983e-02 -4.954077675938606262e-02 -2.558669447898864746e-02 -6.532223522663116455e-02 3.285023570060729980e-02 -1.256358921527862549e-01 2.113455208018422127e-03 1.858359947800636292e-02 -5.249669402837753296e-02 -1.153125762939453125e-01 1.087687984108924866e-01 -1.572641730308532715e-02 -2.053573960438370705e-03 -4.609688371419906616e-02 3.950591385364532471e-02 -8.661425858736038208e-02 -5.582702159881591797e-02 5.067622661590576172e-02 -9.706221520900726318e-03 4.656299948692321777e-02 1.492059975862503052e-01 4.078058060258626938e-03 9.505445510149002075e-02 -6.876143068075180054e-02 8.380267024040222168e-02 4.496809467673301697e-02 -7.737208157777786255e-02 1.490468159317970276e-02 -3.321669250726699829e-02 -2.215941064059734344e-02
4.143196716904640198e-02 -3.552154079079627991e-02 -3.628783300518989563e-02 1.029300242662429810e-01 2.655680663883686066e-02 2.214138954877853394e-02 -9.497281163930892944e-02 -2.526750415563583374e-02 1.410778611898422241e-02 -1.370624899864196777e-01 1.440203785896301270e-01 -6.338180601596832275e-02 -3.929182142019271851e-02 -2.116534486413002014e-02 -7.183665782213211060e-02 -4.876499995589256287e-02 6.698344647884368896e-02 -4.760139156132936478e-03 -2.785740047693252563e-02 -3.460765630006790161e-02 5.056687071919441223e-02 -3.535449877381324768e-02 9.851271286606788635e-03 5.591427907347679138e-02 3.783306165132671595e-04 -1.123791188001632690e-01 1.070896685123443604e-01 7.410575449466705322e-02 -2.401258097961544991e-03 8.875700831413269043e-02 6.918744649738073349e-03 -2.492276020348072052e-02 -9.294456243515014648e-02 4.818096756935119629e-02 -4.844069108366966248e-02 -7.343396544456481934e-02 -1.832173578441143036e-02 6.177068129181861877e-02 -1.721497811377048492e-02 -7.408472150564193726e-02 -5.520886182785034180e-02 5.156720429658889771e-02 -5.931808613240718842e-03 8.861798048019409180e-02 -3.778987005352973938e-02 6.215301901102066040e-02 -1.146527454257011414e-01 7.275112718343734741e-02 2.480481937527656555e-02 1.258037239313125610e-02 6.857493892312049866e-03 9.276099503040313721e-02 6.320167332887649536e-02 -5.465307459235191345e-02 7.270245999097824097e-02 2.010654099285602570e-02 1.573469340801239014e-01 6.997246295213699341e-02 -2.043196000158786774e-02 -9.363113343715667725e-02 6.959161162376403809e-02 -2.374906092882156372e-02 1.801435835659503937e-02 -1.108669638633728027e-01 2.910861745476722717e-02 2.259265631437301636e-02 -3.268988057971000671e-02 5.108593776822090149e-02 -2.283535897731781006e-02 5.214923992753028870e-02 9.289526939392089844e-02 1.145171001553535461e-01 7.339192926883697510e-02 -9.081714786589145660e-03 -6.370384246110916138e-02 1.559795811772346497e-02 -7.836578786373138428e-02 -1.444610357284545898e-01 9.016768634319305420e-02 6.132743507623672485e-02 -3.618077933788299561e-02 1.649122498929500580e-02 -2.976576425135135651e-02 -3.213667124509811401e-02 -8.937159180641174316e-02 -5.114315077662467957e-02 2.948669530451297760e-02 6.619006395339965820e-02 -3.917831461876630783e-03 -1.064915806055068970e-01 -6.732290983200073242e-02 9.555032104253768921e-02 -4.919114336371421814e-02 -3.802646324038505554e-02 8.302985131740570068e-02 8.717015385627746582e-02 -4.063696786761283875e-02 9.523005783557891846e-02 -2.045310335233807564e-03 2.156734652817249298e-02
1.239162757992744446e-01 -4.085877537727355957e-02 4.934882745146751404e-02 2.629313804209232330e-02 4.473955836147069931e-03 -7.212318480014801025e-02 -2.424062043428421021e-02 -8.049844950437545776e-02 6.971608847379684448e-02 -4.670848697423934937e-02 -6.461262702941894531e-02 3.454215452075004578e-02 1.232649758458137512e-02 1.023928225040435791e-01 3.904892876744270325e-02 8.205655962228775024e-02 -9.794833511114120483e-02 6.806285679340362549e-02 -5.747375637292861938e-02 1.519859582185745239e-01 2.327146008610725403e-02 -8.298611640930175781e-02 7.308213412761688232e-02 4.992071539163589478e-02 -7.638224214315414429e-02 5.006001517176628113e-02 -1.040498353540897369e-02 -6.351771950721740723e-02 1.240199059247970581e-01 4.362046346068382263e-02 8.051054924726486206e-02 7.067372649908065796e-02 -4.226960591040551662e-04 1.293604820966720581e-01 2.248204499483108521e-02 -6.348092108964920044e-02 4.312746692448854446e-03 -8.595698326826095581e-02 -2.720730565488338470e-02 -9.168098866939544678e-02 7.975724339485168457e-02 7.920543104410171509e-02 -8.039729297161102295e-02 -6.453593820333480835e-02 4.441589862108230591e-02 4.973520711064338684e-02 -3.537526726722717285e-02 9.215617552399635315e-03 9.263062477111816406e-02 8.903671801090240479e-02 -1.482616811990737915e-01 -4.895577207207679749e-03 6.046237424015998840e-02 4.335271194577217102e-02 3.454184904694557190e-02 5.667196214199066162e-02 -1.804614253342151642e-02 -2.885876223444938660e-02 4.229991883039474487e-02 4.800013825297355652e-02 -1.675968058407306671e-02 -6.447303295135498047e-02 -3.488777205348014832e-02 -8.575754612684249878e-02 2.463150024414062500e-02 -8.863203227519989014e-02 2.185473032295703888e-02 4.268122091889381409e-02 -6.516008824110031128e-02 3.124088048934936523e-02 3.198502352461218834e-03 -8.938962966203689575e-02 -1.013354286551475525e-01 -4.176949709653854370e-02 1.564188860356807709e-02 -4.343596100807189941e-02 7.239646464586257935e-02 9.256287477910518646e-03 -4.233658313751220703e-02 1.134472861886024475e-01 1.032540053129196167e-01 2.340343967080116272e-02 -4.116812720894813538e-03 1.144682429730892181e-02 1.033055335283279419e-01 1.048282906413078308e-02 -4.004081338644027710e-02 -4.322130605578422546e-02 -3.911101073026657104e-02 8.947215974330902100e-02 -3.695020452141761780e-02 1.959145814180374146e-02 2.921271324157714844e-02 -3.893860802054405212e-02 9.053388983011245728e-02 2.002665027976036072e-02 -7.071173936128616333e-02 -5.380593985319137573e-02 1.150249410420656204e-02 -6.453345529735088348e-03
-3.089664131402969360e-02 7.820950448513031006e-02 -6.689637154340744019e-02 8.569693565368652344e-02 -5.026506260037422180e-02 -6.800800561904907227e-02 -5.922476202249526978e-02 5.002462863922119141e-02 -1.915749721229076385e-02 -7.099918276071548462e-02 -3.497410565614700317e-02 -1.138335391879081726e-01 4.296617954969406128e-02 1.115091145038604736e-01 1.675487495958805084e-02 1.362133584916591644e-02 -6.687387079000473022e-02 1.123145669698715210e-01 -6.454790383577346802e-02 -7.700296491384506226e-02 5.516945943236351013e-02 -5.648582801222801208e-02 4.038615897297859192e-02 4.695510119199752808e-02 -1.845786534249782562e-02 5.313385277986526489e-02 -8.325801230967044830e-03 4.745389893651008606e-02 -4.273588210344314575e-02 -1.402747072279453278e-02 6.669936329126358032e-02 6.983738392591476440e-02 -6.531427800655364990e-02 -8.968030661344528198e-02 6.995233148336410522e-02 2.473148331046104431e-02 -5.805684626102447510e-02 -5.636909231543540955e-02 -2.902411855757236481e-02 -6.788562983274459839e-02 -7.070329040288925171e-02 -3.469993919134140015e-02 -1.280584633350372314e-01 6.714819930493831635e-03 7.667543739080429077e-02 6.979424506425857544e-02 1.655115932226181030e-02 -3.575215861201286316e-02 2.395270392298698425e-02 -4.091144725680351257e-02 1.232258304953575134e-01 -7.343536242842674255e-03 1.512924283742904663e-01 9.637381881475448608e-02 2.263950649648904800e-03 5.872665718197822571e-02 3.139882348477840424e-03 -1.385599002242088318e-02 -7.102218270301818848e-02 7.023113965988159180e-02 -6.139566376805305481e-02 -1.029732599854469299e-01 -7.843656092882156372e-02 1.009079515933990479e-01 6.514498591423034668e-02 7.168808579444885254e-02 -5.214497819542884827e-02 -5.067446827888488770e-02 8.580044656991958618e-02 -8.618759363889694214e-02 -1.771469227969646454e-02 -7.538104057312011719e-02 -1.034716702997684479e-02 5.780667811632156372e-02 5.354798957705497742e-02 -3.060287237167358398e-02 1.132930349558591843e-02 1.096780300140380859e-01 -1.024959608912467957e-01 6.802809983491897583e-02 -3.182142972946166992e-02 -6.961739808320999146e-02 7.311704754829406738e-02 -9.675819426774978638e-03 9.167451411485671997e-02 1.703648827970027924e-02 4.778811335563659668e-02 -5.110421031713485718e-02 -6.505365669727325439e-02 -6.632261723279953003e-02 -8.131832629442214966e-02 1.799658313393592834e-02 8.486591279506683350e-02 -2.243145182728767395e-02 3.324430063366889954e-02 7.202616333961486816e-02 7.823690026998519897e-02 -2.766170352697372437e-02 -2.379657886922359467e-02 -8.352819085121154785e-02
9.698532521724700928e-02 -2.835718728601932526e-02 1.065817996859550476e-01 -2.614653669297695160e-02 2.831659652292728424e-02 -2.114823646843433380e-02 -1.031947806477546692e-01 6.778936833143234253e-02 -4.423293843865394592e-02 1.140753626823425293e-01 -1.033562198281288147e-01 2.346589863300323486e-01 -8.159545809030532837e-02 -1.468071639537811279e-01 6.468971818685531616e-02 -9.251558035612106323e-02 -4.737179353833198547e-02 -7.118233293294906616e-02 2.158701606094837189e-02 -8.125228434801101685e-02 -5.881585180759429932e-02 -2.308292873203754425e-02 1.080764923244714737e-03 -6.089260056614875793e-02 -9.437403082847595215e-02 -1.410392969846725464e-01 1.034027338027954102e-01 2.597469836473464966e-02 5.389485135674476624e-02 -1.477439850568771362e-01 -9.437379986047744751e-02 4.473796486854553223e-02 7.518254220485687256e-02 2.410846948623657227e-02 -1.512438505887985229e-01 7.252583652734756470e-02 -1.106002777814865112e-01 -6.715449690818786621e-02 -1.103826798498630524e-02 -1.083487421274185181e-01 -8.554022014141082764e-02 7.876957207918167114e-02 1.237812787294387817e-01 -5.891669541597366333e-02 4.883674159646034241e-02 -5.638962984085083008e-02 6.732332706451416016e-02 -1.425819657742977142e-02 -9.277733042836189270e-03 -8.970627188682556152e-02 -2.509439922869205475e-02 3.790158405900001526e-02 5.388087779283523560e-02 4.759033396840095520e-02 -5.843374133110046387e-02 -1.180276870727539062e-01 -9.616962634027004242e-03 -3.051061555743217468e-02 -1.989791356027126312e-02 -3.857744485139846802e-02 5.669486150145530701e-02 -6.548070907592773438e-02 4.793051257729530334e-02 3.043735027313232422e-02 -2.329155057668685913e-02 -3.507079090923070908e-03 -1.079744473099708557e-02 -1.310639232397079468e-01 -1.150988340377807617e-01 3.942046314477920532e-02 -8.601876348257064819e-02 1.635284721851348877e-02 -8.332610130310058594e-02 -8.125537075102329254e-03 -4.753201082348823547e-02 -5.993583053350448608e-02 3.730910597369074821e-03 -2.284250967204570770e-02 3.294222056865692139e-02 -9.186425060033798218e-02 4.222870618104934692e-02 -1.104324981570243835e-01 -5.220205336809158325e-02 3.055265173316001892e-02 -1.013048067688941956e-01 -4.406318441033363342e-02 7.647559791803359985e-02 1.380972284823656082e-02 -1.186631843447685242e-01 -1.381302177906036377e-01 -1.322797685861587524e-01 -2.871163748204708099e-02 -1.584342494606971741e-02 2.015874022617936134e-03 -3.099459223449230194e-02 -5.112341046333312988e-02 -9.574999660253524780e-02 3.726410120725631714e-02 2.467869035899639130e-02 -7.351019233465194702e-02
5.378433689475059509e-02 5.198974162340164185e-03 -5.719479173421859741e-02 1.786736398935317993e-02 -1.424055844545364380e-01 -6.364439427852630615e-02 1.750154234468936920e-02 -1.188116520643234253e-01 2.139730378985404968e-03 -2.545825205743312836e-02 1.194168850779533386e-01 1.127250585705041885e-02 7.780721038579940796e-02 -1.370142102241516113e-01 9.022953361272811890e-02 -2.922499366104602814e-02 6.907144188880920410e-02 -3.975697234272956848e-02 -6.788308918476104736e-02 1.773277297616004944e-02 9.881154634058475494e-03 1.157790515571832657e-02 -7.449885457754135132e-02 -1.549133192747831345e-02 6.572865694761276245e-02 2.116692624986171722e-02 3.024125285446643829e-02 8.854040503501892090e-02 -2.138702431693673134e-03 -1.243160367012023926e-01 -1.976828277111053467e-02 6.573177874088287354e-02 -3.738448396325111389e-02 5.479992553591728210e-02 -1.177992746233940125e-01 -3.208768321201205254e-03 -5.905516445636749268e-03 -5.902048945426940918e-02 1.776462607085704803e-02 -1.066767051815986633e-01 -1.029844582080841064e-01 1.370996050536632538e-02 -7.717708498239517212e-02 8.280628174543380737e-02 -1.183215528726577759e-01 -1.181556191295385361e-02 -3.444299846887588501e-02 4.322818294167518616e-02 -7.605800032615661621e-02 -6.702597439289093018e-02 2.623817324638366699e-02 -9.017357975244522095e-02 -1.029817909002304077e-01 -1.007211357355117798e-01 -9.390180557966232300e-02 -4.232104495167732239e-02 8.086202293634414673e-02 -1.182355508208274841e-01 3.158872574567794800e-02 -1.564583554863929749e-02 -2.713972236961126328e-03 6.302148103713989258e-02 -8.899576961994171143e-02 -8.069989271461963654e-03 5.695553123950958252e-02 -1.084450930356979370e-01 -1.186600700020790100e-01 -7.484460622072219849e-02 3.193988464772701263e-03 1.637081056833267212e-02 2.960527315735816956e-02 2.397428639233112335e-02 -4.407392442226409912e-02 -2.479314059019088745e-02 -1.071518361568450928e-01 -4.828927665948867798e-02 -3.684837371110916138e-02 -8.443394675850868225e-03 -5.568120256066322327e-02 8.135918527841567993e-03 -5.009260028600692749e-02 -1.146956607699394226e-01 -5.580605193972587585e-02 -9.042228013277053833e-02 6.803048402070999146e-02 6.414405256509780884e-02 8.146781474351882935e-02 -1.968819461762905121e-02 1.634471863508224487e-02 -1.406914461404085159e-02 5.973684042692184448e-02 4.336867108941078186e-02 1.004078611731529236e-01 -9.688265621662139893e-02 8.863733708858489990e-02 -4.216741025447845459e-02 1.073255985975265503e-01 6.449047476053237915e-02 -8.151696063578128815e-03 -4.663635045289993286e-04
-1.046147793531417847e-01 -1.303011644631624222e-02 -2.720441296696662903e-02 -9.500712156295776367e-02 8.507244288921356201e-02 -4.007192701101303101e-02 -3.533990308642387390e-02 1.009652242064476013e-01 8.720521628856658936e-02 -7.710961159318685532e-03 1.172604337334632874e-01 3.127052634954452515e-02 -2.611143700778484344e-02 4.915507510304450989e-03 1.562339812517166138e-02 5.370423942804336548e-02 8.079065382480621338e-02 -6.318613886833190918e-02 1.015292033553123474e-01 -9.286862611770629883e-02 -3.716884180903434753e-02 5.295107886195182800e-02 1.094381287693977356e-01 -1.462513115257024765e-02 -8.127815276384353638e-02 1.859939191490411758e-03 4.495631903409957886e-02 -2.226045168936252594e-02 7.100512087345123291e-02 -2.295845560729503632e-02 -3.652942553162574768e-02 -9.032903239130973816e-03 7.186949253082275391e-02 -8.671794831752777100e-02 1.105888336896896362e-01 3.896096721291542053e-02 -6.367563619278371334e-04 7.097644358873367310e-02 3.224107623100280762e-02 3.405457735061645508e-02 3.411780297756195068e-02 -5.285067111253738403e-02 4.721575602889060974e-02 -4.397794604301452637e-02 -3.377015516161918640e-02 -4.847766458988189697e-02 -2.167039737105369568e-02 5.111508816480636597e-02 -8.006832748651504517e-02 -6.229985505342483521e-02 -5.663864687085151672e-02 -1.568812504410743713e-02 5.097643658518791199e-02 4.429448023438453674e-02 1.138866916298866272e-01 -7.644722610712051392e-02 -4.180729761719703674e-02 -3.979045152664184570e-02 8.098794519901275635e-02 -4.422546923160552979e-02 1.298008486628532410e-03 -1.188602745532989502e-01 1.653760299086570740e-02 -8.399194478988647461e-02 9.386134892702102661e-02 -5.147257074713706970e-02 -2.966902777552604675e-02 2.330617047846317291e-02 1.002864614129066467e-01 7.585898786783218384e-02 -9.218888357281684875e-03 1.721284352242946625e-02 3.879809007048606873e-02 3.427437692880630493e-02 1.599583774805068970e-02 9.899491071701049805e-02 2.548702992498874664e-02 3.843693062663078308e-03 -8.898702263832092285e-02 1.148990690708160400e-01 -6.832641363143920898e-02 -4.907532408833503723e-02 9.287066012620925903e-02 -9.227505326271057129e-02 -7.495237886905670166e-02 3.382064029574394226e-02 -9.695056825876235962e-02 5.374244228005409241e-02 1.606349460780620575e-02 -1.250872202217578888e-02 -3.340490162372589111e-02 5.076189991086721420e-03 -9.225053340196609497e-02 -5.091551318764686584e-02 -6.163498386740684509e-02 -6.423559389077126980e-04 -1.004886031150817871e-01 6.731900572776794434e-02 4.480642825365066528e-02 6.796145439147949219e-02
4.705591499805450439e-02 -7.512805610895156860e-02 -5.948600172996520996e-02 3.822953253984451294e-02 7.391400635242462158e-02 1.954457908868789673e-02 -5.381298065185546875e-02 1.913382112979888916e-02 6.492012739181518555e-02 -5.172568187117576599e-02 -1.091726198792457581e-01 4.236720129847526550e-02 -1.689106784760951996e-02 -2.424089983105659485e-02 3.376309946179389954e-02 -7.519913464784622192e-02 -9.321574121713638306e-02 -1.921179145574569702e-02 6.172837316989898682e-02 1.171767041087150574e-01 6.104119122028350830e-02 -7.711122184991836548e-02 -3.991395980119705200e-02 -1.013448685407638550e-01 2.087932266294956207e-02 5.640352144837379456e-02 -3.975528478622436523e-02 -3.619051352143287659e-02 6.799015402793884277e-02 -8.433387428522109985e-02 -3.527339547872543335e-02 -1.289476901292800903e-01 -1.934123784303665161e-02 -6.994468718767166138e-02 1.550708315335214138e-03 -7.436200231313705444e-02 1.943572238087654114e-02 -2.345903776586055756e-02 4.439332056790590286e-03 6.474426388740539551e-02 2.558331377804279327e-02 4.795400053262710571e-02 -4.011017829179763794e-02 7.234630733728408813e-02 -5.038018897175788879e-02 7.698513567447662354e-02 -6.219533458352088928e-02 -2.333743683993816376e-02 6.402194499969482422e-02 -5.469371378421783447e-02 5.841995030641555786e-02 -4.510770086199045181e-03 1.083786189556121826e-01 3.436169400811195374e-02 -3.328967094421386719e-02 8.669957518577575684e-02 -6.318762898445129395e-02 3.077842760831117630e-03 7.131197489798069000e-03 -2.490382455289363861e-02 5.391238629817962646e-02 1.249426901340484619e-01 7.322911918163299561e-02 -5.128554999828338623e-02 -6.291266530752182007e-02 -9.333077818155288696e-02 8.233048953115940094e-03 6.935558281838893890e-03 1.232630014419555664e-01 -5.876362696290016174e-02 3.527241200208663940e-02 2.083259448409080505e-02 -1.235478557646274567e-02 -1.081759482622146606e-01 8.927129954099655151e-02 -3.381368890404701233e-02 5.962124466896057129e-02 -4.644264653325080872e-02 1.310289800167083740e-01 2.291168272495269775e-02 8.490198850631713867e-02 -8.410983532667160034e-02 -8.771440386772155762e-02 1.043709218502044678e-01 -8.541187644004821777e-02 -1.067894846200942993e-01 -4.062163829803466797e-02 5.100600421428680420e-02 -1.006827428936958313e-01 -9.107363224029541016e-02 -6.355787813663482666e-02 6.157040968537330627e-02 -8.164974302053451538e-02 -4.511546716094017029e-02 -2.003071270883083344e-02 -5.197193101048469543e-02 1.976317353546619415e-02 -8.278307318687438965e-02 7.017476111650466919e-02 -8.578387647867202759e-02
-1.036188378930091858e-01 6.141711026430130005e-02 -7.056719064712524414e-02 -5.024613812565803528e-02 7.179151475429534912e-02 8.901103585958480835e-02 7.329635322093963623e-02 -4.676532000303268433e-02 1.008806154131889343e-01 2.365820854902267456e-02 -1.691607385873794556e-01 -5.770072806626558304e-03 -1.382605079561471939e-02 1.015026941895484924e-01 1.235732808709144592e-02 8.724150061607360840e-02 -9.711857885122299194e-02 -6.897123157978057861e-02 6.767616420984268188e-02 -7.042014598846435547e-02 4.233009740710258484e-02 2.404563501477241516e-02 3.569073230028152466e-02 5.634822696447372437e-02 1.012502014636993408e-01 1.264784932136535645e-01 -4.960175231099128723e-02 -1.097124367952346802e-01 5.582473054528236389e-02 8.155072480440139771e-02 -4.043940082192420959e-02 -1.276319194585084915e-02 6.999628990888595581e-02 3.815969824790954590e-02 5.256436392664909363e-02 -3.937859460711479187e-02 -9.645246714353561401e-02 6.443010270595550537e-02 -9.406551718711853027e-03 -5.284668132662773132e-02 -1.347729843109846115e-02 -1.023986786603927612e-01 8.989768475294113159e-02 -3.325117751955986023e-02 8.729765564203262329e-02 4.324233159422874451e-02 -1.888654194772243500e-02 4.323817417025566101e-02 4.929092153906822205e-02 4.223940148949623108e-02 -8.792308717966079712e-02 -4.907933622598648071e-02 -7.439120858907699585e-02 7.704165577888488770e-02 1.062887087464332581e-01 5.155345052480697632e-02 1.291480213403701782e-01 1.244634464383125305e-01 6.732255220413208008e-02 3.145023435354232788e-02 -5.705574899911880493e-02 -2.040970884263515472e-02 4.288981109857559204e-02 9.505525231361389160e-02 -6.886574625968933105e-02 -8.296066522598266602e-02 -8.248704671859741211e-02 1.019465699791908264e-01 4.859963431954383850e-02 -2.711879462003707886e-02 -5.119640380144119263e-02 -6.647864729166030884e-02 -7.361021637916564941e-02 7.252711802721023560e-02 -6.369633227586746216e-02 -1.327342540025711060e-02 3.653373569250106812e-02 -2.150637656450271606e-02 1.607701927423477173e-02 1.263742893934249878e-01 3.604856505990028381e-02 1.164226010441780090e-01 9.615265578031539917e-02 -5.423127859830856323e-02 -2.371051348745822906e-02 -7.246737182140350342e-02 1.228794232010841370e-01 9.646455943584442139e-02 -3.851981088519096375e-02 4.366225004196166992e-02 -6.581487506628036499e-02 -4.648704081773757935e-02 2.734594419598579407e-02 1.102416031062602997e-02 1.004545912146568298e-01 -5.395850166678428650e-02 -3.547312319278717041e-02 2.187029272317886353e-02 6.547087430953979492e-02 5.653179064393043518e-02
6.187703832983970642e-02 3.471371904015541077e-02 -3.487382084131240845e-02 3.150624036788940430e-02 -4.085415974259376526e-03 7.859300822019577026e-02 8.564579486846923828e-02 -6.170333176851272583e-02 5.236638244241476059e-03 8.025906234979629517e-02 1.011379063129425049e-01 -6.277453899383544922e-02 3.355977684259414673e-02 8.010324835777282715e-02 -7.449784129858016968e-02 7.620779424905776978e-02 2.262888709083199501e-03 -8.434975892305374146e-02 -7.051797211170196533e-02 -2.893135696649551392e-02 4.864267259836196899e-02 -4.222695901989936829e-02 -9.569857269525527954e-02 -5.684506520628929138e-02 7.875343412160873413e-02 -4.577039927244186401e-02 6.313502788543701172e-03 -1.885718293488025665e-02 -3.793809562921524048e-02 5.041347444057464600e-02 2.806655503809452057e-02 -4.328323900699615479e-02 -1.022644191980361938e-01 -1.236265823245048523e-01 4.031605646014213562e-02 -1.020823791623115540e-01 9.016563743352890015e-02 1.495236810296773911e-02 7.352959364652633667e-02 3.341123089194297791e-02 -1.742478273808956146e-02 2.004415728151798248e-02 -4.495602566748857498e-03 -5.666503310203552246e-02 1.553730200976133347e-02 -9.185756742954254150e-02 -3.398395329713821411e-02 -7.081808149814605713e-02 1.071850303560495377e-02 -2.585392072796821594e-02 -6.161012686789035797e-03 8.942087297327816486e-04 -6.661014258861541748e-02 9.084975719451904297e-02 5.907697230577468872e-02 -7.350911945104598999e-02 -3.163439780473709106e-02 -2.972921170294284821e-02 8.297553285956382751e-03 -1.241961773484945297e-02 -7.458186894655227661e-02 2.516424283385276794e-02 -1.062060147523880005e-01 5.560459941625595093e-02 8.547603338956832886e-02 4.794936999678611755e-02 -3.315843641757965088e-02 6.916728615760803223e-02 -4.133063927292823792e-02 -5.222541466355323792e-02 6.542485207319259644e-02 -3.598609939217567444e-02 -2.333048917353153229e-02 -9.969208389520645142e-02 -6.586843664990738034e-05 -5.730119533836841583e-03 9.368394315242767334e-02 -8.170355111360549927e-02 -2.643011510372161865e-03 6.117361411452293396e-02 -9.728784859180450439e-02 -8.781743794679641724e-02 -1.673121377825737000e-02 1.337475236505270004e-02 -9.472884982824325562e-02 -6.107783992774784565e-04 -2.868932671844959259e-02 -1.194357592612504959e-02 7.158963382244110107e-02 -8.269543200731277466e-02 1.138368993997573853e-01 9.525993466377258301e-02 7.508761435747146606e-02 -4.650973901152610779e-02 -7.263019680976867676e-02 -5.909188091754913330e-02 -2.444179542362689972e-02 -5.744941905140876770e-02 2.687069401144981384e-02 9.778102487325668335e-02
-9.854104369878768921e-02 6.390696763992309570e-02 1.137943267822265625e-01 -4.978114366531372070e-02 -2.477158978581428528e-02 -9.880966693162918091e-02 -9.782987087965011597e-02 -2.070510201156139374e-02 4.240465909242630005e-02 6.055594608187675476e-02 -8.135495334863662720e-02 2.704525366425514221e-02 6.393614411354064941e-02 -8.451233059167861938e-02 1.640811935067176819e-02 6.832180544734001160e-03 -4.359870031476020813e-02 -6.275114417076110840e-02 -8.162548393011093140e-02 -1.303908228874206543e-02 8.478587120771408081e-02 7.159504573792219162e-03 -4.908949602395296097e-03 2.431036531925201416e-02 3.981029987335205078e-02 -7.252480834722518921e-02 -7.432167977094650269e-02 6.223040819168090820e-02 -1.873854920268058777e-02 5.592126026749610901e-02 4.664137586951255798e-02 6.517366319894790649e-02 8.099338412284851074e-02 -7.500942796468734741e-02 -3.223515301942825317e-02 9.669746272265911102e-03 7.435394078493118286e-02 -9.525775164365768433e-02 8.956844359636306763e-02 1.820121705532073975e-02 -9.758424013853073120e-03 4.589858651161193848e-02 -1.259415131062269211e-02 -4.475707560777664185e-02 -5.833297222852706909e-02 3.794746845960617065e-02 6.179808452725410461e-02 4.900081083178520203e-02 -1.310338731855154037e-02 -8.277703076601028442e-02 5.396278202533721924e-02 -6.927301734685897827e-02 3.296430222690105438e-03 3.721990063786506653e-02 -8.496229350566864014e-02 -6.266959011554718018e-02 -4.620016366243362427e-02 -4.741392657160758972e-02 4.512535408139228821e-02 8.203737437725067139e-02 3.936202451586723328e-02 6.698254495859146118e-02 -4.459093138575553894e-02 -4.511698335409164429e-02 -7.366457022726535797e-03 -6.410705298185348511e-02 -3.777787089347839355e-02 7.320930063724517822e-02 -8.223539590835571289e-02 2.321405336260795593e-03 -8.414379507303237915e-02 3.851182386279106140e-02 1.348272804170846939e-02 -4.403455555438995361e-02 -1.267752703279256821e-02 -8.057663589715957642e-02 -4.730356484651565552e-02 -3.421405330300331116e-02 -1.090295538306236267e-01 2.852719277143478394e-02 -8.086942136287689209e-02 5.030677467584609985e-02 -8.429273217916488647e-02 -5.508078262209892273e-02 4.295738413929939270e-02 2.985362522304058075e-02 3.413395956158638000e-02 3.017991082742810249e-03 7.101530581712722778e-02 7.229162752628326416e-02 3.611054271459579468e-02 -2.387853106483817101e-03 -8.954316377639770508e-02 9.660490602254867554e-02 -7.997527718544006348e-02 9.736295044422149658e-02 8.631810545921325684e-02 8.612734824419021606e-02 -3.099550120532512665e-02 4.551528394222259521e-02
2.740346267819404602e-02 -7.108868658542633057e-02 5.729515105485916138e-02 -6.195147335529327393e-02 -6.214198097586631775e-02 2.837662026286125183e-02 5.303530022501945496e-02 -2.369634062051773071e-02 3.263015300035476685e-02 -9.262210875749588013e-02 -1.225533410906791687e-01 1.238729222677648067e-03 -6.895258091390132904e-03 -1.259818766266107559e-02 7.290598005056381226e-02 -9.093091636896133423e-02 9.442460536956787109e-02 -1.978385448455810547e-02 1.258006840944290161e-01 -8.632547408342361450e-02 1.500045508146286011e-02 -7.126999646425247192e-02 2.089089155197143555e-02 -2.972672693431377411e-02 9.484956413507461548e-02 2.070701913908123970e-03 1.283883489668369293e-02 -8.119979500770568848e-02 -1.258158683776855469e-01 -6.571605801582336426e-02 9.347206912934780121e-03 -6.207038089632987976e-02 -2.431450970470905304e-02 -6.173053011298179626e-02 3.962068632245063782e-02 1.087628863751888275e-02 -8.513834327459335327e-02 2.177428454160690308e-02 9.193760156631469727e-02 -1.155500710010528564e-01 -5.322519689798355103e-02 9.655009210109710693e-02 3.409892320632934570e-02 -9.572985023260116577e-02 2.264606952667236328e-02 -3.443445777520537376e-03 7.058781385421752930e-02 7.604444981552660465e-04 8.358491212129592896e-02 -9.150719642639160156e-02 6.249855458736419678e-02 -7.973267883062362671e-02 4.900655243545770645e-03 1.247833855450153351e-02 9.946896880865097046e-02 -1.023417487740516663e-01 -4.276808351278305054e-02 1.480900049209594727e-01 -5.423599481582641602e-02 1.593205146491527557e-02 9.738187491893768311e-02 -1.749870181083679199e-02 5.337441340088844299e-02 9.593550115823745728e-02 1.235671341419219971e-01 -9.651844203472137451e-02 3.481515869498252869e-02 5.908120423555374146e-02 -7.542853057384490967e-02 4.564316943287849426e-02 8.115859702229499817e-03 -8.166204392910003662e-02 -6.165601313114166260e-02 -1.911366730928421021e-02 7.445359975099563599e-02 -7.292994856834411621e-02 -3.504972159862518311e-02 -9.693267196416854858e-02 -8.106169849634170532e-02 2.445650100708007812e-02 4.650471359491348267e-02 -2.732032909989356995e-02 -5.440894141793251038e-02 -3.913172334432601929e-02 7.994145900011062622e-02 -9.429060667753219604e-02 5.705740302801132202e-02 4.539345949888229370e-02 8.889925479888916016e-02 -2.924941107630729675e-02 -9.677593596279621124e-03 -8.624807000160217285e-02 4.296988993883132935e-02 -6.452205777168273926e-02 9.061136096715927124e-02 -7.985263317823410034e-02 3.054864332079887390e-02 -3.588857501745223999e-02 -4.673521965742111206e-02 -2.165193855762481689e-02
-6.346938014030456543e-02 8.777248859405517578e-02 9.704168140888214111e-02 1.692713648080825806e-01 -8.583314716815948486e-03 -2.321688691154122353e-03 -1.684974320232868195e-02 1.818084120750427246e-01 4.040298983454704285e-02 4.400237463414669037e-03 -1.036497280001640320e-01 2.228675782680511475e-01 3.691937029361724854e-02 2.190144658088684082e-01 1.416546553373336792e-01 -2.120497263967990875e-02 6.591491866856813431e-03 -1.067985072731971741e-01 2.644473873078823090e-02 -8.622957766056060791e-02 9.621126949787139893e-02 1.421309355646371841e-02 1.912200301885604858e-01 6.413611024618148804e-02 1.177386268973350525e-01 4.668368771672248840e-02 -1.858676970005035400e-01 -1.018460243940353394e-01 -6.369742006063461304e-02 -3.798180446028709412e-02 -8.688168227672576904e-02 1.041104272007942200e-01 -7.329902052879333496e-02 6.677887588739395142e-02 3.011823818087577820e-02 -6.880772765725851059e-03 -3.764871507883071899e-02 2.076667733490467072e-02 3.916159644722938538e-02 6.168982014060020447e-03 -1.423792168498039246e-02 6.052463874220848083e-02 -1.516023129224777222e-01 -7.862029969692230225e-02 -2.541368640959262848e-02 -1.313600409775972366e-02 2.061980813741683960e-01 -5.017967522144317627e-02 -9.564334526658058167e-03 3.766882047057151794e-02 2.798307687044143677e-02 4.263841360807418823e-02 9.498129785060882568e-02 -4.492662101984024048e-02 1.256090402603149414e-01 4.496648907661437988e-02 -1.140025407075881958e-01 -1.167942807078361511e-01 -4.701773449778556824e-02 1.700691729784011841e-01 -2.705274708569049835e-02 -3.607499226927757263e-02 4.655662551522254944e-02 1.223777532577514648e-01 2.574623003602027893e-02 -7.701504230499267578e-02 2.007855661213397980e-02 -9.056872129440307617e-02 -5.317222326993942261e-02 -8.201978355646133423e-02 4.079404100775718689e-02 -1.525149960070848465e-02 -9.283300489187240601e-02 9.708483703434467316e-04 1.058056727051734924e-01 9.737810492515563965e-02 7.486359030008316040e-02 1.686522215604782104e-01 -3.293687477707862854e-02 4.935043677687644958e-02 -1.427852362394332886e-01 -2.121171355247497559e-02 5.680400878190994263e-02 6.168642640113830566e-02 -6.876848638057708740e-02 -5.583626683801412582e-03 -1.425202190876007080e-01 -9.748121351003646851e-02 -5.127763003110885620e-02 5.031024292111396790e-02 -1.669632643461227417e-01 7.396618276834487915e-02 4.547082260251045227e-02 3.644697740674018860e-02 6.853602081537246704e-02 8.672367036342620850e-02 9.433302097022533417e-03 1.138839051127433777e-01 1.589124202728271484e-01 -1.075192391872406006e-01
6.745676696300506592e-02 4.409460350871086121e-02 -2.356334403157234192e-02 1.651431173086166382e-01 -1.098435148596763611e-01 -1.035468205809593201e-01 1.038380488753318787e-01 -7.469067722558975220e-02 4.514918103814125061e-02 -1.326491087675094604e-01 -8.717940747737884521e-02 -4.853973537683486938e-02 -8.970022946596145630e-02 -4.324278328567743301e-03 1.541462689638137817e-01 -2.787394821643829346e-02 -8.838641457259654999e-03 5.910210683941841125e-02 3.968989104032516479e-02 4.233462363481521606e-02 6.727777421474456787e-02 -5.637848004698753357e-02 3.865494951605796814e-02 -4.944569617509841919e-02 -8.555945754051208496e-02 -6.783279031515121460e-02 -1.054553985595703125e-01 3.042637743055820465e-02 2.860899828374385834e-02 -3.806636109948158264e-02 2.070320956408977509e-02 7.661455124616622925e-02 -1.256270334124565125e-02 1.014016643166542053e-01 6.153355166316032410e-02 6.381395459175109863e-02 -2.215234935283660889e-02 5.615763366222381592e-02 -2.474561333656311035e-02 -1.677899435162544250e-02 1.554219722747802734e-01 -1.066618859767913818e-01 -9.880635142326354980e-02 -5.632378626614809036e-03 1.152839660644531250e-01 -9.478402137756347656e-02 4.539925977587699890e-02 -1.694023758172988892e-01 -1.095088347792625427e-01 4.427795112133026123e-02 4.726514965295791626e-02 -4.030903428792953491e-02 3.067278675734996796e-02 7.130923680961132050e-03 -1.494676917791366577e-01 -1.035089977085590363e-02 -4.621291160583496094e-02 -1.265309900045394897e-01 -8.201387524604797363e-02 1.332712173461914062e-01 1.123981773853302002e-01 -1.119536906480789185e-01 -8.496239036321640015e-02 1.799916476011276245e-02 2.391036413609981537e-02 -2.097374387085437775e-02 -4.855686798691749573e-02 -8.733311295509338379e-02 8.304774761199951172e-02 7.672457396984100342e-02 6.430172175168991089e-02 6.255424022674560547e-02 -5.028618127107620239e-02 -1.291348785161972046e-01 -2.316305190324783325e-01 1.002795621752738953e-01 6.065930426120758057e-02 2.961521595716476440e-02 -2.005649507045745850e-01 -4.408069700002670288e-02 1.920491456985473633e-02 -5.372910294681787491e-03 -1.699974574148654938e-02 -1.376409977674484253e-01 1.225798856467008591e-02 3.790603205561637878e-02 1.070318371057510376e-01 1.385027356445789337e-02 -1.145754680037498474e-01 3.882988169789314270e-02 1.869573257863521576e-02 3.383023664355278015e-03 3.552793338894844055e-02 1.353887170553207397e-01 -3.941301628947257996e-02 6.337342411279678345e-02 7.569456845521926880e-02 -5.786854028701782227e-02 -1.392758078873157501e-02 -1.334040611982345581e-01
-3.772453172132372856e-03 6.243867427110671997e-02 1.929771341383457184e-02 1.798708364367485046e-02 -8.486565202474594116e-02 1.258103251457214355e-01 7.747481018304824829e-02 1.931551285088062286e-02 6.017839536070823669e-02 -9.682413190603256226e-02 -1.132665276527404785e-01 -8.760963380336761475e-02 -1.101131290197372437e-01 1.800992153584957123e-02 6.107335537672042847e-02 -2.096684277057647705e-02 -3.897603973746299744e-02 8.133212476968765259e-02 9.493494778871536255e-02 -3.313547372817993164e-02 5.919575341977179050e-04 -9.011457115411758423e-02 -6.739005446434020996e-02 4.153915867209434509e-02 2.455806285142898560e-01 6.017484515905380249e-02 -7.545872032642364502e-02 -6.002561375498771667e-02 2.197546325623989105e-02 -4.922880604863166809e-02 2.290809340775012970e-02 -8.607532829046249390e-02 -5.528985708951950073e-02 6.459736265242099762e-03 8.230961114168167114e-02 -3.199634375050663948e-03 -1.970812212675809860e-03 6.658383458852767944e-02 5.959299579262733459e-02 1.043877378106117249e-01 5.924683809280395508e-02 7.928358018398284912e-02 -1.234951196238398552e-04 1.026720646768808365e-02 3.785004373639822006e-03 -2.342739608138799667e-03 6.434330344200134277e-02 8.385196328163146973e-02 1.131066009402275085e-01 -2.146136574447154999e-02 -5.702382326126098633e-02 -2.782992646098136902e-02 5.845341365784406662e-03 9.005273878574371338e-02 -6.715880590490996838e-04 4.340140521526336670e-02 -9.153551608324050903e-02 2.399259805679321289e-02 -5.176234245300292969e-02 -4.061909765005111694e-02 1.022526100277900696e-01 -4.173559718765318394e-04 -1.350256204605102539e-01 -1.785062067210674286e-02 7.842828333377838135e-02 3.895553946495056152e-02 5.817589815706014633e-03 8.820421993732452393e-02 5.299450829625129700e-02 -4.203451424837112427e-02 4.686582833528518677e-02 7.612590678036212921e-03 1.465474367141723633e-01 1.223634853959083557e-01 -8.945706300437450409e-03 7.151991873979568481e-02 2.079674229025840759e-02 1.333061158657073975e-01 3.179354220628738403e-02 7.865817286074161530e-03 3.876077383756637573e-02 -9.760866523720324039e-04 3.207600116729736328e-02 2.295775339007377625e-02 -5.728194862604141235e-02 4.186482354998588562e-02 -6.382484734058380127e-02 1.349199330434203148e-03 -1.266214400529861450e-01 4.234914109110832214e-02 6.177060306072235107e-02 7.883109897375106812e-02 -7.407171279191970825e-02 -5.156995356082916260e-02 -7.844176888465881348e-02 9.854427725076675415e-02 -7.331835478544235229e-02 8.928760886192321777e-03 -7.930150628089904785e-02 -2.924858406186103821e-02
-2.671787887811660767e-02 -3.304217010736465454e-02 4.224503412842750549e-02 -3.412754461169242859e-02 -1.022843122482299805e-01 -4.269267618656158447e-02 -8.587854355573654175e-02 6.378996185958385468e-03 -3.771901130676269531e-02 9.439416974782943726e-02 2.003373801708221436e-01 -7.564783841371536255e-02 1.364580355584621429e-02 -5.320910736918449402e-02 2.573247300460934639e-03 9.851428121328353882e-02 1.204887405037879944e-02 -2.122748456895351410e-02 -5.898845195770263672e-02 -4.795557260513305664e-02 -4.673294350504875183e-02 6.022624298930168152e-02 4.116220772266387939e-02 -7.861823588609695435e-02 -8.240661770105361938e-02 -1.122282743453979492e-01 7.131115347146987915e-02 6.339338421821594238e-02 -1.316004246473312378e-02 1.106534991413354874e-02 6.133096665143966675e-02 -8.205824345350265503e-02 7.706198096275329590e-02 3.454559296369552612e-02 -6.965174525976181030e-02 1.156884357333183289e-01 -1.032569557428359985e-01 1.057146638631820679e-01 4.295833408832550049e-02 5.049399286508560181e-02 4.702043719589710236e-03 3.696147724986076355e-02 4.113115742802619934e-02 -9.720230102539062500e-02 -1.093623414635658264e-01 1.587801612913608551e-02 -5.598827451467514038e-02 6.118600815534591675e-02 -8.024679496884346008e-03 -8.366611599922180176e-02 8.962274529039859772e-03 2.429222129285335541e-02 -5.176253244280815125e-02 -8.549069613218307495e-02 5.559101328253746033e-02 2.296740747988224030e-02 9.273836016654968262e-02 5.778992176055908203e-02 -8.574351668357849121e-02 5.292751267552375793e-02 -5.257201194763183594e-02 3.827203437685966492e-02 -9.542809426784515381e-02 -7.237212359905242920e-02 -9.822709113359451294e-02 7.508350163698196411e-02 -7.270744536072015762e-03 -9.921643882989883423e-02 1.207297481596469879e-02 2.226587943732738495e-02 -1.043726131319999695e-01 -8.900610357522964478e-02 -5.401401966810226440e-02 6.074383854866027832e-02 -1.057723388075828552e-01 -9.606318175792694092e-02 8.017399907112121582e-02 4.229136975482106209e-04 3.504839912056922913e-02 5.228471383452415466e-02 1.086137536913156509e-02 -8.892557024955749512e-02 -6.371510028839111328e-02 -6.887907534837722778e-02 -6.380205601453781128e-02 -8.816753327846527100e-02 -2.640512958168983459e-02 -1.094310060143470764e-01 6.569723132997751236e-03 -1.138398796319961548e-01 6.391094624996185303e-02 -1.032978817820549011e-01 6.188236549496650696e-02 -1.755048520863056183e-02 7.469082623720169067e-02 -1.028834804892539978e-01 1.125103533267974854e-01 9.860798716545104980e-02 4.321872815489768982e-02 -7.415009289979934692e-02
9.845769405364990234e-02 9.167553484439849854e-02 -2.206697873771190643e-02 -1.346081495285034180e-02 1.106470003724098206e-01 -8.611778169870376587e-02 -4.037932679057121277e-02 -1.065942831337451935e-02 -6.228267028927803040e-02 -5.370222777128219604e-02 -7.291703671216964722e-02 1.385265886783599854e-01 -1.092879800125956535e-03 -6.111227720975875854e-02 6.490489840507507324e-02 3.410189598798751831e-02 -4.429350048303604126e-02 3.505909349769353867e-03 5.119523406028747559e-02 1.173480153083801270e-01 2.748460695147514343e-02 3.157937154173851013e-02 -3.046530857682228088e-02 -8.374742418527603149e-02 5.433313921093940735e-02 9.697729721665382385e-03 1.117620393633842468e-01 -3.249332681298255920e-02 -9.956045448780059814e-02 -1.647118777036666870e-01 6.054295226931571960e-02 -3.727810457348823547e-03 6.240493059158325195e-02 2.151712402701377869e-02 -2.373814955353736877e-02 -4.695298895239830017e-02 7.457885146141052246e-02 -6.729805469512939453e-02 -2.627133950591087341e-02 -4.931510239839553833e-02 -2.767701633274555206e-02 3.054771013557910919e-02 -3.427703678607940674e-02 3.467517718672752380e-02 -4.962996020913124084e-02 5.677800998091697693e-02 2.856564521789550781e-02 -2.128679864108562469e-02 4.482487589120864868e-02 8.787790685892105103e-02 1.956640034914016724e-01 2.074969187378883362e-02 1.267453730106353760e-01 -7.286206632852554321e-02 1.383889000862836838e-02 -2.061410807073116302e-02 3.252043575048446655e-02 7.670358568429946899e-02 -1.129303947091102600e-01 2.763343788683414459e-02 1.359294503927230835e-01 1.040681451559066772e-01 -1.378970593214035034e-01 4.795692861080169678e-03 1.979983784258365631e-02 -6.665381789207458496e-02 -1.207185089588165283e-01 5.404554307460784912e-02 -7.806379348039627075e-02 -8.753427863121032715e-02 -2.508461289107799530e-02 3.735604509711265564e-02 5.459980666637420654e-02 2.509290911257266998e-02 -6.517632305622100830e-02 -2.257646620273590088e-02 -9.968921542167663574e-02 -8.290865272283554077e-02 2.222249843180179596e-02 9.441853314638137817e-02 1.745417267084121704e-01 -1.292739510536193848e-01 8.129427209496498108e-03 2.884221822023391724e-02 -1.452512759715318680e-02 -6.991276144981384277e-02 -6.096463650465011597e-02 8.726041764020919800e-02 -3.474092483520507812e-02 4.400644823908805847e-02 8.873818069696426392e-02 7.817701250314712524e-02 8.115478605031967163e-02 7.665244489908218384e-02 3.791064396500587463e-02 -6.707956083118915558e-03 -5.141726881265640259e-02 2.271488308906555176e-02 7.776582241058349609e-02 -7.988968491554260254e-02
-3.222661092877388000e-02 2.114949002861976624e-02 2.975571900606155396e-02 1.251631136983633041e-02 -1.090446636080741882e-01 1.734381355345249176e-02 -9.528646618127822876e-02 2.109133405610918999e-03 -6.666212528944015503e-02 -3.344357013702392578e-02 1.243068277835845947e-02 1.011373996734619141e-01 -9.083287417888641357e-02 5.442465841770172119e-02 -1.688084565103054047e-02 -7.079231739044189453e-02 1.967451348900794983e-02 8.531507104635238647e-02 -9.770266711711883545e-02 -3.929538652300834656e-02 7.269728183746337891e-02 -5.742581188678741455e-02 -7.024813443422317505e-02 6.800987571477890015e-02 -2.454381994903087616e-02 -5.788659676909446716e-02 -1.411956101655960083e-01 3.830618411302566528e-02 8.951859921216964722e-02 -9.359636902809143066e-02 -6.317143328487873077e-03 7.059104740619659424e-03 5.767530202865600586e-02 -9.448378533124923706e-02 1.135552376508712769e-01 -3.340508043766021729e-02 7.313875015825033188e-03 -2.582908421754837036e-02 -1.034294534474611282e-02 -4.665859043598175049e-02 -1.759161241352558136e-02 -1.791481301188468933e-02 5.865430831909179688e-02 3.790318220853805542e-02 4.587882757186889648e-02 -7.834241725504398346e-03 -4.715867340564727783e-02 -2.369153685867786407e-02 6.467345356941223145e-02 -3.474427759647369385e-02 -1.275248639285564423e-02 -6.158622447401285172e-03 1.792432740330696106e-02 7.019049674272537231e-02 9.225800633430480957e-02 4.625053703784942627e-02 -1.004500314593315125e-01 -9.065932035446166992e-02 2.228597732027992606e-04 8.997929841279983521e-02 -6.996466219425201416e-02 7.085745781660079956e-02 -1.083925459533929825e-02 -5.668185185641050339e-03 7.006029039621353149e-02 -2.559587731957435608e-02 -5.606823787093162537e-02 7.408549636602401733e-02 2.065226063132286072e-02 8.853509277105331421e-02 -6.433726102113723755e-02 -3.565550595521926880e-02 2.694227546453475952e-02 -1.048638075590133667e-01 -8.173348754644393921e-02 -9.339167177677154541e-02 2.855454944074153900e-02 5.745251104235649109e-02 2.819310687482357025e-02 7.396081835031509399e-02 6.502720713615417480e-02 -1.429371684789657593e-01 -8.036041259765625000e-02 9.239756315946578979e-02 -3.787820041179656982e-02 8.529778569936752319e-02 -9.066598862409591675e-02 -8.329040557146072388e-02 3.145706432405859232e-04 -1.618922129273414612e-02 -9.242429584264755249e-02 9.806710481643676758e-02 7.006775587797164917e-02 1.863997662439942360e-03 -1.893118140287697315e-03 4.913815297186374664e-03 -1.895152591168880463e-02 1.829538866877555847e-02 8.725716173648834229e-02 -9.132932871580123901e-02
4.993825033307075500e-02 2.869245968759059906e-02 3.562842682003974915e-02 2.424492128193378448e-02 -5.070161819458007812e-02 -1.826805419113952667e-05 8.801427483558654785e-02 8.654142916202545166e-02 -2.897713333368301392e-03 -1.119013056159019470e-01 -8.571194857358932495e-02 9.102781116962432861e-02 -4.718445241451263428e-02 4.145820811390876770e-02 -4.677640646696090698e-02 -2.170811966061592102e-02 8.431164175271987915e-02 5.464786663651466370e-03 8.561386913061141968e-02 -2.610397152602672577e-02 -6.069189310073852539e-02 9.656980633735656738e-02 1.105160191655158997e-01 -1.586510799825191498e-02 9.598780423402786255e-02 4.197262600064277649e-02 -7.620980031788349152e-03 5.572718009352684021e-02 6.237387657165527344e-02 -4.948053881525993347e-02 3.659458830952644348e-03 4.450467228889465332e-02 4.718699306249618530e-02 2.893829904496669769e-02 1.022576242685317993e-01 9.040480479598045349e-03 -1.984703168272972107e-02 -5.945255514234304428e-03 5.958761647343635559e-02 -5.409225076436996460e-02 -7.720502465963363647e-02 1.260827332735061646e-01 1.783018112182617188e-01 -3.130405396223068237e-02 -7.842786610126495361e-02 8.260664343833923340e-02 -7.911002263426780701e-03 4.398058727383613586e-02 -9.264583885669708252e-02 -5.883557721972465515e-02 1.272064745426177979e-01 -4.483314231038093567e-02 3.385417535901069641e-02 -1.022524908185005188e-01 5.629358813166618347e-02 -9.963995963335037231e-02 -2.199278771877288818e-02 3.630335256457328796e-02 1.505069285631179810e-01 -1.266094446182250977e-01 5.013971403241157532e-02 7.779712975025177002e-02 -5.395282432436943054e-02 3.503519669175148010e-02 5.539822578430175781e-02 2.576227998360991478e-03 -5.506705492734909058e-02 1.077381670475006104e-01 4.917702451348304749e-02 6.640356779098510742e-02 -7.442168891429901123e-02 -9.844797849655151367e-02 -2.832423895597457886e-03 6.960266735404729843e-03 1.504241675138473511e-01 9.801133722066879272e-02 5.699706077575683594e-02 3.167763352394104004e-02 6.211585924029350281e-02 -7.811461575329303741e-03 4.746245592832565308e-02 3.728193789720535278e-02 3.452776372432708740e-02 1.268682442605495453e-02 -7.637200504541397095e-02 -9.531223773956298828e-02 -1.087599471211433411e-01 -7.970534265041351318e-02 -1.236873418092727661e-01 4.338033962994813919e-03 9.352273494005203247e-02 4.780572652816772461e-02 7.873555645346641541e-03 3.832095116376876831e-02 -5.654497817158699036e-02 6.380378454923629761e-02 1.342897396534681320e-02 8.646500855684280396e-02 1.384957879781723022e-01 8.453037589788436890e-02
1.368069928139448166e-02 7.715838402509689331e-02 -9.020503610372543335e-03 4.172170907258987427e-02 -5.650580674409866333e-02 -3.972170501947402954e-02 -9.086699038743972778e-02 -4.801661893725395203e-02 2.654401119798421860e-03 5.182692036032676697e-02 3.288991749286651611e-02 -4.270707443356513977e-02 -8.424683474004268646e-03 1.243525091558694839e-02 5.714774876832962036e-02 -5.648320913314819336e-02 2.692727558314800262e-02 -6.205756217241287231e-02 -4.086404666304588318e-02 -2.320076711475849152e-02 -8.921781182289123535e-02 -2.451390726491808891e-03 -3.376829251646995544e-02 6.505235284566879272e-02 9.860187023878097534e-02 2.450321801006793976e-02 9.960172325372695923e-02 2.937326021492481232e-02 -9.433928877115249634e-02 4.083593934774398804e-02 -5.821949616074562073e-02 6.131982430815696716e-02 -2.012930065393447876e-02 4.993947688490152359e-03 5.566345527768135071e-02 3.102464787662029266e-02 5.143348500132560730e-02 3.667192533612251282e-02 -1.276116631925106049e-02 -7.091876864433288574e-02 2.068344503641128540e-02 3.425922617316246033e-02 -8.991549164056777954e-02 -2.993597462773323059e-02 -2.535027638077735901e-02 -4.027542844414710999e-02 6.204915791749954224e-02 2.866285108029842377e-02 -1.343453023582696915e-02 6.121061742305755615e-03 1.182880252599716187e-01 -1.032141130417585373e-02 -7.657885551452636719e-02 -2.575590834021568298e-02 3.560959175229072571e-02 1.109682209789752960e-02 -1.971687190234661102e-02 7.683758437633514404e-02 -5.917857959866523743e-02 -5.775713175535202026e-02 -3.280508890748023987e-02 2.154372073709964752e-02 1.459626294672489166e-02 4.060191288590431213e-02 -6.189664453268051147e-02 7.374091446399688721e-02 4.528459534049034119e-02 9.630251675844192505e-02 6.443972885608673096e-02 9.548518806695938110e-03 8.018770813941955566e-02 5.107987299561500549e-02 -5.109364539384841919e-02 -1.419286010786890984e-03 -2.524668350815773010e-02 -2.823329530656337738e-02 9.633112698793411255e-02 -2.556150965392589569e-02 1.954860053956508636e-02 7.196294516324996948e-02 -3.201765194535255432e-02 -1.050367280840873718e-01 4.961153492331504822e-03 -7.228402793407440186e-02 -6.331271678209304810e-02 7.757375389337539673e-02 8.392382413148880005e-03 5.188112705945968628e-02 4.667842760682106018e-02 5.916378274559974670e-02 4.951904714107513428e-02 2.532590180635452271e-02 3.994329646229743958e-02 7.544994354248046875e-02 -1.030369848012924194e-02 3.677356243133544922e-02 4.977062717080116272e-02 8.741747587919235229e-02 3.613702580332756042e-02 7.012335956096649170e-02
2.080953493714332581e-02 -2.769731916487216949e-02 -5.226064473390579224e-02 -3.812342509627342224e-02 3.959234803915023804e-02 3.935204818844795227e-02 -3.322361037135124207e-02 -3.364269807934761047e-02 3.715823218226432800e-02 -5.027680099010467529e-02 -6.162995100021362305e-02 -4.809143766760826111e-02 8.903919905424118042e-02 -3.233467414975166321e-02 -3.403280396014451981e-03 4.320227727293968201e-02 -6.311289966106414795e-02 -6.395105272531509399e-02 -3.407246246933937073e-02 -1.979863643646240234e-02 -2.682021446526050568e-02 -7.218562811613082886e-02 4.018106032162904739e-03 5.977762863039970398e-03 2.722091227769851685e-02 5.034873262047767639e-02 -6.537611037492752075e-02 5.141390487551689148e-02 -9.303592890501022339e-02 -4.295741394162178040e-02 7.463811337947845459e-02 -4.054884240031242371e-02 3.974036872386932373e-02 8.134364336729049683e-02 2.704093791544437408e-02 -4.335893690586090088e-02 5.472638085484504700e-02 -8.897133171558380127e-02 5.158549547195434570e-02 -9.724256396293640137e-02 2.497551403939723969e-02 4.221721738576889038e-02 -3.684978187084197998e-02 2.372922375798225403e-02 -2.617187239229679108e-02 -1.245446596294641495e-02 -3.727122396230697632e-02 7.022663950920104980e-02 2.591959387063980103e-02 2.633976191282272339e-02 1.146377809345722198e-02 1.031403243541717529e-01 -1.005385890603065491e-01 -5.853487923741340637e-02 -4.974521696567535400e-02 -1.786860078573226929e-02 4.334844276309013367e-02 1.313390135765075684e-01 8.421999216079711914e-02 7.474523503333330154e-03 9.714087098836898804e-02 -1.071471720933914185e-02 -3.020515665411949158e-02 -6.219192594289779663e-02 2.072994038462638855e-02 -1.126152556389570236e-02 -6.635656952857971191e-02 -9.886767715215682983e-03 4.820216819643974304e-02 -4.957714676856994629e-02 -7.154365628957748413e-02 -9.073817729949951172e-02 -2.569926204159855843e-03 -4.132503643631935120e-02 8.193252980709075928e-02 1.194490566849708557e-01 -8.807300776243209839e-02 1.979063451290130615e-02 1.085456553846597672e-02 -1.533840782940387726e-02 -9.531017392873764038e-02 7.735384255647659302e-02 1.531262416392564774e-02 6.662262976169586182e-02 9.000425785779953003e-02 6.954394280910491943e-02 8.716478943824768066e-02 -8.138079196214675903e-02 -4.115859419107437134e-02 1.083573997020721436e-01 -6.478168070316314697e-02 -5.985601246356964111e-02 1.179009024053812027e-02 -9.240736067295074463e-02 4.984445497393608093e-02 8.342783898115158081e-02 -2.967770397663116455e-02 -1.074988692998886108e-01 3.265032544732093811e-02 3.937607165426015854e-03
-2.375201322138309479e-03 3.413332253694534302e-02 -5.742338672280311584e-02 -1.511823199689388275e-02 -6.165847927331924438e-02 1.128514707088470459e-01 6.239221617579460144e-02 8.841456472873687744e-02 8.715340867638587952e-03 9.320005029439926147e-02 -1.892022229731082916e-02 -6.268436461687088013e-02 2.308777766302227974e-03 5.621115118265151978e-02 1.603438332676887512e-02 3.858244046568870544e-02 -3.642693534493446350e-02 -9.169408679008483887e-02 1.629354059696197510e-02 -1.228259224444627762e-02 1.178433559834957123e-02 -2.578697539865970612e-02 1.996125280857086182e-02 -7.812427729368209839e-02 -1.086724363267421722e-02 7.460124045610427856e-02 6.606490910053253174e-02 4.796372726559638977e-02 4.674190655350685120e-02 5.183943361043930054e-02 -7.473827153444290161e-02 3.377997502684593201e-02 1.883838512003421783e-02 2.238625194877386093e-03 2.858044393360614777e-02 -7.252941280603408813e-02 5.905766040086746216e-02 -4.333853721618652344e-02 1.021822541952133179e-01 8.308379352092742920e-02 5.542832612991333008e-02 -3.548932075500488281e-02 7.993911206722259521e-02 -6.357143074274063110e-02 1.002875939011573792e-01 -1.907783374190330505e-02 -2.044652774930000305e-02 8.444739133119583130e-02 1.031889915466308594e-01 2.759050391614437103e-02 8.423661440610885620e-02 4.748452827334403992e-02 -5.442320927977561951e-02 -2.412518300116062164e-02 3.148520737886428833e-02 6.209876015782356262e-02 -4.733327031135559082e-02 1.733171381056308746e-02 1.087550148367881775e-01 2.002214081585407257e-02 -5.490297917276620865e-03 -5.713561177253723145e-02 7.319964468479156494e-02 1.033014245331287384e-02 3.390486165881156921e-02 6.546688079833984375e-02 -6.542116403579711914e-02 6.899552047252655029e-02 8.105576783418655396e-02 -7.519328594207763672e-02 6.916199624538421631e-02 -2.469163760542869568e-02 3.281430527567863464e-02 6.965301185846328735e-02 8.991566300392150879e-02 1.251172088086605072e-02 -2.916218899190425873e-02 -1.484503271058201790e-03 1.029047071933746338e-01 4.200613126158714294e-02 9.367525577545166016e-02 -3.663181513547897339e-02 8.013439178466796875e-02 -1.681633107364177704e-02 -4.087731987237930298e-02 -9.244733303785324097e-02 3.911764174699783325e-02 7.292158901691436768e-02 -1.050866022706031799e-02 -1.094658970832824707e-01 9.528967551887035370e-03 1.158811850473284721e-03 6.263583153486251831e-02 -3.861206024885177612e-02 -6.498883664608001709e-02 4.360486939549446106e-02 4.789362475275993347e-02 7.555573433637619019e-02 -4.429842159152030945e-02 -1.927709206938743591e-02
5.832924693822860718e-02 7.829322665929794312e-02 -2.545278146862983704e-02 -2.260227920487523079e-03 -2.823673374950885773e-02 5.519771948456764221e-02 5.175010487437248230e-02 -6.980677694082260132e-02 7.180738449096679688e-02 4.871365427970886230e-02 -3.774304687976837158e-02 5.549209564924240112e-02 -5.257536470890045166e-02 -2.116463147103786469e-02 -1.436178758740425110e-02 6.308715045452117920e-02 1.040497142821550369e-02 -7.570209354162216187e-02 -2.526233159005641937e-02 -2.554280869662761688e-02 -3.838184475898742676e-02 2.573158778250217438e-02 9.273011237382888794e-03 8.440024405717849731e-02 6.740303337574005127e-02 -6.722405552864074707e-02 6.836751010268926620e-03 6.709279119968414307e-02 -3.209487069398164749e-03 8.819883316755294800e-02 2.455643005669116974e-02 4.586551338434219360e-02 -8.772827684879302979e-02 3.709496930241584778e-02 -5.073690414428710938e-02 3.098368830978870392e-02 -6.881013512611389160e-02 -5.164071917533874512e-03 5.111651867628097534e-02 3.644550591707229614e-02 1.828747428953647614e-02 -5.815818160772323608e-02 2.907366864383220673e-02 4.031305015087127686e-02 -2.643598429858684540e-02 -1.155242230743169785e-02 5.270274356007575989e-03 8.139458484947681427e-03 2.087059803307056427e-02 2.273874357342720032e-03 2.547603845596313477e-02 -3.125224635004997253e-02 4.221123084425926208e-02 -5.848579108715057373e-02 -6.669735908508300781e-02 5.800094455480575562e-03 -3.186721354722976685e-02 -4.554215352982282639e-03 2.419987879693508148e-02 -3.154394403100013733e-02 3.511744365096092224e-02 4.144111648201942444e-03 7.788092643022537231e-02 5.208413302898406982e-02 -9.028075635433197021e-02 2.938188426196575165e-02 6.896144896745681763e-02 -7.357125636190176010e-03 8.058784902095794678e-02 -6.128462031483650208e-02 -6.687189638614654541e-02 -6.274149566888809204e-02 3.101262450218200684e-02 6.480555236339569092e-02 1.241417601704597473e-01 4.339533671736717224e-02 -9.670060873031616211e-02 5.494911596179008484e-02 1.221540849655866623e-02 -3.051087446510791779e-02 -8.895060420036315918e-02 5.416964739561080933e-02 2.727949619293212891e-02 -8.033650368452072144e-02 -1.609887182712554932e-02 2.535863034427165985e-02 -3.875235840678215027e-02 9.336308576166629791e-03 6.355859339237213135e-02 -6.691337376832962036e-02 -3.659163415431976318e-02 3.516741842031478882e-02 -6.951078772544860840e-03 -6.505271047353744507e-02 -5.558446794748306274e-02 1.132505829446017742e-03 -9.828367084264755249e-02 8.151485770940780640e-02 8.939311653375625610e-02 -1.049069687724113464e-03
4.591967165470123291e-02 -5.014459416270256042e-02 -8.510304987430572510e-02 -5.184464156627655029e-02 -9.265584498643875122e-02 3.320393338799476624e-02 5.561494827270507812e-02 -4.004334285855293274e-02 -8.582360297441482544e-02 -7.023422420024871826e-02 -2.267521433532238007e-02 -8.418746292591094971e-02 -3.096524439752101898e-02 -4.128830134868621826e-02 -3.186310455203056335e-02 -6.717832386493682861e-02 -6.796427071094512939e-02 -1.298400200903415680e-02 4.763391986489295959e-02 -1.021454036235809326e-01 1.742140203714370728e-02 3.764019533991813660e-02 -2.419378235936164856e-02 4.908455535769462585e-02 -3.014978393912315369e-02 -8.906947076320648193e-02 -4.378478974103927612e-02 3.132146224379539490e-02 -3.274176642298698425e-02 4.500253126025199890e-03 1.073600351810455322e-01 5.190254747867584229e-02 -1.154609583318233490e-02 9.065043181180953979e-03 -7.458858937025070190e-02 1.846142485737800598e-02 9.467325359582901001e-02 -6.484460830688476562e-02 -9.914933890104293823e-02 -4.067669063806533813e-02 -2.196469716727733612e-02 -4.698065668344497681e-02 3.027156740427017212e-02 2.205958589911460876e-02 -6.461600959300994873e-02 -7.481601089239120483e-02 4.005734249949455261e-02 -2.761499397456645966e-02 -4.558088257908821106e-02 -7.388360053300857544e-02 -7.241060584783554077e-02 -5.765540152788162231e-02 5.252690240740776062e-02 1.074242522008717060e-03 8.807179331779479980e-02 4.906802996993064880e-02 1.249565393663942814e-03 4.836878925561904907e-02 3.107706457376480103e-02 3.823790326714515686e-02 9.985111653804779053e-02 -8.855282329022884369e-03 1.170799136161804199e-01 4.770347476005554199e-02 -6.702139228582382202e-02 8.894496411085128784e-02 -7.430998235940933228e-02 -1.991892792284488678e-02 9.869283437728881836e-02 -7.482538372278213501e-02 -4.985795915126800537e-02 -7.447057403624057770e-03 -1.613012328743934631e-02 6.067832559347152710e-02 -1.007698401808738708e-01 1.379665359854698181e-02 -6.401246041059494019e-02 7.959567010402679443e-02 -5.540674924850463867e-02 -6.563803553581237793e-02 8.109779655933380127e-02 6.136378645896911621e-02 -2.662330120801925659e-02 5.919132381677627563e-03 5.151929333806037903e-02 7.945165969431400299e-03 6.158177927136421204e-02 -4.372495040297508240e-02 1.969348825514316559e-02 -7.903295755386352539e-02 -1.084447186440229416e-02 8.700288087129592896e-02 -6.158948317170143127e-02 -2.872347133234143257e-03 2.305297739803791046e-02 6.612925976514816284e-02 7.613748311996459961e-02 -3.200551494956016541e-02 5.252834782004356384e-02 -5.748386681079864502e-02
-4.336225986480712891e-02 -6.957601010799407959e-02 3.411085158586502075e-02 2.987237460911273956e-02 7.298199832439422607e-02 6.439942866563796997e-02 -8.424601703882217407e-02 1.445759832859039307e-01 1.103969514369964600e-01 -1.659576296806335449e-01 -7.919614017009735107e-02 1.921803355216979980e-01 -1.091009303927421570e-01 1.628895848989486694e-01 -1.752666085958480835e-01 8.680588752031326294e-02 -8.466560393571853638e-02 -3.082449175417423248e-02 5.350857228040695190e-02 1.515971571207046509e-01 -9.093157202005386353e-02 5.269198864698410034e-02 3.809422999620437622e-02 -2.767964452505111694e-02 8.734302222728729248e-02 1.952870190143585205e-01 -2.878197729587554932e-01 -8.934580534696578979e-02 4.550068080425262451e-02 -1.024413108825683594e-01 5.993315950036048889e-03 7.280570268630981445e-02 1.041805446147918701e-01 -1.178477555513381958e-01 3.547468185424804688e-01 1.613464057445526123e-01 6.867438554763793945e-02 -1.234329864382743835e-01 -3.305882215499877930e-02 -4.116864874958992004e-02 -2.498466707766056061e-02 6.489668041467666626e-02 5.927650257945060730e-02 6.392208486795425415e-02 -1.702806055545806885e-01 -1.205303221940994263e-01 1.313761472702026367e-01 -5.662373453378677368e-02 9.058520197868347168e-02 -1.279181241989135742e-01 -4.449872672557830811e-02 -9.292918443679809570e-02 1.025171875953674316e-01 8.899795264005661011e-02 2.656183838844299316e-01 2.305869311094284058e-01 4.612126946449279785e-02 -2.458234429359436035e-01 3.383783623576164246e-02 1.265487819910049438e-01 -1.037597209215164185e-01 -1.328386068344116211e-01 -1.040560193359851837e-02 4.122819751501083374e-02 8.887743949890136719e-02 5.000810604542493820e-03 1.490182876586914062e-01 1.388624310493469238e-01 -2.909137634560465813e-03 3.220162913203239441e-02 -2.964135445654392242e-02 -7.459179311990737915e-02 -4.414652660489082336e-02 2.093723118305206299e-01 1.117070298641920090e-02 -6.800491362810134888e-02 -1.181234791874885559e-01 2.063297480344772339e-01 -1.106017753481864929e-01 4.975839704275131226e-02 -2.247053235769271851e-01 8.375037461519241333e-02 3.514641523361206055e-02 2.363641709089279175e-01 -2.771866880357265472e-02 -1.863886020146310329e-03 -1.942144930362701416e-01 3.816195949912071228e-02 2.947688102722167969e-02 2.630504965782165527e-01 7.994501292705535889e-02 -3.254447877407073975e-02 2.547257393598556519e-02 -1.517973467707633972e-02 -3.270919993519783020e-02 1.505539100617170334e-02 3.348735347390174866e-02 1.360657215118408203e-01 7.362624257802963257e-02 1.585240848362445831e-02
8.802773803472518921e-02 -5.580536276102066040e-02 4.431997612118721008e-02 8.903098851442337036e-02 -6.584207713603973389e-02 2.886360138654708862e-02 2.913096733391284943e-02 -2.972471155226230621e-02 -5.521132424473762512e-02 -1.034388542175292969e-01 -1.817664690315723419e-02 -6.073300540447235107e-02 -2.781129628419876099e-02 -4.838185850530862808e-03 2.166677825152873993e-02 1.008901074528694153e-01 2.911725640296936035e-02 -1.695781387388706207e-02 -2.530963905155658722e-02 4.568634927272796631e-02 -7.179084420204162598e-02 3.897149488329887390e-02 1.356225460767745972e-02 3.611536324024200439e-02 2.965027280151844025e-02 -3.787319734692573547e-02 3.026513569056987762e-02 -6.370630115270614624e-02 -9.161917120218276978e-02 1.200253218412399292e-01 1.014092564582824707e-02 -5.341814085841178894e-02 5.188776552677154541e-02 3.358143195509910583e-02 -5.958641320466995239e-02 -3.492140024900436401e-02 -5.031604785472154617e-03 5.349721759557723999e-02 8.757290989160537720e-02 -6.556811183691024780e-02 -2.586346305906772614e-02 -4.137464985251426697e-02 -1.183509156107902527e-01 1.362276088912039995e-04 -5.201634392142295837e-02 7.224857062101364136e-02 6.581965833902359009e-02 6.287864595651626587e-02 -9.578308463096618652e-02 -6.365231424570083618e-02 -4.842792823910713196e-02 3.981068357825279236e-02 -2.474464289844036102e-02 -5.065197870135307312e-02 -8.010774105787277222e-02 -5.324950814247131348e-02 1.217198148369789124e-01 -1.173196127638220787e-03 2.877733111381530762e-02 -4.075194150209426880e-02 9.698078781366348267e-02 1.537593174725770950e-02 1.396360546350479126e-01 -9.386161714792251587e-02 -3.025876171886920929e-02 2.673078700900077820e-02 6.091792881488800049e-02 4.420110210776329041e-02 -9.726871550083160400e-02 4.446978121995925903e-02 2.212844789028167725e-02 3.160122409462928772e-02 -4.178452491760253906e-02 8.937788009643554688e-02 -1.240308880805969238e-01 -1.050376147031784058e-01 8.169757202267646790e-03 -1.686538942158222198e-02 -4.007986560463905334e-02 3.973173908889293671e-03 -8.603346347808837891e-02 -8.044062182307243347e-03 -2.895339392125606537e-02 -8.123273402452468872e-02 3.726693242788314819e-02 8.856026083230972290e-02 -1.032122373580932617e-01 -8.346155285835266113e-02 -4.937824979424476624e-02 -1.876058243215084076e-02 -1.033379286527633667e-01 9.012380242347717285e-02 4.156734421849250793e-02 -5.450091138482093811e-02 6.708164513111114502e-02 -3.641748428344726562e-02 4.556081816554069519e-02 4.665822908282279968e-02 -2.914597839117050171e-02 5.242544040083885193e-02
-1.121688634157180786e-02 4.221584275364875793e-02 9.808081388473510742e-02 -5.402512475848197937e-02 1.105506867170333862e-01 1.197636350989341736e-01 -4.551257565617561340e-02 6.017240812070667744e-04 8.419251441955566406e-02 -7.394735515117645264e-02 -1.333399413852021098e-04 -1.253420207649469376e-02 -3.958098962903022766e-02 1.646239161491394043e-01 -2.382444404065608978e-02 -3.362854570150375366e-02 -8.083537966012954712e-02 -6.403493136167526245e-02 2.379421517252922058e-02 9.362767636775970459e-02 6.577669084072113037e-02 -3.678326681256294250e-02 1.619345624931156635e-03 8.924922347068786621e-02 1.029528155922889709e-01 -3.789294883608818054e-02 -5.044699460268020630e-02 4.842035099864006042e-02 -2.644973807036876678e-02 1.236896216869354248e-01 -6.537017971277236938e-02 3.006970323622226715e-02 -2.468853490427136421e-03 2.344440855085849762e-02 1.718042604625225067e-02 -4.628603905439376831e-02 8.119595050811767578e-02 -3.202228341251611710e-03 4.618395492434501648e-02 8.301388472318649292e-02 9.426710009574890137e-02 3.812961652874946594e-02 5.194276943802833557e-02 4.200649261474609375e-02 -3.090446814894676208e-02 3.854027390480041504e-02 -1.489251572638750076e-02 -7.503009587526321411e-02 1.021942868828773499e-01 -1.407061982899904251e-02 -2.158225700259208679e-02 -6.230233609676361084e-02 1.007303595542907715e-01 1.055407002568244934e-01 -8.764264173805713654e-03 -2.798722125589847565e-03 -1.156680285930633545e-02 -1.256602443754673004e-02 6.519099324941635132e-02 2.652227506041526794e-02 -9.698728471994400024e-02 5.812844634056091309e-02 1.886572316288948059e-02 8.779048919677734375e-02 -7.694124942645430565e-04 -8.186618797481060028e-03 1.173630543053150177e-02 1.540713161230087280e-01 8.723901212215423584e-02 -4.466762021183967590e-02 5.786514654755592346e-02 -9.369715116918087006e-03 9.249479323625564575e-02 4.350579902529716492e-02 1.265678703784942627e-01 1.175481919199228287e-02 -1.017323806881904602e-01 -1.006478071212768555e-02 5.409443378448486328e-02 7.495754957199096680e-02 -8.536346256732940674e-02 8.183468878269195557e-02 9.613089496269822121e-04 6.247298046946525574e-02 -8.250011131167411804e-03 8.529739454388618469e-03 4.022299870848655701e-02 -7.298973202705383301e-02 4.391805455088615417e-02 -9.515150636434555054e-02 -3.427320718765258789e-02 6.774432957172393799e-02 2.037288248538970947e-02 -5.344537552446126938e-03 7.018331438302993774e-02 -8.950619027018547058e-03 -3.187980875372886658e-02 8.467370271682739258e-02 -5.921433866024017334e-02 1.382434815168380737e-01
6.837102025747299194e-02 -6.821540743112564087e-02 -5.940033867955207825e-02 -4.219997301697731018e-02 1.634071581065654755e-02 1.089231744408607483e-01 1.678129844367504120e-02 1.252988874912261963e-01 8.848089724779129028e-02 7.786922901868820190e-02 8.531429618597030640e-02 -3.074582200497388840e-03 -5.921007320284843445e-02 -1.083158031105995178e-01 -2.728617750108242035e-02 -7.908996194601058960e-02 4.567506909370422363e-02 -1.663886127062141895e-03 6.263236049562692642e-03 5.320978909730911255e-02 -2.737080119550228119e-02 -3.464740514755249023e-02 5.825665965676307678e-02 1.181338503956794739e-01 1.226704716682434082e-01 -5.151172634214162827e-03 1.205184031277894974e-02 1.227728128433227539e-01 6.495030224323272705e-02 5.982138216495513916e-02 -4.335863888263702393e-02 -3.449622541666030884e-02 -4.429574310779571533e-02 7.103799842298030853e-03 3.845148719847202301e-03 -7.432955503463745117e-02 9.800956398248672485e-02 -4.300779476761817932e-02 -6.182494014501571655e-02 2.542641945183277130e-02 -2.350811660289764404e-02 -1.083746403455734253e-01 1.348245441913604736e-01 -1.519672921858727932e-03 6.518206000328063965e-02 2.070779167115688324e-02 -1.351759135723114014e-01 9.648883715271949768e-03 -5.823897197842597961e-02 -9.597120434045791626e-02 -2.160681225359439850e-02 1.582087390124797821e-02 -8.048065006732940674e-02 1.295549981296062469e-02 -2.992645651102066040e-02 -1.074396222829818726e-01 1.334461476653814316e-02 5.620067939162254333e-02 8.976343274116516113e-02 6.227460876107215881e-02 -3.568761423230171204e-02 2.108264714479446411e-02 1.162338722497224808e-02 1.584497839212417603e-02 -2.990420348942279816e-02 9.966334700584411621e-02 1.076075360178947449e-01 -6.774074584245681763e-02 7.141096889972686768e-02 -1.360580231994390488e-02 7.175353169441223145e-02 -4.240077361464500427e-02 2.212253399193286896e-02 4.214838892221450806e-02 -2.951850742101669312e-02 7.786747813224792480e-02 3.150700405240058899e-02 -9.953758679330348969e-03 -2.107937075197696686e-02 -7.675966620445251465e-02 1.694577373564243317e-02 5.745369195938110352e-02 -2.510237880051136017e-02 4.053387418389320374e-02 3.021882846951484680e-02 2.027331292629241943e-02 9.011518955230712891e-02 -2.634441480040550232e-02 -1.374818831682205200e-01 8.608652651309967041e-02 2.821339480578899384e-02 -1.416000071913003922e-02 -2.939755842089653015e-02 -3.314922377467155457e-02 2.145565301179885864e-02 8.569490164518356323e-02 2.739724889397621155e-02 3.814897313714027405e-02 5.697973072528839111e-02 8.249461650848388672e-03
9.097951650619506836e-02 -1.136771775782108307e-02 -4.779286216944456100e-03 -6.970502436161041260e-02 1.092829257249832153e-01 -5.573669821023941040e-02 -1.734686084091663361e-03 -3.204535460099577904e-03 -3.143161907792091370e-02 4.869391024112701416e-02 -6.148034706711769104e-02 -5.151554942131042480e-02 -4.363671690225601196e-02 9.796107560396194458e-02 -2.229284681379795074e-02 9.358093142509460449e-02 2.862615510821342468e-02 -6.805028766393661499e-02 -5.895984545350074768e-02 8.794965595006942749e-02 -2.343326061964035034e-02 -3.131513670086860657e-02 5.088820680975914001e-02 4.712986573576927185e-02 -9.086157195270061493e-03 -1.226447336375713348e-02 -1.599329523742198944e-02 7.541737053543329239e-03 -5.469949170947074890e-02 4.390481393784284592e-03 6.430025398731231689e-02 -2.189601026475429535e-02 -3.971085324883460999e-02 -8.830650150775909424e-02 1.253078598529100418e-02 -4.229405149817466736e-02 -7.084611058235168457e-02 -7.151947915554046631e-02 -1.765067130327224731e-02 3.849843516945838928e-02 1.620746031403541565e-02 -7.524273358285427094e-03 8.726089447736740112e-02 4.557781293988227844e-02 -7.076479494571685791e-02 4.679237306118011475e-02 -4.901971668004989624e-02 -3.719547018408775330e-02 -7.497581094503402710e-02 8.358620852231979370e-02 4.582191258668899536e-02 8.005511760711669922e-02 -2.287981286644935608e-02 1.086716428399085999e-01 9.817071259021759033e-02 6.568153621628880501e-04 1.665640026330947876e-01 3.064915724098682404e-02 -8.020467311143875122e-02 -5.143424030393362045e-03 3.771160915493965149e-02 -8.282422274351119995e-02 -1.785117201507091522e-02 5.888256430625915527e-02 -9.221330285072326660e-02 -7.837294042110443115e-02 -5.607490986585617065e-02 -2.433254942297935486e-02 8.714719675481319427e-03 -2.354955673217773438e-02 -5.322553962469100952e-02 -2.087437547743320465e-03 6.543328613042831421e-02 1.108263581991195679e-01 3.879784792661666870e-02 7.008542120456695557e-02 2.074732445180416107e-02 -3.325390815734863281e-02 2.665633149445056915e-02 -7.040853146463632584e-03 9.533908963203430176e-02 1.008489821106195450e-02 -6.903553754091262817e-02 5.444622412323951721e-02 7.407929748296737671e-02 -5.589269474148750305e-02 -7.073321193456649780e-02 2.987932972609996796e-02 8.213023538701236248e-04 4.372931644320487976e-02 5.867966637015342712e-02 7.558283209800720215e-02 3.512724861502647400e-02 5.350190028548240662e-02 -5.348356813192367554e-02 5.013280734419822693e-02 -6.193776801228523254e-02 -1.725742965936660767e-02 -5.562889575958251953e-02 1.079491600394248962e-01
-4.760895296931266785e-02 -1.221060473471879959e-02 -3.300550580024719238e-02 1.639847457408905029e-02 -2.782878652215003967e-02 -1.570891216397285461e-02 -1.631027087569236755e-02 2.448240481317043304e-02 -6.984784454107284546e-02 1.223595067858695984e-02 5.858979746699333191e-02 2.408529818058013916e-02 -2.996534854173660278e-02 -5.215276777744293213e-02 2.594473771750926971e-02 -6.770657747983932495e-02 3.064952977001667023e-02 7.337065786123275757e-02 7.522977143526077271e-02 7.673215121030807495e-02 -1.486225984990596771e-02 -4.178782179951667786e-02 -7.841768115758895874e-02 9.558200091123580933e-02 3.058506175875663757e-02 -2.016790094785392284e-04 7.701097428798675537e-02 1.537542603909969330e-02 -4.265699535608291626e-02 8.099789917469024658e-02 6.698727520415559411e-05 1.874924823641777039e-02 -1.154824066907167435e-02 1.629612594842910767e-02 6.375775486230850220e-02 3.931644186377525330e-02 8.920070528984069824e-02 -7.830521464347839355e-02 7.698251307010650635e-02 7.091336697340011597e-02 -1.605889014899730682e-02 -6.155968643724918365e-03 1.150076016783714294e-01 -9.583508223295211792e-02 -6.742022186517715454e-02 1.647758670151233673e-02 -9.126767516136169434e-02 3.935820981860160828e-02 -2.292646281421184540e-02 2.479286631569266319e-03 3.732584416866302490e-02 5.581744760274887085e-02 8.648090809583663940e-02 1.176233496516942978e-02 1.891437172889709473e-02 -5.750971287488937378e-02 8.732075244188308716e-02 -9.873140603303909302e-02 9.251360595226287842e-02 4.897134844213724136e-03 -5.122914537787437439e-02 2.200266718864440918e-02 -7.452159374952316284e-02 6.465825438499450684e-02 -9.657273441553115845e-02 8.002632856369018555e-02 -7.185567170381546021e-02 8.693514764308929443e-02 5.411101505160331726e-02 8.443304896354675293e-02 -7.598593086004257202e-02 -5.729739740490913391e-02 7.224854826927185059e-02 6.610568612813949585e-02 5.445184186100959778e-02 -1.108797788619995117e-01 1.774181425571441650e-02 -9.698884934186935425e-02 2.881094068288803101e-02 -1.162650138139724731e-01 -9.793534874916076660e-03 3.050153702497482300e-02 -7.177792489528656006e-02 7.676150649785995483e-02 1.287223305553197861e-02 -9.901537746191024780e-02 -1.428282856941223145e-01 -8.544614911079406738e-02 -3.965545073151588440e-02 4.850358143448829651e-02 7.581628859043121338e-02 -3.071162663400173187e-02 -3.131306916475296021e-02 1.363081112504005432e-02 2.610258199274539948e-02 1.208792999386787415e-02 1.522725820541381836e-02 1.353313028812408447e-02 4.829824715852737427e-02 9.143909066915512085e-02
8.992487192153930664e-02 -9.232039563357830048e-03 -4.855851456522941589e-02 -5.158291198313236237e-03 -7.046613097190856934e-02 -6.348121911287307739e-02 -8.037111908197402954e-02 1.134152561426162720e-01 5.974381417036056519e-02 -2.837246842682361603e-02 6.841946858912706375e-03 3.726454824209213257e-02 -3.019505925476551056e-02 2.228874713182449341e-02 -5.924781784415245056e-03 -8.273474127054214478e-02 4.491760581731796265e-02 4.864261951297521591e-03 8.648267388343811035e-02 5.631673708558082581e-02 2.709174901247024536e-02 7.387248426675796509e-02 3.014427237212657928e-02 1.073403432965278625e-01 3.337426856160163879e-02 -3.098985180258750916e-02 7.152409106492996216e-02 5.091668665409088135e-02 -7.140140980482101440e-02 8.783689886331558228e-02 -1.621373929083347321e-02 -8.470333367586135864e-02 -4.459834843873977661e-02 -1.508119329810142517e-02 -5.360320210456848145e-03 -8.763667196035385132e-02 9.211106598377227783e-02 -8.862930536270141602e-02 -4.189018532633781433e-02 -5.387130007147789001e-02 6.466442719101905823e-03 -4.902324825525283813e-02 -9.046586602926254272e-02 3.537376970052719116e-02 -2.181311137974262238e-02 4.256658628582954407e-02 1.256837695837020874e-01 6.688949465751647949e-02 1.521707177162170410e-01 -1.088393200188875198e-02 1.179994791746139526e-01 1.054689213633537292e-01 -1.505081634968519211e-02 -8.389772474765777588e-02 -2.480101771652698517e-03 -1.859477721154689789e-02 1.865669712424278259e-02 4.473984241485595703e-02 1.089010387659072876e-01 -4.215675964951515198e-02 -1.937737502157688141e-02 3.854260593652725220e-02 -1.092733144760131836e-01 -4.330228269100189209e-02 -8.121556602418422699e-03 -2.854391559958457947e-02 5.358720943331718445e-02 -1.110040694475173950e-01 2.857668511569499969e-02 -7.133654505014419556e-02 9.600547701120376587e-02 1.163584664463996887e-01 2.447024546563625336e-02 3.695417195558547974e-02 1.233402639627456665e-01 2.174948342144489288e-02 -6.671296060085296631e-02 1.441674828529357910e-01 -8.985915035009384155e-02 1.431522704660892487e-02 4.955664649605751038e-02 6.439774483442306519e-02 -1.701243780553340912e-02 -5.376610904932022095e-03 4.096774011850357056e-02 3.391116112470626831e-02 -7.985511911101639271e-04 5.932825617492198944e-03 3.483606735244393349e-03 -5.233287438750267029e-02 -1.253590136766433716e-01 -8.467979729175567627e-02 -1.066856458783149719e-01 3.961247950792312622e-02 -6.009382754564285278e-02 -3.508064523339271545e-02 -7.075474411249160767e-02 -7.992735505104064941e-02 1.169540658593177795e-01 -6.788448989391326904e-02
6.318944692611694336e-02 -2.862982638180255890e-02 -8.358053863048553467e-02 -8.927067369222640991e-02 1.209652982652187347e-02 3.898173570632934570e-02 6.825938075780868530e-02 9.936142712831497192e-02 -8.760924637317657471e-02 9.068582206964492798e-02 -7.109086960554122925e-02 -2.676623314619064331e-02 -1.346286106854677200e-02 3.559791296720504761e-02 3.719297423958778381e-02 -3.572308691218495369e-03 3.580873832106590271e-02 4.102921113371849060e-02 -9.196647256612777710e-02 -4.246055707335472107e-02 8.177999407052993774e-03 -6.770419329404830933e-02 -1.072221901267766953e-02 -6.874050945043563843e-02 5.546441301703453064e-02 1.250328868627548218e-02 -1.175381764769554138e-01 -2.848795056343078613e-02 -3.576915711164474487e-02 -4.262547940015792847e-03 4.532936587929725647e-02 1.223398372530937195e-01 9.046249091625213623e-03 6.452941149473190308e-02 8.527065813541412354e-02 9.442319720983505249e-02 3.713458776473999023e-02 6.437551230192184448e-02 1.046761125326156616e-02 -1.177655719220638275e-02 2.353140385821461678e-03 2.076708376407623291e-01 1.541496962308883667e-01 -7.289223372936248779e-02 -5.349032580852508545e-02 -7.239493727684020996e-02 4.492742940783500671e-02 -2.691895328462123871e-02 -8.501654118299484253e-02 4.570542275905609131e-02 7.071286439895629883e-02 -5.897742509841918945e-02 1.440977305173873901e-01 3.959357738494873047e-02 5.357845872640609741e-02 -9.035904891788959503e-03 1.276473402976989746e-01 1.197396889328956604e-01 1.446759998798370361e-01 -1.663798838853836060e-01 5.119755119085311890e-02 9.281896054744720459e-02 1.435207761824131012e-02 9.823350701481103897e-04 -3.181206434965133667e-02 -2.553671412169933319e-02 -7.150961458683013916e-02 1.507851183414459229e-01 -9.042622148990631104e-02 4.923100024461746216e-02 -1.056821942329406738e-01 -3.281281888484954834e-02 1.264445930719375610e-01 -3.528626263141632080e-02 -3.564659878611564636e-02 -9.573708521202206612e-04 3.707614168524742126e-02 -8.545529097318649292e-02 7.286328077316284180e-02 1.075972467660903931e-01 1.013584136962890625e-01 -2.978629781864583492e-04 7.129871100187301636e-02 6.598778069019317627e-02 2.418674714863300323e-02 -5.989732965826988220e-02 -6.448571383953094482e-02 4.059303924441337585e-02 -1.023752242326736450e-01 -9.168579429388046265e-02 1.202373504638671875e-01 7.003051787614822388e-02 7.717872411012649536e-02 3.218817710876464844e-02 -5.793005600571632385e-02 -6.580668687820434570e-02 -1.136314868927001953e-01 -3.884903341531753540e-02 1.413713991641998291e-01 1.628001779317855835e-01
1.760926470160484314e-02 -1.061517223715782166e-01 -1.401804834604263306e-01 8.976779133081436157e-02 -8.319874107837677002e-02 -2.243063971400260925e-02 2.248476026579737663e-03 5.362657457590103149e-02 8.293577283620834351e-02 -3.973920643329620361e-02 1.821272373199462891e-01 -4.000692442059516907e-02 7.627488672733306885e-02 1.678963899612426758e-01 2.123487647622823715e-03 -4.664260149002075195e-02 -1.055142208933830261e-01 3.446132689714431763e-02 -1.211772114038467407e-02 1.112710013985633850e-01 -9.931903332471847534e-02 -5.247299000620841980e-02 1.137507557868957520e-01 -8.173163980245590210e-02 -5.664713308215141296e-02 1.929349452257156372e-01 3.083101101219654083e-02 3.077729791402816772e-02 2.905440889298915863e-02 3.633211925625801086e-02 -9.112351574003696442e-03 -2.002863213419914246e-02 3.913185000419616699e-02 5.519207566976547241e-03 3.547664359211921692e-02 7.758586853742599487e-02 1.757732219994068146e-02 8.116926252841949463e-02 -6.386743485927581787e-02 -1.851301640272140503e-02 -1.034884601831436157e-01 5.479821190237998962e-02 1.960382163524627686e-01 -4.578002169728279114e-02 -6.284279376268386841e-02 -8.513753116130828857e-02 -7.521045207977294922e-02 3.241468803025782108e-04 7.274797558784484863e-02 3.661977499723434448e-02 3.129313141107559204e-02 6.052295118570327759e-02 1.653129607439041138e-01 -1.196087151765823364e-02 1.273172348737716675e-01 -3.402751311659812927e-02 -1.145402714610099792e-01 4.159087315201759338e-02 1.161356419324874878e-01 -1.220680102705955505e-01 -5.944898724555969238e-02 -5.571040883660316467e-02 -8.000889420509338379e-02 8.482895046472549438e-02 -5.561298504471778870e-02 -1.262888405472040176e-02 2.824345976114273071e-02 1.669862568378448486e-01 1.034916937351226807e-01 1.279923617839813232e-01 6.806675344705581665e-02 2.796531096100807190e-02 -8.199001848697662354e-02 6.336656864732503891e-03 -5.269746482372283936e-02 -3.132401406764984131e-02 -1.049387082457542419e-01 6.800751388072967529e-02 -3.017380647361278534e-02 4.462851211428642273e-02 3.472731262445449829e-02 1.139329075813293457e-01 3.419623710215091705e-03 1.483297348022460938e-02 3.312382102012634277e-02 1.995002664625644684e-02 2.713754959404468536e-02 -1.369604375213384628e-03 -6.346022337675094604e-02 6.791581981815397739e-04 6.522519886493682861e-02 -6.685849279165267944e-02 5.697503220289945602e-03 9.536336362361907959e-02 3.116150945425033569e-02 -6.163195148110389709e-02 -1.287139952182769775e-01 6.731688976287841797e-02 2.768135163933038712e-03 -3.472429513931274414e-02
9.112890809774398804e-02 -1.071014851331710815e-01 -6.602761149406433105e-02 -8.732333779335021973e-03 -4.030475392937660217e-02 1.852004602551460266e-02 -9.959641844034194946e-02 1.285071223974227905e-01 -1.027324721217155457e-01 -1.689981818199157715e-01 -2.432025223970413208e-02 -4.249705374240875244e-02 6.405510008335113525e-02 -1.347139030694961548e-01 -7.537816464900970459e-02 5.948519334197044373e-02 8.915477432310581207e-03 1.060639601200819016e-02 4.298866912722587585e-02 3.209132328629493713e-02 -5.797291919589042664e-02 5.381193011999130249e-02 -8.596207201480865479e-02 -8.596718311309814453e-03 -8.712187409400939941e-03 1.596562564373016357e-02 -8.484563976526260376e-02 1.046619610860943794e-03 -4.727564007043838501e-02 -7.838110625743865967e-02 -1.624914817512035370e-02 -4.651535302400588989e-02 3.369762748479843140e-02 -9.844288229942321777e-02 1.160791143774986267e-01 6.697487086057662964e-02 -2.807311154901981354e-02 -7.606711238622665405e-02 -9.277842938899993896e-03 3.146999329328536987e-02 -2.347284741699695587e-02 1.268505305051803589e-02 -3.845136240124702454e-02 1.224142909049987793e-01 4.703463613986968994e-02 2.595014683902263641e-02 1.507312953472137451e-01 -1.485242098569869995e-01 -6.830324977636337280e-02 -5.638359487056732178e-02 3.819177299737930298e-02 -4.752065613865852356e-02 -3.900241339579224586e-03 4.618128016591072083e-02 8.447805047035217285e-02 1.478078365325927734e-01 -1.129662171006202698e-01 -3.396735712885856628e-02 -6.124804913997650146e-02 3.867802023887634277e-02 -9.425115585327148438e-02 -1.082073897123336792e-01 -4.857115913182497025e-03 -5.676743015646934509e-02 1.452338248491287231e-01 1.403822004795074463e-01 8.602759987115859985e-02 4.401464015245437622e-02 5.586995929479598999e-02 1.983647421002388000e-02 -2.999848127365112305e-02 2.078311890363693237e-02 -6.395408511161804199e-02 3.718713298439979553e-02 -3.037117049098014832e-02 -2.795590646564960480e-02 -1.545781344175338745e-01 1.060499101877212524e-01 -1.967605054378509521e-01 1.242322921752929688e-01 -1.345534771680831909e-01 -1.190342232584953308e-01 -6.621034350246191025e-03 1.689959168434143066e-01 -1.825508894398808479e-03 1.415051519870758057e-01 -8.568312227725982666e-02 8.211921900510787964e-02 -1.552981138229370117e-01 1.154044792056083679e-01 1.624567061662673950e-01 -5.105451866984367371e-02 -4.855480417609214783e-02 1.351035237312316895e-01 3.133417293429374695e-02 -8.647849410772323608e-02 3.536729607731103897e-03 1.261382400989532471e-01 3.707181662321090698e-02 2.231362462043762207e-02
6.413644552230834961e-02 1.268082950264215469e-02 -6.577368825674057007e-02 8.132959902286529541e-02 -6.884373258799314499e-03 1.154829561710357666e-01 1.612127944827079773e-02 7.480135560035705566e-02 -3.635361045598983765e-02 -7.505784928798675537e-02 5.501968041062355042e-02 4.273762553930282593e-02 1.078593507409095764e-01 6.198691204190254211e-02 -9.461909532546997070e-02 -9.813034534454345703e-02 3.943718969821929932e-02 -5.821004882454872131e-02 3.016713634133338928e-02 1.802284084260463715e-02 9.466333314776420593e-03 -1.126218438148498535e-01 -8.435216732323169708e-03 -4.833179712295532227e-02 -3.085306659340858459e-02 -9.743712842464447021e-02 1.031726598739624023e-01 5.079258233308792114e-02 -3.739961609244346619e-02 9.070343524217605591e-02 8.552855253219604492e-02 -3.654890879988670349e-02 -1.445174403488636017e-02 -8.613162487745285034e-02 6.224333867430686951e-02 -7.227453589439392090e-02 1.399436146020889282e-01 -9.453155100345611572e-02 -1.655765436589717865e-02 1.398393213748931885e-01 -8.374813944101333618e-02 -5.106554925441741943e-02 -4.133932292461395264e-03 -1.055441331118345261e-02 1.408240757882595062e-03 2.471052343025803566e-03 -1.067529432475566864e-02 -6.544964015483856201e-02 8.673359453678131104e-02 8.326864987611770630e-02 1.027501150965690613e-01 9.472487121820449829e-02 -9.649742394685745239e-02 1.073518320918083191e-01 -2.264943346381187439e-02 7.217341661453247070e-02 7.719937711954116821e-02 -4.546232521533966064e-02 -1.525013148784637451e-01 -7.188581675291061401e-02 2.319493889808654785e-02 6.333570927381515503e-02 -6.814078241586685181e-02 -1.148056462407112122e-01 2.496435865759849548e-02 -7.976100593805313110e-02 -6.581875681877136230e-02 4.530598409473896027e-03 6.881973892450332642e-02 1.022146642208099365e-01 8.300661295652389526e-02 -8.353892713785171509e-02 -6.900844722986221313e-02 -2.490604668855667114e-02 7.867538928985595703e-02 -3.258948028087615967e-02 -3.085992112755775452e-02 -4.331111907958984375e-02 9.248453378677368164e-02 -1.315244585275650024e-01 -3.259855136275291443e-02 8.752828463912010193e-03 -1.212444454431533813e-01 -4.912829399108886719e-02 -2.674120292067527771e-02 4.305340815335512161e-03 2.967836707830429077e-02 -2.312426827847957611e-02 4.087396711111068726e-02 1.327874511480331421e-01 -3.511418029665946960e-02 -2.704434096813201904e-02 1.423171255737543106e-02 -8.761015534400939941e-02 4.018991894554346800e-04 1.186853349208831787e-01 -7.544554024934768677e-02 -9.144480526447296143e-02 -2.171351015567779541e-02 9.292549639940261841e-02
3.338497132062911987e-02 1.025886908173561096e-01 3.109844028949737549e-02 -1.365713216364383698e-02 -5.659870058298110962e-02 -1.000181809067726135e-01 -2.340963482856750488e-02 -8.617831766605377197e-02 5.901111755520105362e-03 -9.737866371870040894e-02 7.793518155813217163e-02 -5.165718868374824524e-02 6.719344854354858398e-02 -7.984164357185363770e-02 6.303811073303222656e-02 -1.834392920136451721e-02 -5.721493810415267944e-02 6.106996536254882812e-02 -7.591887377202510834e-03 -1.078025698661804199e-01 5.497126281261444092e-02 6.132354587316513062e-02 8.238768577575683594e-02 1.234837472438812256e-01 -1.091089770197868347e-01 -8.107792586088180542e-02 1.126077994704246521e-01 -1.683106832206249237e-02 7.964097708463668823e-02 -6.310518085956573486e-02 4.763770848512649536e-02 -2.763710357248783112e-02 1.258183736354112625e-02 8.291891217231750488e-02 -3.043671138584613800e-02 1.231954619288444519e-01 8.126431144773960114e-03 8.463505655527114868e-03 7.411167025566101074e-02 -7.630975544452667236e-02 -7.009179890155792236e-02 -9.124029427766799927e-02 3.041159734129905701e-02 8.330336213111877441e-02 -5.090221017599105835e-02 -2.778658643364906311e-02 8.377344906330108643e-02 -3.123938804492354393e-03 -6.528903543949127197e-02 -2.410242334008216858e-02 2.710904367268085480e-02 4.462309554219245911e-02 4.071180522441864014e-02 4.368076100945472717e-02 -8.060172200202941895e-02 2.810888923704624176e-02 1.245390102267265320e-01 1.270187497138977051e-01 6.380263715982437134e-02 6.641534715890884399e-02 1.658386290073394775e-01 9.008691459894180298e-02 5.066917091608047485e-02 -4.050853848457336426e-02 1.375362928956747055e-02 -4.217143356800079346e-02 6.162181124091148376e-02 -1.723675131797790527e-01 -1.982478797435760498e-02 -8.861188590526580811e-02 -4.344276618212461472e-03 6.625624001026153564e-02 4.433606192469596863e-02 3.361996635794639587e-02 -7.828664779663085938e-02 4.373628646135330200e-02 2.792670420603826642e-05 -5.415248498320579529e-02 6.591192632913589478e-02 4.894253984093666077e-02 1.941580921411514282e-01 -1.102946177124977112e-01 1.903306879103183746e-02 -8.088384568691253662e-02 -6.728287320584058762e-03 6.484572589397430420e-02 4.742892086505889893e-02 -8.908534049987792969e-02 -3.432911261916160583e-02 4.180194064974784851e-02 1.156601011753082275e-01 3.150238841772079468e-02 3.431229665875434875e-02 5.913343653082847595e-02 -1.671694219112396240e-02 2.696288935840129852e-02 -5.838220193982124329e-02 -4.706229642033576965e-02 -5.975628271698951721e-02 -8.507882803678512573e-02
4.434273019433021545e-02 8.567661792039871216e-02 9.034211933612823486e-02 7.074204087257385254e-02 3.610774129629135132e-02 -2.984848245978355408e-02 -7.785559445619583130e-02 -2.117027156054973602e-02 5.913230031728744507e-02 -1.292841285467147827e-01 -7.367702573537826538e-02 -3.927526250481605530e-02 2.747785672545433044e-02 -4.806312918663024902e-02 4.263407737016677856e-02 -1.365976128727197647e-02 5.924647301435470581e-02 -7.911841571331024170e-02 1.589792035520076752e-02 -4.602965340018272400e-02 3.443316370248794556e-02 9.580226242542266846e-02 -4.999875277280807495e-02 2.018307149410247803e-02 -2.467544004321098328e-02 -7.119517773389816284e-02 1.382334530353546143e-01 -1.103290822356939316e-02 1.500798575580120087e-02 -8.502361178398132324e-02 3.144770488142967224e-02 1.052594408392906189e-01 2.773066237568855286e-02 8.708739280700683594e-02 -8.327835053205490112e-02 -6.055929139256477356e-02 -4.476929083466529846e-03 5.691830068826675415e-02 -8.113618940114974976e-02 -2.241549827158451080e-02 8.562339097261428833e-02 -7.413295097649097443e-03 2.468197233974933624e-02 -2.628006041049957275e-02 1.184223741292953491e-01 -2.382402867078781128e-02 1.586949527263641357e-01 -7.191646844148635864e-02 8.535831421613693237e-02 1.383847906254231930e-03 1.291463337838649750e-02 8.819786459207534790e-02 -1.672930899076163769e-03 9.332261234521865845e-02 -3.258544579148292542e-02 -9.900648891925811768e-02 -8.909233659505844116e-02 1.002301946282386780e-01 -7.659287750720977783e-02 -2.047220245003700256e-02 7.078074663877487183e-02 9.579461067914962769e-02 -1.280095055699348450e-02 -4.851455613970756531e-02 -2.925933524966239929e-02 2.120009809732437134e-02 -2.299438975751399994e-02 -2.807160466909408569e-02 -4.047516733407974243e-02 -1.100142672657966614e-01 -3.356722742319107056e-02 6.704714149236679077e-02 -1.046734862029552460e-02 6.230768933892250061e-02 -7.570833712816238403e-02 8.948558568954467773e-02 8.714344352483749390e-02 5.586186051368713379e-02 -4.277411848306655884e-02 3.149236738681793213e-02 6.104951724410057068e-02 1.392816156148910522e-01 -7.978867739439010620e-02 -3.516208752989768982e-02 -4.616607353091239929e-02 1.004663035273551941e-01 3.296495601534843445e-02 9.559364616870880127e-02 6.264291703701019287e-02 -5.283779650926589966e-02 -3.529920801520347595e-02 8.730636909604072571e-03 -1.641662791371345520e-02 9.669580496847629547e-03 9.382981061935424805e-02 1.088922545313835144e-01 -4.197283834218978882e-02 -7.458347082138061523e-02 -8.579838089644908905e-03 -1.399421244859695435e-01
-8.181372284889221191e-02 7.672819308936595917e-03 1.998348161578178406e-02 -1.166191920638084412e-01 -1.866888254880905151e-02 -8.175399154424667358e-02 -7.833305001258850098e-02 3.479610383510589600e-02 -4.037440568208694458e-02 6.432630866765975952e-02 1.721207648515701294e-01 -2.132228910923004150e-01 4.009103775024414062e-02 -1.483771353960037231e-01 3.748121857643127441e-02 -2.901540696620941162e-02 -9.606276452541351318e-02 1.120479628443717957e-01 -6.741201505064964294e-03 -1.321102492511272430e-02 -2.489677816629409790e-02 2.499189227819442749e-03 -2.247437983751296997e-01 -2.342351526021957397e-02 9.030679613351821899e-02 5.858603492379188538e-02 -1.707383431494235992e-02 7.394719868898391724e-02 -1.513751409947872162e-02 -5.483631417155265808e-02 5.071244016289710999e-02 4.663983359932899475e-02 -2.739972062408924103e-02 1.614016480743885040e-02 -3.413856774568557739e-02 -7.996361702680587769e-02 8.079966157674789429e-02 4.843907430768013000e-02 8.531504124402999878e-02 -4.107772931456565857e-02 -6.990633904933929443e-02 -2.429482340812683105e-02 6.689569354057312012e-02 -6.587604433298110962e-02 2.499490603804588318e-02 8.165859617292881012e-03 -1.528898626565933228e-01 7.242868840694427490e-02 -4.510637745261192322e-02 -1.102299094200134277e-01 1.326487772166728973e-02 -4.392940178513526917e-02 -2.761726081371307373e-02 2.244999818503856659e-02 7.330879569053649902e-02 -2.498085238039493561e-02 -1.003179699182510376e-01 2.135024592280387878e-02 8.005011826753616333e-02 -3.526240587234497070e-02 1.034364998340606689e-01 -8.207225054502487183e-02 -7.730967551469802856e-02 -4.442491754889488220e-02 4.127021506428718567e-02 7.926709949970245361e-02 -3.400063514709472656e-02 -1.057914793491363525e-01 -1.034972444176673889e-01 -1.713374629616737366e-02 -3.204764053225517273e-02 4.477581009268760681e-03 -2.172924391925334930e-02 2.402002923190593719e-02 1.682090610265731812e-01 7.074360735714435577e-03 5.348813906311988831e-02 -1.622209697961807251e-01 6.731545180082321167e-02 -6.854941695928573608e-02 1.003862917423248291e-01 -3.201356157660484314e-02 6.589036434888839722e-02 -1.538772694766521454e-02 -8.695902675390243530e-02 -1.701239347457885742e-01 6.503999233245849609e-02 -9.204566478729248047e-02 -1.152685657143592834e-01 -1.495795249938964844e-01 1.595001071691513062e-01 -8.739078417420387268e-03 -7.094766944646835327e-02 8.708077669143676758e-02 5.189538002014160156e-02 -4.789702966809272766e-02 2.481954172253608704e-02 -2.115387283265590668e-02 -1.770576275885105133e-02 -1.009626165032386780e-01
-5.423295125365257263e-02 9.608510136604309082e-02 3.444919362664222717e-02 -1.341312378644943237e-02 2.670769207179546356e-02 -6.248981878161430359e-02 -4.542040824890136719e-02 -7.617480307817459106e-02 -6.530436128377914429e-02 -4.693102464079856873e-02 -1.029916703701019287e-01 -4.976990167051553726e-03 -7.887715101242065430e-02 1.414284855127334595e-02 8.771777898073196411e-02 -2.554749138653278351e-02 7.787749171257019043e-02 -2.465271018445491791e-02 -8.726720511913299561e-02 -5.275604873895645142e-02 -9.253306686878204346e-02 -7.133904844522476196e-03 -1.097714975476264954e-01 -9.681005775928497314e-02 -3.371041640639305115e-02 -4.092732444405555725e-02 -7.343620806932449341e-02 -7.552429288625717163e-02 5.099369212985038757e-02 1.072454676032066345e-01 -4.353926703333854675e-02 6.493740528821945190e-02 8.312954008579254150e-02 4.930878430604934692e-02 -2.724924124777317047e-02 6.350589543581008911e-02 -3.743088245391845703e-02 2.353539923205971718e-03 4.614653810858726501e-02 3.942653164267539978e-02 -5.048565194010734558e-02 -6.084709614515304565e-02 1.303722616285085678e-02 -4.013641271740198135e-03 1.545996498316526413e-02 -6.051012873649597168e-02 7.127823680639266968e-02 -1.277265883982181549e-02 5.953883286565542221e-03 -9.086600691080093384e-02 -5.788017809391021729e-02 -2.577081881463527679e-02 8.592497557401657104e-02 -1.017758250236511230e-01 -7.470636069774627686e-02 -1.032594144344329834e-01 6.110369414091110229e-02 9.953087568283081055e-02 1.880296878516674042e-02 -1.899462752044200897e-02 -1.053428277373313904e-03 -1.036145687103271484e-01 -1.149310022592544556e-01 -6.243967637419700623e-02 6.719467043876647949e-02 -5.930542945861816406e-02 -5.349535867571830750e-02 9.010291844606399536e-02 -8.155986666679382324e-02 3.383253468200564384e-03 -2.773852646350860596e-02 -1.464957930147647858e-02 -3.190129995346069336e-02 6.813765317201614380e-02 -5.342785641551017761e-02 5.601510778069496155e-02 1.023126691579818726e-01 -1.876759051810950041e-04 3.757017105817794800e-02 1.090998649597167969e-01 -6.547684222459793091e-02 1.086860597133636475e-01 -1.281078439205884933e-02 -1.154275014996528625e-01 -4.823759198188781738e-02 4.068426042795181274e-02 3.833711519837379456e-02 5.458386987447738647e-02 3.635790944099426270e-02 -1.830871962010860443e-02 6.931765377521514893e-02 4.466549679636955261e-02 8.949320018291473389e-02 -7.630755752325057983e-02 -2.017280273139476776e-02 5.535420030355453491e-02 -2.575437352061271667e-02 -2.126205712556838989e-02 1.113807111978530884e-01 -6.736998911947011948e-03
3.521705791354179382e-02 7.973301410675048828e-02 -3.810816258192062378e-02 2.410503849387168884e-02 1.534855738282203674e-02 7.240778068080544472e-04 -3.618329763412475586e-02 -1.167390309274196625e-02 -9.652536362409591675e-02 1.321696955710649490e-02 -6.584400311112403870e-03 3.620389103889465332e-02 -5.225295946002006531e-02 -1.394746303558349609e-01 4.962889477610588074e-02 -2.032289467751979828e-02 7.151433080434799194e-02 -1.490303575992584229e-01 5.693316925317049026e-04 7.052870839834213257e-02 1.759601756930351257e-02 -2.808385342359542847e-02 -5.199545621871948242e-02 1.201706975698471069e-01 -5.728229414671659470e-03 -1.218355298042297363e-01 1.106756180524826050e-01 -1.160137541592121124e-02 7.863602042198181152e-02 3.505013510584831238e-02 -8.850677311420440674e-02 -6.566982716321945190e-02 -4.705578088760375977e-02 -4.679999873042106628e-02 -6.400966085493564606e-03 -1.749352179467678070e-02 -7.754345238208770752e-02 -8.100884035229682922e-03 -2.139572985470294952e-02 5.930071696639060974e-02 2.971280366182327271e-02 -1.361036151647567749e-01 -3.271151706576347351e-02 -2.291570790112018585e-02 -8.234340697526931763e-02 4.887657612562179565e-02 9.073507040739059448e-02 -6.615266948938369751e-02 -1.139929443597793579e-01 7.604987174272537231e-02 1.723433658480644226e-02 -4.643300548195838928e-02 -1.023231074213981628e-01 1.626749522984027863e-03 -4.471120238304138184e-02 4.388298466801643372e-02 5.920495092868804932e-02 5.428017675876617432e-02 -1.806531995534896851e-01 -4.596055299043655396e-02 9.464499354362487793e-02 -7.418504357337951660e-02 -5.507704988121986389e-02 -9.024775773286819458e-02 -7.408339530229568481e-02 7.050897181034088135e-02 -4.013838618993759155e-02 -8.109892159700393677e-02 8.262839168310165405e-02 4.677476733922958374e-02 1.140913888812065125e-01 7.134738564491271973e-02 -6.012614443898200989e-02 -6.386491656303405762e-02 2.780092507600784302e-02 4.963644221425056458e-02 8.652064204216003418e-02 -9.604888409376144409e-02 -9.596027433872222900e-02 -2.223830856382846832e-02 1.275425553321838379e-01 1.961010508239269257e-02 -4.178505763411521912e-02 4.156859964132308960e-02 9.333807229995727539e-02 -2.002606913447380066e-02 1.846019774675369263e-01 -3.399679809808731079e-02 -8.858764776960015297e-04 6.728394329547882080e-02 -1.078146994113922119e-01 4.537219181656837463e-02 -2.772046625614166260e-02 7.504909485578536987e-02 9.335351735353469849e-02 -4.070314019918441772e-02 2.782920747995376587e-02 -4.828887432813644409e-02 -1.162232905626296997e-01 -3.547018393874168396e-02
6.861799955368041992e-02 6.197475269436836243e-02 -9.952113032341003418e-02 2.512069232761859894e-02 1.973074302077293396e-02 -7.360570877790451050e-02 -4.706064984202384949e-02 4.270657151937484741e-02 -1.909652352333068848e-02 4.923082515597343445e-02 6.709221005439758301e-02 1.084686722606420517e-03 3.856529667973518372e-02 -9.088084846735000610e-02 -9.234143048524856567e-02 2.407021634280681610e-02 -3.426556661725044250e-02 -2.059928141534328461e-02 5.272123962640762329e-02 5.589256435632705688e-02 -5.487055703997612000e-02 1.469605974853038788e-02 3.442097082734107971e-02 -5.723051726818084717e-03 -1.389272063970565796e-01 -1.184011846780776978e-01 -3.079122304916381836e-02 -8.122058957815170288e-02 2.218119427561759949e-02 -8.930326998233795166e-02 3.927408903837203979e-02 -2.179370447993278503e-02 3.825888037681579590e-02 -8.469495177268981934e-02 -1.840429604053497314e-01 -1.608634293079376221e-01 1.294426172971725464e-01 6.055314093828201294e-03 5.045337602496147156e-02 4.732062667608261108e-02 9.279908984899520874e-02 8.119629696011543274e-03 1.065184697508811951e-01 -5.451956018805503845e-02 2.689309045672416687e-02 -2.750974148511886597e-02 4.099431261420249939e-02 -7.224272191524505615e-02 -2.070597745478153229e-02 6.599314510822296143e-02 1.685754507780075073e-01 -7.431280612945556641e-02 -4.115117341279983521e-02 -9.420701116323471069e-02 7.498241215944290161e-02 8.829496055841445923e-02 5.483285710215568542e-02 1.662600040435791016e-01 -1.163899619132280350e-02 -3.423597291111946106e-02 1.323858276009559631e-02 2.532275021076202393e-02 5.998238921165466309e-02 9.354975819587707520e-02 5.257749557495117188e-02 6.300745159387588501e-02 -3.165199235081672668e-02 5.446592345833778381e-02 -1.044744774699211121e-01 -9.289000183343887329e-02 4.403393343091011047e-02 -5.607220530509948730e-02 6.803483515977859497e-02 -2.256729826331138611e-02 6.331532448530197144e-02 7.843495695851743221e-04 2.823425084352493286e-02 -7.249230891466140747e-02 7.858349941670894623e-03 -7.522907108068466187e-02 9.212229400873184204e-02 -2.178023941814899445e-02 3.310344368219375610e-02 4.327241331338882446e-02 -1.081592217087745667e-01 3.195239603519439697e-02 4.795918241143226624e-02 -7.023102603852748871e-03 -1.388748586177825928e-01 -3.187678009271621704e-02 2.477074228227138519e-02 8.918862044811248779e-02 -3.252222388982772827e-02 4.262442141771316528e-02 -3.672686219215393066e-02 2.232664963230490685e-03 -3.335493057966232300e-02 6.148859858512878418e-02 1.615656726062297821e-02 -2.611540816724300385e-02
-3.585126996040344238e-02 4.022158216685056686e-03 -1.370158139616250992e-02 1.031461879611015320e-01 5.034562200307846069e-02 6.704144179821014404e-02 1.163323782384395599e-02 -6.706287711858749390e-02 2.119224518537521362e-02 1.629304327070713043e-02 -1.071963459253311157e-01 -5.586765334010124207e-02 6.116730719804763794e-02 -8.839505910873413086e-02 1.037721242755651474e-02 5.133565515279769897e-03 -2.519691176712512970e-02 -4.059653729200363159e-02 9.864142164587974548e-03 -3.898033499717712402e-02 7.276122272014617920e-02 -8.105731755495071411e-02 -1.047492250800132751e-01 -4.246134310960769653e-02 4.308556392788887024e-02 1.005450170487165451e-02 -1.326269097626209259e-02 -6.933782249689102173e-02 4.285507649183273315e-02 3.061547689139842987e-02 -9.032085537910461426e-02 6.217766553163528442e-02 -5.578481405973434448e-02 6.210971251130104065e-02 6.431884318590164185e-02 1.627141493372619152e-03 -8.149931579828262329e-02 -3.864077851176261902e-02 -2.932186610996723175e-02 -1.234521064907312393e-02 -7.325787097215652466e-02 6.442306935787200928e-02 7.851955294609069824e-02 -1.942665688693523407e-02 -7.361560594290494919e-03 2.840759605169296265e-02 1.008370891213417053e-01 -4.822074901312589645e-03 8.327040821313858032e-02 -8.785419911146163940e-02 -2.598906680941581726e-02 -1.150786597281694412e-02 4.723871871829032898e-02 -1.093228720128536224e-02 1.442394871264696121e-02 4.170662909746170044e-02 1.827698573470115662e-02 -7.633259147405624390e-02 4.130057618021965027e-02 9.514090418815612793e-02 1.658608019351959229e-02 -7.824713736772537231e-02 -2.475509978830814362e-02 6.903032213449478149e-02 -3.539112210273742676e-02 1.069511696696281433e-01 8.805993199348449707e-02 2.124307118356227875e-02 3.384678065776824951e-02 9.989522397518157959e-02 -1.175507158041000366e-02 -7.243806868791580200e-02 -5.651136860251426697e-02 1.941751339472830296e-03 -9.532732889056205750e-03 -1.092321276664733887e-01 -7.696560770273208618e-02 7.230209559202194214e-02 -3.695996478199958801e-02 -6.797122955322265625e-02 -1.869382523000240326e-02 -2.133004553616046906e-02 -4.264279454946517944e-02 1.381421345286071301e-03 -1.204060669988393784e-02 -2.048755995929241180e-02 -5.430506542325019836e-02 -4.332295060157775879e-02 6.919745821505784988e-03 6.423376500606536865e-02 -3.671388328075408936e-02 -3.533148020505905151e-02 -4.678496345877647400e-02 -4.506880417466163635e-02 -2.374346740543842316e-02 6.061814352869987488e-02 -3.028994798660278320e-02 -8.588997274637222290e-02 2.250927127897739410e-02 1.455782055854797363e-01
-1.819329801946878433e-03 2.000123728066682816e-03 7.590571790933609009e-02 8.627998828887939453e-02 -4.472637176513671875e-02 3.341243788599967957e-02 5.643226206302642822e-02 9.699819982051849365e-02 -6.955378502607345581e-02 -1.889342255890369415e-02 -3.475987911224365234e-02 4.597277566790580750e-02 -4.488275945186614990e-02 6.235275417566299438e-02 6.355013232678174973e-03 1.831249147653579712e-02 -3.529255092144012451e-02 6.578559428453445435e-02 1.938867568969726562e-02 9.041664004325866699e-02 4.729524999856948853e-02 9.625524282455444336e-02 1.538541764020919800e-01 -1.078222990036010742e-01 -1.550194527953863144e-02 6.586249172687530518e-02 -8.976864069700241089e-02 7.005065679550170898e-02 -5.673778429627418518e-02 1.171131059527397156e-02 8.029758930206298828e-03 1.615360528230667114e-01 2.569347620010375977e-02 9.374369680881500244e-02 1.009692028164863586e-01 1.147464197129011154e-02 -5.288971588015556335e-02 -1.169653162360191345e-01 7.282620668411254883e-02 -4.419612884521484375e-02 -7.092771679162979126e-02 -7.338250521570444107e-03 -3.564483672380447388e-02 -3.677760437130928040e-02 -4.060373082756996155e-02 -4.223188012838363647e-02 -5.562181770801544189e-02 -7.458879798650741577e-02 3.975106775760650635e-02 -1.252274960279464722e-01 9.573813527822494507e-03 5.296631157398223877e-02 3.069865703582763672e-01 1.553854644298553467e-01 9.918772429227828979e-02 1.409718543291091919e-01 2.655315212905406952e-02 1.707555353641510010e-02 -1.189927756786346436e-01 -2.310805954039096832e-03 6.380845606327056885e-02 1.751009747385978699e-02 1.786803603172302246e-01 -1.781151816248893738e-02 5.019543319940567017e-02 -5.127208307385444641e-02 -7.859766483306884766e-02 -2.027218788862228394e-02 1.410132944583892822e-01 -4.549887403845787048e-02 -5.578650161623954773e-02 -6.007480993866920471e-02 -7.754390686750411987e-02 -4.553595930337905884e-02 -1.222238466143608093e-01 -4.191438108682632446e-02 6.122075021266937256e-02 -6.534130871295928955e-02 -1.668659001588821411e-01 -1.014143899083137512e-01 -1.707118898630142212e-01 -7.206641137599945068e-02 7.765932381153106689e-02 9.723328799009323120e-02 -5.665858834981918335e-02 1.072646453976631165e-01 2.495053783059120178e-02 1.136675402522087097e-01 -1.762345246970653534e-02 1.122877448797225952e-01 4.811910912394523621e-02 -3.446028009057044983e-02 9.215929359197616577e-02 4.401853680610656738e-02 -1.455406844615936279e-02 4.904459044337272644e-02 1.559007614850997925e-01 3.449648991227149963e-02 5.482864379882812500e-02 -2.527153119444847107e-02
2.692694542929530144e-03 -1.938670058734714985e-03 -2.887540124356746674e-02 4.738984629511833191e-02 -6.237125769257545471e-02 4.440889228135347366e-03 -2.657340280711650848e-02 6.185658741742372513e-03 3.437186032533645630e-02 4.293176531791687012e-02 -4.572496190667152405e-02 5.538994073867797852e-02 -4.589663818478584290e-02 -6.640613824129104614e-02 -3.376618772745132446e-02 -5.367518961429595947e-02 -6.286131590604782104e-02 7.167405635118484497e-02 8.668244630098342896e-02 4.613968357443809509e-02 -5.167658906430006027e-03 -7.221153378486633301e-02 8.677986264228820801e-02 9.074115008115768433e-02 -9.995406121015548706e-02 5.202027037739753723e-02 8.446217328310012817e-02 4.902705922722816467e-02 -6.881152093410491943e-02 3.858776530250906944e-03 -2.797540649771690369e-02 -9.955219179391860962e-02 9.625643491744995117e-02 8.802916109561920166e-02 9.804216027259826660e-02 -5.589810758829116821e-02 -1.127510517835617065e-02 4.840972274541854858e-02 -6.963992118835449219e-02 -8.828771859407424927e-02 4.602018371224403381e-02 3.593074530363082886e-02 -2.367495559155941010e-02 1.063997074961662292e-01 5.824362486600875854e-02 7.172175496816635132e-02 -5.452786758542060852e-02 -2.888470189645886421e-03 9.948809444904327393e-02 2.824625372886657715e-02 7.511729747056961060e-02 2.081186324357986450e-02 7.185686379671096802e-02 1.074436004273593426e-03 4.685245081782341003e-02 -7.756002247333526611e-02 2.150268480181694031e-02 2.981991879642009735e-02 -6.422524899244308472e-02 -6.068259850144386292e-02 -6.318502128124237061e-03 3.785384818911552429e-02 3.329930827021598816e-02 -4.006449505686759949e-02 -7.397053390741348267e-02 -5.618632584810256958e-02 1.353967189788818359e-02 5.242041312158107758e-03 6.135185435414314270e-02 -4.580339416861534119e-02 -1.294970791786909103e-02 -6.867881864309310913e-02 4.563117027282714844e-02 -7.292912900447845459e-02 -1.051075085997581482e-01 1.583959907293319702e-02 8.657105499878525734e-04 -1.428882777690887451e-01 6.732398271560668945e-02 2.479092031717300415e-02 5.531739443540573120e-02 1.207999978214502335e-02 -7.491396367549896240e-02 -4.510890692472457886e-02 -7.423649728298187256e-02 1.002908870577812195e-01 -3.937832638621330261e-02 -6.996748596429824829e-02 5.334755871444940567e-03 3.834839165210723877e-02 9.280715137720108032e-02 7.635707408189773560e-02 2.683255635201931000e-02 9.335382282733917236e-02 8.948042243719100952e-02 1.602393388748168945e-02 -5.947372317314147949e-02 -4.681850969791412354e-02 -6.149805337190628052e-02 6.495945155620574951e-02
3.061794303357601166e-02 2.434447966516017914e-02 4.920640215277671814e-02 7.564966380596160889e-02 5.526604596525430679e-03 2.142053842544555664e-02 -6.776897609233856201e-02 9.025494009256362915e-02 9.647411853075027466e-02 -1.201199889183044434e-01 1.494002044200897217e-01 2.102093398571014404e-02 2.220421470701694489e-02 7.097396533936262131e-03 -6.964096426963806152e-02 1.042130738496780396e-01 4.066981747746467590e-02 3.455423563718795776e-02 -7.090180367231369019e-02 7.798404991626739502e-02 1.347774825990200043e-02 -1.087460517883300781e-01 2.544161118566989899e-02 6.538473814725875854e-02 6.531472504138946533e-02 5.640017986297607422e-02 -1.422304427251219749e-03 2.610393054783344269e-02 3.056059405207633972e-02 3.667762503027915955e-02 6.222788617014884949e-02 1.137435715645551682e-02 -8.427023887634277344e-02 -1.265288889408111572e-01 6.429042201489210129e-03 -1.860171929001808167e-02 -4.934239387512207031e-02 6.860537827014923096e-02 -1.009387969970703125e-01 3.742488846182823181e-02 8.229206502437591553e-02 -2.796630142256617546e-04 8.201327174901962280e-02 1.294538378715515137e-01 5.271859467029571533e-02 1.826322171837091446e-03 -9.865345805883407593e-02 7.978748530149459839e-03 -2.122106775641441345e-02 4.508881270885467529e-02 8.329509757459163666e-03 -4.496162757277488708e-02 9.816123545169830322e-02 4.125084728002548218e-02 -2.307900786399841309e-02 1.214282512664794922e-01 6.306924670934677124e-02 -9.442824125289916992e-02 6.411321461200714111e-02 6.121109053492546082e-02 -2.473322115838527679e-02 -1.083503589034080505e-01 -9.545620530843734741e-02 -7.849135436117649078e-03 -6.343802064657211304e-02 5.950397253036499023e-02 4.909902811050415039e-02 1.092510297894477844e-01 -7.112024724483489990e-02 -2.850864082574844360e-02 -7.198701053857803345e-02 8.293076604604721069e-02 9.994491189718246460e-02 -7.418526709079742432e-02 -8.878497034311294556e-02 4.331599920988082886e-02 4.449185449630022049e-03 9.506709128618240356e-02 -6.331638991832733154e-02 5.468030646443367004e-02 -1.173920035362243652e-01 -9.954655915498733521e-02 -3.845654428005218506e-02 -3.354801237583160400e-02 7.923910394310951233e-03 1.319423224776983261e-02 1.070738676935434341e-02 -6.588446348905563354e-02 -8.970692008733749390e-02 6.357395648956298828e-02 -5.809058248996734619e-02 7.901635020971298218e-02 3.838341683149337769e-02 -5.977710243314504623e-03 6.134830415248870850e-02 -1.345642805099487305e-01 1.238902192562818527e-02 5.097471550107002258e-02 -1.026604045182466507e-02 5.245956405997276306e-02
9.758448600769042969e-02 -1.090775579214096069e-01 9.240452200174331665e-02 1.664162874221801758e-01 4.307899624109268188e-02 -4.629329591989517212e-02 5.441851168870925903e-02 5.972675979137420654e-02 3.205317631363868713e-02 7.826381921768188477e-02 -2.357861399650573730e-01 2.097680568695068359e-01 4.355265572667121887e-02 1.778530031442642212e-01 1.084250304847955704e-02 -5.968446284532546997e-02 -6.897140294313430786e-02 2.249518223106861115e-02 -6.286955624818801880e-02 1.037709116935729980e-01 -1.728000864386558533e-02 2.685219049453735352e-02 7.699766010046005249e-02 4.867934808135032654e-02 2.030001953244209290e-02 6.717845797538757324e-02 -2.385619878768920898e-01 7.946986705064773560e-02 2.187535539269447327e-02 -5.359921604394912720e-02 1.780417561531066895e-02 -7.686106860637664795e-02 3.096456453204154968e-02 -1.072446256875991821e-01 4.610883444547653198e-02 1.376438885927200317e-01 -7.767171598970890045e-03 -4.145466908812522888e-02 1.577250212430953979e-01 -1.780135929584503174e-01 1.091213673353195190e-01 2.446874082088470459e-01 -1.827824562788009644e-01 -4.800650849938392639e-02 -1.981490477919578552e-02 -4.100974649190902710e-02 9.445393085479736328e-02 -1.840541958808898926e-01 -3.796673938632011414e-02 2.271911501884460449e-02 -2.264931648969650269e-01 -9.217216819524765015e-02 2.450900822877883911e-01 6.849170476198196411e-02 -9.133356809616088867e-02 1.168888583779335022e-01 1.750391721725463867e-01 -1.888696402311325073e-01 -1.464347243309020996e-01 2.181788831949234009e-01 -1.659967154264450073e-01 3.839497640728950500e-02 9.117409586906433105e-02 -6.273338198661804199e-02 3.882332891225814819e-02 -6.800995767116546631e-02 -2.192473597824573517e-02 1.598237454891204834e-01 -8.420472033321857452e-03 1.268359720706939697e-01 -6.107260007411241531e-03 7.628683932125568390e-03 7.964673638343811035e-02 3.049165755510330200e-02 4.126143455505371094e-02 -1.070646792650222778e-01 -4.578867927193641663e-02 2.932728081941604614e-02 -1.361409202218055725e-02 1.652637682855129242e-02 -8.016558736562728882e-02 1.375004742294549942e-02 -5.509283766150474548e-02 7.770906388759613037e-02 8.277069777250289917e-02 7.003869861364364624e-02 -3.850425034761428833e-02 -2.421892061829566956e-02 -1.257509142160415649e-01 9.417026489973068237e-02 -1.034521982073783875e-01 3.506424278020858765e-02 -3.068342246115207672e-02 1.118049621582031250e-01 7.809359580278396606e-02 -5.350228399038314819e-02 3.398199751973152161e-02 1.235398054122924805e-01 4.377209767699241638e-02 1.566140055656433105e-01
-8.459210395812988281e-02 7.907005399465560913e-02 7.463604956865310669e-02 -3.136361017823219299e-02 -3.912355005741119385e-02 1.984772738069295883e-03 8.620626479387283325e-02 3.584234975278377533e-03 -8.839959651231765747e-02 -1.453775074332952499e-02 -1.460395194590091705e-02 5.900523811578750610e-02 2.523112855851650238e-02 -1.075551733374595642e-01 -3.516265749931335449e-02 -9.514997154474258423e-02 3.531428053975105286e-02 5.282871425151824951e-02 -7.511579990386962891e-02 -7.911003381013870239e-02 -1.191257908940315247e-01 -5.215848609805107117e-02 -8.977188169956207275e-02 2.986099384725093842e-02 1.109569054096937180e-02 -7.684951275587081909e-02 -5.721033737063407898e-02 3.051139600574970245e-02 7.364770025014877319e-02 5.433155968785285950e-02 2.858571894466876984e-02 -7.520691305398941040e-02 -1.594920270144939423e-02 6.166174076497554779e-03 -1.817477308213710785e-02 9.294846653938293457e-02 7.422797847539186478e-03 6.656500697135925293e-02 -3.962867334485054016e-02 3.548995405435562134e-02 5.278846248984336853e-02 7.336524873971939087e-02 6.980862468481063843e-02 -9.089086204767227173e-02 6.304939836263656616e-02 7.401914149522781372e-02 -8.835560828447341919e-02 1.042989864945411682e-01 -1.280384361743927002e-01 -1.174968183040618896e-01 1.712916232645511627e-02 -9.193205088376998901e-02 6.946964561939239502e-02 -2.801735140383243561e-02 2.950768359005451202e-02 6.450069695711135864e-02 -5.565187707543373108e-02 7.234407961368560791e-02 -4.737785086035728455e-02 4.793523624539375305e-02 7.517971098423004150e-02 -3.238566219806671143e-02 -8.528082072734832764e-02 4.073583334684371948e-02 -7.407473027706146240e-02 -5.818192660808563232e-02 5.416506528854370117e-02 -2.963177161291241646e-03 3.463809564709663391e-02 7.783760875463485718e-02 7.554679363965988159e-02 -1.817105337977409363e-02 -8.184671401977539062e-02 -5.921473726630210876e-03 -1.164543777704238892e-01 5.660429969429969788e-02 9.939459711313247681e-02 -1.498284786939620972e-01 -5.075889825820922852e-02 -5.981631949543952942e-02 6.598088890314102173e-02 -5.822051689028739929e-02 -9.057939797639846802e-02 8.148422092199325562e-02 1.419818494468927383e-02 -9.494706243276596069e-02 -7.626160234212875366e-02 -3.989735990762710571e-02 -7.592063397169113159e-02 6.141291558742523193e-02 1.754309237003326416e-02 -9.350129961967468262e-02 -2.743369340896606445e-02 -4.447196051478385925e-02 1.807311736047267914e-02 -5.417571589350700378e-02 3.821933269500732422e-02 -3.165637329220771790e-02 -6.516129523515701294e-02 9.804887324571609497e-02
1.205748990178108215e-01 3.134121000766754150e-02 -8.622068166732788086e-02 1.195601420477032661e-03 -4.253485798835754395e-02 -7.937403768301010132e-02 -5.624876543879508972e-02 -1.188421994447708130e-01 7.598184794187545776e-02 1.226480398327112198e-02 -1.138474121689796448e-01 2.600642442703247070e-01 -7.075140625238418579e-02 -1.544473767280578613e-01 1.052302047610282898e-01 -7.643969357013702393e-02 -5.091823264956474304e-02 -9.738521277904510498e-02 1.411484628915786743e-01 -7.834206521511077881e-02 3.136380389332771301e-02 -1.326657533645629883e-01 -1.492471527308225632e-02 5.046854913234710693e-02 -1.634086519479751587e-01 -3.618462011218070984e-02 1.079179570078849792e-01 1.852559391409158707e-03 1.031754612922668457e-01 -6.214111112058162689e-03 -1.322556054219603539e-03 -1.841770112514495850e-02 -4.244839400053024292e-02 7.424137741327285767e-02 -2.032332718372344971e-01 -1.689935177564620972e-01 -9.331624954938888550e-02 9.631950408220291138e-02 8.434472978115081787e-02 -6.924536824226379395e-02 6.642387248575687408e-03 4.315678961575031281e-04 6.337380968034267426e-03 -4.051047936081886292e-02 8.202715218067169189e-02 -7.215495407581329346e-02 -7.509950548410415649e-02 7.418075948953628540e-02 8.215288072824478149e-02 1.130963563919067383e-01 -1.838158220052719116e-01 -2.861876226961612701e-02 -2.582681477069854736e-01 1.355644501745700836e-02 -1.235797479748725891e-01 -5.518152564764022827e-02 -1.583761721849441528e-01 -7.232212461531162262e-03 9.642117470502853394e-02 -1.260457038879394531e-01 7.776297628879547119e-02 1.463724374771118164e-01 -1.185739040374755859e-01 -7.625969499349594116e-02 1.240557525306940079e-02 -1.175848767161369324e-02 -9.994052350521087646e-02 -6.703331321477890015e-02 3.594047948718070984e-02 -1.834709048271179199e-01 -7.326854765415191650e-02 9.186118841171264648e-02 4.835708066821098328e-02 -1.277753245085477829e-02 1.303067058324813843e-01 4.899896681308746338e-02 1.654371023178100586e-01 -1.782981455326080322e-01 -4.223448224365711212e-03 -2.462133765220642090e-02 2.079602330923080444e-01 4.122314229607582092e-02 2.140296995639801025e-02 -1.587197333574295044e-01 1.409358158707618713e-02 -1.437419801950454712e-01 1.744948141276836395e-02 2.773739770054817200e-02 7.823235541582107544e-02 -7.180878520011901855e-02 5.779477208852767944e-02 4.955701529979705811e-03 -6.885731592774391174e-03 -3.197111189365386963e-02 6.928497552871704102e-02 -8.096967637538909912e-02 -5.469787120819091797e-02 -6.479201465845108032e-02 -4.640629980713129044e-03 -1.776892095804214478e-01
-9.978653863072395325e-03 1.045977696776390076e-01 1.028950065374374390e-01 -6.850527226924896240e-02 3.548724949359893799e-02 4.180641099810600281e-02 -4.502246901392936707e-02 3.942647203803062439e-02 -6.316516548395156860e-02 -6.492922455072402954e-02 -1.753201335668563843e-01 1.765981763601303101e-01 -1.009637117385864258e-01 -4.292557016015052795e-02 -7.002734392881393433e-02 -8.028906583786010742e-02 -8.394778519868850708e-02 2.034084498882293701e-02 -2.441873587667942047e-02 -3.439933806657791138e-02 -1.327943615615367889e-02 -5.124307796359062195e-02 1.982434839010238647e-02 1.102963555604219437e-02 5.249955132603645325e-02 9.489702060818672180e-03 -3.256295621395111084e-02 -7.268924266099929810e-02 -4.490868002176284790e-02 -6.871934235095977783e-02 7.471227645874023438e-02 -3.230881318449974060e-02 3.180306032299995422e-02 -7.213310152292251587e-02 -1.263928562402725220e-01 3.430024161934852600e-02 3.604037687182426453e-02 -1.450152043253183365e-02 1.998086646199226379e-02 -6.784869730472564697e-02 1.635308377444744110e-03 -5.802175402641296387e-02 5.804477632045745850e-02 -5.512503907084465027e-02 1.052459180355072021e-01 -1.941089332103729248e-02 3.961963951587677002e-02 -1.196526810526847839e-01 -8.982379734516143799e-02 4.489602521061897278e-02 -7.755339890718460083e-02 -2.543954178690910339e-02 4.006645828485488892e-02 -6.598736345767974854e-02 -1.624322235584259033e-01 -1.085021272301673889e-01 -6.108464300632476807e-02 -4.631081596016883850e-02 6.798484176397323608e-02 -1.253584958612918854e-02 8.687769062817096710e-03 4.226570576429367065e-02 -4.250847175717353821e-02 -4.890179261565208435e-02 6.547443568706512451e-02 2.438610652461647987e-03 -6.425271928310394287e-02 9.492794424295425415e-02 -4.583805426955223083e-02 -2.140828780829906464e-02 3.364022448658943176e-02 -5.259650945663452148e-02 7.602212484925985336e-03 -3.372585773468017578e-02 3.817416355013847351e-02 -5.202170088887214661e-02 -5.463428795337677002e-02 8.442112011834979057e-04 -6.626135110855102539e-02 -9.051338583230972290e-02 1.118280813097953796e-01 -3.662822768092155457e-02 7.927520200610160828e-03 -7.800036109983921051e-03 -9.802128374576568604e-02 1.728442497551441193e-02 9.784263372421264648e-02 5.815742164850234985e-02 -7.503545284271240234e-02 -8.275369554758071899e-02 -5.247665196657180786e-02 1.118618920445442200e-01 2.560023590922355652e-02 9.061413258314132690e-02 3.763300552964210510e-02 -8.699981868267059326e-02 -3.442274406552314758e-02 6.478743255138397217e-02 -7.943300902843475342e-02 -9.038817137479782104e-03
-1.310411542654037476e-01 -1.142442375421524048e-01 -3.647723793983459473e-02 -5.635783076286315918e-02 9.206593781709671021e-02 7.727611064910888672e-02 1.958728954195976257e-02 -1.277701407670974731e-01 2.981116063892841339e-02 1.252921372652053833e-01 6.983779836446046829e-03 -2.335977507755160332e-03 3.343787044286727905e-02 -1.501459442079067230e-02 -1.414268314838409424e-01 2.885320223867893219e-02 -4.533909261226654053e-02 7.869082689285278320e-02 1.097965463995933533e-01 1.072223559021949768e-01 1.176601834595203400e-02 1.046802625060081482e-01 -7.516780495643615723e-02 -5.297967698425054550e-03 -4.371764138340950012e-02 4.390513524413108826e-02 -6.741853803396224976e-02 4.636621475219726562e-02 1.882652752101421356e-02 -1.249247565865516663e-01 -2.532784640789031982e-02 9.317571669816970825e-02 2.470256946980953217e-02 -1.130006387829780579e-01 7.696373504586517811e-04 -1.314973682165145874e-01 1.389769557863473892e-02 -3.855697065591812134e-02 8.856032788753509521e-02 1.259838342666625977e-01 6.014467775821685791e-02 -4.740148410201072693e-02 -5.475610867142677307e-02 1.978833973407745361e-01 -1.270302664488554001e-02 -8.575773984193801880e-02 -1.421055989339947701e-03 -9.650429710745811462e-03 1.195695847272872925e-01 -8.772898465394973755e-02 1.996413618326187134e-02 -7.100598514080047607e-02 -1.982661485671997070e-01 -3.211725037544965744e-03 1.093311682343482971e-01 4.946079105138778687e-02 -1.766865253448486328e-01 -3.508727531880140305e-03 -1.328872591257095337e-01 1.317436154931783676e-02 -1.518968045711517334e-01 -5.084074661135673523e-02 -1.324781030416488647e-01 1.933363825082778931e-02 4.487245809286832809e-03 1.144186332821846008e-01 4.131985083222389221e-02 1.747629344463348389e-01 -1.127573028206825256e-01 -5.168766155838966370e-02 3.339434042572975159e-02 2.848021313548088074e-02 8.105304092168807983e-02 5.912676826119422913e-02 -1.237492859363555908e-01 2.618196979165077209e-02 -5.283112823963165283e-02 7.131371647119522095e-02 7.213394343852996826e-02 -4.188468679785728455e-02 -1.265737861394882202e-01 3.000979311764240265e-02 3.033396974205970764e-02 1.065834388136863708e-01 7.279743999242782593e-02 1.213113777339458466e-02 5.266074463725090027e-02 1.354659050703048706e-01 5.685178562998771667e-02 6.843712180852890015e-02 1.077384874224662781e-01 -1.036531776189804077e-01 8.311282098293304443e-02 7.892728596925735474e-02 1.659686677157878876e-02 -9.060584008693695068e-02 -3.208598494529724121e-02 7.080349326133728027e-02 8.389649540185928345e-02 8.657163381576538086e-02
-3.297708556056022644e-02 -4.341591149568557739e-02 1.571311056613922119e-02 -3.561208024621009827e-02 4.665194824337959290e-02 -4.344883561134338379e-02 6.377175450325012207e-02 -7.289259880781173706e-02 5.730278789997100830e-02 -1.221533343195915222e-01 7.885352522134780884e-02 -6.795234233140945435e-02 -3.304829820990562439e-03 9.790124744176864624e-02 -9.417749196290969849e-02 -1.724331453442573547e-02 1.848788931965827942e-02 1.112615838646888733e-01 1.196864247322082520e-01 4.693897441029548645e-02 4.131449013948440552e-02 5.973292887210845947e-02 -3.671735525131225586e-02 -1.204986795783042908e-01 -7.935148477554321289e-02 1.318054087460041046e-02 1.699925586581230164e-02 -7.377493381500244141e-02 9.520963579416275024e-02 7.712098769843578339e-03 -4.297104105353355408e-02 -7.491666823625564575e-02 9.341455250978469849e-02 5.317573621869087219e-02 8.632815629243850708e-02 8.722653239965438843e-02 4.464491456747055054e-02 8.039190620183944702e-02 3.468937356956303120e-04 1.052289158105850220e-01 -4.223781451582908630e-02 -8.607575297355651855e-02 1.090535521507263184e-01 7.135362178087234497e-02 -5.806434899568557739e-02 -1.896890252828598022e-02 1.464080344885587692e-02 6.753799319267272949e-02 -2.649612352252006531e-02 -9.084805101156234741e-02 1.113879680633544922e-01 5.514187365770339966e-02 -1.341437734663486481e-02 1.016379520297050476e-01 1.602798141539096832e-02 -1.119281630963087082e-02 5.100870132446289062e-02 -2.857102639973163605e-02 1.091906577348709106e-01 -3.348834067583084106e-02 -9.871487505733966827e-03 9.196512401103973389e-02 -5.123286321759223938e-02 1.034246012568473816e-01 -9.819284081459045410e-02 3.951226174831390381e-02 5.189630668610334396e-03 1.406234949827194214e-01 3.439954295754432678e-02 -2.001907676458358765e-02 -3.180480748414993286e-02 -5.418365448713302612e-02 9.393430501222610474e-02 3.888728469610214233e-02 1.700177602469921112e-02 -1.187121793627738953e-01 -8.798082172870635986e-02 -3.627735748887062073e-02 9.383399039506912231e-02 7.273950148373842239e-03 2.569912176113575697e-04 -1.001768037676811218e-01 -2.931090258061885834e-02 -3.384907543659210205e-02 -6.313133239746093750e-02 -2.800026163458824158e-02 -5.741645768284797668e-02 -1.569360345602035522e-01 -3.244673088192939758e-02 -1.404367983341217041e-01 7.306157797574996948e-02 -3.719200566411018372e-02 -1.004035174846649170e-01 -3.729498013854026794e-02 1.116632968187332153e-01 4.569699615240097046e-02 -9.228079020977020264e-02 -1.128552556037902832e-01 -9.775987267494201660e-02 -2.634603530168533325e-02
-7.597373425960540771e-02 -1.703624054789543152e-02 -3.367485478520393372e-02 1.157231330871582031e-01 -8.056175708770751953e-02 -9.140404313802719116e-02 -4.953977838158607483e-02 -1.728333346545696259e-02 -3.495696932077407837e-02 5.615376308560371399e-02 -4.485934227705001831e-02 -1.319259256124496460e-01 -9.044437319971621037e-04 -9.643718600273132324e-02 3.184863179922103882e-02 -1.893478073179721832e-02 -7.547757774591445923e-02 6.440342217683792114e-02 2.094416134059429169e-02 9.117738902568817139e-02 -1.252143979072570801e-01 -5.681135132908821106e-02 -1.733122579753398895e-02 -2.475678361952304840e-02 -4.374028649181127548e-03 -2.179091051220893860e-02 7.976493239402770996e-02 4.580166563391685486e-02 9.266599267721176147e-02 -1.077500209212303162e-01 -4.129970818758010864e-02 6.877800077199935913e-02 -5.118997767567634583e-02 1.464721262454986572e-01 -2.405415661633014679e-02 3.857811540365219116e-02 -8.319573104381561279e-02 4.764598980545997620e-02 2.774206735193729401e-02 -4.337402433156967163e-02 -2.065432444214820862e-02 -9.072095155715942383e-02 1.542909592390060425e-01 3.987008240073919296e-03 5.841169878840446472e-02 5.043663457036018372e-02 -1.719940751791000366e-01 -7.683313637971878052e-02 -7.523455470800399780e-02 -8.653189055621623993e-03 7.553969323635101318e-02 1.155152395367622375e-01 2.223381027579307556e-02 -5.288130044937133789e-02 7.223829627037048340e-02 -4.304475337266921997e-02 1.031499356031417847e-02 3.452102467417716980e-02 1.206757053732872009e-01 7.372157182544469833e-03 1.280472725629806519e-01 -2.048090472817420959e-02 -8.473841845989227295e-02 9.542167931795120239e-02 -1.005327701568603516e-01 -1.450063884258270264e-01 5.970415472984313965e-02 1.213901713490486145e-01 4.235750436782836914e-02 1.075699999928474426e-01 9.452428668737411499e-02 8.978794515132904053e-02 -9.357219934463500977e-02 -1.073724776506423950e-01 -7.731714844703674316e-02 7.092150300741195679e-02 6.333931535482406616e-02 -1.714204251766204834e-01 -4.182499274611473083e-02 4.574323445558547974e-02 1.263964325189590454e-01 -3.737547993659973145e-02 1.323132961988449097e-02 -1.255914717912673950e-01 -3.140504658222198486e-02 -1.005771607160568237e-01 7.070895284414291382e-02 -7.853069342672824860e-03 -5.450457334518432617e-03 7.877263240516185760e-03 9.814281761646270752e-02 -8.395504206418991089e-02 4.138587787747383118e-02 -9.953223168849945068e-03 -4.556974768638610840e-02 1.167297083884477615e-02 -3.467166796326637268e-02 6.336689740419387817e-02 1.172990724444389343e-02 -1.008776016533374786e-02
3.584353625774383545e-02 -3.185701370239257812e-02 -1.123937219381332397e-02 9.937119670212268829e-03 2.626978419721126556e-02 -2.597046084702014923e-02 -7.618611305952072144e-02 -9.316838532686233521e-02 -1.688964664936065674e-02 3.782130032777786255e-02 -1.275889128446578979e-01 -5.716495215892791748e-02 1.275793164968490601e-01 1.903361827135086060e-02 4.707276076078414917e-02 -6.150083243846893311e-02 6.907136738300323486e-02 1.553297638893127441e-01 -7.169127464294433594e-02 7.553298771381378174e-02 -5.768168345093727112e-02 -8.857349306344985962e-02 1.495784968137741089e-01 2.709639817476272583e-02 -5.674610659480094910e-02 4.059286043047904968e-02 -1.213813945651054382e-02 -1.419799122959375381e-02 7.042574882507324219e-02 -6.448625028133392334e-02 -8.407074958086013794e-02 1.278232410550117493e-02 -9.095258079469203949e-03 1.015666648745536804e-01 7.880687713623046875e-02 3.921084851026535034e-02 -5.051203817129135132e-02 -8.348131552338600159e-03 -3.360660001635551453e-02 5.761017277836799622e-02 1.109336838126182556e-01 1.101732179522514343e-01 1.127063781023025513e-01 5.546253919601440430e-02 9.855134040117263794e-02 1.739466562867164612e-02 -2.960690483450889587e-02 4.858040809631347656e-02 1.584772914648056030e-01 -2.291961759328842163e-02 -2.000073641538619995e-01 -1.023883279412984848e-02 2.672973871231079102e-01 -1.303886645473539829e-03 -3.357314690947532654e-02 -1.038247272372245789e-01 -2.097055129706859589e-02 3.965556621551513672e-02 8.767538703978061676e-03 3.433962166309356689e-02 -7.637757807970046997e-02 1.130574643611907959e-01 8.649222552776336670e-02 -6.090184673666954041e-02 -4.510293900966644287e-02 2.606756240129470825e-02 -3.569211810827255249e-02 3.778588399291038513e-02 3.642535209655761719e-02 1.075173262506723404e-02 -9.203968197107315063e-02 8.529300987720489502e-02 -1.849064417183399200e-02 -1.350951194763183594e-01 -1.561341807246208191e-02 6.661228835582733154e-02 2.119825221598148346e-02 7.224595546722412109e-02 8.606961369514465332e-02 2.036731131374835968e-02 8.049274981021881104e-02 8.672061376273632050e-03 -1.144353896379470825e-01 -1.844752207398414612e-02 -7.922023534774780273e-03 6.176675483584403992e-02 -5.962595343589782715e-02 4.220553860068321228e-02 6.919929385185241699e-02 -1.091019883751869202e-01 -7.892242074012756348e-02 -3.259056061506271362e-02 3.208536282181739807e-02 -5.607860162854194641e-02 6.191379949450492859e-02 -4.727635905146598816e-02 4.305216670036315918e-02 1.007524654269218445e-01 -2.759447321295738220e-02 1.341309100389480591e-01
7.810160517692565918e-02 -6.585194915533065796e-02 -7.594835013151168823e-02 6.126354564912617207e-04 -7.240294665098190308e-02 -2.419870346784591675e-02 -2.744424343109130859e-02 3.760300576686859131e-02 3.793133050203323364e-02 -7.914879173040390015e-02 7.723157852888107300e-02 -9.950529038906097412e-02 -3.434434905648231506e-02 2.870348393917083740e-01 8.112558722496032715e-02 -6.220249459147453308e-02 9.145994484424591064e-02 2.210429683327674866e-02 8.554926514625549316e-02 7.393534481525421143e-02 2.102014608681201935e-02 -3.273536264896392822e-02 -5.983436480164527893e-02 2.854646742343902588e-02 -6.487825512886047363e-02 1.388509571552276611e-01 -1.582314074039459229e-01 3.215435147285461426e-02 8.524886518716812134e-02 6.286120414733886719e-02 1.017683967947959900e-01 5.845527164638042450e-03 -7.834354788064956665e-02 -1.994437910616397858e-02 2.017845958471298218e-01 -6.400037556886672974e-02 1.355859786272048950e-01 1.060175802558660507e-02 -8.327242732048034668e-02 8.753645420074462891e-02 -2.071374095976352692e-03 -7.677517831325531006e-02 1.417367905378341675e-01 1.376413404941558838e-01 1.653039269149303436e-02 -6.299359351396560669e-02 4.796834662556648254e-02 7.280481606721878052e-02 1.929554529488086700e-02 -1.400463934987783432e-02 2.675673924386501312e-02 2.424797974526882172e-02 -2.536429837346076965e-02 -8.151531219482421875e-02 1.617917567491531372e-01 1.586393564939498901e-01 2.801027335226535797e-02 -2.978072501718997955e-03 -1.880981586873531342e-02 9.271436929702758789e-02 3.953951224684715271e-02 6.999255716800689697e-02 2.636638656258583069e-02 2.205823548138141632e-02 1.143082231283187866e-01 3.097648359835147858e-02 8.620672672986984253e-02 9.369769692420959473e-02 -4.286055266857147217e-02 -2.343815378844738007e-02 -9.349788725376129150e-02 -2.893790602684020996e-02 -7.030677050352096558e-02 5.509724095463752747e-02 -1.092141643166542053e-01 8.208372443914413452e-02 2.466305159032344818e-02 5.941686779260635376e-02 -1.531563848257064819e-01 5.131760239601135254e-02 -9.018471837043762207e-02 1.837340183556079865e-02 5.852797999978065491e-02 5.144906416535377502e-02 -6.842328608036041260e-02 1.485040634870529175e-01 -7.802829146385192871e-02 5.710666999220848083e-02 -1.228766664862632751e-01 3.680891916155815125e-02 2.416942082345485687e-02 -9.565983712673187256e-02 -9.527940303087234497e-03 5.735546350479125977e-02 5.483950302004814148e-02 -8.181660622358322144e-02 8.107791095972061157e-02 8.964952826499938965e-02 1.617887765169143677e-01 -5.270281434059143066e-02
2.074221894145011902e-02 -3.488595783710479736e-02 7.819645106792449951e-02 -5.220056325197219849e-02 -1.106809750199317932e-01 5.093666538596153259e-02 -6.249377503991127014e-02 2.282049804925918579e-01 5.372507125139236450e-02 -8.370227366685867310e-02 -3.552307933568954468e-02 1.539172828197479248e-01 -8.861493319272994995e-02 9.111545234918594360e-02 3.128838911652565002e-02 9.140757471323013306e-02 -5.490927025675773621e-02 -1.559471013024449348e-03 -1.006274744868278503e-01 5.333442613482475281e-02 1.041304413229227066e-02 5.270618945360183716e-02 -1.599229499697685242e-02 -3.122449852526187897e-02 1.403430104255676270e-01 -7.626833021640777588e-02 1.232190355658531189e-01 2.259860187768936157e-02 5.976654216647148132e-02 -5.626888945698738098e-02 -7.895356975495815277e-03 3.668060526251792908e-02 6.183369085192680359e-02 7.030288688838481903e-03 2.993033966049551964e-03 -1.008951142430305481e-01 -5.077491328120231628e-02 -1.344209611415863037e-01 -8.506128191947937012e-02 -2.452084235846996307e-02 -8.623371273279190063e-02 -1.922781020402908325e-02 4.482575505971908569e-02 1.049204766750335693e-01 9.794075787067413330e-02 2.651046961545944214e-02 -1.079084873199462891e-01 -1.856547407805919647e-02 6.624734401702880859e-02 1.891534589231014252e-02 -2.336163260042667389e-02 -2.612427622079849243e-02 -2.335963770747184753e-02 -5.032537877559661865e-02 1.843491196632385254e-01 8.739857375621795654e-02 1.553216874599456787e-01 7.943242788314819336e-02 6.872346159070730209e-03 6.049561500549316406e-02 1.158673688769340515e-01 3.052507527172565460e-02 -8.021206408739089966e-02 -3.512833267450332642e-02 2.046188712120056152e-01 1.120365485548973083e-01 -3.372186049818992615e-02 -5.805617198348045349e-02 -7.531441003084182739e-02 -7.679078727960586548e-02 4.246181808412075043e-03 5.435451865196228027e-03 3.510375320911407471e-02 -2.050135284662246704e-02 -1.414555013179779053e-01 9.303786605596542358e-02 4.523131623864173889e-02 -1.022894531488418579e-01 -6.421551108360290527e-02 6.676364690065383911e-02 -1.246239989995956421e-02 5.540303885936737061e-02 5.435297638177871704e-02 -6.784743815660476685e-02 4.083464294672012329e-02 1.062368229031562805e-01 3.655914589762687683e-02 -7.831241190433502197e-02 -7.031935453414916992e-02 2.609738335013389587e-02 2.732861787080764771e-02 -7.167199254035949707e-02 -6.533779948949813843e-02 -2.913664281368255615e-02 -5.458762496709823608e-02 -4.099630191922187805e-02 -7.045137882232666016e-02 -2.626764588057994843e-02 -2.664692327380180359e-02 6.795731931924819946e-02
-8.746409416198730469e-02 7.259599119424819946e-02 8.775921165943145752e-02 9.324513375759124756e-02 -1.290219661314040422e-04 -1.013307124376296997e-01 7.019117474555969238e-02 -1.337105780839920044e-01 -5.144212394952774048e-02 -1.732555329799652100e-01 -1.779281795024871826e-01 -4.851724952459335327e-02 6.869795918464660645e-02 -7.262110710144042969e-02 -1.553997490555047989e-02 7.416905462741851807e-02 -9.880042076110839844e-02 7.299175858497619629e-02 -7.573338598012924194e-02 -1.206043288111686707e-01 7.136692106723785400e-02 8.339504711329936981e-03 -9.052296727895736694e-02 6.990983337163925171e-02 1.262910515069961548e-01 -1.401036679744720459e-01 2.575375437736511230e-01 -9.572131931781768799e-02 -1.765467040240764618e-02 3.658446669578552246e-02 -1.743652857840061188e-02 7.689337944611907005e-04 5.190233699977397919e-03 -9.142089635133743286e-03 -4.083425924181938171e-02 -4.869123548269271851e-02 -1.337560564279556274e-01 -3.520054277032613754e-03 -8.833613991737365723e-02 -8.752202242612838745e-02 4.283277317881584167e-02 -3.433510661125183105e-02 -1.638556718826293945e-01 1.116967275738716125e-01 5.475026369094848633e-02 1.882798969745635986e-03 1.517975926399230957e-01 -1.413144916296005249e-01 -3.716910257935523987e-02 1.514087058603763580e-02 1.707163825631141663e-02 2.808718010783195496e-02 -1.921391040086746216e-01 3.253252804279327393e-02 2.721493877470493317e-02 -1.498149055987596512e-02 -2.482888288795948029e-02 4.170784726738929749e-02 -1.176890451461076736e-02 -2.631973475217819214e-02 1.125332191586494446e-01 6.654512882232666016e-02 5.701428651809692383e-02 -5.387462303042411804e-02 -6.437801569700241089e-02 9.363795816898345947e-02 -7.621488720178604126e-02 -9.946757555007934570e-02 -5.094218254089355469e-02 -2.791325002908706665e-02 5.000887811183929443e-02 -2.503694966435432434e-02 -5.887829139828681946e-02 8.877252787351608276e-02 -1.597481369972229004e-01 1.616269163787364960e-02 4.971197247505187988e-02 -9.216116741299629211e-03 4.733838886022567749e-02 3.814325109124183655e-02 9.120257198810577393e-02 -1.753510534763336182e-02 4.195229150354862213e-03 -7.357537746429443359e-02 -1.405273843556642532e-02 -1.827752403914928436e-02 9.736686199903488159e-02 1.191346198320388794e-01 9.419642388820648193e-02 3.662170097231864929e-02 -8.658173680305480957e-02 7.168184220790863037e-02 3.073059208691120148e-02 -1.260432507842779160e-02 6.514218449592590332e-02 -7.061254291329532862e-05 8.738292008638381958e-02 -5.340878292918205261e-02 3.614288568496704102e-02 -1.546943187713623047e-01
-1.116693615913391113e-01 -1.132901534438133240e-01 -2.759006433188915253e-02 2.127577317878603935e-03 5.694245174527168274e-02 5.449993535876274109e-02 -5.577311664819717407e-02 6.398162990808486938e-02 -7.572282105684280396e-02 9.406743943691253662e-02 5.064626038074493408e-02 1.250162273645401001e-01 -7.509261369705200195e-03 4.284546151757240295e-02 1.005347371101379395e-01 2.899327781051397324e-03 9.664908051490783691e-02 -8.935231715440750122e-02 9.216809272766113281e-02 -6.801972538232803345e-02 -2.745180623605847359e-03 1.457706391811370850e-01 2.054972350597381592e-01 -5.036546289920806885e-02 -7.670991122722625732e-02 -2.792031504213809967e-02 -8.629253134131431580e-03 2.714565582573413849e-02 6.831221282482147217e-02 -4.043523967266082764e-02 1.035798490047454834e-01 2.225200831890106201e-02 -4.065150022506713867e-02 -3.242457285523414612e-02 3.636637330055236816e-02 -7.239229232072830200e-02 -2.957657352089881897e-02 -1.183472275733947754e-01 4.333780705928802490e-02 -2.429236844182014465e-02 -5.687355995178222656e-02 1.056346744298934937e-01 -7.401920855045318604e-02 5.711141228675842285e-02 -2.116314321756362915e-02 -6.082271225750446320e-03 -3.855472430586814880e-02 -4.461101070046424866e-02 -7.809092849493026733e-02 -1.178458854556083679e-01 8.935047686100006104e-02 4.718214273452758789e-02 2.369856536388397217e-01 1.506350934505462646e-02 3.446993604302406311e-02 2.097452804446220398e-02 -8.309144526720046997e-02 -1.749347597360610962e-01 5.670914798974990845e-02 -1.583160012960433960e-01 2.391995862126350403e-02 -3.830713033676147461e-02 1.130839958786964417e-01 7.143530994653701782e-02 1.003348380327224731e-01 7.055722922086715698e-02 2.504697442054748535e-02 -7.924251258373260498e-02 4.945966973900794983e-02 -8.482035994529724121e-02 -5.529320612549781799e-02 -7.668033242225646973e-02 1.501635852036997676e-04 2.148833870887756348e-02 -1.368163432925939560e-02 3.313595801591873169e-02 -2.039147913455963135e-02 1.478022634983062744e-01 -1.216050907969474792e-01 -8.450838178396224976e-02 -5.997602362185716629e-03 -2.723723649978637695e-02 1.016829535365104675e-01 1.224635019898414612e-01 3.702081739902496338e-02 -8.728484809398651123e-02 -1.300885677337646484e-01 -5.478031933307647705e-02 6.128733232617378235e-02 -4.898771643638610840e-02 -9.342373907566070557e-02 -1.059049814939498901e-01 9.780066460371017456e-02 7.986492477357387543e-03 -1.218373551964759827e-01 1.160965189337730408e-01 -1.648660749197006226e-02 1.533852368593215942e-01 1.135155558586120605e-01 -8.327701129019260406e-03
-1.419792026281356812e-01 1.786227524280548096e-02 7.262454181909561157e-02 -1.657196320593357086e-02 2.382690906524658203e-01 2.528538703918457031e-01 -2.487460523843765259e-02 2.286731749773025513e-01 5.472154915332794189e-02 -3.957230970263481140e-02 -3.542672470211982727e-02 1.875580660998821259e-02 -2.189595997333526611e-02 3.015855550765991211e-01 2.954123355448246002e-02 -6.021387130022048950e-02 1.163232102990150452e-01 7.123041898012161255e-02 3.660269826650619507e-02 -2.403370290994644165e-01 -1.397867500782012939e-01 -2.124446630477905273e-02 5.010611414909362793e-01 -8.211624622344970703e-02 -1.985958544537425041e-03 -9.772466868162155151e-02 -2.746779322624206543e-01 1.780351065099239349e-02 1.151999533176422119e-01 -1.945516280829906464e-02 -3.107754141092300415e-02 1.444051116704940796e-01 -4.367681220173835754e-03 -1.202276870608329773e-01 3.197992919012904167e-03 1.955947577953338623e-01 3.228077292442321777e-02 6.966749578714370728e-02 1.973119974136352539e-01 -4.886172246187925339e-03 -1.261978894472122192e-01 1.995263099670410156e-01 2.331837564706802368e-01 -1.208844706416130066e-01 -3.506234288215637207e-02 -2.219411917030811310e-02 -8.978556841611862183e-02 4.181551281362771988e-03 -9.695722162723541260e-02 -2.349760383367538452e-02 -4.538845643401145935e-02 7.532319054007530212e-03 4.437446594238281250e-01 7.422636449337005615e-02 -8.250106126070022583e-02 -7.764737308025360107e-02 -4.524447396397590637e-02 9.624413400888442993e-02 3.907775580883026123e-01 -2.881488502025604248e-01 -6.200997531414031982e-02 -4.444692656397819519e-02 2.504788935184478760e-01 1.477179378271102905e-01 -8.935971558094024658e-02 -8.052045851945877075e-02 6.168285012245178223e-02 2.781651914119720459e-01 9.256397932767868042e-02 1.178167015314102173e-01 -3.488564118742942810e-02 -1.971306502819061279e-01 1.637760698795318604e-01 -4.212928935885429382e-02 1.063134297728538513e-01 7.244012504816055298e-02 -8.908072113990783691e-02 2.290644049644470215e-01 2.465674653649330139e-02 -8.276382833719253540e-02 -1.671481132507324219e-01 -2.105097658932209015e-02 4.995527211576700211e-03 2.265468537807464600e-01 -4.664545878767967224e-02 -1.579248309135437012e-01 -4.061853140592575073e-02 -1.219959482550621033e-01 -8.267504721879959106e-02 -1.813746094703674316e-01 5.305444076657295227e-02 5.374349653720855713e-02 6.421889364719390869e-02 -6.053465604782104492e-02 -5.336167663335800171e-02 6.375060975551605225e-02 -6.050869077444076538e-02 4.971628636121749878e-02 9.858751296997070312e-02 1.467057764530181885e-01
6.845129653811454773e-03 4.715387523174285889e-02 -3.792706504464149475e-02 -4.539412260055541992e-02 -1.001297235488891602e-01 7.477231323719024658e-02 7.847284525632858276e-02 -2.074905671179294586e-02 6.146223470568656921e-02 -2.088133059442043304e-02 -6.067993119359016418e-02 -4.644461348652839661e-02 -4.749539773911237717e-03 7.159590721130371094e-02 -1.646000333130359650e-02 2.542446739971637726e-02 2.458705008029937744e-02 1.313845962285995483e-01 -4.440893977880477905e-02 -2.430388703942298889e-02 2.278881520032882690e-02 7.575249671936035156e-02 4.497441276907920837e-02 9.247745573520660400e-02 2.438994310796260834e-02 -2.076637698337435722e-03 -4.847824946045875549e-02 2.980562299489974976e-02 8.023745566606521606e-02 1.037976052612066269e-02 -4.649719968438148499e-02 5.744033306837081909e-02 1.248673163354396820e-02 -8.380079269409179688e-02 -2.048595808446407318e-02 4.974391683936119080e-02 -1.256496310234069824e-01 -9.719039499759674072e-02 4.860065504908561707e-02 4.619630053639411926e-02 -7.670280337333679199e-02 -2.758494811132550240e-03 1.384025160223245621e-02 -2.113993652164936066e-02 -5.241326615214347839e-02 1.017159149050712585e-01 -7.973213493824005127e-02 -2.199377678334712982e-02 -7.244364172220230103e-02 7.588677853345870972e-02 -7.243445515632629395e-02 3.138505294919013977e-02 -8.000268787145614624e-02 -2.775412984192371368e-02 8.623401075601577759e-02 -4.127957671880722046e-02 9.363875538110733032e-02 3.785530477762222290e-02 -5.904213339090347290e-02 -9.064263105392456055e-02 1.236125733703374863e-02 -4.903881251811981201e-02 2.998941112309694290e-03 5.977898463606834412e-02 -9.602611884474754333e-03 7.782842963933944702e-02 -7.097994536161422729e-02 6.368143111467361450e-02 -4.431644082069396973e-02 9.285134822130203247e-02 9.320761077105998993e-03 7.824337482452392578e-02 -6.723457574844360352e-02 -5.544351786375045776e-02 -6.063991785049438477e-02 -3.730580583214759827e-02 -7.032178342342376709e-02 1.332061830908060074e-02 1.403860449790954590e-01 4.374897480010986328e-02 2.274196781218051910e-02 -6.439957767724990845e-02 -5.612331628799438477e-02 6.869894918054342270e-03 -4.386737570166587830e-02 6.529841572046279907e-02 1.148050278425216675e-02 -7.715284824371337891e-02 -2.155644260346889496e-02 -8.458455651998519897e-02 9.640701115131378174e-03 7.095558196306228638e-02 -7.728260010480880737e-02 -3.413362801074981689e-02 7.156378775835037231e-02 5.868977680802345276e-02 2.261517755687236786e-02 8.890167623758316040e-02 -1.328642219305038452e-01 -2.126625366508960724e-02
6.443928182125091553e-02 -1.471605896949768066e-02 -9.630995243787765503e-02 7.407058030366897583e-02 1.278839409351348877e-01 -7.272131741046905518e-02 -6.697599589824676514e-02 1.966770738363265991e-02 2.393660321831703186e-02 8.478383719921112061e-02 3.094418533146381378e-02 -1.261663287878036499e-01 8.635647594928741455e-02 1.752677373588085175e-02 -7.042904198169708252e-02 1.749861240386962891e-02 -6.357187777757644653e-02 1.112727299332618713e-01 6.435113400220870972e-02 -6.226261332631111145e-02 6.210472062230110168e-02 -1.131806075572967529e-01 -3.342469409108161926e-02 -3.461595624685287476e-02 1.206081286072731018e-01 -1.126905381679534912e-01 2.947259135544300079e-02 -5.633217841386795044e-02 5.885640531778335571e-02 9.293148666620254517e-02 -6.793480366468429565e-02 3.781186416745185852e-02 -9.767688065767288208e-02 -6.494504958391189575e-02 6.111054494976997375e-02 -2.565793506801128387e-02 1.961709931492805481e-02 1.059738248586654663e-01 4.488642513751983643e-02 -4.262377694249153137e-02 -9.043628722429275513e-02 -2.161963842809200287e-02 -1.652454771101474762e-02 4.103520140051841736e-02 -2.528387121856212616e-02 -1.386044081300497055e-02 4.564229026436805725e-02 -4.708029329776763916e-02 -4.034527018666267395e-02 6.286135315895080566e-02 -1.631088741123676300e-02 -2.592198923230171204e-02 1.487479209899902344e-01 -4.734391346573829651e-02 -1.305150985717773438e-02 4.057690873742103577e-02 -7.751929759979248047e-02 8.420460508204996586e-04 6.402350962162017822e-02 1.346301753073930740e-02 5.155114457011222839e-02 -4.776298999786376953e-02 6.653256714344024658e-02 -3.234548866748809814e-02 -1.069670766592025757e-01 -8.967863023281097412e-02 4.503688588738441467e-02 1.134061589837074280e-01 8.353868126869201660e-02 1.322799474000930786e-01 1.127283740788698196e-02 -4.863765556365251541e-03 5.919970199465751648e-02 -4.626641422510147095e-02 1.079695597290992737e-01 -9.946074336767196655e-02 -1.041818410158157349e-01 5.585091188549995422e-02 -5.224502831697463989e-02 1.214067218825221062e-03 1.084743067622184753e-01 -1.335748750716447830e-02 1.468245685100555420e-02 7.793635874986648560e-02 -2.833436802029609680e-02 -1.166389435529708862e-01 9.850384294986724854e-02 -6.784687191247940063e-02 6.191831547766923904e-03 -3.676251694560050964e-02 -6.278384476900100708e-02 8.536049723625183105e-02 -3.755827201530337334e-03 -5.123426392674446106e-02 -6.586417555809020996e-02 -4.735324159264564514e-02 -4.357562586665153503e-02 -3.370710462331771851e-02 1.136633846908807755e-02 1.480002850294113159e-01
-9.422472119331359863e-02 -2.386510930955410004e-02 6.280880421400070190e-02 6.548245251178741455e-02 -1.183975115418434143e-01 -5.626944452524185181e-02 -5.775818601250648499e-03 -7.087304443120956421e-02 6.957970559597015381e-03 -8.224602043628692627e-02 1.987065887078642845e-03 -1.084356755018234253e-01 8.464277535676956177e-02 -2.141297049820423126e-02 8.440217003226280212e-03 -1.027928218245506287e-01 3.038759902119636536e-02 4.565044865012168884e-02 3.099181689321994781e-02 -1.581748947501182556e-02 9.642250835895538330e-02 8.312884718179702759e-02 4.829569160938262939e-02 8.071231096982955933e-02 -1.364326290786266327e-02 3.045673482120037079e-03 7.840006798505783081e-02 -3.082627803087234497e-02 -9.958765469491481781e-03 -3.189880028367042542e-02 -8.631379157304763794e-02 1.599613577127456665e-02 -1.101664546877145767e-02 5.849981680512428284e-02 5.305140744894742966e-03 -8.241936564445495605e-02 5.204105377197265625e-02 5.026059970259666443e-02 -3.630557283759117126e-02 7.924160361289978027e-02 -9.827964007854461670e-02 3.995023667812347412e-02 3.121364489197731018e-02 1.322570256888866425e-02 -1.108347773551940918e-01 3.841787111014127731e-03 -6.887041032314300537e-02 9.137085080146789551e-02 -1.342592760920524597e-02 2.507346868515014648e-02 2.329157851636409760e-02 -3.997701779007911682e-02 -6.512366235256195068e-02 1.517368294298648834e-02 -6.393146514892578125e-02 5.503023788332939148e-02 2.091551665216684341e-03 -3.236090019345283508e-02 2.309750951826572418e-02 -2.899581380188465118e-02 -3.154354542493820190e-02 -2.604515291750431061e-02 -4.625165462493896484e-02 2.479529567062854767e-02 -2.610194124281406403e-02 2.426871098577976227e-02 9.787340648472309113e-03 -4.420496523380279541e-02 -1.037885714322328568e-02 -4.770739004015922546e-02 -8.098573982715606689e-02 -6.989047676324844360e-02 7.539845257997512817e-02 6.269571185111999512e-02 -8.546853065490722656e-02 -6.091972067952156067e-02 4.478645510971546173e-03 -1.297401338815689087e-01 -1.662259921431541443e-02 -6.763905286788940430e-03 9.155627340078353882e-02 -9.071138501167297363e-02 2.676060609519481659e-02 -7.577480375766754150e-02 -5.392329022288322449e-02 -1.038700118660926819e-01 8.881482481956481934e-02 -8.126966655254364014e-02 -2.709188684821128845e-02 -3.471279144287109375e-02 7.947246730327606201e-02 8.723580278456211090e-03 7.135535031557083130e-02 -8.655573427677154541e-02 -4.456971585750579834e-02 4.046591743826866150e-02 8.171145617961883545e-02 7.638783752918243408e-02 -5.947368592023849487e-02 -4.804002866148948669e-02
4.478788003325462341e-02 -8.393604308366775513e-02 6.722902506589889526e-02 -3.894317150115966797e-02 -1.310830265283584595e-01 1.057531870901584625e-02 1.001804412226192653e-05 4.477662965655326843e-02 7.749564200639724731e-02 -1.886867284774780273e-01 -4.435632005333900452e-02 -1.950869858264923096e-01 5.107954610139131546e-03 -2.463944070041179657e-02 -7.084699720144271851e-02 -1.072907149791717529e-01 5.730574950575828552e-02 -8.172956854104995728e-02 5.604368075728416443e-02 5.599237233400344849e-02 -7.933367043733596802e-02 -9.885372966527938843e-02 2.465185336768627167e-02 5.399010702967643738e-02 -3.250468522310256958e-02 -3.505814075469970703e-02 7.335782051086425781e-02 -5.247822031378746033e-02 -5.977911502122879028e-02 7.340203970670700073e-02 -7.074972242116928101e-02 5.516652949154376984e-03 -2.953644096851348877e-02 3.584669902920722961e-02 -6.310958415269851685e-02 5.019228160381317139e-02 -6.773217022418975830e-02 -4.901891946792602539e-02 6.380855292081832886e-02 5.392767116427421570e-02 -6.310173124074935913e-02 -4.734637588262557983e-02 1.422373950481414795e-01 -7.138466089963912964e-02 2.166218869388103485e-02 -2.897045575082302094e-02 9.011811763048171997e-02 1.439331565052270889e-02 -9.210111200809478760e-02 1.342357397079467773e-01 -1.055324357002973557e-02 -5.467058345675468445e-02 -5.098957568407058716e-02 -9.713754802942276001e-02 -1.945930719375610352e-02 -9.928972274065017700e-02 1.883268058300018311e-01 1.407897770404815674e-01 7.142643630504608154e-02 6.324033718556165695e-03 3.647235035896301270e-02 1.228384971618652344e-01 -6.077823787927627563e-02 -7.120906561613082886e-02 3.200390934944152832e-02 -1.166111528873443604e-01 5.844780802726745605e-02 8.272092789411544800e-03 5.008037760853767395e-02 7.442614063620567322e-03 -4.229371435940265656e-03 1.036366447806358337e-01 -4.247016832232475281e-02 -2.412941120564937592e-02 -1.256547123193740845e-01 -4.195043072104454041e-02 -3.396120294928550720e-02 -7.076808065176010132e-02 -8.252588659524917603e-02 4.991748835891485214e-03 8.802706748247146606e-02 -2.982900291681289673e-02 7.263070344924926758e-02 -1.396857798099517822e-01 3.474644199013710022e-02 -1.454160921275615692e-02 4.053484275937080383e-02 7.805927097797393799e-02 -2.830186672508716583e-02 -8.129232563078403473e-03 9.284983389079570770e-04 9.078285098075866699e-02 7.885333150625228882e-02 7.340168952941894531e-02 5.549139156937599182e-02 6.285533308982849121e-02 7.775840163230895996e-02 -6.014753016643226147e-04 -5.948449298739433289e-02 9.388211183249950409e-03
5.345080047845840454e-02 9.958480298519134521e-02 1.039887815713882446e-01 1.340034324675798416e-02 3.306500986218452454e-02 3.267242386937141418e-02 9.132424741983413696e-02 5.514299124479293823e-02 -4.235189408063888550e-02 -3.318914026021957397e-02 -1.203683689236640930e-01 3.946093842387199402e-02 3.270480036735534668e-02 -7.346420735120773315e-02 7.253193110227584839e-02 2.336088381707668304e-02 -8.093021064996719360e-02 5.358977615833282471e-02 7.910132408142089844e-02 -9.670954942703247070e-02 8.978028595447540283e-02 3.459230810403823853e-02 -1.104210875928401947e-02 3.049020655453205109e-02 7.390042394399642944e-02 3.922832757234573364e-02 -1.118318457156419754e-02 -1.486636046320199966e-02 8.894859254360198975e-02 -8.735539019107818604e-02 -5.560309067368507385e-02 5.940566584467887878e-02 3.589804843068122864e-02 6.737938150763511658e-03 -2.925080060958862305e-02 -1.193222254514694214e-01 -8.551646023988723755e-03 -3.903155028820037842e-02 9.082593955099582672e-03 -9.546911716461181641e-02 -7.151948288083076477e-03 -4.489595443010330200e-02 -8.167842775583267212e-02 -1.022640466690063477e-01 1.690614409744739532e-02 -7.289022207260131836e-02 -4.920135065913200378e-02 -1.063847020268440247e-01 -8.282638341188430786e-02 3.231078013777732849e-02 9.867954999208450317e-03 -8.316605538129806519e-02 1.757108792662620544e-02 -4.701355099678039551e-02 -1.000439841300249100e-02 5.357041954994201660e-02 1.111766472458839417e-01 9.384048730134963989e-02 -8.530132472515106201e-02 -2.876499667763710022e-03 -9.026379138231277466e-02 7.184207439422607422e-02 -1.501232665032148361e-02 9.675066918134689331e-02 1.078607216477394104e-01 -4.296194389462471008e-02 -9.447386860847473145e-02 -1.348877549171447754e-01 6.274512410163879395e-02 -8.001051843166351318e-02 -4.581843316555023193e-02 -7.570215314626693726e-02 7.313461601734161377e-02 -1.174541935324668884e-01 -1.117574870586395264e-01 7.483430206775665283e-02 8.941753208637237549e-02 -3.028032556176185608e-02 2.368265762925148010e-02 6.157225742936134338e-02 1.440800447016954422e-02 1.705607771873474121e-02 8.288906514644622803e-02 -1.055751927196979523e-02 -4.016767814755439758e-02 -2.072037942707538605e-02 -6.292837858200073242e-02 -1.118116602301597595e-01 -3.924130275845527649e-02 6.335482001304626465e-02 -6.525182723999023438e-02 2.462788484990596771e-02 5.687680840492248535e-02 -4.544171318411827087e-02 -8.953988552093505859e-02 2.762570977210998535e-02 7.149681448936462402e-02 8.666870743036270142e-02 7.824748009443283081e-02 -1.098363697528839111e-01
-6.762775033712387085e-02 -5.562426522374153137e-02 1.000342369079589844e-01 1.199110317975282669e-02 1.462084203958511353e-01 4.068931192159652710e-02 -5.402239039540290833e-02 1.945064589381217957e-02 -2.315577119588851929e-02 -1.404407783411443233e-03 -2.003698050975799561e-01 9.303681552410125732e-02 -1.026516035199165344e-01 -7.249058783054351807e-02 5.543807987123727798e-03 4.423177242279052734e-02 4.581321403384208679e-02 -2.823353186249732971e-02 5.791459977626800537e-02 1.291771829128265381e-01 8.507385849952697754e-03 1.995535381138324738e-02 -1.164862960577011108e-01 3.855983540415763855e-02 7.580614835023880005e-02 1.969145536422729492e-01 -1.580569595098495483e-01 -8.226975332945585251e-04 -3.369484841823577881e-02 -2.518289349973201752e-02 7.234789431095123291e-02 -1.853641308844089508e-02 4.388679563999176025e-02 -1.210838407278060913e-01 1.219345331192016602e-01 -1.857282966375350952e-01 -3.075565909966826439e-03 -7.847863435745239258e-02 2.377107180655002594e-02 -5.154972523450851440e-02 1.268033087253570557e-01 4.836127534508705139e-02 -7.116276025772094727e-02 2.016499638557434082e-01 -1.752901822328567505e-02 -8.145956695079803467e-02 1.362700313329696655e-01 -1.537822186946868896e-01 3.194367513060569763e-02 2.408175729215145111e-02 -1.937327086925506592e-01 -3.458842635154724121e-02 -1.112213241867721081e-03 1.600944250822067261e-02 1.871168613433837891e-01 3.103996068239212036e-02 -4.144242033362388611e-02 -5.845022201538085938e-02 -4.877319559454917908e-02 1.521346718072891235e-01 -1.343438122421503067e-02 -8.172816038131713867e-02 -1.800649166107177734e-01 6.537763029336929321e-02 3.174860496073961258e-03 1.182575449347496033e-01 8.409152179956436157e-02 -4.843642562627792358e-02 1.814034767448902130e-02 -1.213706657290458679e-01 9.209607541561126709e-02 3.203161060810089111e-02 5.955431982874870300e-02 1.099561750888824463e-01 1.538171470165252686e-01 1.076510846614837646e-01 3.100665053352713585e-03 2.124278545379638672e-01 5.581474676728248596e-02 1.207774206995964050e-01 -1.194182708859443665e-01 1.067728102207183838e-01 -7.720636576414108276e-02 4.251865297555923462e-02 2.086236886680126190e-02 -1.032324507832527161e-02 -2.783180773258209229e-02 -1.053290441632270813e-02 -1.977598518133163452e-01 -6.142924726009368896e-02 1.813698001205921173e-02 4.756496846675872803e-02 7.416574750095605850e-03 7.716281106695532799e-05 -1.518986467272043228e-02 1.297551393508911133e-02 -1.206576079130172729e-01 9.290841221809387207e-02 1.748345941305160522e-01 -5.609681084752082825e-02
-3.192363306879997253e-02 2.593755908310413361e-02 9.532702714204788208e-02 -7.174402475357055664e-02 -6.740976870059967041e-02 -8.636144548654556274e-02 -1.005571857094764709e-01 -8.506007492542266846e-02 1.896085799671709538e-03 1.826795935630798340e-02 5.281978100538253784e-02 4.934226721525192261e-02 -5.759943276643753052e-02 -1.910770386457443237e-01 -4.849781468510627747e-02 -5.994627997279167175e-02 6.851866841316223145e-02 -3.278765827417373657e-02 6.488541141152381897e-03 -5.093885213136672974e-02 4.449324309825897217e-02 -1.064217910170555115e-01 -1.199891567230224609e-01 -1.150180846452713013e-01 -4.008073732256889343e-02 -4.601056128740310669e-02 3.510849550366401672e-02 9.109400957822799683e-02 -2.362114377319812775e-02 -1.001326665282249451e-01 -3.929019346833229065e-02 -1.646648049354553223e-01 -6.136796250939369202e-02 9.372140280902385712e-03 -1.309531629085540771e-01 -1.891837269067764282e-01 1.031274124979972839e-01 -4.089234769344329834e-02 -1.261315643787384033e-01 7.925111055374145508e-02 2.622289955615997314e-02 1.430643051862716675e-01 1.700517907738685608e-02 4.324399307370185852e-02 5.432750657200813293e-02 1.610725000500679016e-02 -1.711210906505584717e-01 8.911020122468471527e-03 -1.129714474081993103e-01 -7.714014500379562378e-02 1.034798473119735718e-01 2.790917642414569855e-03 -1.446218192577362061e-01 4.308138787746429443e-02 1.930293440818786621e-02 -3.023490682244300842e-02 -4.979517683386802673e-02 8.650500327348709106e-02 -1.670625410042703152e-03 -1.509301811456680298e-01 1.346605420112609863e-01 -3.717882931232452393e-02 9.177370369434356689e-02 -6.287679076194763184e-02 8.534875698387622833e-03 -1.900774426758289337e-02 -4.376234137453138828e-04 5.448219925165176392e-02 -6.552655994892120361e-02 -9.187938272953033447e-02 3.005136549472808838e-02 5.629845708608627319e-02 -8.010119199752807617e-02 -6.920485943555831909e-02 4.417315125465393066e-02 -1.099182143807411194e-01 -4.693651944398880005e-02 -5.930096283555030823e-02 -1.920598931610584259e-02 -3.565067658200860023e-03 9.379591792821884155e-02 5.416924878954887390e-02 -2.853518724441528320e-02 2.524110302329063416e-02 6.980109959840774536e-02 -6.256866455078125000e-02 -3.891284018754959106e-02 -8.722064085304737091e-03 -1.433939039707183838e-01 -1.808812171220779419e-01 1.601824350655078888e-02 5.504913255572319031e-02 -1.130556911230087280e-01 4.930422641336917877e-03 -8.032387495040893555e-02 -9.946011006832122803e-02 9.611536562442779541e-02 3.684569522738456726e-02 3.122660703957080841e-02 -1.878564208745956421e-01
-1.509548630565404892e-02 -9.220081567764282227e-02 3.644807729870080948e-03 1.742759533226490021e-02 -5.686077103018760681e-02 1.158267334103584290e-01 8.116372860968112946e-03 3.483444452285766602e-02 4.488781467080116272e-02 -8.335373550653457642e-02 -6.179945077747106552e-03 1.185432728379964828e-02 8.159688115119934082e-02 -3.629660606384277344e-02 3.004015889018774033e-03 -2.201869850978255272e-03 8.703000843524932861e-02 -1.673844270408153534e-02 -1.911665312945842743e-02 -1.077603362500667572e-02 6.868209689855575562e-03 -5.120506044477224350e-03 6.525040417909622192e-02 -3.250547125935554504e-02 5.541561916470527649e-02 3.992830589413642883e-02 -2.638707868754863739e-03 -3.164368122816085815e-02 7.676431536674499512e-02 -6.789880245923995972e-02 6.937634944915771484e-02 5.632385984063148499e-02 -6.223360449075698853e-02 -3.917253017425537109e-02 -2.542456984519958496e-02 -6.846386194229125977e-02 -7.725065201520919800e-02 -4.587063193321228027e-02 5.745018646121025085e-02 7.002102583646774292e-02 -2.732474356889724731e-02 1.654179394245147705e-02 7.633265107870101929e-02 -5.606182292103767395e-02 -5.319298803806304932e-02 7.182465493679046631e-02 4.648451507091522217e-02 -9.734431654214859009e-02 4.277429357171058655e-02 8.018174022436141968e-02 4.323267191648483276e-02 -9.442306309938430786e-02 -1.630749553442001343e-03 4.644202440977096558e-02 -1.021553948521614075e-01 2.165349572896957397e-02 2.783447876572608948e-02 3.309929277747869492e-03 4.942634701728820801e-02 -6.747451424598693848e-02 -6.233078613877296448e-02 4.164649918675422668e-02 -6.333678215742111206e-02 7.511058449745178223e-02 -8.667390793561935425e-02 4.312224686145782471e-02 -1.300062704831361771e-02 -5.315584316849708557e-02 -5.548167973756790161e-02 4.295269958674907684e-03 -2.177586406469345093e-02 1.646304130554199219e-02 4.071249812841415405e-02 -1.037237793207168579e-01 -9.452307224273681641e-02 -4.679141193628311157e-02 1.637585833668708801e-02 -7.470487803220748901e-02 7.451105047948658466e-04 1.668151468038558960e-02 6.094658002257347107e-02 -1.120726577937602997e-02 -1.384901069104671478e-02 7.478833198547363281e-02 -2.627924550324678421e-03 7.384639978408813477e-02 -2.678822167217731476e-02 4.602055251598358154e-02 -4.157319292426109314e-02 -5.102441087365150452e-02 4.663775116205215454e-02 5.810890812426805496e-03 -4.393959045410156250e-02 -1.492241118103265762e-02 -2.504753507673740387e-02 1.857453957200050354e-02 -2.873410284519195557e-02 9.082802571356296539e-03 -4.233997315168380737e-02 -1.020080745220184326e-01
-2.624570205807685852e-02 4.240855202078819275e-02 -6.102580204606056213e-02 1.901420950889587402e-02 -3.411317616701126099e-02 4.233883693814277649e-02 -9.563551843166351318e-02 7.401191443204879761e-02 -1.051701325923204422e-02 4.473487287759780884e-02 -8.168379962444305420e-02 4.728373885154724121e-02 2.474484778940677643e-02 -1.819371432065963745e-02 9.579153358936309814e-02 1.097977757453918457e-01 -5.883508175611495972e-02 -1.014614924788475037e-01 5.105523392558097839e-02 -1.492921859025955200e-01 -6.540357321500778198e-02 -7.961548119783401489e-02 7.798444014042615891e-03 -6.740861386060714722e-02 -1.011871546506881714e-01 -1.192800551652908325e-01 9.759950637817382812e-02 7.043827325105667114e-02 -7.960472255945205688e-02 6.908562034368515015e-02 -1.886854320764541626e-02 2.040452510118484497e-02 -7.703016698360443115e-02 4.870541021227836609e-02 -1.163425818085670471e-01 -8.046523667871952057e-03 -1.657409593462944031e-02 -8.640269190073013306e-02 -8.407662063837051392e-02 6.243408843874931335e-02 -6.439991295337677002e-02 6.061035767197608948e-02 -1.641058363020420074e-02 -9.788104146718978882e-02 1.650471091270446777e-01 1.522595621645450592e-02 -1.524884700775146484e-01 1.403317879885435104e-02 -2.041205018758773804e-01 -1.253420766443014145e-02 -8.537040092051029205e-03 -5.586790293455123901e-02 -1.904671080410480499e-02 -3.295302763581275940e-02 -3.550214320421218872e-02 -4.785132035613059998e-02 5.723064392805099487e-02 -3.246212378144264221e-02 4.976956546306610107e-02 3.530165180563926697e-02 4.810173530131578445e-03 7.266319543123245239e-02 -1.108316779136657715e-01 -7.935512065887451172e-02 -1.036101356148719788e-01 -1.041374355554580688e-01 -3.753926977515220642e-02 -3.985105454921722412e-02 -2.381826192140579224e-02 7.876539975404739380e-02 -6.498091667890548706e-02 -5.281540565192699432e-03 -8.962316811084747314e-02 -3.226613998413085938e-02 2.648300491273403168e-02 -7.070618867874145508e-02 -8.495476096868515015e-02 -1.623191870748996735e-02 9.655153378844261169e-03 -7.211966812610626221e-02 -1.996422931551933289e-02 1.177318207919597626e-02 -2.134879864752292633e-02 -4.351280629634857178e-02 -1.179925724864006042e-02 -2.663091383874416351e-02 8.208326995372772217e-02 6.028794869780540466e-02 2.085174433887004852e-02 5.688104778528213501e-02 7.954319007694721222e-03 -8.254692703485488892e-02 -3.818540647625923157e-02 -1.928643509745597839e-02 -2.348197065293788910e-02 3.618633374571800232e-02 6.931267678737640381e-03 -5.888310447335243225e-02 1.443772669881582260e-02 -2.715945476666092873e-03
-6.193134933710098267e-02 -7.536833733320236206e-02 7.730357348918914795e-02 9.657017886638641357e-02 1.375438123941421509e-01 8.109486103057861328e-02 -8.075723052024841309e-02 -6.927105784416198730e-02 2.142514474689960480e-02 -1.377502270042896271e-02 -1.933878213167190552e-01 9.665861725807189941e-02 -2.252472005784511566e-02 1.303650587797164917e-01 -1.321244388818740845e-01 8.833627402782440186e-02 -5.719212070107460022e-02 -9.725246578454971313e-02 -8.750640600919723511e-02 -3.070501238107681274e-02 -8.344781398773193359e-02 7.869571447372436523e-02 1.495827883481979370e-01 1.119277924299240112e-01 1.270760595798492432e-01 2.673349529504776001e-02 -1.709903031587600708e-01 -7.569810841232538223e-03 7.954327389597892761e-03 5.500097572803497314e-02 6.081182509660720825e-02 1.288895308971405029e-01 -8.051002025604248047e-02 4.304383695125579834e-02 2.025033980607986450e-01 1.401613354682922363e-01 1.129454895853996277e-01 3.616628423333168030e-02 -2.080657705664634705e-02 6.396960932761430740e-03 1.896518655121326447e-02 4.426450654864311218e-02 6.376031041145324707e-02 4.448353778570890427e-03 -5.582246929407119751e-02 2.680769935250282288e-02 1.813059598207473755e-01 -2.324429340660572052e-02 1.891001164913177490e-01 -1.043308619409799576e-02 -9.914782643318176270e-02 -1.145547255873680115e-01 1.239102333784103394e-01 1.326927542686462402e-01 2.926052920520305634e-02 1.422535479068756104e-01 -2.036484181880950928e-01 -4.260294511914253235e-02 -5.894772708415985107e-02 6.840385496616363525e-02 -4.281728342175483704e-02 -1.382518261671066284e-01 -1.919235102832317352e-02 1.004359722137451172e-01 -3.674946352839469910e-02 1.117901355028152466e-01 1.198872700333595276e-01 3.074778430163860321e-02 2.698196470737457275e-02 -5.404017120599746704e-02 6.768627464771270752e-02 2.515409141778945923e-03 5.561544373631477356e-02 4.541934002190828323e-03 -4.265201464295387268e-02 9.557730518281459808e-03 -1.204221546649932861e-01 1.657854616641998291e-01 -1.430424954742193222e-02 -9.716617874801158905e-03 -1.818816959857940674e-01 5.684467963874340057e-03 -4.261162504553794861e-02 1.120790690183639526e-01 3.801353275775909424e-02 2.198021160438656807e-03 -2.696576714515686035e-02 4.471363872289657593e-02 -2.566276118159294128e-02 1.159788966178894043e-01 6.134486757218837738e-04 -9.028048068284988403e-02 4.762738570570945740e-02 -5.083242058753967285e-02 -1.005224585533142090e-01 -1.448591239750385284e-02 5.045679584145545959e-02 1.385771855711936951e-02 4.605297744274139404e-02 2.096822112798690796e-02
9.598010778427124023e-02 9.820391237735748291e-02 7.506525516510009766e-02 7.237920165061950684e-02 5.826198682188987732e-02 6.353825330734252930e-02 -4.885686561465263367e-02 1.152649149298667908e-02 -7.425189018249511719e-02 4.970560595393180847e-02 4.080861061811447144e-02 -4.366443306207656860e-02 1.811949349939823151e-02 1.405177451670169830e-02 -6.018092483282089233e-02 6.169648841023445129e-02 5.680917948484420776e-02 -6.077316030859947205e-02 7.221543788909912109e-02 8.994585275650024414e-02 3.279995545744895935e-02 -6.055551767349243164e-02 -9.904555045068264008e-03 2.319883368909358978e-02 8.307603746652603149e-02 3.120502829551696777e-02 4.343569651246070862e-02 5.097097903490066528e-02 -2.578450739383697510e-02 -7.020939141511917114e-02 -6.884430069476366043e-03 3.630508854985237122e-02 9.093999862670898438e-02 -4.828935116529464722e-02 3.983666747808456421e-02 5.628091096878051758e-02 -1.010287180542945862e-02 -1.101121678948402405e-02 2.574769896455109119e-04 1.349348761141300201e-02 -5.074400827288627625e-02 1.020783260464668274e-01 1.619591116905212402e-01 -3.218520199880003929e-03 7.333229482173919678e-02 6.708423048257827759e-02 8.061017096042633057e-02 -7.399502396583557129e-02 -6.281202193349599838e-03 8.492318913340568542e-03 4.909875243902206421e-02 8.886374533176422119e-02 1.767287217080593109e-02 -7.800747454166412354e-02 6.305501796305179596e-03 3.197230398654937744e-02 -2.211919240653514862e-02 -5.492398887872695923e-02 -7.448468357324600220e-02 3.706725686788558960e-02 1.060800999402999878e-01 6.777110695838928223e-02 -1.809058710932731628e-02 8.691214770078659058e-02 -2.969207242131233215e-02 6.379383057355880737e-02 1.610730215907096863e-02 4.585673287510871887e-02 5.756785627454519272e-03 -2.419628575444221497e-02 -2.728934958577156067e-02 -4.513996466994285583e-02 2.814211510121822357e-02 -5.422080680727958679e-02 2.540150471031665802e-02 -4.901411011815071106e-04 -7.062569260597229004e-02 -7.298826426267623901e-02 -1.404133345931768417e-02 -1.563999801874160767e-02 -7.638368289917707443e-03 -9.408381767570972443e-03 -9.597939439117908478e-03 -6.609146296977996826e-02 2.824387699365615845e-02 -8.537172526121139526e-02 -8.698073029518127441e-02 1.058492995798587799e-02 -6.620723009109497070e-02 -5.776990577578544617e-02 -6.983849406242370605e-02 3.432736173272132874e-02 7.040351629257202148e-02 -6.690876930952072144e-02 -8.530468493700027466e-02 2.308826521039009094e-02 4.743592068552970886e-02 4.010079801082611084e-02 -1.483697891235351562e-01 3.969896584749221802e-02
-5.795747041702270508e-02 3.372782468795776367e-02 1.000138837844133377e-02 2.562450245022773743e-02 6.636774539947509766e-02 -1.145082041621208191e-01 2.825389057397842407e-02 -1.168499141931533813e-01 5.579773709177970886e-02 -1.297322958707809448e-01 -1.161372065544128418e-01 -2.676905505359172821e-02 6.804691255092620850e-02 -1.165605261921882629e-01 -3.366626799106597900e-02 -7.518143951892852783e-02 -8.994849771261215210e-02 -9.844481199979782104e-02 -8.320162445306777954e-02 -1.372603420168161392e-02 4.224763065576553345e-02 3.637887537479400635e-02 1.019526831805706024e-02 9.644663333892822266e-02 -5.011031404137611389e-02 1.326439231634140015e-01 3.958086669445037842e-02 -1.122863888740539551e-01 -5.354308709502220154e-02 -7.645868510007858276e-02 -9.210102260112762451e-02 -7.056462764739990234e-02 1.015474945306777954e-01 -6.456615030765533447e-02 6.758292671293020248e-03 -2.667717635631561279e-02 3.423378616571426392e-02 -4.943776875734329224e-02 1.891763508319854736e-02 1.889076642692089081e-02 7.782885339111089706e-03 -1.745530404150485992e-02 -9.467019140720367432e-02 -7.536705583333969116e-02 -3.805259615182876587e-02 8.512757718563079834e-02 -3.462188690900802612e-02 4.173722490668296814e-02 2.643893845379352570e-02 -3.948565945029258728e-02 -5.604487657546997070e-02 1.035417318344116211e-01 -1.075113266706466675e-01 -7.759005576372146606e-02 4.994273185729980469e-02 3.783381835091859102e-04 -4.129102826118469238e-02 -7.027152925729751587e-02 -9.499117732048034668e-02 -4.300289973616600037e-02 7.808951288461685181e-02 -7.166583091020584106e-02 -1.555664371699094772e-02 1.947585307061672211e-02 5.160782858729362488e-02 8.615301921963691711e-03 -1.349032670259475708e-02 -9.974168241024017334e-02 4.843114688992500305e-02 -4.596949554979801178e-03 1.361239049583673477e-02 5.394253134727478027e-02 5.916808918118476868e-02 -3.190627321600914001e-02 9.904870390892028809e-02 -6.258250027894973755e-02 6.828114390373229980e-02 -1.026768609881401062e-01 -1.498975232243537903e-02 4.055557027459144592e-02 7.278695702552795410e-02 1.125010624527931213e-01 -3.746512159705162048e-02 1.551843155175447464e-02 -1.903555728495121002e-02 6.578492932021617889e-03 3.060602955520153046e-02 -7.394695188850164413e-03 -1.369702257215976715e-02 -6.940662115812301636e-02 -5.339023098349571228e-02 2.125713415443897247e-02 3.671592101454734802e-02 -7.209591567516326904e-02 4.822296276688575745e-02 -7.385521382093429565e-02 7.973131723701953888e-03 -1.405186951160430908e-02 -1.916176639497280121e-02 3.029585629701614380e-02
-1.082506105303764343e-01 2.009190618991851807e-03 2.028411254286766052e-02 3.431153669953346252e-02 1.019645184278488159e-01 1.248012855648994446e-01 -7.525944709777832031e-02 1.662913709878921509e-02 1.795527897775173187e-02 9.638417512178421021e-02 3.909374028444290161e-02 1.258429139852523804e-01 9.488555043935775757e-02 -6.903688609600067139e-02 -7.664895057678222656e-02 -3.885695338249206543e-02 -6.884337961673736572e-02 4.740627482533454895e-02 -8.359256386756896973e-02 2.021154575049877167e-02 -2.119349688291549683e-02 5.508758127689361572e-02 7.336915284395217896e-02 1.055418998003005981e-01 -1.874402761459350586e-01 6.041672453284263611e-02 -6.127513200044631958e-02 -9.795638173818588257e-02 7.450120896100997925e-02 -9.940087795257568359e-02 9.510711580514907837e-02 -3.671494126319885254e-02 3.022968210279941559e-02 1.392691135406494141e-01 -2.974960766732692719e-02 -1.240781787782907486e-02 -1.114904806017875671e-01 -7.520312070846557617e-02 6.868760101497173309e-03 -2.087846025824546814e-02 5.335012450814247131e-02 1.082590501755475998e-02 1.446290761232376099e-01 -5.960585549473762512e-02 -1.116418465971946716e-01 -3.408026695251464844e-02 -7.381960004568099976e-02 1.424683444201946259e-02 -7.622686773538589478e-02 -6.359310448169708252e-02 8.840615302324295044e-02 4.375536739826202393e-02 5.110597610473632812e-02 -3.964315983466804028e-04 -3.753460943698883057e-02 -3.340831026434898376e-02 -7.541643083095550537e-02 -3.808045759797096252e-02 -8.962408453226089478e-02 4.466646350920200348e-03 5.832734704017639160e-02 8.956345170736312866e-02 1.097292229533195496e-01 5.831440538167953491e-02 -7.712332904338836670e-02 2.885922603309154510e-02 1.059337332844734192e-01 1.687432527542114258e-01 1.002179905772209167e-01 1.269440054893493652e-01 -3.563557518646121025e-03 1.034881547093391418e-02 -1.552412379533052444e-02 2.172587811946868896e-02 -8.744720369577407837e-02 2.699365839362144470e-02 2.768443152308464050e-02 -6.235752999782562256e-02 -4.433721303939819336e-02 2.242464106529951096e-03 1.506640613079071045e-01 8.180198073387145996e-02 -9.592621028423309326e-02 8.346007764339447021e-02 -4.958373028784990311e-04 -2.259426191449165344e-02 6.753417849540710449e-02 8.684352785348892212e-02 -4.657838866114616394e-02 -6.403612438589334488e-03 9.687844663858413696e-02 -1.728885993361473083e-02 -9.174282103776931763e-02 -6.849829107522964478e-02 4.717944189906120300e-02 5.850704014301300049e-02 -8.295947313308715820e-02 3.580432385206222534e-02 7.067791372537612915e-02 7.390164583921432495e-02
3.287497535347938538e-02 5.950323119759559631e-02 1.047022640705108643e-01 -5.604549869894981384e-02 -2.881339937448501587e-02 1.104241162538528442e-01 5.420164391398429871e-02 9.427843987941741943e-02 1.003126800060272217e-01 4.921706393361091614e-02 -8.730606734752655029e-02 -9.776980429887771606e-02 1.752435229718685150e-02 -5.977141484618186951e-02 1.879149675369262695e-02 3.658501431345939636e-02 -3.146087378263473511e-02 5.982768163084983826e-02 3.539278358221054077e-02 -5.596393346786499023e-02 1.153041571378707886e-01 -5.775112193077802658e-03 -2.365030348300933838e-02 1.089925915002822876e-01 -2.036193571984767914e-02 9.623297303915023804e-02 -8.174863457679748535e-02 -1.588071696460247040e-02 -2.068638429045677185e-02 -5.525439232587814331e-02 9.458532929420471191e-02 1.295806467533111572e-02 5.978710949420928955e-03 1.184511110186576843e-01 1.526242643594741821e-01 -9.127647615969181061e-03 4.885502159595489502e-02 9.794655255973339081e-03 -1.185949891805648804e-01 3.553511947393417358e-02 -8.175884932279586792e-02 -6.237759813666343689e-02 -5.311081558465957642e-02 -3.982259891927242279e-03 -2.044179104268550873e-02 1.157979667186737061e-01 -4.229370877146720886e-02 5.717340856790542603e-02 3.515858203172683716e-02 -4.745474830269813538e-02 -1.475087553262710571e-01 8.407334983348846436e-02 -7.636196911334991455e-02 1.000316068530082703e-01 2.279524318873882294e-02 6.437549740076065063e-02 2.528910152614116669e-02 -1.516893692314624786e-02 1.368785202503204346e-01 -7.902558892965316772e-02 2.923919446766376495e-02 -3.425113111734390259e-02 -1.014395952224731445e-01 8.263787254691123962e-03 7.622247189283370972e-02 9.300463646650314331e-02 -5.456440523266792297e-02 -2.468009665608406067e-02 -5.292382091283798218e-02 -2.596886642277240753e-02 3.236707299947738647e-02 5.239707883447408676e-03 1.023721545934677124e-01 9.703702479600906372e-02 -1.251965165138244629e-01 6.573516409844160080e-03 -3.769166395068168640e-02 2.729614078998565674e-02 4.894299060106277466e-02 -5.368164554238319397e-02 -3.833308117464184761e-03 -2.068635635077953339e-02 6.008426100015640259e-02 -6.209929008036851883e-03 -7.657666504383087158e-02 6.712453067302703857e-02 6.826103478670120239e-02 -8.351831883192062378e-02 9.477690793573856354e-03 6.265479326248168945e-02 -7.110986113548278809e-02 9.096370637416839600e-02 -2.682598680257797241e-02 4.114514589309692383e-02 -8.796108514070510864e-02 9.294125437736511230e-02 -5.218218639492988586e-02 -5.637290328741073608e-02 3.371915966272354126e-02 5.616168305277824402e-02
4.857626929879188538e-02 1.291051506996154785e-01 9.082392603158950806e-02 -6.365437060594558716e-02 -1.478718128055334091e-02 7.387217879295349121e-02 6.261262297630310059e-02 -4.809245467185974121e-02 5.429437756538391113e-02 5.400494486093521118e-02 -1.108808666467666626e-01 -7.089893519878387451e-02 -1.864872314035892487e-02 7.288584951311349869e-03 7.748618256300687790e-03 -6.472336500883102417e-02 -6.657181680202484131e-02 -3.491346957162022591e-03 2.616667747497558594e-02 4.124747216701507568e-02 -5.458647012710571289e-02 2.489248663187026978e-02 9.954479336738586426e-02 -6.085672602057456970e-02 7.866753637790679932e-02 -7.223290205001831055e-02 6.495470553636550903e-02 7.510518282651901245e-02 7.661352306604385376e-02 7.338475435972213745e-02 -1.142979040741920471e-01 8.041962236166000366e-02 -3.917496651411056519e-02 -1.261550784111022949e-01 1.777811534702777863e-02 1.529971659183502197e-01 -7.268391549587249756e-02 6.059965863823890686e-02 1.266783177852630615e-01 5.405104160308837891e-02 6.631346791982650757e-02 3.739540651440620422e-02 -1.331095248460769653e-01 -6.959140300750732422e-02 -2.546314895153045654e-02 9.849409013986587524e-02 -2.771217003464698792e-02 -8.568006753921508789e-02 -8.391880989074707031e-02 8.041646651690825820e-05 -1.145517379045486450e-01 6.706281006336212158e-02 8.505854755640029907e-02 -1.110638529062271118e-01 -4.680479690432548523e-02 -2.151438221335411072e-02 6.077136471867561340e-02 -3.239830955862998962e-02 -7.469563931226730347e-02 -5.821467936038970947e-02 -3.053049929440021515e-02 1.046158652752637863e-02 5.604819208383560181e-02 1.681397482752799988e-02 -5.306375399231910706e-02 -3.339089080691337585e-02 -2.801945805549621582e-02 1.062377542257308960e-01 -6.876020878553390503e-02 9.573562443256378174e-02 -6.876210123300552368e-02 4.482167586684226990e-02 1.020075231790542603e-01 2.408431097865104675e-02 -1.712728738784790039e-01 2.466353215277194977e-02 -6.171342451125383377e-03 -1.088902056217193604e-01 5.028207227587699890e-02 3.566849604249000549e-02 2.140970341861248016e-02 -1.200877353549003601e-01 -5.390314012765884399e-02 -4.565947502851486206e-02 7.904963195323944092e-02 5.017723143100738525e-02 -1.899481937289237976e-02 -9.458258748054504395e-02 1.556229591369628906e-01 4.223824664950370789e-02 7.564158737659454346e-02 -5.584154650568962097e-02 -2.796207740902900696e-02 -7.037293165922164917e-02 9.140755236148834229e-02 3.161221742630004883e-03 9.548490494489669800e-02 6.702376157045364380e-02 -5.824184790253639221e-02 1.771151721477508545e-01
2.191004343330860138e-02 -7.092257589101791382e-02 8.861924707889556885e-02 4.757135361433029175e-02 1.043841317296028137e-01 1.428249925374984741e-01 -7.199431210756301880e-02 5.253646988421678543e-03 -8.036983758211135864e-02 8.878917992115020752e-02 -6.511520594358444214e-02 1.208664625883102417e-01 1.091179847717285156e-01 -4.767139628529548645e-02 -6.649334728717803955e-02 -4.921659082174301147e-02 -3.799502179026603699e-02 -9.074839949607849121e-02 -5.577104166150093079e-02 -6.865231692790985107e-02 -3.442913666367530823e-02 -2.738942205905914307e-02 1.430217325687408447e-01 5.844897031784057617e-02 2.021944336593151093e-02 1.007729843258857727e-01 -1.709476113319396973e-01 1.503284182399511337e-02 -7.527039945125579834e-02 8.035150915384292603e-02 -7.475859951227903366e-03 1.140168756246566772e-01 -1.562135294079780579e-02 1.369670033454895020e-01 1.713598817586898804e-01 4.387737065553665161e-02 1.217619404196739197e-01 -2.649066038429737091e-02 4.168947786092758179e-02 8.808452636003494263e-02 1.071249842643737793e-01 -9.220167249441146851e-02 -7.620579004287719727e-02 -1.563797146081924438e-02 5.268291383981704712e-02 -8.690614253282546997e-02 -3.940449655055999756e-02 4.359250515699386597e-02 -8.101824671030044556e-02 3.816300258040428162e-02 -1.854765973985195160e-02 -1.164769567549228668e-02 -1.016855165362358093e-01 7.184337824583053589e-02 3.066849661991000175e-03 5.460898950695991516e-02 -1.426856815814971924e-01 -4.162557423114776611e-02 -8.417051285505294800e-03 6.746081262826919556e-02 -8.011925965547561646e-02 -1.172044277191162109e-01 6.450486183166503906e-02 2.039663121104240417e-02 -2.283493801951408386e-02 -3.884982690215110779e-02 1.165912672877311707e-01 -3.659326210618019104e-02 1.632634997367858887e-01 -8.951299637556076050e-02 9.015560150146484375e-02 -8.164452016353607178e-02 -2.534928172826766968e-02 2.900103852152824402e-02 -2.418862469494342804e-02 -3.590865060687065125e-02 2.957978285849094391e-02 -2.072458527982234955e-02 -1.280109882354736328e-01 -6.005667150020599365e-02 -7.457718998193740845e-02 6.973791122436523438e-02 -9.046238660812377930e-02 1.348181962966918945e-01 2.354027004912495613e-03 -3.306742012500762939e-02 5.419761408120393753e-03 1.462323367595672607e-01 -3.633740125223994255e-03 -3.258519619703292847e-02 -1.200284585356712341e-01 -8.326882869005203247e-02 -3.545477055013179779e-03 9.765920788049697876e-02 2.001205831766128540e-02 1.209465563297271729e-01 7.258719764649868011e-03 1.020869761705398560e-01 4.957559332251548767e-02 3.138038888573646545e-02
2.869866788387298584e-02 7.127121090888977051e-02 -6.816017627716064453e-02 9.098414331674575806e-02 -3.419141843914985657e-02 -7.943413406610488892e-02 7.860321551561355591e-02 -5.999952554702758789e-02 -5.904263257980346680e-02 -5.636412650346755981e-02 1.696325838565826416e-01 -1.424357295036315918e-01 -1.562246121466159821e-02 -1.261506378650665283e-01 -4.120512306690216064e-02 -6.843998283147811890e-02 1.066884621977806091e-01 -8.130247145891189575e-02 -5.266054719686508179e-02 -4.620295390486717224e-02 -5.443637259304523468e-03 2.282524295151233673e-02 -4.038054868578910828e-02 -4.486554488539695740e-02 -7.635251432657241821e-02 -2.744483388960361481e-02 2.097421884536743164e-01 2.306235488504171371e-03 -6.168578192591667175e-02 4.469007253646850586e-02 -9.377893805503845215e-02 6.910773366689682007e-02 9.152159839868545532e-02 2.178077027201652527e-02 1.289645303040742874e-02 3.783223917707800865e-03 -6.105160713195800781e-02 -6.273008137941360474e-02 -6.438779830932617188e-02 -1.191673725843429565e-01 5.734607204794883728e-02 4.127889499068260193e-02 4.428855702280998230e-02 -1.139437630772590637e-01 2.989985421299934387e-02 4.297344386577606201e-02 -4.198931157588958740e-02 -2.620357275009155273e-02 -3.580655157566070557e-02 -7.339217513799667358e-02 9.844129532575607300e-02 1.008308231830596924e-01 1.276455223560333252e-01 2.019569277763366699e-02 -7.848133146762847900e-02 -7.644852250814437866e-02 4.838342592120170593e-02 5.316528677940368652e-02 -9.423267096281051636e-02 5.479133874177932739e-02 -4.536139965057373047e-02 -4.138308763504028320e-02 -7.547744363546371460e-02 -1.066807806491851807e-01 7.207443565130233765e-02 -8.793074637651443481e-02 1.113934256136417389e-02 3.660375624895095825e-02 -3.517807275056838989e-02 -2.092914469540119171e-02 2.265545912086963654e-02 6.893479079008102417e-02 2.688188664615154266e-02 8.004295080900192261e-02 -3.792377561330795288e-02 -1.082292199134826660e-01 4.696423560380935669e-02 -7.931681722402572632e-02 1.123113259673118591e-01 7.224429864436388016e-04 -6.501924991607666016e-02 -8.687874674797058105e-02 -1.082088649272918701e-01 -7.095546275377273560e-02 -4.330277070403099060e-02 -4.474746435880661011e-02 -2.299558930099010468e-02 2.580846101045608521e-02 9.608332812786102295e-02 -7.960096001625061035e-02 -1.756194792687892914e-02 -2.750642411410808563e-02 2.642599120736122131e-02 4.160843417048454285e-02 9.572394192218780518e-02 2.599270828068256378e-02 5.558088421821594238e-02 -6.741685420274734497e-02 -1.766570657491683960e-02 1.297167539596557617e-01
1.515174061059951782e-01 -1.274760812520980835e-01 4.346215352416038513e-02 1.332152485847473145e-01 -9.932555258274078369e-02 -5.156400799751281738e-02 -8.180234581232070923e-02 1.599627435207366943e-01 -7.723861932754516602e-02 -3.265344724059104919e-02 1.519269030541181564e-02 6.669543683528900146e-02 -3.476635739207267761e-02 -1.250433474779129028e-01 6.243282929062843323e-02 5.540414527058601379e-02 2.641947381198406219e-02 -4.817446693778038025e-02 -1.082201525568962097e-01 7.303265389055013657e-03 5.135177075862884521e-02 1.596473604440689087e-01 1.821874678134918213e-01 1.522466689348220825e-01 -2.070183306932449341e-02 1.082586050033569336e-01 -1.573222130537033081e-01 2.182996133342385292e-03 6.838446110486984253e-02 -2.478811591863632202e-01 -9.919171780347824097e-02 -4.746828973293304443e-02 -6.187618523836135864e-02 3.540507331490516663e-02 1.820444166660308838e-01 -1.307254377752542496e-02 -5.829224735498428345e-02 -1.026661768555641174e-01 -8.293429762125015259e-02 2.757752873003482819e-02 9.362194687128067017e-02 -7.118702679872512817e-02 -2.250672429800033569e-01 4.498822987079620361e-02 -7.323561608791351318e-02 -6.298191845417022705e-02 2.088709324598312378e-01 -1.367884278297424316e-01 -1.085656583309173584e-01 1.529010199010372162e-02 6.119637191295623779e-02 5.423727259039878845e-02 1.093919873237609863e-01 3.846248984336853027e-02 -1.252263039350509644e-01 2.280392795801162720e-01 -1.084340885281562805e-01 1.357818208634853363e-02 -9.375356137752532959e-02 6.201501935720443726e-02 -1.548102200031280518e-01 -1.784370690584182739e-01 1.235516071319580078e-01 6.193248555064201355e-02 -1.624321565032005310e-02 2.878941036760807037e-02 -9.819352626800537109e-02 -1.512934118509292603e-01 4.640073329210281372e-02 -2.050337009131908417e-02 5.812961235642433167e-02 3.138155862689018250e-02 1.117215827107429504e-01 -7.753001153469085693e-02 -1.454347819089889526e-01 9.280496090650558472e-02 5.941638723015785217e-02 2.509369552135467529e-01 2.029983513057231903e-02 5.779850482940673828e-02 -9.300192468799650669e-04 1.377201527357101440e-01 8.612038940191268921e-02 1.972083896398544312e-01 -4.229917377233505249e-02 1.382569223642349243e-01 3.633362054824829102e-02 1.837554946541786194e-02 -6.246744841337203979e-02 1.261185258626937866e-01 -5.878363549709320068e-02 2.281760796904563904e-02 2.862127311527729034e-02 -4.796021431684494019e-02 7.066190987825393677e-02 3.203056752681732178e-02 8.599986881017684937e-02 8.965918421745300293e-02 1.343503445386886597e-01 -6.296934187412261963e-02
8.595483750104904175e-02 8.294154703617095947e-02 -2.381485886871814728e-02 1.202432811260223389e-02 5.185447633266448975e-02 7.942461967468261719e-02 1.609275001101195812e-03 2.466794662177562714e-02 3.319564834237098694e-02 -7.836846262216567993e-02 -1.447347737848758698e-02 1.011959165334701538e-01 -8.132877945899963379e-02 -1.194182112812995911e-01 6.829091906547546387e-02 8.237156271934509277e-02 6.449948251247406006e-02 -1.229217723011970520e-01 -6.002788618206977844e-02 -1.165810227394104004e-01 5.103547871112823486e-02 6.896312348544597626e-03 4.264392331242561340e-02 8.286553621292114258e-02 -1.330793462693691254e-02 -8.805373683571815491e-03 -1.389874331653118134e-02 -7.986055314540863037e-02 1.004742085933685303e-02 -1.480812877416610718e-01 -3.960423916578292847e-02 1.507130172103643417e-02 5.122334137558937073e-02 -2.398940734565258026e-02 3.416493535041809082e-02 -2.729800716042518616e-02 5.907671898603439331e-02 -5.006731674075126648e-02 -6.627600640058517456e-02 -9.283201768994331360e-03 -8.192460238933563232e-02 -1.105633005499839783e-01 -7.406765222549438477e-02 -6.145757064223289490e-02 -8.695309050381183624e-03 6.502912938594818115e-02 -2.586021646857261658e-02 -1.093258783221244812e-01 6.362435966730117798e-02 9.971702098846435547e-02 -5.660204216837882996e-02 -7.252255454659461975e-03 -2.031094208359718323e-02 4.379118978977203369e-02 -8.751089684665203094e-03 5.202776193618774414e-02 7.659321185201406479e-03 1.224838718771934509e-01 -9.579543769359588623e-02 1.177901774644851685e-01 1.002984121441841125e-01 4.113646224141120911e-02 7.855865359306335449e-02 5.257118493318557739e-02 -1.466975198127329350e-03 3.642093017697334290e-02 -2.221114188432693481e-02 3.039989434182643890e-02 1.571239158511161804e-02 7.386808842420578003e-02 -9.414708614349365234e-02 7.987716048955917358e-02 -8.399775624275207520e-02 3.356298257131129503e-04 -9.117374569177627563e-02 1.013498008251190186e-02 -3.855184838175773621e-02 -2.011986076831817627e-02 -2.140728943049907684e-02 -5.462003499269485474e-02 -1.124994270503520966e-02 1.020625606179237366e-01 4.403666779398918152e-02 1.136915683746337891e-01 8.184178918600082397e-02 9.914848953485488892e-02 2.998804114758968353e-02 -3.374718502163887024e-02 -6.641943752765655518e-02 -4.846479371190071106e-02 8.477420359849929810e-02 -3.380965068936347961e-02 2.881324663758277893e-02 -7.526624202728271484e-02 3.378801792860031128e-02 8.920393139123916626e-02 -4.178994521498680115e-02 4.557255282998085022e-02 -5.147662758827209473e-02 -1.062147766351699829e-01
1.331907957792282104e-01 -7.708208262920379639e-02 -7.497204840183258057e-02 4.110845550894737244e-02 -3.431460633873939514e-02 -1.175155863165855408e-02 -5.943015217781066895e-02 -5.365457758307456970e-02 -2.148267067968845367e-02 -3.800602257251739502e-02 -1.276352405548095703e-01 8.514076471328735352e-02 1.011442542076110840e-01 -2.135166339576244354e-02 -1.095437929034233093e-01 3.120270371437072754e-02 -9.991076588630676270e-02 -3.564425930380821228e-02 6.394778843969106674e-03 -5.240757390856742859e-02 -7.610061764717102051e-02 -1.141876056790351868e-01 -6.237843539565801620e-03 1.039249897003173828e-01 -2.185193076729774475e-02 -1.139850392937660217e-01 1.122030802071094513e-02 -9.663697332143783569e-02 -6.989432126283645630e-02 -9.226202964782714844e-03 -1.098739542067050934e-02 -8.415501564741134644e-02 -4.807438235729932785e-03 1.122610345482826233e-01 1.703933253884315491e-02 8.163128793239593506e-02 9.446421265602111816e-02 -1.112633571028709412e-02 -1.069788262248039246e-01 5.006546154618263245e-02 1.051691323518753052e-01 9.501617401838302612e-03 3.472930192947387695e-02 4.687599092721939087e-02 -5.556333437561988831e-02 -1.376402378082275391e-02 1.619006320834159851e-02 -1.436963379383087158e-01 4.596688598394393921e-02 -6.042883545160293579e-02 -7.224389165639877319e-02 -1.190182939171791077e-01 -1.471644341945648193e-01 -5.718781799077987671e-02 -7.529170066118240356e-02 7.761830836534500122e-02 1.984762726351618767e-03 7.266375422477722168e-02 -8.166821300983428955e-02 4.900573752820491791e-03 3.140331432223320007e-02 4.943249374628067017e-02 -3.004639595746994019e-02 1.304439455270767212e-01 1.417400687932968140e-01 2.761040069162845612e-02 4.795434698462486267e-02 -4.821124300360679626e-02 -5.025641992688179016e-02 -2.964864298701286316e-02 6.275838613510131836e-02 -7.892588526010513306e-02 -8.239324390888214111e-02 5.931578204035758972e-02 -5.245745182037353516e-03 -9.431754052639007568e-02 -1.076859310269355774e-01 -6.806325167417526245e-02 -3.371237590909004211e-02 1.161842513829469681e-02 7.104271091520786285e-03 6.933822482824325562e-02 9.230435639619827271e-02 4.743904620409011841e-02 -4.095244407653808594e-02 4.615343362092971802e-02 3.941768035292625427e-02 1.046824604272842407e-01 7.789974915795028210e-04 8.473484963178634644e-02 4.282999411225318909e-02 8.367095142602920532e-02 5.132556427270174026e-03 6.431593000888824463e-02 -5.832390114665031433e-02 7.963123172521591187e-02 -8.904499560594558716e-02 -6.723967939615249634e-02 -1.198630481958389282e-01 -2.118639089167118073e-02
8.838149718940258026e-03 1.603950113058090210e-01 2.703962149098515511e-03 -4.722939431667327881e-02 -1.045901551842689514e-01 -2.273683785460889339e-04 -5.388348549604415894e-02 -1.074149832129478455e-01 -8.346062898635864258e-02 -8.658924698829650879e-02 2.352179959416389465e-02 -6.601437926292419434e-02 -8.353278040885925293e-02 8.324450999498367310e-02 3.068164223805069923e-03 6.535752117633819580e-02 9.590157866477966309e-02 -3.465023357421159744e-03 -1.108616366982460022e-01 -7.478957623243331909e-02 3.849555505439639091e-03 -1.187757626175880432e-01 7.510279864072799683e-02 -2.218774333596229553e-02 1.840987708419561386e-03 1.240271609276533127e-02 -6.033930182456970215e-02 8.532297611236572266e-02 3.293681889772415161e-02 5.962503328919410706e-02 9.202589094638824463e-02 1.191744878888130188e-01 4.692699760198593140e-02 2.659122087061405182e-02 -1.003428846597671509e-01 4.193974658846855164e-02 -2.516808360815048218e-02 6.259748339653015137e-02 7.496521621942520142e-02 -2.424472942948341370e-02 5.871673673391342163e-02 3.177088871598243713e-02 -1.125563085079193115e-01 -5.139176733791828156e-03 9.973736107349395752e-02 3.640053421258926392e-02 1.216339766979217529e-01 -2.367549017071723938e-02 6.487678736448287964e-03 1.077631190419197083e-01 -6.451995670795440674e-02 -3.301371354609727859e-03 1.344300620257854462e-02 -6.279400736093521118e-02 -1.247647777199745178e-01 -4.042497649788856506e-02 -1.085130348801612854e-01 -6.811256706714630127e-02 -3.960466012358665466e-02 -3.637936338782310486e-02 9.055008739233016968e-02 -3.259975835680961609e-02 -3.532024845480918884e-02 1.114511936902999878e-01 6.436720490455627441e-02 -4.559034481644630432e-02 -8.248342573642730713e-02 -4.811646789312362671e-02 -8.294094353914260864e-02 -5.292391404509544373e-02 9.090685844421386719e-02 -2.154770493507385254e-02 1.050201207399368286e-01 1.664694718783721328e-04 -6.367349624633789062e-02 -2.752741426229476929e-02 7.375180721282958984e-03 2.426405251026153564e-02 2.258640713989734650e-02 2.937623532488942146e-03 7.999403029680252075e-02 -1.572236302308738232e-03 1.923941820859909058e-02 -6.223956122994422913e-02 -2.333220094442367554e-02 1.655364595353603363e-02 -4.976482689380645752e-02 1.104352716356515884e-02 6.544969230890274048e-02 -3.718711808323860168e-02 3.420442342758178711e-02 -3.371133469045162201e-03 -7.850306108593940735e-03 -9.401020407676696777e-02 -4.601915553212165833e-02 1.039637997746467590e-02 -4.311711713671684265e-02 -7.473213132470846176e-03 1.655317656695842743e-02 2.364606037735939026e-02
-5.751188099384307861e-02 -1.004958990961313248e-02 -2.938658371567726135e-02 8.537166565656661987e-02 3.265633061528205872e-02 -1.051213070750236511e-01 9.475206583738327026e-02 4.785020276904106140e-02 -2.835105173289775848e-02 -5.989910662174224854e-02 -1.260096877813339233e-01 6.969207525253295898e-02 7.226654887199401855e-02 1.120523363351821899e-01 1.092527620494365692e-02 -4.324393346905708313e-02 4.282605275511741638e-02 -8.386076986789703369e-02 -9.407851845026016235e-02 -1.827601343393325806e-02 -1.555222645401954651e-02 6.073028966784477234e-02 7.420095801353454590e-02 7.868077605962753296e-02 5.594936385750770569e-02 -6.654319819062948227e-03 -7.926678657531738281e-02 -5.722806602716445923e-02 -6.710354238748550415e-02 4.132337868213653564e-02 -9.136503934860229492e-02 -8.665199577808380127e-02 -3.720311913639307022e-03 8.378512226045131683e-03 -6.415171921253204346e-02 -2.707049250602722168e-02 -4.328155517578125000e-02 -6.365174055099487305e-02 5.794797092676162720e-02 6.208920385688543320e-03 5.745188891887664795e-02 8.585580438375473022e-02 -1.065635830163955688e-01 -6.134244427084922791e-02 9.614422917366027832e-02 7.261475175619125366e-02 8.181181550025939941e-02 6.551428884267807007e-02 7.321473211050033569e-02 -8.711406029760837555e-03 -6.742179393768310547e-03 4.402889311313629150e-02 2.024663845077157021e-03 -1.348294434137642384e-03 3.925523720681667328e-03 1.059173606336116791e-02 2.232323773205280304e-02 -6.539691984653472900e-02 -4.822782054543495178e-02 -2.106549032032489777e-02 -6.579995900392532349e-02 -1.044812053442001343e-01 -1.174468100070953369e-01 -9.706598520278930664e-02 9.932883828878402710e-02 -5.961821600794792175e-02 8.154248446226119995e-02 1.205638889223337173e-02 6.234366446733474731e-02 7.580084353685379028e-02 3.463390842080116272e-02 4.398662131279706955e-03 -5.947225913405418396e-02 -2.488123439252376556e-02 8.085024356842041016e-02 -1.818566583096981049e-02 2.991361543536186218e-02 -9.497966617345809937e-03 -5.835360661149024963e-02 1.032567322254180908e-01 -9.746471047401428223e-02 -2.802282758057117462e-02 6.938576698303222656e-02 6.557457894086837769e-02 -6.862907856702804565e-02 -1.100487913936376572e-02 -3.109929524362087250e-02 2.232263796031475067e-02 -3.476009517908096313e-02 -6.807935982942581177e-02 1.257510390132665634e-02 -4.113486036658287048e-02 2.923566102981567383e-02 9.162583202123641968e-02 3.556621074676513672e-02 8.374084532260894775e-02 7.998778671026229858e-02 -3.708662465214729309e-02 9.011683613061904907e-02 -5.098634585738182068e-02
4.215447604656219482e-02 9.637174010276794434e-02 -6.906414055265486240e-04 -5.044693127274513245e-02 5.614202097058296204e-02 -6.685236841440200806e-02 5.900746583938598633e-02 -3.670465201139450073e-02 -6.664760410785675049e-02 -1.206460595130920410e-01 -2.114318311214447021e-01 -3.993296995759010315e-02 -3.495944663882255554e-02 -5.170170217752456665e-02 8.829092979431152344e-02 7.979231327772140503e-02 7.154715806245803833e-02 -1.413379758596420288e-01 5.291736871004104614e-02 7.710190862417221069e-02 2.120616100728511810e-02 1.287023276090621948e-01 7.091955840587615967e-02 4.067569971084594727e-02 6.873741000890731812e-02 -6.626536697149276733e-02 -2.437633834779262543e-02 6.732922047376632690e-02 -2.441592281684279442e-03 -5.962123721837997437e-02 1.177375614643096924e-01 4.436954483389854431e-02 -2.278582565486431122e-02 5.751818791031837463e-02 -5.730617791414260864e-02 -5.690538510680198669e-02 -1.248119473457336426e-01 -1.440187394618988037e-01 6.705009192228317261e-02 -5.976518988609313965e-02 3.558132052421569824e-02 -1.292499061673879623e-02 -1.339035108685493469e-02 -8.638441795483231544e-04 5.458099767565727234e-02 1.138469949364662170e-01 9.354317188262939453e-02 1.895839720964431763e-02 4.012081306427717209e-03 5.265708267688751221e-02 1.588983833789825439e-02 2.688258327543735504e-02 -6.100018694996833801e-02 -1.172266528010368347e-01 5.337574705481529236e-02 3.639983944594860077e-03 1.643145382404327393e-01 1.183920204639434814e-01 -7.943383604288101196e-02 -2.313655242323875427e-02 1.319295912981033325e-01 3.379266709089279175e-02 4.943591076880693436e-03 -9.287429600954055786e-02 9.630927443504333496e-02 -6.246105581521987915e-02 -6.218665465712547302e-02 -3.585867211222648621e-02 -6.676548719406127930e-02 6.308872997760772705e-02 -8.928360044956207275e-02 1.267313063144683838e-01 1.895751245319843292e-02 -4.913957044482231140e-02 -2.589209377765655518e-02 5.944189056754112244e-02 -3.486975328996777534e-03 2.512131817638874054e-02 -3.916256129741668701e-02 -6.281503476202487946e-03 2.372671477496623993e-02 5.291633307933807373e-02 4.580115899443626404e-02 -9.367072954773902893e-03 7.375245541334152222e-02 -9.241295605897903442e-02 7.157601416110992432e-02 -4.709643870592117310e-02 -7.968172430992126465e-02 -6.841800361871719360e-02 3.496827092021703720e-03 2.184247411787509918e-02 -8.884582668542861938e-02 8.304045535624027252e-03 4.256646335124969482e-02 -7.588886469602584839e-02 7.554675638675689697e-02 -1.682207360863685608e-02 3.419474139809608459e-02 -5.140527710318565369e-02
2.060353010892868042e-02 6.591951847076416016e-02 -1.719394885003566742e-02 -1.307942569255828857e-01 4.004891961812973022e-02 2.806496620178222656e-02 -2.445315942168235779e-02 -6.035404279828071594e-02 4.464026074856519699e-03 -4.885918274521827698e-02 -1.688346453011035919e-02 -2.117237448692321777e-02 -1.100393384695053101e-01 9.389071911573410034e-02 7.850124686956405640e-02 1.212223898619413376e-03 2.905547432601451874e-02 6.752769649028778076e-02 3.994975239038467407e-02 -2.369988150894641876e-02 5.968645587563514709e-02 -1.176745593547821045e-01 -2.606659941375255585e-02 3.320997953414916992e-02 5.018379911780357361e-02 -7.396770268678665161e-02 -1.037537008523941040e-01 1.263419985771179199e-01 3.285547345876693726e-02 1.842481084167957306e-02 1.633145380765199661e-03 -7.096128910779953003e-02 -5.665546655654907227e-02 -7.721819728612899780e-02 -3.114907443523406982e-02 -5.588454753160476685e-02 3.293595463037490845e-02 6.294000148773193359e-02 -3.080590255558490753e-02 8.203019201755523682e-02 -8.807818591594696045e-02 6.204615533351898193e-02 -3.093203995376825333e-03 -3.394316881895065308e-02 1.019502058625221252e-01 8.757978677749633789e-03 3.638768941164016724e-02 -3.341460227966308594e-02 -1.121573075652122498e-01 -5.845158174633979797e-02 -3.880712389945983887e-02 -1.038036197423934937e-01 -1.070400029420852661e-01 -7.651180028915405273e-02 -4.992750287055969238e-02 -7.865322381258010864e-02 -7.349144667387008667e-02 -5.966439843177795410e-02 7.274799793958663940e-02 -5.338522791862487793e-02 -3.240386396646499634e-02 3.326508775353431702e-02 -1.733777076005935669e-01 -1.037223637104034424e-02 4.005641862750053406e-02 4.417833872139453888e-03 -1.284683356061577797e-03 4.325835907366126776e-04 -6.113567575812339783e-02 -1.510094478726387024e-02 -9.698489308357238770e-02 -9.479655325412750244e-02 2.934561483561992645e-02 -8.428483456373214722e-02 3.777855634689331055e-02 4.854697268456220627e-03 -4.984904825687408447e-02 -7.805906236171722412e-02 -1.787706837058067322e-02 -4.138429090380668640e-02 3.943291085306555033e-04 -1.887072809040546417e-02 5.471251532435417175e-02 9.235433489084243774e-02 -6.177798844873905182e-03 -1.417020615190267563e-02 2.161110937595367432e-02 1.851229183375835419e-02 -7.694325596094131470e-02 -1.146860197186470032e-01 1.743277348577976227e-02 3.311848640441894531e-02 2.781016007065773010e-02 -3.456116840243339539e-02 5.811308324337005615e-02 1.452004071325063705e-02 -5.996687337756156921e-02 -6.230545789003372192e-02 -3.638942167162895203e-02 1.356339603662490845e-01
-3.474403172731399536e-02 -3.050232073292136192e-03 -1.239225827157497406e-02 -7.269266992807388306e-02 6.983008235692977905e-02 -2.840469777584075928e-02 3.060307353734970093e-02 -3.950957581400871277e-02 -2.213949523866176605e-02 -2.791045978665351868e-02 6.461759656667709351e-02 8.733405172824859619e-02 8.328530192375183105e-02 5.647519975900650024e-02 4.131586849689483643e-02 8.793585933744907379e-03 -2.674001827836036682e-02 -6.542463786900043488e-03 -2.211967483162879944e-02 3.839968144893646240e-02 -4.273240640759468079e-02 -5.331336706876754761e-02 1.939727738499641418e-02 -3.922448307275772095e-02 4.679860174655914307e-02 5.484868958592414856e-02 5.986050143837928772e-02 -6.724943965673446655e-02 -4.795138165354728699e-02 5.861897021532058716e-02 5.773402005434036255e-02 4.182998836040496826e-02 -2.666147425770759583e-02 -6.133696530014276505e-03 4.002857580780982971e-02 -7.731209695339202881e-02 -8.628377318382263184e-02 5.625566095113754272e-02 5.050617456436157227e-02 4.310445487499237061e-02 1.534475013613700867e-02 7.023769617080688477e-02 -5.873896926641464233e-02 8.908090740442276001e-02 -8.255877345800399780e-02 6.543454527854919434e-02 5.522285029292106628e-02 -3.606963157653808594e-02 2.342120744287967682e-02 -5.754145607352256775e-02 9.792685508728027344e-02 3.398833796381950378e-02 1.577252708375453949e-02 -8.058217167854309082e-02 -3.804258769378066063e-03 -3.671120153740048409e-03 -5.694150924682617188e-02 -5.810877680778503418e-02 5.184348672628402710e-02 -4.247549921274185181e-02 -9.204913675785064697e-02 1.581937447190284729e-02 -4.985058307647705078e-02 -4.887351393699645996e-02 6.278053391724824905e-03 -9.783201385289430618e-04 -3.370894864201545715e-02 -3.257415443658828735e-02 -1.287978887557983398e-02 -1.648789457976818085e-02 -4.548954963684082031e-02 1.448121108114719391e-02 -6.625323742628097534e-02 1.277852989733219147e-02 -5.378285050392150879e-02 7.328623440116643906e-03 1.819758303463459015e-02 3.629279322922229767e-03 -2.699238015338778496e-03 3.353613242506980896e-02 -6.451065093278884888e-02 -1.540486118756234646e-03 9.856512397527694702e-02 7.728690654039382935e-02 -1.618554815649986267e-02 -8.903560042381286621e-02 -4.775720089673995972e-02 6.827693432569503784e-02 9.380903095006942749e-02 -3.400337323546409607e-02 -8.223572373390197754e-02 -8.265681564807891846e-02 -4.665948078036308289e-02 -2.877485007047653198e-02 2.028263546526432037e-02 -8.513458818197250366e-02 9.563536942005157471e-02 -9.167867898941040039e-02 -4.428635537624359131e-02 -5.173951759934425354e-02
1.331096142530441284e-01 -3.907107561826705933e-02 1.324349492788314819e-01 1.154466345906257629e-01 1.965400017797946930e-02 -2.252606116235256195e-02 7.703614979982376099e-02 1.290234387852251530e-03 -2.504845708608627319e-02 6.507043540477752686e-02 -7.204019278287887573e-02 1.444901674985885620e-01 -7.362143695354461670e-02 5.972037836909294128e-02 5.248142778873443604e-02 -3.640918061137199402e-03 -8.245176635682582855e-03 1.656428128480911255e-01 -1.454511582851409912e-01 3.283638134598731995e-02 -4.079180955886840820e-02 -8.980190753936767578e-02 7.856431603431701660e-02 -7.626628875732421875e-02 8.573475480079650879e-02 -2.345867827534675598e-02 -2.316593565046787262e-02 8.565697073936462402e-02 6.802271306514739990e-02 6.907720118761062622e-02 3.056616149842739105e-02 -9.233773499727249146e-02 -6.087387725710868835e-02 -9.174372255802154541e-02 -7.021003961563110352e-02 2.619186975061893463e-02 8.915480226278305054e-03 -2.937404811382293701e-02 -8.439555764198303223e-02 -1.724579185247421265e-02 5.643342435359954834e-02 -3.317661955952644348e-02 -8.053855597972869873e-02 -5.216841399669647217e-02 7.306661456823348999e-02 -3.592533757910132408e-03 4.660316184163093567e-02 1.403381675481796265e-01 1.187494769692420959e-02 -1.592483744025230408e-02 5.464644357562065125e-02 1.088483184576034546e-01 5.686071515083312988e-02 1.252801865339279175e-01 -9.708744287490844727e-02 1.192272901535034180e-01 -1.275853961706161499e-01 -2.043350599706172943e-02 -4.450645670294761658e-02 6.971109658479690552e-03 -1.021602079272270203e-01 1.150339469313621521e-01 8.878438174724578857e-02 8.213151246309280396e-02 -6.307255476713180542e-02 1.790292002260684967e-02 -2.175384014844894409e-02 -8.519841940142214298e-04 8.949072659015655518e-02 -4.601554945111274719e-02 6.721584498882293701e-02 3.395064547657966614e-02 6.664376705884933472e-02 -3.460505977272987366e-02 8.971765637397766113e-02 -1.001698598265647888e-01 -8.308197371661663055e-03 -1.276217680424451828e-02 8.113167434930801392e-02 -1.220597922801971436e-01 8.118905127048492432e-02 -5.988293513655662537e-02 9.199833869934082031e-02 -2.185132354497909546e-02 2.337821386754512787e-02 4.565554857254028320e-02 6.020314246416091919e-02 2.092136815190315247e-02 7.644263654947280884e-02 5.095317587256431580e-02 2.988826110959053040e-02 1.212129369378089905e-01 -4.263368248939514160e-02 8.497263491153717041e-02 1.132712662220001221e-01 -4.831257462501525879e-02 7.374067325145006180e-03 -5.023492034524679184e-03 -5.645191669464111328e-02 3.036805987358093262e-02
8.070030808448791504e-02 3.775122016668319702e-02 -1.076945569366216660e-02 1.056649163365364075e-01 -7.070640474557876587e-02 5.202568322420120239e-02 -3.825743123888969421e-02 -3.455463796854019165e-02 2.776769921183586121e-02 -1.062433496117591858e-01 -4.354154318571090698e-02 1.293842494487762451e-01 7.087036967277526855e-02 -3.152941539883613586e-02 -4.091919958591461182e-02 -2.627392113208770752e-02 -4.476317018270492554e-02 7.020569406449794769e-03 -9.504687041044235229e-02 2.213262394070625305e-02 6.848289072513580322e-02 -6.314812693744897842e-03 -6.357626616954803467e-02 3.497669845819473267e-02 -8.431067317724227905e-02 -5.771679058670997620e-02 9.567259252071380615e-02 -3.602781519293785095e-02 -6.453198194503784180e-02 -6.486970186233520508e-02 -8.531094342470169067e-02 -1.654999889433383942e-02 -7.321462780237197876e-02 8.938964456319808960e-02 5.236487463116645813e-02 2.095229364931583405e-02 -5.489842966198921204e-02 5.134034529328346252e-02 -7.163935899734497070e-02 3.215939551591873169e-02 1.293337903916835785e-02 -1.718720234930515289e-02 4.889423772692680359e-02 5.651486665010452271e-02 2.185132168233394623e-02 -7.679966092109680176e-02 1.161012984812259674e-02 -2.593991719186306000e-02 -1.007079780101776123e-01 2.046994492411613464e-02 6.488415598869323730e-02 -4.611140117049217224e-03 -2.949327789247035980e-02 -7.885088026523590088e-02 6.165431067347526550e-02 4.888743162155151367e-02 9.720543771982192993e-02 1.158220246434211731e-01 7.759839296340942383e-03 2.924439869821071625e-02 -2.084829146042466164e-03 -5.297763645648956299e-02 -5.203375965356826782e-02 6.199716031551361084e-02 -8.584044873714447021e-03 -5.346837267279624939e-02 5.527873989194631577e-03 -7.205045223236083984e-02 -3.806227073073387146e-02 3.589982539415359497e-02 -6.676149368286132812e-02 -9.504215419292449951e-02 6.519867479801177979e-02 -1.823986321687698364e-02 3.546306118369102478e-02 -2.077930793166160583e-02 -3.053804486989974976e-02 3.485000878572463989e-02 8.357217907905578613e-02 -5.708173662424087524e-02 8.541541546583175659e-02 -5.794444307684898376e-02 -2.480915002524852753e-02 -5.510119721293449402e-02 9.513793885707855225e-02 1.617425493896007538e-02 -6.534057110548019409e-02 4.043287783861160278e-02 3.569881618022918701e-02 2.639233134686946869e-02 7.795237004756927490e-02 6.031689792871475220e-02 7.363194972276687622e-02 -3.851083666086196899e-02 1.414761319756507874e-02 6.240325048565864563e-02 -4.473488032817840576e-02 2.513277344405651093e-02 -1.146184951066970825e-01 -5.047810077667236328e-02
4.323543235659599304e-02 -8.487685024738311768e-02 4.621978104114532471e-02 4.660588502883911133e-02 5.205927882343530655e-03 -6.793906912207603455e-03 7.054217159748077393e-02 8.802074193954467773e-02 -1.227053720504045486e-02 -6.422562152147293091e-02 1.640813983976840973e-02 2.264099195599555969e-02 -8.351958543062210083e-02 1.488591730594635010e-01 4.764042049646377563e-02 -6.245028693228960037e-03 -1.032416000962257385e-01 -8.237478137016296387e-02 -2.610972523689270020e-02 5.476242303848266602e-02 -6.920240819454193115e-03 4.008029401302337646e-02 1.330353599041700363e-02 5.182869359850883484e-02 -8.255753666162490845e-02 6.219502538442611694e-02 -4.855204373598098755e-03 2.296766079962253571e-02 -6.336811184883117676e-02 -3.089238656684756279e-03 4.303758591413497925e-02 -6.472841650247573853e-02 5.227372050285339355e-02 1.194986775517463684e-01 -9.922410361468791962e-03 -7.310450822114944458e-02 -5.100389569997787476e-02 -4.304790124297142029e-02 -3.672385588288307190e-02 -4.979986324906349182e-02 4.696118459105491638e-02 -6.756965816020965576e-02 1.753626018762588501e-02 3.434827178716659546e-02 -7.084842026233673096e-02 -5.808857455849647522e-02 -1.594920270144939423e-02 -1.412530802190303802e-02 8.934804052114486694e-02 7.282019406557083130e-02 7.246129214763641357e-02 7.865267992019653320e-02 -3.389053791761398315e-02 -4.770161211490631104e-02 4.965523257851600647e-02 -1.293574124574661255e-01 5.896866321563720703e-02 6.315910071134567261e-02 -6.569148600101470947e-02 2.420931681990623474e-02 -5.147045594640076160e-04 -6.442851852625608444e-03 -8.462200313806533813e-02 1.040749773383140564e-01 -2.657589316368103027e-02 -3.622983023524284363e-02 -1.646098494529724121e-02 -5.812970921397209167e-02 7.250294834375381470e-02 -6.292823702096939087e-02 4.141700640320777893e-02 6.599551439285278320e-02 3.457430982962250710e-03 -2.249499037861824036e-02 -7.652656733989715576e-02 1.262692511081695557e-01 -8.050613105297088623e-02 7.187791168689727783e-02 7.309541106224060059e-02 1.164706945419311523e-01 -1.127306558191776276e-02 1.034548878669738770e-01 7.484235614538192749e-02 -5.204110965132713318e-02 8.216514438390731812e-02 5.920497700572013855e-02 9.821689873933792114e-02 -3.878230974078178406e-02 -9.831798821687698364e-02 8.690062165260314941e-02 -9.511318802833557129e-02 -6.412056088447570801e-02 -3.964045271277427673e-02 -6.578386574983596802e-02 7.399745285511016846e-02 8.141481876373291016e-02 -1.048480570316314697e-01 1.438664831221103668e-02 1.065715923905372620e-01 -7.848426699638366699e-02
6.816051900386810303e-02 -3.109954670071601868e-02 4.421168193221092224e-02 -7.061710953712463379e-02 3.866059239953756332e-03 2.970890887081623077e-02 2.869688346982002258e-02 8.077818900346755981e-02 2.836473844945430756e-02 1.497558057308197021e-01 2.466605156660079956e-01 5.682745575904846191e-02 4.039915651082992554e-02 2.711178967729210854e-03 -6.066764891147613525e-02 3.760447725653648376e-02 4.498448967933654785e-02 1.555051654577255249e-01 -8.402232080698013306e-02 1.917458027601242065e-01 1.715849526226520538e-02 1.082365363836288452e-01 -4.054072871804237366e-02 -6.808448582887649536e-02 3.922975808382034302e-02 7.112627476453781128e-02 3.976451978087425232e-02 6.468795984983444214e-02 -4.416593909263610840e-02 6.351907737553119659e-03 -5.488992854952812195e-02 1.000650674104690552e-01 4.432205855846405029e-02 -6.605034321546554565e-02 -6.176616996526718140e-03 -6.011357530951499939e-02 7.166124880313873291e-02 4.430218040943145752e-02 -4.928091913461685181e-02 -9.532283991575241089e-02 -7.568773627281188965e-02 6.268481910228729248e-02 -1.167362090200185776e-02 1.340078413486480713e-01 -1.046670824289321899e-01 2.080869488418102264e-02 -3.479436784982681274e-02 -5.974311009049415588e-02 -7.666368037462234497e-02 -5.770606547594070435e-02 -7.028055842965841293e-03 -4.939930513501167297e-02 -1.023880243301391602e-01 8.904360234737396240e-02 1.030206531286239624e-01 1.322198510169982910e-01 -1.945262104272842407e-01 1.420583389699459076e-02 -1.455358602106571198e-02 7.712060958147048950e-02 -1.304650213569402695e-02 -8.857045322656631470e-02 6.831094622611999512e-02 -7.088652811944484711e-03 1.547574158757925034e-02 2.516445890069007874e-02 3.798747807741165161e-02 -9.743282198905944824e-02 -5.072360113263130188e-02 6.646149605512619019e-02 -3.684315457940101624e-02 3.479755297303199768e-02 -4.375006258487701416e-02 1.053798571228981018e-02 -2.817168086767196655e-02 2.017156407237052917e-02 -1.557089574635028839e-02 9.186179190874099731e-02 -5.982703715562820435e-02 -1.059498079121112823e-02 2.290312573313713074e-02 -9.498758614063262939e-02 6.935296207666397095e-02 -3.503812476992607117e-02 -1.248339042067527771e-01 -3.340848907828330994e-02 -3.790054097771644592e-02 8.905967324972152710e-02 -5.042690038681030273e-02 -2.660393342375755310e-02 1.082833558320999146e-01 3.475109115242958069e-02 -1.649439707398414612e-02 8.291121572256088257e-03 -1.390546443872153759e-03 -7.646647840738296509e-02 -1.006204169243574142e-03 3.563231788575649261e-03 6.184460595250129700e-02 3.364536445587873459e-03
8.987992256879806519e-02 8.160758763551712036e-03 9.771656244993209839e-02 -1.073218882083892822e-01 -4.954689741134643555e-02 -1.499346364289522171e-02 2.380774915218353271e-02 1.245080381631851196e-01 -7.229910045862197876e-02 -1.055860593914985657e-01 -1.312584131956100464e-01 -1.240661833435297012e-02 -6.032728776335716248e-02 4.018791392445564270e-02 7.070779055356979370e-02 9.143506735563278198e-02 1.563821570016443729e-03 -1.388710550963878632e-02 4.217682871967554092e-03 9.995774179697036743e-02 -2.052693068981170654e-02 8.808294683694839478e-02 -7.122278213500976562e-02 9.750707447528839111e-02 -1.724617369472980499e-02 9.537002444267272949e-02 -6.054753065109252930e-02 8.150769770145416260e-02 -5.014009028673171997e-02 -1.616772823035717010e-02 -6.631879508495330811e-02 1.195149198174476624e-01 1.122816577553749084e-01 -1.203426998108625412e-02 1.424611210823059082e-01 -5.372899770736694336e-02 -3.429023548960685730e-02 -7.548902928829193115e-02 2.544291131198406219e-02 -7.655447721481323242e-02 -2.500775456428527832e-02 -1.203273534774780273e-01 5.716959387063980103e-02 1.036162823438644409e-01 -6.199456378817558289e-02 -7.606194913387298584e-02 4.480529949069023132e-02 -1.555824577808380127e-01 9.382972121238708496e-02 -1.921752281486988068e-02 -5.982185527682304382e-02 -1.296021044254302979e-01 -3.642585873603820801e-02 1.711034029722213745e-02 -3.575347736477851868e-02 1.683621481060981750e-02 -9.923519194126129150e-02 -1.210136488080024719e-01 -9.406833350658416748e-02 5.355810746550559998e-02 5.036451295018196106e-02 -6.306247413158416748e-02 6.509803980588912964e-02 9.600595384836196899e-02 4.856839403510093689e-02 -1.562157366424798965e-02 8.990430831909179688e-02 8.272095769643783569e-02 5.439331755042076111e-02 3.009603917598724365e-02 -1.016220822930335999e-01 -1.963386079296469688e-03 -8.218185603618621826e-02 -8.554379642009735107e-02 -1.001381427049636841e-01 -1.429092139005661011e-02 1.546401716768741608e-02 1.233437582850456238e-01 -4.435990005731582642e-02 1.151808053255081177e-01 2.819063514471054077e-02 1.218579187989234924e-01 -8.784248493611812592e-03 1.027533411979675293e-02 7.532596588134765625e-02 8.942651003599166870e-02 -4.522394016385078430e-02 1.078494936227798462e-01 -2.818134799599647522e-02 2.265086583793163300e-02 3.581424802541732788e-02 1.045643910765647888e-02 2.304242178797721863e-02 -7.220099866390228271e-02 -8.290049736388027668e-04 5.086811631917953491e-02 9.941416978836059570e-02 1.748443990945816040e-01 1.482204813510179520e-02 -5.934177339076995850e-02
5.242592468857765198e-02 -5.805777758359909058e-02 2.596979774534702301e-02 -9.246216714382171631e-02 3.388069942593574524e-02 6.415364146232604980e-02 1.119933724403381348e-01 -8.983340859413146973e-02 -7.487952709197998047e-02 2.809553593397140503e-02 -1.600321978330612183e-01 -1.745618321001529694e-02 -1.100876405835151672e-01 4.227536264806985855e-03 -2.717631123960018158e-02 -3.671908378601074219e-02 3.967192023992538452e-02 -1.773058474063873291e-01 -1.043513566255569458e-01 2.973329648375511169e-02 1.208067089319229126e-01 1.134952679276466370e-01 -7.129604369401931763e-02 3.103467822074890137e-02 7.682440336793661118e-03 1.003689095377922058e-01 -1.882329583168029785e-01 3.562023863196372986e-02 -1.025764122605323792e-01 -4.713848233222961426e-02 -4.426174610853195190e-02 -2.718309126794338226e-02 -2.451323345303535461e-02 1.116685289889574051e-02 8.369296044111251831e-02 -1.214295402169227600e-01 -7.572460919618606567e-02 -1.080983802676200867e-01 -7.348207384347915649e-02 4.448350146412849426e-02 9.564279019832611084e-02 -5.923093855381011963e-02 4.263160377740859985e-02 9.376951307058334351e-02 -5.520319938659667969e-02 2.099311724305152893e-02 2.162542194128036499e-02 -5.222557857632637024e-02 1.213902328163385391e-02 -1.307768002152442932e-02 -1.660733250901103020e-04 -6.996136903762817383e-02 -9.423747658729553223e-02 -8.332855068147182465e-03 6.558713316917419434e-02 -7.303842157125473022e-02 9.969659149646759033e-02 1.344890743494033813e-01 -3.924814239144325256e-02 -5.735646560788154602e-02 -2.299797348678112030e-02 -1.031539961695671082e-02 -1.148196309804916382e-01 -6.559279561042785645e-02 1.499006450176239014e-01 8.611447364091873169e-02 -1.955147832632064819e-02 -6.137071177363395691e-02 -2.824232913553714752e-02 -1.697067767381668091e-01 9.530650824308395386e-02 -1.153120845556259155e-01 7.288297265768051147e-02 2.045005261898040771e-01 7.747726887464523315e-02 4.823914915323257446e-02 -2.726280502974987030e-02 5.493166297674179077e-02 2.329466864466667175e-02 1.744059324264526367e-01 -2.063163667917251587e-01 8.644992113113403320e-02 -3.468368574976921082e-02 -8.029118180274963379e-02 1.017475798726081848e-01 1.216220036149024963e-01 8.838329464197158813e-02 1.029599756002426147e-01 6.641083210706710815e-02 -7.773454766720533371e-03 -1.390065066516399384e-02 7.750260829925537109e-02 7.791790366172790527e-02 8.754687383770942688e-03 -4.694716259837150574e-02 -8.918459527194499969e-03 3.689187765121459961e-02 -6.145923584699630737e-02 2.132977098226547241e-01 -1.350489407777786255e-01
-6.892171502113342285e-02 -4.875010624527931213e-02 -8.041438460350036621e-02 -6.114263087511062622e-02 1.914612799882888794e-01 1.609733104705810547e-01 -6.219074875116348267e-02 5.875039845705032349e-02 1.235018819570541382e-01 8.799899369478225708e-02 -8.984582871198654175e-02 -8.826787024736404419e-02 -4.774746298789978027e-02 1.164675652980804443e-01 -7.022638618946075439e-02 -2.542543224990367889e-02 9.538178890943527222e-02 -4.350595118012279272e-04 -8.243263000622391701e-04 -1.213943585753440857e-01 1.196328643709421158e-02 4.346572235226631165e-02 -2.766577526926994324e-03 2.370136976242065430e-02 1.420608311891555786e-01 1.981615424156188965e-01 -2.284014225006103516e-01 -2.966482192277908325e-02 7.022236287593841553e-02 1.506897211074829102e-01 6.247397512197494507e-02 1.232348233461380005e-01 4.098413512110710144e-03 -1.073817908763885498e-01 1.005535200238227844e-01 1.679608672857284546e-01 -2.481663972139358521e-02 -3.372456878423690796e-02 7.532245665788650513e-02 2.977063134312629700e-02 7.341544330120086670e-02 2.254836410284042358e-01 1.744570583105087280e-01 -2.423209603875875473e-03 -6.711611896753311157e-02 -5.720176734030246735e-03 -9.261323511600494385e-02 -7.055091857910156250e-02 1.383244544267654419e-01 -4.911788180470466614e-02 -1.176673620939254761e-01 -8.158530108630657196e-03 2.022541016340255737e-01 1.260314434766769409e-01 1.278419941663742065e-01 -6.094583123922348022e-02 -3.479094058275222778e-02 1.284766197204589844e-02 2.075387388467788696e-01 -1.580716371536254883e-01 -1.885544359683990479e-01 6.439810991287231445e-02 4.079816490411758423e-02 -1.240615267306566238e-02 -1.801576018333435059e-01 5.752016976475715637e-02 -3.852552548050880432e-02 1.206615939736366272e-01 -7.592892646789550781e-02 3.244348987936973572e-02 6.991779431700706482e-03 -7.244285941123962402e-02 -1.117121707648038864e-02 -5.483395978808403015e-02 3.067807853221893311e-02 5.023095011711120605e-02 -1.012870389968156815e-02 7.934862375259399414e-02 9.295374900102615356e-02 4.296384006738662720e-02 -6.959578394889831543e-02 1.097601279616355896e-01 -2.340141683816909790e-02 1.602654159069061279e-01 -3.945832327008247375e-02 -4.662476852536201477e-02 5.613229051232337952e-02 3.367848321795463562e-02 -8.642554283142089844e-03 -7.576505839824676514e-02 4.044311493635177612e-02 -9.407431818544864655e-03 2.212247066199779510e-02 7.180348783731460571e-02 -1.132823526859283447e-02 3.608428314328193665e-02 6.636331230401992798e-02 1.324027124792337418e-02 7.122608274221420288e-02 1.592067480087280273e-01
