-9.300204925239086151e-03 3.872406855225563049e-02 1.325301080942153931e-01 9.484200924634933472e-02 -6.075119134038686752e-03 -9.014595299959182739e-02 -1.161492168903350830e-01 -2.431784814689308405e-04 -4.389588907361030579e-02 -1.182288900017738342e-01 -4.719719756394624710e-03 9.589360654354095459e-02 -4.354584589600563049e-02 -6.018555909395217896e-02 -5.518035590648651123e-02 -1.612097769975662231e-02 -8.176013827323913574e-02 -4.955770075321197510e-02 -7.239191234111785889e-02 -2.554589882493019104e-02 8.414451777935028076e-02 -7.239197194576263428e-02 8.828105777502059937e-02 2.544441074132919312e-02 5.522732436656951904e-02 3.652070183306932449e-03 -3.299292549490928650e-02 -7.100029289722442627e-02 1.127875074744224548e-01 -7.902351208031177521e-03 -4.629018157720565796e-02 2.695786394178867340e-02 6.438971310853958130e-02 7.443134672939777374e-04 -2.296438440680503845e-02 1.039161831140518188e-01 1.122017651796340942e-01 4.389214888215065002e-02 -1.325948685407638550e-01 4.324721172451972961e-02 -5.295460298657417297e-02 -1.028754338622093201e-01 -6.609357893466949463e-02 -9.948848932981491089e-02 9.517200291156768799e-02 3.619138151407241821e-04 -7.125863432884216309e-02 -4.257204383611679077e-02 1.889928430318832397e-02 3.816923126578330994e-03 3.233363851904869080e-02 1.992221549153327942e-02 -6.196819711476564407e-03 -8.809234201908111572e-02 9.612584114074707031e-02 2.049784921109676361e-02 3.529406338930130005e-02 -2.755447523668408394e-03 -1.132079283706843853e-03 -7.998317480087280273e-02 7.915797829627990723e-02 6.152651086449623108e-02 -1.162085160613059998e-01 -1.055169701576232910e-01 -9.998353198170661926e-03 8.839063346385955811e-02 -6.499432027339935303e-02 7.844736427068710327e-02 -1.933642476797103882e-02 -6.705082207918167114e-02 8.793418109416961670e-02 1.053659468889236450e-01 7.884719222784042358e-02 8.599369227886199951e-02 1.320356596261262894e-02 6.253567058593034744e-03 3.108659200370311737e-02 -1.019857600331306458e-01 5.638442933559417725e-02 1.066653653979301453e-01 8.726001530885696411e-02 -6.768862903118133545e-02 1.905295811593532562e-02 -4.619066044688224792e-02 -1.243729330599308014e-02 4.534798860549926758e-02 3.042639466002583504e-03 -8.907242678105831146e-03 -6.734695285558700562e-02 1.298447549343109131e-01 -3.826063498854637146e-02 1.951050758361816406e-02 2.576564997434616089e-02 -4.743382334709167480e-02 7.767941057682037354e-02 7.097756117582321167e-02 2.534075267612934113e-02 -5.461553856730461121e-02 4.214914143085479736e-02 -3.828822076320648193e-02
-3.905648738145828247e-02 2.890174090862274170e-02 -3.765416517853736877e-02 -3.037727810442447662e-02 -5.700883641839027405e-02 -1.265571713447570801e-01 -3.338835667818784714e-03 -4.674719646573066711e-02 -5.651101842522621155e-02 -7.395476102828979492e-02 -4.055803269147872925e-02 -6.497319042682647705e-02 -1.381939798593521118e-01 -7.754089683294296265e-02 -2.550120465457439423e-02 1.482584699988365173e-02 -1.991219352930784225e-03 1.060926467180252075e-01 -7.844915241003036499e-02 -4.829614609479904175e-02 7.679811120033264160e-02 -7.235831022262573242e-02 -6.967441737651824951e-02 -7.845056802034378052e-02 9.035839140415191650e-02 -1.917687430977821350e-02 7.400240749120712280e-02 -8.396246470510959625e-03 2.663328871130943298e-02 4.243430122733116150e-02 1.842764951288700104e-02 -1.270272880792617798e-01 -6.606849282979965210e-02 3.587028011679649353e-03 -1.056185737252235413e-01 -9.374114125967025757e-02 1.018851548433303833e-01 3.527970612049102783e-02 3.037606179714202881e-02 6.957776844501495361e-02 -4.011588916182518005e-02 -1.224004924297332764e-01 3.986698389053344727e-02 -8.698992431163787842e-02 -9.638734906911849976e-02 6.845949590206146240e-02 2.195437625050544739e-02 1.101782768964767456e-01 -6.621263921260833740e-02 -2.894286066293716431e-02 -3.593754768371582031e-02 8.529148995876312256e-02 5.905491858720779419e-02 -7.246241439133882523e-03 -5.323343910276889801e-03 -8.728935569524765015e-02 -3.846298903226852417e-02 -5.307602137327194214e-02 -5.287267267704010010e-02 -5.153565108776092529e-02 -5.009678006172180176e-02 -1.115157008171081543e-01 1.506873518228530884e-01 -6.843864917755126953e-02 -1.418957859277725220e-02 -2.142990007996559143e-02 -5.290677398443222046e-02 6.289778649806976318e-02 5.981269106268882751e-02 1.311051696538925171e-01 -5.429409071803092957e-02 -1.301925443112850189e-02 5.039374902844429016e-02 6.577043235301971436e-02 2.055757213383913040e-03 9.485162049531936646e-02 5.403721332550048828e-02 7.346834056079387665e-03 2.834303677082061768e-02 -1.218073442578315735e-01 1.285321079194545746e-02 8.514373749494552612e-02 -4.950798302888870239e-02 7.563603669404983521e-02 3.911585360765457153e-02 -8.031351119279861450e-02 6.654030084609985352e-02 8.166131377220153809e-02 -8.456235378980636597e-02 -5.917641520500183105e-02 5.165059864521026611e-02 4.300633817911148071e-02 -7.353927474468946457e-03 2.259859815239906311e-02 1.863882318139076233e-02 -6.987165659666061401e-02 9.621774405241012573e-02 -7.927792519330978394e-02 -9.043400734663009644e-02 2.702419087290763855e-02
1.321257650852203369e-01 -2.430128119885921478e-02 -1.150566413998603821e-01 -1.645019799470901489e-01 -1.933664642274379730e-02 2.452108636498451233e-02 3.337912261486053467e-02 -5.800245329737663269e-02 2.434702403843402863e-02 8.750973641872406006e-02 -1.635835692286491394e-02 -7.385748624801635742e-02 -4.010887816548347473e-02 1.522264033555984497e-01 1.258121430873870850e-01 2.103016339242458344e-02 1.685041002929210663e-02 -6.272362917661666870e-02 7.679966837167739868e-02 -5.380991473793983459e-02 -1.349739283323287964e-01 9.102343022823333740e-02 -5.455840751528739929e-02 6.458168383687734604e-03 -1.397578269243240356e-01 -1.581678986549377441e-01 5.942753632552921772e-04 2.793136611580848694e-02 -6.473515182733535767e-02 -3.657843545079231262e-02 1.250638253986835480e-02 6.548310071229934692e-02 -2.192261256277561188e-02 -9.066495113074779510e-03 1.984070986509323120e-02 2.371070906519889832e-02 7.420681416988372803e-03 7.858443260192871094e-02 1.380328983068466187e-01 -1.023690402507781982e-01 7.351114600896835327e-02 2.748480439186096191e-02 8.249127119779586792e-02 7.865010946989059448e-02 -4.119579866528511047e-02 4.456063266843557358e-03 1.702033728361129761e-02 1.018196903169155121e-02 -1.806679368019104004e-01 4.583984985947608948e-02 9.882427006959915161e-02 -2.013565786182880402e-02 9.512241184711456299e-02 5.727743729948997498e-03 -1.649872958660125732e-01 -7.493591867387294769e-03 3.731146082282066345e-02 -1.855327934026718140e-02 -7.672302424907684326e-02 -1.492985934019088745e-01 6.331729888916015625e-02 -7.070692628622055054e-02 2.460329420864582062e-02 -5.794472992420196533e-02 -2.321284823119640350e-02 1.319542974233627319e-01 4.553686454892158508e-02 -8.322638273239135742e-02 -3.000605851411819458e-02 4.158004373311996460e-02 -8.949946612119674683e-02 -9.838635474443435669e-02 7.418121397495269775e-02 2.349709533154964447e-02 -1.733008176088333130e-01 1.430819090455770493e-02 -1.364976018667221069e-01 3.074756264686584473e-02 4.871977493166923523e-02 -8.990924060344696045e-02 -4.133415222167968750e-02 2.929117158055305481e-02 -3.159155324101448059e-02 1.005147844552993774e-01 8.444330096244812012e-02 -9.189083427190780640e-02 -5.248919874429702759e-02 3.934423997998237610e-02 4.257157072424888611e-02 -1.069147363305091858e-01 1.684743724763393402e-02 1.327742934226989746e-01 5.194797180593013763e-03 -8.380341529846191406e-02 -1.228702366352081299e-01 -2.886005491018295288e-02 9.776555001735687256e-02 -7.069304119795560837e-03 1.606983989477157593e-01 4.354888573288917542e-02
-2.608245983719825745e-02 -8.985036611557006836e-02 4.091125447303056717e-03 -1.048356853425502777e-02 1.916202716529369354e-02 2.408944629132747650e-02 -3.468307480216026306e-02 2.019682340323925018e-02 1.289850324392318726e-01 1.503329277038574219e-01 1.086968034505844116e-01 7.873916625976562500e-02 -1.177572272717952728e-02 1.389530450105667114e-01 9.287377446889877319e-02 -7.194827776402235031e-03 1.161946952342987061e-01 -5.862844735383987427e-02 -1.222372334450483322e-02 1.769967004656791687e-02 -1.600730717182159424e-01 2.281223889440298080e-03 -8.875974453985691071e-03 -9.586194530129432678e-03 -4.217776656150817871e-02 -9.014570713043212891e-02 -1.093947291374206543e-01 2.370328083634376526e-02 -1.431898474693298340e-01 6.924155354499816895e-02 2.122155763208866119e-02 1.383965462446212769e-01 1.006149351596832275e-01 -3.124400740489363670e-03 2.283049374818801880e-02 3.540493920445442200e-02 2.834656508639454842e-03 -7.969453930854797363e-02 7.705495227128267288e-03 -1.188404634594917297e-01 -4.640914127230644226e-02 2.557976171374320984e-02 -5.215967819094657898e-02 -1.989429257810115814e-02 4.728724434971809387e-02 -1.653065979480743408e-01 5.325773358345031738e-02 1.019211038947105408e-01 5.557205295190215111e-04 9.368312358856201172e-02 1.795154623687267303e-02 -5.361738801002502441e-02 1.230571046471595764e-01 1.552976071834564209e-01 -1.174347400665283203e-01 8.086973428726196289e-02 4.019367322325706482e-02 8.638449013233184814e-02 1.004192419350147247e-02 -2.538770064711570740e-02 -6.000258028507232666e-02 1.384797226637601852e-02 -2.651224099099636078e-02 8.328525722026824951e-02 -4.341388493776321411e-02 2.780835144221782684e-02 4.229808598756790161e-02 4.217732325196266174e-02 -3.091983869671821594e-02 3.265706077218055725e-02 2.665127813816070557e-02 5.327872931957244873e-02 1.409364789724349976e-01 -4.190442152321338654e-03 -9.267636388540267944e-02 -7.321564853191375732e-02 -1.134046465158462524e-01 -9.972286969423294067e-02 -1.241210103034973145e-01 -1.515292823314666748e-01 -7.536240667104721069e-02 -1.452000737190246582e-01 -1.610377430915832520e-01 1.170708611607551575e-01 -8.347537368535995483e-02 -2.602343633770942688e-02 5.874701961874961853e-02 -1.372097991406917572e-02 -1.547700632363557816e-02 -5.767174810171127319e-02 -3.296483680605888367e-02 -7.681623101234436035e-03 4.392731469124555588e-03 -3.801322728395462036e-02 -7.069888710975646973e-02 2.069253288209438324e-02 5.649129301309585571e-02 9.195102751255035400e-02 1.013305932283401489e-01 -5.564538761973381042e-02
-1.555977165699005127e-01 -6.980120390653610229e-02 1.460343003273010254e-01 1.401028633117675781e-01 -3.883979097008705139e-02 -6.159643083810806274e-02 -1.094035506248474121e-01 3.411354497075080872e-02 -1.911988668143749237e-02 -8.004067058209329844e-05 -6.706778705120086670e-02 6.810214370489120483e-02 1.222945284098386765e-02 -1.475881934165954590e-01 -5.302199721336364746e-02 -9.256738424301147461e-02 8.591235615313053131e-03 1.370611041784286499e-01 -1.368771940469741821e-01 4.320358112454414368e-02 2.757468633353710175e-02 1.284704077988862991e-02 6.335941608995199203e-03 8.802182227373123169e-02 -1.486346311867237091e-02 1.097075045108795166e-01 1.433111876249313354e-01 -1.676841676235198975e-01 1.450037360191345215e-01 6.335142534226179123e-03 1.637083292007446289e-01 -1.356925368309020996e-01 -4.700810834765434265e-02 1.457106024026870728e-01 8.457203954458236694e-02 -3.679299727082252502e-02 3.382302820682525635e-02 -4.213700816035270691e-02 2.406993135809898376e-02 -5.709818098694086075e-03 5.619756411761045456e-04 -7.847449183464050293e-02 -5.062786862254142761e-03 -2.013901993632316589e-02 8.897604793310165405e-02 1.232041344046592712e-01 -2.603433793410658836e-03 -1.826604306697845459e-01 1.365028023719787598e-01 -3.416843712329864502e-02 -7.786293327808380127e-02 8.957985043525695801e-02 -1.634577214717864990e-01 -1.100881695747375488e-01 1.171369012445211411e-02 -2.470844425261020660e-02 7.019822299480438232e-02 -5.423152074217796326e-02 -3.173655271530151367e-02 -2.101227641105651855e-02 2.453456073999404907e-02 -9.476911276578903198e-02 -2.303896844387054443e-02 1.502866018563508987e-02 6.397801637649536133e-02 -1.224675923585891724e-01 3.168047592043876648e-02 3.220180422067642212e-02 4.593238607048988342e-02 2.072800137102603912e-02 2.704205550253391266e-02 1.323104649782180786e-02 7.995430380105972290e-03 1.042199283838272095e-01 -2.901835925877094269e-02 4.614136740565299988e-02 1.650804094970226288e-02 1.089360713958740234e-01 2.712475135922431946e-02 5.501590296626091003e-02 1.649199277162551880e-01 -9.650391439208760858e-05 1.413830518722534180e-01 -2.395548624917864799e-03 8.878755569458007812e-02 1.175010874867439270e-01 9.902897477149963379e-02 1.058663949370384216e-01 -4.504630342125892639e-02 -4.822054412215948105e-03 5.447288230061531067e-02 -7.309548556804656982e-02 6.919471174478530884e-02 -9.268492460250854492e-03 8.237268030643463135e-02 -1.437084823846817017e-01 -1.002649962902069092e-01 -1.171034127473831177e-01 -1.736753582954406738e-01 1.019018664956092834e-01
-1.505902558565139771e-01 3.522066771984100342e-02 8.371812105178833008e-02 1.647106409072875977e-01 2.257408760488033295e-02 -6.197810918092727661e-02 -4.653728753328323364e-02 3.743290156126022339e-02 -1.646151989698410034e-01 2.445978671312332153e-02 -5.164537951350212097e-02 -1.103904992341995239e-01 -2.847162075340747833e-02 -1.165679842233657837e-01 -1.306528449058532715e-01 -2.659971825778484344e-02 -1.041273400187492371e-01 1.488243341445922852e-01 -1.674549877643585205e-01 1.550647765398025513e-01 1.109295412898063660e-01 -4.558096639811992645e-03 4.107535630464553833e-02 -9.216191619634628296e-02 1.484771966934204102e-01 -2.364379540085792542e-02 7.638613879680633545e-02 -1.545545905828475952e-01 4.325149115175008774e-03 -9.168677777051925659e-02 4.747782647609710693e-02 -1.740996092557907104e-01 -7.115543633699417114e-02 5.295187234878540039e-02 1.109488755464553833e-01 2.710734866559505463e-02 7.325518876314163208e-02 -1.464755088090896606e-02 2.198875881731510162e-03 6.844528764486312866e-02 -6.091360002756118774e-02 -1.954413764178752899e-02 6.273674219846725464e-02 -1.647141724824905396e-01 7.885853946208953857e-02 1.430074870586395264e-01 -2.951891347765922546e-02 -1.062575876712799072e-01 9.923491626977920532e-02 1.041865162551403046e-02 -1.301987320184707642e-01 -2.597854658961296082e-02 -3.123335540294647217e-02 -1.549456268548965454e-01 1.663427650928497314e-01 4.494128748774528503e-02 7.671558856964111328e-02 4.435400012880563736e-03 1.483841612935066223e-02 1.114231348037719727e-01 6.218773312866687775e-03 1.370684709399938583e-02 2.122365683317184448e-02 7.570659369230270386e-02 8.327313698828220367e-03 7.138682063668966293e-03 -2.209054492413997650e-02 -3.636045753955841064e-02 3.969045355916023254e-02 -8.475562185049057007e-02 -1.451612543314695358e-02 6.185097992420196533e-02 -2.274600788950920105e-02 4.577764496207237244e-02 -2.098239585757255554e-02 4.784426465630531311e-02 5.776115879416465759e-02 2.056443877518177032e-02 1.495755761861801147e-01 1.228317767381668091e-01 -1.963881310075521469e-03 5.663044005632400513e-02 2.318071760237216949e-02 -3.494238108396530151e-02 -5.276305601000785828e-02 1.144945025444030762e-01 7.357148826122283936e-02 1.612792760133743286e-01 1.475900597870349884e-02 8.847530931234359741e-02 -1.605983357876539230e-03 -1.475643664598464966e-01 1.442109607160091400e-02 2.978209778666496277e-02 4.479964077472686768e-02 -1.317359656095504761e-01 -6.374848634004592896e-02 2.983645908534526825e-02 -1.058178842067718506e-01 -4.724363610148429871e-02
3.000294417142868042e-02 -1.200251132249832153e-01 -8.922616392374038696e-02 1.829474978148937225e-02 -2.659821324050426483e-02 9.032642841339111328e-02 -3.291177377104759216e-02 -7.606262341141700745e-03 9.407398104667663574e-02 -6.887631118297576904e-02 6.930625997483730316e-03 2.289669774472713470e-02 -4.670381173491477966e-02 -2.290051663294434547e-03 4.648827388882637024e-02 3.925780579447746277e-02 -6.713479757308959961e-02 6.031435728073120117e-02 1.905206404626369476e-02 7.158108055591583252e-02 -1.951623708009719849e-02 -2.203131653368473053e-02 -1.072935089468955994e-01 -1.048341542482376099e-01 -4.326044395565986633e-02 1.651041442528367043e-03 -6.879553198814392090e-02 2.439951710402965546e-02 4.489325731992721558e-02 5.720512941479682922e-03 2.384102158248424530e-02 7.549617439508438110e-02 5.895074829459190369e-02 -5.794853717088699341e-02 8.123742043972015381e-02 9.274237602949142456e-02 -4.342829063534736633e-02 -2.707309834659099579e-02 8.041197806596755981e-02 -5.143858119845390320e-02 -1.538208313286304474e-02 -8.489598333835601807e-02 2.919505117461085320e-03 7.437288761138916016e-02 6.298997253179550171e-02 -6.494781374931335449e-02 1.085544154047966003e-01 -1.388557404279708862e-01 3.307417267933487892e-03 3.267187625169754028e-02 -7.195641100406646729e-02 1.010797768831253052e-01 -1.195903867483139038e-02 3.478683903813362122e-02 8.882744610309600830e-02 -3.917592391371726990e-02 -2.921487763524055481e-02 -8.104477310553193092e-04 -4.303522408008575439e-02 2.248161286115646362e-02 -2.787442179396748543e-03 -3.152258461341261864e-03 -1.500767171382904053e-01 6.537216715514659882e-03 4.345403984189033508e-02 4.892145097255706787e-02 2.941916137933731079e-02 9.624771028757095337e-02 6.936652958393096924e-02 -2.091153115034103394e-01 4.545420408248901367e-02 5.655101686716079712e-02 -6.596396863460540771e-02 1.393329203128814697e-01 1.332271285355091095e-02 -7.534570991992950439e-02 1.692111790180206299e-02 -8.698041737079620361e-02 8.190912753343582153e-02 9.782401844859123230e-03 7.458817958831787109e-02 7.574152946472167969e-02 5.208643525838851929e-02 -4.996361956000328064e-02 -4.022503644227981567e-02 -5.994119495153427124e-02 -4.753435775637626648e-02 -1.932163350284099579e-02 3.406035527586936951e-02 1.966305635869503021e-02 -1.325758248567581177e-01 -3.951327875256538391e-02 -3.079696558415889740e-02 -3.085558116436004639e-02 3.380973637104034424e-02 1.148325055837631226e-01 1.080905124545097351e-01 1.039494723081588745e-01 -5.491243209689855576e-03 -5.563780665397644043e-03
-1.061505004763603210e-01 -7.491943985223770142e-02 3.203702718019485474e-02 -3.734538331627845764e-02 -5.285774543881416321e-02 1.179610416293144226e-01 -2.208093404769897461e-01 -9.026113152503967285e-02 -2.198925800621509552e-02 1.851303619332611561e-03 -2.776791527867317200e-02 -2.589203417301177979e-02 5.143511295318603516e-02 -1.302939280867576599e-02 9.995888173580169678e-02 7.220710068941116333e-02 7.185733318328857422e-02 -2.902156859636306763e-02 -6.907993555068969727e-02 9.211318939924240112e-02 -6.383735686540603638e-02 4.421921446919441223e-02 -4.946614801883697510e-02 3.029261715710163116e-02 -5.088515207171440125e-02 -1.281086262315511703e-02 -4.579598456621170044e-02 4.461230710148811340e-02 -3.109778836369514465e-02 -3.388615325093269348e-02 -1.676438958384096622e-03 -5.428899079561233521e-02 7.260145992040634155e-02 -7.231846451759338379e-02 8.370450139045715332e-02 -3.318973630666732788e-02 -5.772694200277328491e-02 1.831207424402236938e-02 -7.538951188325881958e-02 1.414775289595127106e-02 -4.385762661695480347e-02 1.713072322309017181e-02 -6.603115797042846680e-02 -1.112269014120101929e-01 4.908562079071998596e-02 -3.017638623714447021e-02 2.192718908190727234e-02 -1.382861435413360596e-01 -8.736752904951572418e-03 1.596550345420837402e-01 4.398741573095321655e-02 2.414645627140998840e-02 -9.173632413148880005e-02 2.643495984375476837e-02 8.081597089767456055e-02 1.748709976673126221e-01 1.402499154210090637e-02 1.398423016071319580e-01 -3.457526117563247681e-02 3.486776351928710938e-02 8.761464059352874756e-02 5.883110687136650085e-03 -9.858464449644088745e-02 9.810222685337066650e-02 -8.052729070186614990e-02 3.665248677134513855e-02 -3.541413927450776100e-03 -9.314115159213542938e-03 1.253382563591003418e-01 -7.348265498876571655e-02 5.312959849834442139e-02 -2.908031456172466278e-02 1.494992822408676147e-01 2.281770110130310059e-02 -9.448850899934768677e-02 -1.055163145065307617e-02 7.792720198631286621e-02 -1.193404663354158401e-03 3.610039493651129305e-05 1.020163148641586304e-01 -4.652162082493305206e-03 2.988027967512607574e-02 6.127795949578285217e-02 -4.809343069791793823e-02 1.520693898200988770e-01 -6.447996199131011963e-02 -7.260233908891677856e-02 -1.082369610667228699e-01 9.600527584552764893e-02 -2.012910321354866028e-02 -4.810701310634613037e-02 8.622257970273494720e-03 -2.123597562313079834e-01 -5.085422843694686890e-02 5.310424789786338806e-02 7.191170006990432739e-02 -1.352491676807403564e-01 -1.191612333059310913e-01 7.557228952646255493e-02 1.152701750397682190e-01
-1.429543644189834595e-01 1.672925986349582672e-02 1.307925879955291748e-01 8.859600871801376343e-02 -5.234773457050323486e-02 -6.080007925629615784e-02 -1.229688450694084167e-01 -5.829043220728635788e-03 -2.542064897716045380e-02 -5.685706436634063721e-02 -1.493034064769744873e-01 -6.812931597232818604e-02 -1.166763752698898315e-01 -4.060420021414756775e-02 -4.208697471767663956e-03 1.882498036138713360e-04 -1.029045432806015015e-01 7.425130158662796021e-02 -3.649517148733139038e-02 1.404060516506433487e-02 1.553122550249099731e-01 3.971409052610397339e-02 7.034331560134887695e-02 -1.029787138104438782e-01 -3.593926131725311279e-02 1.463030278682708740e-01 -2.039420790970325470e-02 -1.483590751886367798e-01 9.518319740891456604e-03 -3.472812101244926453e-02 1.483345031738281250e-01 -4.418797418475151062e-02 -1.180247142910957336e-01 5.044996738433837891e-02 6.867248564958572388e-02 9.669552743434906006e-02 1.230445578694343567e-01 -9.262554347515106201e-02 -6.833285838365554810e-02 2.866747416555881500e-02 3.134737024083733559e-03 -1.742212176322937012e-01 6.440542638301849365e-02 2.305211313068866730e-02 -8.317679911851882935e-02 7.607819139957427979e-02 7.301781326532363892e-02 -1.423935964703559875e-02 8.673727512359619141e-02 -1.305675655603408813e-01 -1.042315587401390076e-01 9.903173148632049561e-02 -6.250474601984024048e-02 -6.279873102903366089e-02 -2.205922827124595642e-02 1.760533638298511505e-02 3.590905293822288513e-02 -8.811305463314056396e-02 3.105577081441879272e-02 7.110099494457244873e-02 -5.687709897756576538e-03 -2.691948972642421722e-02 -3.636448085308074951e-02 1.599617861211299896e-02 1.778480038046836853e-02 -5.627393350005149841e-02 5.424957349896430969e-02 -6.145017966628074646e-02 -7.073013484477996826e-02 -4.109175503253936768e-02 1.226825192570686340e-01 -5.054138228297233582e-02 -8.836554735898971558e-02 -7.176774740219116211e-02 7.310621440410614014e-02 -8.905378729104995728e-02 -1.603076420724391937e-02 -1.290234923362731934e-02 1.560257002711296082e-02 6.996817141771316528e-02 -2.126646786928176880e-02 4.310426302254199982e-03 1.180341914296150208e-01 -1.106962114572525024e-01 1.016287729144096375e-01 1.133051291108131409e-01 4.363901540637016296e-02 -6.574622355401515961e-03 2.640557661652565002e-02 1.341633349657058716e-01 1.856669411063194275e-02 -4.645887389779090881e-02 3.668615594506263733e-02 -5.500944331288337708e-02 -5.001458153128623962e-02 -1.056386455893516541e-01 -5.370872840285301208e-02 -2.590299583971500397e-02 -1.567209064960479736e-01 8.105004578828811646e-02
-1.796384714543819427e-02 2.672859840095043182e-02 1.568623185157775879e-01 1.036938205361366272e-01 -3.209989890456199646e-02 -3.747889772057533264e-02 -1.954602450132369995e-01 3.599826619029045105e-02 -1.289210282266139984e-02 -7.850329577922821045e-02 -4.307026788592338562e-02 -9.863061830401420593e-03 3.915132489055395126e-03 -3.000035323202610016e-02 1.734476350247859955e-02 -4.170104395598173141e-03 -1.227736100554466248e-01 3.541427478194236755e-02 -1.499623656272888184e-01 4.006284847855567932e-02 3.336562961339950562e-02 5.804981291294097900e-02 1.766948699951171875e-01 -1.546787191182374954e-02 1.158212274312973022e-01 4.734248295426368713e-02 1.419536471366882324e-01 1.309424545615911484e-02 -1.185510586947202682e-02 7.407052069902420044e-02 1.028515622019767761e-01 -8.846755325794219971e-02 -8.718641847372055054e-02 9.912636131048202515e-02 1.173966079950332642e-01 7.762428373098373413e-03 4.672615230083465576e-02 2.848914638161659241e-02 -1.384658813476562500e-01 1.565577834844589233e-02 -1.404701732099056244e-02 -9.765148907899856567e-02 -6.634659320116043091e-02 -1.135115250945091248e-01 1.073191091418266296e-01 -7.864248007535934448e-03 3.398869186639785767e-02 -1.649676710367202759e-01 4.237449914216995239e-02 2.410016767680644989e-02 -1.402433961629867554e-01 2.040749602019786835e-02 -1.542804986238479614e-01 -1.360384821891784668e-01 1.583765298128128052e-01 1.760173402726650238e-02 8.681666851043701172e-02 -8.461926132440567017e-02 -1.291323304176330566e-01 7.198135554790496826e-02 1.853367872536182404e-02 -3.095358051359653473e-02 9.110322594642639160e-02 -6.991481035947799683e-02 1.470393501222133636e-02 4.030023515224456787e-02 2.598873898386955261e-02 8.745641261339187622e-02 1.509892661124467850e-02 -1.045428067445755005e-01 1.057589873671531677e-01 3.676483407616615295e-02 7.686543744057416916e-03 2.529288455843925476e-02 1.176651939749717712e-01 -2.777051366865634918e-02 8.596063405275344849e-02 3.932218626141548157e-02 1.169688031077384949e-01 1.169862039387226105e-02 6.516687572002410889e-02 1.160566806793212891e-01 -6.063135806471109390e-03 -5.037245154380798340e-02 2.509404905140399933e-02 4.903924092650413513e-02 7.042258232831954956e-02 -1.399128325283527374e-02 3.717557713389396667e-02 1.055619027465581894e-02 2.591738104820251465e-02 -1.612738072872161865e-01 8.850764483213424683e-02 5.160183832049369812e-02 -2.447658218443393707e-02 -5.164129287004470825e-02 1.774534583091735840e-02 -1.037876605987548828e-01 -5.987458303570747375e-02 -6.842055171728134155e-02
1.265238504856824875e-02 1.289838645607233047e-02 2.770127169787883759e-02 1.081446185708045959e-01 -8.135704696178436279e-02 -9.486662596464157104e-02 -5.996790248900651932e-03 7.528620958328247070e-02 -6.963630020618438721e-02 -1.034814342856407166e-01 2.940684091299772263e-03 1.300389412790536880e-02 5.277179926633834839e-02 -1.272711157798767090e-01 -6.353169679641723633e-02 -1.134786531329154968e-01 -1.005623266100883484e-01 5.860222876071929932e-02 -7.028514146804809570e-02 1.689012944698333740e-01 6.782046705484390259e-02 -5.092720314860343933e-02 5.250557884573936462e-02 6.219183094799518585e-03 1.123868003487586975e-01 3.045493364334106445e-02 1.532942205667495728e-01 -2.224831841886043549e-02 1.076417714357376099e-01 5.829601734876632690e-02 1.657572835683822632e-01 -1.212560981512069702e-01 4.400883987545967102e-02 5.637368187308311462e-02 -4.573954269289970398e-02 -1.137564852833747864e-01 -1.290783472359180450e-02 -9.916684776544570923e-02 -1.091814041137695312e-01 1.183518394827842712e-01 9.371843934059143066e-02 2.999783679842948914e-02 -1.004461105912923813e-02 -1.090407557785511017e-02 -6.553449481725692749e-02 3.128722682595252991e-02 -1.114915609359741211e-01 1.748382486402988434e-02 1.471777707338333130e-01 -8.243867196142673492e-03 -7.667578011751174927e-02 -7.632767409086227417e-02 -4.457264766097068787e-02 -1.244737431406974792e-01 1.012267991900444031e-01 3.878578916192054749e-02 3.860849887132644653e-02 -4.000715166330337524e-02 -2.485584653913974762e-02 -1.445420924574136734e-02 6.498213857412338257e-02 -1.794021762907505035e-02 1.278611482121050358e-03 -1.705703698098659515e-02 5.989733152091503143e-03 1.820945180952548981e-02 7.731038331985473633e-02 -1.025180369615554810e-01 9.998859465122222900e-02 -3.653020784258842468e-02 -2.077814936637878418e-02 -8.375591039657592773e-02 5.564593151211738586e-02 -1.982057280838489532e-02 1.236032024025917053e-01 -1.727626193314790726e-03 2.056198567152023315e-02 1.115900054574012756e-01 1.068376079201698303e-01 7.995396107435226440e-02 4.221614450216293335e-02 9.959668666124343872e-02 1.475363224744796753e-01 -9.328213520348072052e-03 -5.634728004224598408e-04 1.325311362743377686e-01 -9.016021341085433960e-02 3.209488838911056519e-02 8.534721285104751587e-02 1.044304817914962769e-01 2.708803862333297729e-02 -6.669726222753524780e-03 1.042058169841766357e-01 -1.357997022569179535e-02 -5.745306611061096191e-02 1.213877927511930466e-03 -8.109852671623229980e-02 -4.423053935170173645e-02 -9.255687892436981201e-02 9.350205957889556885e-02
2.965028770267963409e-02 -1.127978935837745667e-01 9.554690867662429810e-02 1.342100054025650024e-01 -9.451738744974136353e-02 2.260636538267135620e-02 -6.938109546899795532e-02 1.390133146196603775e-02 -1.055234391242265701e-02 -6.030310317873954773e-02 4.158529266715049744e-02 4.399530217051506042e-02 -1.318990346044301987e-02 -6.605405360460281372e-02 -1.089805811643600464e-01 -9.080249071121215820e-02 -1.074744835495948792e-01 1.025649905204772949e-01 -3.757107257843017578e-02 1.140002906322479248e-01 -1.154810748994350433e-02 -8.218920975923538208e-02 4.987847805023193359e-02 6.428118795156478882e-02 -5.422994866967201233e-02 2.625686861574649811e-02 2.524446137249469757e-02 -1.470934748649597168e-01 -3.019067924469709396e-03 -1.625766046345233917e-02 4.714006930589675903e-02 -8.855541050434112549e-02 -9.071624279022216797e-02 8.943694829940795898e-02 -9.710283949971199036e-03 -4.362185671925544739e-02 -4.130462184548377991e-02 9.287935495376586914e-02 -6.365597248077392578e-02 1.257139444351196289e-01 -8.055145293474197388e-02 -4.856611043214797974e-02 4.654657840728759766e-02 2.318453416228294373e-02 7.787017524242401123e-02 1.332507431507110596e-01 -8.051797747611999512e-02 -1.341682076454162598e-01 1.336042284965515137e-01 7.402054220438003540e-02 -4.327806830406188965e-02 6.077530793845653534e-03 -6.258751451969146729e-02 -3.457327373325824738e-03 2.056502504274249077e-03 2.699270378798246384e-03 -9.152682125568389893e-02 -9.515269845724105835e-02 -1.991431228816509247e-02 1.807987689971923828e-02 -8.668629080057144165e-02 5.626117065548896790e-02 4.840379208326339722e-02 -2.862390538211911917e-04 9.901729971170425415e-02 2.297525852918624878e-02 -1.061451137065887451e-01 -5.560212954878807068e-02 1.408344972878694534e-02 -1.290685087442398071e-01 -4.272519424557685852e-02 6.785224657505750656e-03 4.531971365213394165e-02 6.066773831844329834e-02 3.798312693834304810e-02 -2.215223200619220734e-02 7.775123813189566135e-04 4.391619563102722168e-02 9.702907502651214600e-02 4.677784442901611328e-02 9.854520857334136963e-02 -4.136531054973602295e-02 -7.644081022590398788e-03 -8.964557200670242310e-02 5.977108329534530640e-02 1.231926605105400085e-01 7.564375549554824829e-02 -3.665136406198143959e-03 -1.909099146723747253e-02 9.053772687911987305e-02 3.847851231694221497e-02 -3.624663129448890686e-02 -4.469538852572441101e-02 9.402029216289520264e-02 9.241037815809249878e-02 1.580263860523700714e-02 -5.512420088052749634e-02 -5.981772765517234802e-02 -7.431337237358093262e-02 -1.712412456981837749e-03
-2.457439899444580078e-02 9.049063175916671753e-02 -2.389499358832836151e-02 -4.871394857764244080e-02 -1.470729857683181763e-01 -3.549004718661308289e-02 -1.921260729432106018e-02 -6.166303530335426331e-02 -1.542950421571731567e-02 4.882742092013359070e-02 -1.149890646338462830e-01 -6.863309442996978760e-02 -1.419531553983688354e-01 1.350079849362373352e-02 1.408846490085124969e-02 -4.905467852950096130e-02 -1.522794514894485474e-01 -3.932125400751829147e-03 -1.524527091532945633e-02 1.130312457680702209e-01 7.853956520557403564e-02 4.332696273922920227e-02 -5.144516471773386002e-03 -6.720161437988281250e-02 6.485812366008758545e-02 6.479571014642715454e-02 4.522670060396194458e-02 -3.551379218697547913e-02 5.893598869442939758e-02 6.818586587905883789e-02 7.588489353656768799e-02 1.037110388278961182e-02 7.576772943139076233e-03 7.784255594015121460e-02 -1.083827093243598938e-01 1.552261039614677429e-02 1.598878763616085052e-02 -8.537495136260986328e-02 -7.638055086135864258e-02 3.070716373622417450e-02 -6.504011899232864380e-02 -1.017324104905128479e-01 2.088801003992557526e-02 -7.845618575811386108e-02 -3.385353460907936096e-02 4.590601660311222076e-03 4.897787794470787048e-02 9.435225278139114380e-02 4.279645159840583801e-02 -7.835854589939117432e-02 -3.201290592551231384e-02 -4.538726527243852615e-03 1.678577437996864319e-02 -5.964381992816925049e-02 8.122363127768039703e-03 -4.455031827092170715e-02 4.983084276318550110e-02 -4.179566353559494019e-02 -1.903106085956096649e-02 -7.783717010170221329e-03 -2.105830609798431396e-02 -7.182579487562179565e-02 1.594816595315933228e-01 -3.744944930076599121e-02 -8.665840327739715576e-02 -1.490902751684188843e-01 -3.928322345018386841e-02 -1.128342300653457642e-01 -4.211494699120521545e-02 1.484818905591964722e-01 2.799655310809612274e-02 3.761309897527098656e-03 -2.654617186635732651e-03 -5.939436703920364380e-02 1.353786587715148926e-01 2.727967686951160431e-02 3.063194826245307922e-02 -5.994742736220359802e-02 1.218086481094360352e-01 6.709217280149459839e-02 -4.670261591672897339e-02 1.017017215490341187e-01 -5.139175429940223694e-02 6.451277434825897217e-02 6.867410987615585327e-02 4.257884621620178223e-02 -7.489261031150817871e-02 1.082861796021461487e-02 -4.925282299518585205e-02 -3.387387469410896301e-02 -4.119983315467834473e-02 -9.953467547893524170e-02 3.550903871655464172e-02 -5.801635980606079102e-02 -1.127871200442314148e-01 -1.098147481679916382e-01 -7.759951800107955933e-02 -2.807212248444557190e-02 9.853322058916091919e-03 8.507260680198669434e-02
-1.667314954102039337e-02 -7.019086275249719620e-03 1.579367816448211670e-01 1.090547293424606323e-01 -9.829869866371154785e-02 -5.867580696940422058e-02 -7.589013874530792236e-02 -1.525639276951551437e-02 -1.894851773977279663e-02 -8.682564646005630493e-02 -1.174341887235641479e-01 -1.140240728855133057e-01 2.548596635460853577e-02 -3.028532117605209351e-02 -4.021532088518142700e-02 -5.820738896727561951e-02 -5.671329423785209656e-02 1.063760668039321899e-01 -1.668791323900222778e-01 8.127180486917495728e-02 1.675358265638351440e-01 7.266927510499954224e-02 1.200910061597824097e-01 8.617590367794036865e-02 7.287246733903884888e-02 6.739225983619689941e-02 1.393106132745742798e-01 -6.192698702216148376e-02 -1.816237345337867737e-02 -4.117316100746393204e-03 1.205815300345420837e-01 1.643293723464012146e-02 -1.402605175971984863e-01 2.280549518764019012e-02 -3.612928837537765503e-02 -4.857962206006050110e-02 3.056932240724563599e-02 8.483935892581939697e-02 -5.639588087797164917e-02 1.222591996192932129e-01 9.306687861680984497e-02 -1.104365941137075424e-02 7.115057203918695450e-03 -4.700287058949470520e-02 4.421383142471313477e-02 1.661019027233123779e-01 -3.342922031879425049e-02 -7.708496600389480591e-02 1.225105151534080505e-01 -1.116485893726348877e-01 2.737331576645374298e-02 -7.188759744167327881e-02 -1.779160089790821075e-02 -1.545508950948715210e-01 -1.843984005972743034e-03 5.014685168862342834e-02 2.494762418791651726e-03 -8.216484636068344116e-02 5.307420343160629272e-02 -2.645383775234222412e-02 2.273296192288398743e-02 -6.378433853387832642e-02 5.257743224501609802e-02 7.072951644659042358e-02 -6.565791368484497070e-02 -1.524980664253234863e-01 8.771175146102905273e-02 -6.275586783885955811e-02 6.687084585428237915e-02 6.963403522968292236e-02 7.601300626993179321e-02 -2.197976224124431610e-02 -1.247139722108840942e-01 -4.971663001924753189e-03 -3.242071345448493958e-02 2.149122580885887146e-02 4.590179771184921265e-02 -4.279600083827972412e-02 5.063220113515853882e-02 2.277715690433979034e-02 4.610631614923477173e-02 3.097952343523502350e-02 -1.449315436184406281e-02 1.894928887486457825e-02 1.262057572603225708e-01 1.164743304252624512e-01 1.955798827111721039e-02 6.584297865629196167e-02 9.812024980783462524e-02 1.259431093931198120e-01 4.002970457077026367e-02 -6.302008870989084244e-03 -2.670441521331667900e-03 -2.915298566222190857e-03 4.059580713510513306e-02 -5.358412163332104683e-04 5.696855112910270691e-02 -8.212679624557495117e-02 -1.746613234281539917e-01 7.449574023485183716e-02
-7.800569385290145874e-02 1.410943269729614258e-02 9.096262603998184204e-02 8.678842335939407349e-02 -6.823780387639999390e-02 -1.376000195741653442e-01 2.350360155105590820e-02 6.064566597342491150e-02 -1.089053079485893250e-01 -1.206742748618125916e-01 -1.264493316411972046e-01 -7.125658541917800903e-02 -7.685228437185287476e-02 -1.162255275994539261e-02 -4.734832420945167542e-02 -1.060752496123313904e-01 -1.119298860430717468e-01 9.975751489400863647e-02 -1.870699971914291382e-01 2.802543155848979950e-02 1.341226100921630859e-01 2.833124063909053802e-02 1.628193110227584839e-01 -9.719352424144744873e-02 1.732583940029144287e-01 1.809433400630950928e-01 6.696535740047693253e-03 -1.328815817832946777e-01 1.544863916933536530e-02 5.413789674639701843e-02 1.443098932504653931e-01 -6.130627542734146118e-02 -1.843775995075702667e-02 1.401114612817764282e-01 8.943866193294525146e-02 2.994146198034286499e-02 1.936737075448036194e-02 1.048680618405342102e-01 -1.878060698509216309e-01 1.818977743387222290e-01 -2.234430424869060516e-02 -1.794436126947402954e-01 2.636114880442619324e-02 -1.863508969545364380e-01 5.498052760958671570e-02 5.895080903428606689e-05 6.444999575614929199e-02 1.603038795292377472e-02 5.985648185014724731e-02 -3.496674075722694397e-02 -5.988057330250740051e-02 7.208180427551269531e-02 -1.663472354412078857e-01 -9.620950371026992798e-02 1.744990348815917969e-01 -1.045995280146598816e-01 1.287322342395782471e-01 -1.247153803706169128e-01 -3.267559781670570374e-02 4.634657874703407288e-02 -1.371101737022399902e-01 -1.621600836515426636e-01 9.835410118103027344e-02 -1.214092131704092026e-02 1.256485097110271454e-02 1.622701250016689301e-02 -9.504943341016769409e-02 4.139808565378189087e-02 -4.112754017114639282e-02 -5.160081386566162109e-02 3.483495116233825684e-02 8.161364495754241943e-02 -7.622306048870086670e-02 4.756765812635421753e-02 2.940959110856056213e-02 -4.094131290912628174e-02 3.109376318752765656e-02 -9.707489609718322754e-02 1.957856267690658569e-01 7.876217365264892578e-02 1.304754018783569336e-01 1.873688888736069202e-03 5.508187040686607361e-02 -1.656763404607772827e-01 -3.196058422327041626e-02 5.893905833363533020e-02 7.399485260248184204e-02 1.547012776136398315e-01 -5.569439008831977844e-02 1.738601131364703178e-03 -2.871817164123058319e-02 -2.341085672378540039e-02 -4.307840019464492798e-02 8.131749182939529419e-02 -8.350301533937454224e-02 -7.236152887344360352e-02 8.211135119199752808e-02 -6.831640843302011490e-03 -6.756733357906341553e-02 8.291035890579223633e-03
-4.484979435801506042e-02 5.848470330238342285e-02 1.265943050384521484e-01 1.376081164926290512e-02 -5.386307835578918457e-03 2.596184983849525452e-02 -1.096069440245628357e-02 7.474133372306823730e-02 -1.055772975087165833e-01 5.466481205075979233e-03 1.203366369009017944e-02 -9.567017853260040283e-02 -9.917189180850982666e-02 -1.482121050357818604e-01 -9.299379587173461914e-02 -1.392526328563690186e-01 -1.369515061378479004e-01 6.973533332347869873e-02 -5.415255576372146606e-02 1.549913454800844193e-02 7.743794471025466919e-02 1.108059752732515335e-02 1.567757725715637207e-01 7.197439670562744141e-02 -2.316338941454887390e-02 1.052350699901580811e-01 1.332121044397354126e-01 -7.515759672969579697e-03 1.623195558786392212e-01 1.013625860214233398e-01 2.384810708463191986e-02 -9.337286464869976044e-03 3.274830058217048645e-02 5.758779868483543396e-02 9.751470386981964111e-02 -1.993542071431875229e-03 7.099574059247970581e-02 1.180079393088817596e-02 -1.368459761142730713e-01 3.902133787050843239e-03 -7.734861224889755249e-02 -1.557706743478775024e-01 -3.499715775251388550e-02 -6.568837910890579224e-03 -5.168055742979049683e-02 1.583275645971298218e-01 -6.778681185096502304e-03 -1.315379738807678223e-01 6.435795128345489502e-02 -4.733857233077287674e-03 4.821662791073322296e-03 -8.546023070812225342e-02 1.671416498720645905e-02 -3.171698749065399170e-02 1.125895082950592041e-01 5.058055743575096130e-02 -5.027001723647117615e-02 -7.756562554277479649e-04 -1.200842321850359440e-03 1.325363814830780029e-01 -1.278493180871009827e-02 4.348563030362129211e-02 -4.235443100333213806e-02 -2.905895933508872986e-02 -9.137989580631256104e-02 -1.213783249258995056e-01 3.897868795320391655e-03 5.746554955840110779e-02 -9.799850173294544220e-03 2.438442781567573547e-03 3.687816858291625977e-02 -4.735440481454133987e-03 -3.581429645419120789e-02 -6.569651514291763306e-02 -3.083490766584873199e-02 -5.071989819407463074e-02 1.510367244482040405e-01 -4.039140418171882629e-02 6.451620161533355713e-02 8.291543275117874146e-02 3.705030307173728943e-02 9.833641350269317627e-02 3.813992487266659737e-03 -1.251456737518310547e-01 6.020631641149520874e-02 3.080773912370204926e-02 2.076484262943267822e-02 1.130117848515510559e-01 -2.214880101382732391e-02 9.354452788829803467e-02 8.321168273687362671e-02 -6.704248487949371338e-02 -9.541606158018112183e-02 -5.970543995499610901e-02 5.578913912177085876e-02 -8.976316452026367188e-02 1.793507859110832214e-02 -1.648680567741394043e-01 -1.297950446605682373e-01 1.337126195430755615e-01
-1.197679340839385986e-01 5.267877504229545593e-02 1.075098365545272827e-01 1.038737222552299500e-01 -1.030536368489265442e-01 -3.364079445600509644e-02 -1.418473124504089355e-01 6.835091859102249146e-02 -8.835830539464950562e-02 -1.163859851658344269e-02 -2.539797499775886536e-02 -4.401488602161407471e-02 -1.669581085443496704e-01 2.940799482166767120e-02 -1.520479768514633179e-01 -4.126059263944625854e-02 1.632404327392578125e-02 1.268967986106872559e-01 -4.630797356367111206e-02 1.253639608621597290e-01 -2.350608818233013153e-03 4.007567092776298523e-02 2.304624766111373901e-03 8.233240991830825806e-02 1.138916984200477600e-01 7.260660640895366669e-03 7.770518213510513306e-02 6.876649567857384682e-04 -6.570333789568394423e-05 6.284743547439575195e-02 4.695417359471321106e-02 -8.529106527566909790e-02 -7.492402195930480957e-02 2.279991842806339264e-02 -7.172270119190216064e-02 -3.908764198422431946e-02 4.610950499773025513e-02 4.634683951735496521e-03 1.552316360175609589e-02 3.856889903545379639e-02 7.820695638656616211e-02 -2.953749895095825195e-02 -1.715196482837200165e-02 -1.693670302629470825e-01 -6.830953061580657959e-02 1.048977579921483994e-02 2.464789710938930511e-02 -1.452113091945648193e-01 7.703374326229095459e-02 9.547052904963493347e-03 -1.122747957706451416e-01 4.090056940913200378e-02 -5.855225957930088043e-03 -8.026701956987380981e-02 7.177038490772247314e-02 -3.307462856173515320e-02 3.479249402880668640e-02 -1.441667526960372925e-01 -9.715943783521652222e-02 1.424120217561721802e-01 -1.187430843710899353e-01 -1.080179810523986816e-01 1.103375777602195740e-01 1.314238160848617554e-01 -6.964484602212905884e-02 -8.529914170503616333e-02 -3.879497572779655457e-02 2.212978899478912354e-02 9.319134801626205444e-02 -9.052844718098640442e-03 8.141265809535980225e-02 -1.341914944350719452e-02 1.200191676616668701e-02 1.759433373808860779e-02 1.140220537781715393e-01 2.153566572815179825e-03 3.204131871461868286e-02 4.232417419552803040e-02 1.083976179361343384e-01 1.350655704736709595e-01 1.385043263435363770e-01 5.689224600791931152e-02 1.439210474491119385e-01 -1.283919811248779297e-01 -4.272536933422088623e-02 9.038569033145904541e-02 1.622960716485977173e-02 8.220742642879486084e-02 1.019433662295341492e-01 1.510187089443206787e-01 3.114595077931880951e-02 1.902119442820549011e-02 -8.110662922263145447e-03 9.069297462701797485e-02 5.390980839729309082e-02 -3.855726495385169983e-02 -9.314405173063278198e-02 -1.127198711037635803e-01 -3.955458477139472961e-02 -6.356383115053176880e-02
-2.805326506495475769e-02 3.048552013933658600e-02 2.717396803200244904e-02 -9.615447372198104858e-02 1.274182647466659546e-01 9.357885271310806274e-02 3.406810760498046875e-02 -1.800829768180847168e-01 1.035644337534904480e-01 9.656101465225219727e-02 -2.797262929379940033e-02 3.051433712244033813e-02 9.316211938858032227e-02 -2.529937215149402618e-02 7.761867344379425049e-02 1.330112069845199585e-01 1.450562030076980591e-01 -1.268042325973510742e-01 3.857981786131858826e-02 -7.868635654449462891e-02 -9.147773683071136475e-02 1.067388206720352173e-01 1.506013702601194382e-02 -9.435819834470748901e-02 -1.054583489894866943e-01 -1.032599136233329773e-01 -9.710887819528579712e-02 4.659854993224143982e-02 -2.413193881511688232e-02 5.288963019847869873e-02 -1.014825254678726196e-01 2.276285737752914429e-02 3.307765722274780273e-02 -2.924608066678047180e-02 7.062858343124389648e-02 -8.418790251016616821e-02 4.243683069944381714e-02 6.577254086732864380e-02 1.400709301233291626e-01 -1.472769654355943203e-04 -6.742956489324569702e-02 8.963958173990249634e-02 -1.991152577102184296e-02 -1.154557708650827408e-02 7.376618683338165283e-02 -3.875590860843658447e-02 1.039028614759445190e-01 1.820285990834236145e-02 5.986319389194250107e-03 1.107430383563041687e-01 7.122737914323806763e-02 -8.408007770776748657e-02 4.769616574048995972e-02 1.412905752658843994e-01 -4.733381047844886780e-02 6.814441084861755371e-02 -1.048274040222167969e-01 2.083013951778411865e-02 -1.877611316740512848e-02 -8.644223213195800781e-02 -6.318055838346481323e-02 1.127727180719375610e-01 1.623092964291572571e-02 -4.544330015778541565e-02 3.047005832195281982e-02 1.123369112610816956e-01 -7.695239037275314331e-02 1.003233417868614197e-01 -4.101325571537017822e-02 3.200941160321235657e-02 2.329181320965290070e-02 3.205424174666404724e-02 -6.609408650547266006e-03 7.233604043722152710e-02 5.335340742021799088e-03 2.879787608981132507e-02 4.575385898351669312e-02 -7.255370169878005981e-02 -1.379954963922500610e-01 -1.438510417938232422e-01 1.107933558523654938e-02 -4.226889833807945251e-02 3.915317356586456299e-02 1.054097861051559448e-01 -1.122773811221122742e-01 -5.612336099147796631e-02 3.512721136212348938e-02 -1.371766626834869385e-01 -7.283403724431991577e-02 -1.089062616229057312e-01 -4.652846977114677429e-02 1.438083499670028687e-01 -9.644064307212829590e-02 4.134441912174224854e-02 -8.490762859582901001e-02 1.387836337089538574e-01 4.269135650247335434e-03 -3.997376654297113419e-03 -3.440178185701370239e-02 -4.218035936355590820e-02
-1.355072706937789917e-01 4.475319385528564453e-02 4.018995538353919983e-02 -1.048003323376178741e-02 -1.572144627571105957e-01 -4.185494035482406616e-02 2.895499952137470245e-02 1.047507077455520630e-01 -1.286498904228210449e-01 -1.260284036397933960e-01 -1.673872396349906921e-02 2.714773081243038177e-02 -4.687016457319259644e-02 -1.615876406431198120e-01 -5.743038281798362732e-02 -1.170695349574089050e-01 -1.226108819246292114e-01 1.187803223729133606e-01 -2.713024616241455078e-02 -1.163383666425943375e-02 8.646010607481002808e-02 2.001787908375263214e-02 1.203382462263107300e-01 1.774378702975809574e-03 2.393654314801096916e-03 2.389115467667579651e-02 6.527823279611766338e-04 8.837695233523845673e-03 9.163653850555419922e-02 -7.993336766958236694e-02 2.603713981807231903e-02 -4.292133729904890060e-03 -9.077291190624237061e-02 7.161358743906021118e-02 -3.481948375701904297e-02 -6.739026308059692383e-02 -1.070291083306074142e-02 9.733929485082626343e-02 -3.717854246497154236e-02 6.443078070878982544e-02 2.548399195075035095e-02 -9.525116533041000366e-02 -8.990371227264404297e-02 -5.191976204514503479e-02 9.648311883211135864e-02 4.245341289788484573e-03 -6.006097421050071716e-02 -1.403498947620391846e-01 5.847869440913200378e-03 9.029217064380645752e-03 -1.475869566202163696e-01 7.038372755050659180e-02 -2.612659707665443420e-03 -1.393567621707916260e-01 -4.402937740087509155e-02 -6.980213522911071777e-02 8.811898529529571533e-02 -9.509057737886905670e-03 -9.475888311862945557e-02 -2.704327553510665894e-02 -1.425253003835678101e-01 -8.232547342777252197e-02 -4.343960434198379517e-02 4.629791900515556335e-02 6.439930293709039688e-03 5.640193354338407516e-03 2.066311053931713104e-02 -2.702710032463073730e-02 -4.216288775205612183e-02 2.755718305706977844e-02 -4.739728197455406189e-02 9.921891987323760986e-02 -2.956351637840270996e-02 1.297288089990615845e-01 1.328958719968795776e-01 4.494693595916032791e-03 7.270864397287368774e-02 5.219644680619239807e-02 -2.470695972442626953e-02 9.401582926511764526e-02 1.104800626635551453e-01 9.875256568193435669e-02 1.523296982049942017e-01 -9.785680472850799561e-02 -7.383570075035095215e-02 1.248147618025541306e-02 -1.646619290113449097e-02 9.793239831924438477e-02 -3.475898504257202148e-02 3.757606819272041321e-02 1.429913751780986786e-02 -1.340311616659164429e-01 1.464493274688720703e-01 -4.765792563557624817e-02 3.105138801038265228e-02 -1.236816942691802979e-01 4.796615988016128540e-02 -4.805776104331016541e-02 -5.174523964524269104e-02 -1.168854236602783203e-01
9.670633822679519653e-03 -6.066690012812614441e-02 -5.118798464536666870e-02 -4.050223215017467737e-04 3.332685679197311401e-02 1.131290942430496216e-01 -2.767530269920825958e-02 4.389257356524467468e-02 1.604473441839218140e-01 1.074721291661262512e-01 7.060544192790985107e-02 8.696556091308593750e-02 2.514302916824817657e-02 9.124254435300827026e-02 1.571230739355087280e-01 1.383573710918426514e-01 5.497180297970771790e-02 -7.024157792329788208e-02 -2.610369399189949036e-02 -1.252341121435165405e-01 -1.466297060251235962e-01 7.460065186023712158e-02 -1.640449911355972290e-01 1.054529696702957153e-01 8.398326113820075989e-03 -1.162455677986145020e-01 -8.775158971548080444e-02 1.693605929613113403e-01 -1.123052537441253662e-01 -7.443093508481979370e-02 -7.535651326179504395e-02 5.691848695278167725e-02 2.169144153594970703e-02 1.376504078507423401e-02 -4.592427238821983337e-02 -6.330630928277969360e-02 -2.444194257259368896e-02 -3.191658854484558105e-02 1.086785718798637390e-01 -2.077883342280983925e-03 4.412010312080383301e-02 1.568508148193359375e-01 5.046331137418746948e-02 1.468227058649063110e-01 -1.720952428877353668e-02 -5.034296959638595581e-02 -2.573475986719131470e-02 1.043268293142318726e-01 -1.354219019412994385e-02 -1.917302608489990234e-02 1.505164951086044312e-01 -5.329478881321847439e-04 1.041918247938156128e-01 1.761249266564846039e-02 6.150632631033658981e-03 -6.352207809686660767e-02 -9.267776273190975189e-03 -1.435307133942842484e-02 1.017750352621078491e-01 -1.328281164169311523e-01 1.034579426050186157e-01 -5.099372938275337219e-02 2.352733351290225983e-02 1.346932910382747650e-02 -2.955335378646850586e-02 9.868436306715011597e-02 1.346946228295564651e-02 -7.087823003530502319e-02 -3.772625699639320374e-02 -4.972711950540542603e-02 -1.439615339040756226e-01 5.203014239668846130e-02 -3.951312229037284851e-02 -6.576433777809143066e-02 -1.026486083865165710e-01 3.624573722481727600e-02 -9.293165802955627441e-02 6.657371670007705688e-02 -8.937440067529678345e-02 -1.087305918335914612e-01 -1.085090916603803635e-02 -2.350950054824352264e-02 -8.466541767120361328e-02 -5.703778564929962158e-02 -1.003602668642997742e-01 -1.118865534663200378e-01 9.300018846988677979e-02 -1.485815644264221191e-01 -3.360303491353988647e-02 -1.459069997072219849e-01 -1.033742874860763550e-01 1.519029140472412109e-01 -8.827688544988632202e-02 5.621224641799926758e-02 -2.309521287679672241e-02 -3.926467616111040115e-03 7.571599632501602173e-02 1.592972278594970703e-01 1.870523393154144287e-02 -9.884989261627197266e-02
9.737611562013626099e-02 2.335091866552829742e-02 -1.217096075415611267e-01 1.620825566351413727e-02 -3.375316783785820007e-02 3.584955260157585144e-02 2.146381157217547297e-04 -3.479906916618347168e-02 1.033366024494171143e-01 1.286056935787200928e-01 1.723495684564113617e-02 2.150049433112144470e-02 9.383009374141693115e-02 7.958768308162689209e-02 2.149466425180435181e-03 5.071177706122398376e-02 1.490181982517242432e-01 -8.765535056591033936e-02 5.716956406831741333e-02 -1.317960917949676514e-01 -5.251594632863998413e-02 5.860258266329765320e-02 -1.448483914136886597e-01 8.488724008202552795e-03 -5.325533822178840637e-02 -1.449842154979705811e-01 -2.416871860623359680e-02 9.704827517271041870e-02 -6.243985891342163086e-02 -4.260243847966194153e-02 -1.451225876808166504e-01 3.676859289407730103e-02 7.812871783971786499e-02 -1.511970814317464828e-02 -8.822815120220184326e-02 -1.022054627537727356e-02 -2.222855575382709503e-02 1.243893057107925415e-01 -1.703930646181106567e-02 -7.416993379592895508e-02 5.600699409842491150e-02 1.484735012054443359e-01 5.238472297787666321e-02 1.620119363069534302e-01 -4.328108206391334534e-02 -5.218232423067092896e-02 4.819688946008682251e-02 1.757451742887496948e-01 -4.242925345897674561e-02 -2.389714866876602173e-02 1.422314792871475220e-01 2.027087844908237457e-02 -2.641938067972660065e-02 9.639400243759155273e-02 3.223414346575737000e-02 -1.313426047563552856e-01 -1.043264567852020264e-01 -4.478942602872848511e-02 6.281418260186910629e-03 -1.501388549804687500e-01 1.025331467390060425e-01 5.848921462893486023e-02 5.334804207086563110e-02 -5.986538599245250225e-05 1.457266807556152344e-01 7.201899774372577667e-03 -1.485709659755229950e-02 1.151708886027336121e-01 -6.917778402566909790e-02 4.206443578004837036e-02 -4.064578190445899963e-02 -7.656621281057596207e-03 1.227943971753120422e-01 -3.813069313764572144e-02 3.938718140125274658e-02 -3.390166908502578735e-02 3.218782320618629456e-02 -4.265774413943290710e-02 -1.148170754313468933e-01 -1.474031805992126465e-01 -3.257310390472412109e-02 -1.208815798163414001e-01 -1.613629795610904694e-02 -3.193599637597799301e-03 -6.091593578457832336e-02 -1.137694343924522400e-01 1.031271070241928101e-01 -9.223160892724990845e-02 1.839391700923442841e-02 -7.268347591161727905e-02 -3.772996598854660988e-03 1.971109583973884583e-02 -2.610346302390098572e-02 5.708570405840873718e-02 2.130504325032234192e-02 -2.735245600342750549e-02 5.765620619058609009e-02 -2.194340527057647705e-02 6.409204751253128052e-02 1.027395762503147125e-02
5.747565999627113342e-02 4.011188447475433350e-02 -2.027633041143417358e-02 5.808185786008834839e-02 2.256599999964237213e-02 8.035763353109359741e-02 -2.726873382925987244e-02 1.967477425932884216e-02 7.133340835571289062e-02 1.438373178243637085e-01 -4.747977014631032944e-03 -6.526050716638565063e-02 8.032122999429702759e-02 5.838403943926095963e-03 -3.138848766684532166e-02 -2.521355263888835907e-02 8.242309093475341797e-02 -8.341035246849060059e-02 2.252666279673576355e-02 5.668107047677040100e-02 -1.939534582197666168e-02 1.878326945006847382e-02 -5.135297030210494995e-02 8.563360571861267090e-02 -8.357648551464080811e-02 -7.671561837196350098e-02 4.510201513767242432e-02 5.381458997726440430e-02 -1.001671180129051208e-01 -2.173599600791931152e-02 -9.675567597150802612e-02 1.035279929637908936e-01 -3.466295823454856873e-02 1.376367826014757156e-02 -6.917721033096313477e-02 -2.279047481715679169e-02 -1.281396001577377319e-01 -4.553607478737831116e-02 -1.431885827332735062e-02 -7.369046658277511597e-02 -3.243898972868919373e-02 2.469546161592006683e-03 9.295465797185897827e-02 -3.746340749785304070e-03 2.807622589170932770e-02 -6.694692373275756836e-02 -9.365382790565490723e-02 1.441896408796310425e-01 -1.423211991786956787e-01 -2.225904539227485657e-02 3.891782090067863464e-02 7.923336327075958252e-02 -2.038772590458393097e-02 9.311199188232421875e-03 -1.353725492954254150e-01 -8.602098375558853149e-02 7.092497497797012329e-02 6.871333718299865723e-02 1.167549863457679749e-01 2.900389023125171661e-02 2.799676917493343353e-02 4.786973819136619568e-02 1.125448569655418396e-01 3.536659106612205505e-02 -1.021020635962486267e-01 -1.835598498582839966e-01 9.198149293661117554e-02 6.679705809801816940e-03 7.015107572078704834e-02 1.908910870552062988e-01 2.918527089059352875e-02 4.991926252841949463e-02 3.926073387265205383e-02 -5.482367798686027527e-02 -7.804420590400695801e-02 1.151946485042572021e-01 2.699961140751838684e-02 -3.927952796220779419e-02 -6.451372057199478149e-02 -1.129419058561325073e-01 -1.031858250498771667e-01 -8.921772241592407227e-02 -5.794053431600332260e-03 -5.360931158065795898e-02 -6.608287990093231201e-02 -1.104098334908485413e-01 8.664391189813613892e-02 -4.575715959072113037e-02 -3.971974924206733704e-02 -1.085778027772903442e-01 1.136913616210222244e-02 2.998492494225502014e-02 -6.689301133155822754e-02 3.209658712148666382e-02 5.085545126348733902e-03 6.552302837371826172e-02 -1.230185255408287048e-01 5.413434654474258423e-02 1.094054579734802246e-01 -5.124662443995475769e-02
3.354146331548690796e-02 7.968981750309467316e-03 -1.640284210443496704e-01 1.493998919613659382e-03 3.692649304866790771e-02 7.708133757114410400e-02 9.785760939121246338e-02 -3.518095985054969788e-02 6.261731684207916260e-02 3.814217075705528259e-02 1.205603852868080139e-01 2.224707743152976036e-03 1.349516212940216064e-01 -2.865732880309224129e-03 1.785047166049480438e-02 -2.588093653321266174e-02 6.395305693149566650e-02 -1.263919472694396973e-01 5.597564205527305603e-02 2.434654720127582550e-02 -4.789322987198829651e-02 -6.830184161663055420e-02 6.256554741412401199e-03 -4.737766087055206299e-02 -4.987868666648864746e-02 -9.293700754642486572e-02 -4.938495811074972153e-03 1.675321608781814575e-01 -1.360470652580261230e-01 6.456300616264343262e-02 -5.844223313033580780e-03 -9.804667904973030090e-03 1.158470958471298218e-01 -1.032870039343833923e-01 -5.627788603305816650e-02 -9.558112174272537231e-02 -1.296323537826538086e-01 3.840306773781776428e-02 1.150160469114780426e-02 -1.340315192937850952e-01 6.923884153366088867e-02 5.687475576996803284e-02 -2.530730143189430237e-02 1.444929391145706177e-01 -7.775875926017761230e-02 -3.290325030684471130e-02 -3.624516725540161133e-02 1.199343502521514893e-01 -3.304202109575271606e-02 -1.011354289948940277e-02 6.689325720071792603e-02 -9.827118366956710815e-02 1.049631237983703613e-01 1.224023997783660889e-01 -1.799562424421310425e-01 -1.736690662801265717e-02 3.681867197155952454e-02 9.245056658983230591e-02 7.607956975698471069e-02 -1.101747155189514160e-01 8.652622252702713013e-02 9.804809838533401489e-02 7.184798270463943481e-02 1.593321561813354492e-02 -7.770039886236190796e-02 -3.532079607248306274e-02 6.442313641309738159e-02 -8.603426814079284668e-02 -6.508403271436691284e-02 5.925583466887474060e-02 6.298277294263243675e-04 6.114610284566879272e-02 1.158079355955123901e-01 1.711834408342838287e-02 -1.460434496402740479e-01 -4.638207610696554184e-03 2.958953753113746643e-02 8.442703634500503540e-02 -5.117044970393180847e-02 -7.184420526027679443e-02 -5.427483469247817993e-02 -9.261701256036758423e-02 -1.353480517864227295e-01 4.644253849983215332e-02 -6.978081911802291870e-02 -4.880695044994354248e-02 1.923330244608223438e-03 1.397271058522164822e-03 3.653641417622566223e-02 -8.258222788572311401e-02 -6.188760325312614441e-02 9.488467127084732056e-02 -6.110472977161407471e-02 4.448496177792549133e-02 1.316352374851703644e-02 1.231740191578865051e-01 -4.706669226288795471e-02 1.922182291746139526e-01 1.318002045154571533e-01 -5.361791700124740601e-02
-2.988019399344921112e-02 -2.418816648423671722e-02 -3.328727930784225464e-02 6.602530926465988159e-02 -2.356549259275197983e-03 -2.319908526260405779e-04 2.225560322403907776e-02 3.256570175290107727e-02 -1.228172779083251953e-01 -4.659211728721857071e-03 -1.332577764987945557e-01 7.851164042949676514e-02 6.116863340139389038e-02 -3.017721697688102722e-02 -5.691462755203247070e-02 -1.094072312116622925e-01 1.845810003578662872e-02 -4.594431817531585693e-02 7.268339395523071289e-02 -4.523930326104164124e-02 7.023265212774276733e-02 2.481375355273485184e-03 6.844194605946540833e-03 5.575201660394668579e-02 5.939925462007522583e-02 2.310377731919288635e-02 1.028067842125892639e-01 -8.765652030706405640e-02 1.782923378050327301e-02 6.537664681673049927e-02 -4.503462836146354675e-02 -4.824569821357727051e-02 3.906091209501028061e-03 -1.089734956622123718e-02 -5.376850441098213196e-02 -1.076226159930229187e-01 -2.315158769488334656e-02 3.690209239721298218e-02 -1.567028928548097610e-03 -7.615812867879867554e-02 1.848505437374114990e-02 -5.919530987739562988e-02 1.312620639801025391e-01 -8.790642023086547852e-03 -9.150185436010360718e-02 -8.454941958189010620e-02 9.448549151420593262e-02 -2.705013006925582886e-02 -6.054560840129852295e-02 1.530625740997493267e-03 -1.643103174865245819e-02 -5.688212811946868896e-02 3.904918581247329712e-02 1.589400880038738251e-02 -5.494816973805427551e-02 -9.855830669403076172e-02 2.202963456511497498e-02 -5.491523537784814835e-03 1.254607643932104111e-02 5.670758336782455444e-02 8.294691890478134155e-02 -1.443923711776733398e-01 1.336246132850646973e-01 5.085333809256553650e-02 -1.398353464901447296e-02 -1.866716295480728149e-01 8.064591884613037109e-02 5.115894600749015808e-02 -6.934503465890884399e-02 2.235032916069030762e-01 4.027328640222549438e-02 6.611533463001251221e-02 6.589005142450332642e-02 4.229268804192543030e-02 -1.138196233659982681e-02 -3.487270325422286987e-02 3.162626922130584717e-02 -3.844038397073745728e-02 9.074773639440536499e-02 -9.460391849279403687e-02 1.401506084948778152e-02 -2.846130914986133575e-02 8.735560625791549683e-02 2.092831209301948547e-02 -1.017959192395210266e-01 -4.907476529479026794e-02 -3.817194327712059021e-02 2.703081443905830383e-02 7.374198734760284424e-02 -6.879089772701263428e-02 3.140966221690177917e-02 9.472826868295669556e-02 7.899104803800582886e-02 -4.935845732688903809e-02 -1.293561607599258423e-01 -5.756912380456924438e-02 -8.620897680521011353e-02 -4.818174988031387329e-02 -5.291929841041564941e-02 -7.072322815656661987e-02
7.653108984231948853e-02 -7.507430016994476318e-02 -4.253197833895683289e-02 -8.477328717708587646e-02 1.058665290474891663e-01 7.514125108718872070e-02 1.125970855355262756e-01 -1.207378581166267395e-01 3.979160636663436890e-02 -7.622203323990106583e-03 -2.774975076317787170e-02 9.506715089082717896e-02 1.352428197860717773e-01 6.529143452644348145e-02 1.997758075594902039e-02 4.543390870094299316e-02 5.547664687037467957e-02 4.124533385038375854e-03 1.137946024537086487e-01 -1.366088837385177612e-01 3.405619785189628601e-02 -4.718544706702232361e-02 -1.253113150596618652e-03 7.611277699470520020e-02 -1.075894683599472046e-01 -1.192403770983219147e-02 -2.625321969389915466e-02 1.239545922726392746e-02 -1.488708853721618652e-01 6.825312227010726929e-02 2.689817734062671661e-02 -3.021631576120853424e-02 1.103843562304973602e-02 -7.755858451128005981e-02 -3.305613249540328979e-02 2.871769294142723083e-02 3.714751452207565308e-02 -2.960439398884773254e-02 -1.231661532074213028e-03 2.298589423298835754e-02 2.219860814511775970e-02 -1.898986101150512695e-02 2.661443315446376801e-02 9.748441725969314575e-02 6.200892105698585510e-02 -4.496207833290100098e-02 -7.515437901020050049e-02 9.675144404172897339e-02 -2.860294841229915619e-02 -5.394315719604492188e-02 1.811322756111621857e-02 6.562553346157073975e-02 7.177842408418655396e-02 1.331005245447158813e-01 7.418918423354625702e-03 5.998193100094795227e-02 -1.006261166185140610e-02 1.249525994062423706e-01 -1.930122449994087219e-02 -4.878355935215950012e-02 -3.287088125944137573e-02 4.945369437336921692e-02 4.560366645455360413e-02 -1.280630379915237427e-01 -1.292546931654214859e-02 5.892940238118171692e-02 -2.898425236344337463e-02 4.343259707093238831e-02 3.647519648075103760e-02 -3.867378830909729004e-02 -5.512465536594390869e-02 -5.581175163388252258e-02 1.647199988365173340e-01 2.438570372760295868e-02 -1.001498177647590637e-01 -8.396533876657485962e-02 -1.126152556389570236e-02 -8.679034188389778137e-03 -4.536846652626991272e-02 -8.573902398347854614e-02 3.054791688919067383e-02 -1.227933242917060852e-01 -1.106276270002126694e-02 -2.129130763933062553e-03 -4.288545623421669006e-02 -1.430247873067855835e-01 -1.081797927618026733e-01 -9.910498559474945068e-02 -5.562641844153404236e-02 3.237764909863471985e-02 -1.142958402633666992e-01 1.523282825946807861e-01 -9.440688043832778931e-02 7.346872240304946899e-02 3.372836485505104065e-02 7.505593448877334595e-02 -1.627172343432903290e-02 -4.071663320064544678e-02 8.344009518623352051e-03 -2.278497070074081421e-02
8.131681941449642181e-03 -7.644245028495788574e-02 3.182011842727661133e-02 -1.411828100681304932e-01 1.661569327116012573e-01 -2.091918140649795532e-02 1.186626851558685303e-01 4.502383526414632797e-03 1.052427440881729126e-01 1.646137423813343048e-02 -7.216844707727432251e-03 6.113325059413909912e-02 1.103935576975345612e-02 1.684709787368774414e-01 8.539655059576034546e-02 9.956125169992446899e-02 1.066079437732696533e-01 -8.957374840974807739e-02 -2.266653318656608462e-04 1.428787782788276672e-02 -9.059741569217294455e-05 6.318695843219757080e-02 -1.063197478652000427e-01 -6.206912547349929810e-02 2.813476603478193283e-04 -9.823211282491683960e-02 -1.424913555383682251e-01 1.007873192429542542e-01 -1.609797477722167969e-01 -8.064487017691135406e-03 -9.511029720306396484e-02 1.194521337747573853e-01 8.771641552448272705e-02 -1.651199460029602051e-01 -7.424944639205932617e-02 6.400343775749206543e-02 -1.803255267441272736e-02 -2.280697599053382874e-02 3.056661039590835571e-02 -9.625556319952011108e-02 3.096472285687923431e-02 2.225922606885433197e-02 -3.364070504903793335e-02 -7.084026001393795013e-03 8.686400204896926880e-02 -1.722771301865577698e-02 6.232943013310432434e-02 1.244631186127662659e-01 -1.528327316045761108e-01 -2.324098162353038788e-02 3.189464658498764038e-02 -4.701473750174045563e-03 7.722844183444976807e-02 9.118797630071640015e-02 -1.668284996412694454e-03 -2.482915110886096954e-02 -2.058722265064716339e-02 1.253753453493118286e-01 6.205694004893302917e-02 1.758554019033908844e-02 6.097015365958213806e-02 1.212940514087677002e-01 3.911183774471282959e-02 -7.052747160196304321e-02 3.338536992669105530e-02 6.743797659873962402e-02 -7.716563344001770020e-02 5.291404575109481812e-02 -4.273201152682304382e-02 -3.643565624952316284e-02 -9.089424461126327515e-02 7.964446395635604858e-02 1.025204509496688843e-01 -2.615524455904960632e-02 -9.059664607048034668e-02 5.220812931656837463e-02 -7.800073176622390747e-02 -7.530108094215393066e-02 -8.327753096818923950e-02 -1.111719906330108643e-01 2.815026417374610901e-02 -6.132201105356216431e-02 -1.234529986977577209e-01 6.817387789487838745e-02 4.563678428530693054e-02 -7.597711682319641113e-02 8.540466427803039551e-02 2.321923524141311646e-02 -3.634644299745559692e-02 -8.206465840339660645e-02 4.344338923692703247e-02 1.067656129598617554e-01 1.361738443374633789e-01 -7.685832679271697998e-02 7.930757850408554077e-02 2.610338665544986725e-02 -2.045989781618118286e-02 1.243866607546806335e-01 1.506279706954956055e-01 4.283908754587173462e-02
4.702226072549819946e-02 -8.295468986034393311e-02 -1.397772729396820068e-01 -1.462441980838775635e-01 1.341038644313812256e-01 -2.562977187335491180e-02 6.765168160200119019e-02 -9.316749870777130127e-02 3.334292024374008179e-02 5.757353454828262329e-02 1.222419142723083496e-01 9.336061775684356689e-02 1.054069623351097107e-01 -1.043788250535726547e-02 -2.624342031776905060e-02 5.774507671594619751e-02 -5.363046657294034958e-03 -1.638965457677841187e-01 7.129700481891632080e-02 -8.332439512014389038e-02 -1.633991859853267670e-02 2.137688733637332916e-02 -1.561781018972396851e-01 -7.203999906778335571e-02 -1.255429685115814209e-01 1.671032421290874481e-02 -1.403530836105346680e-01 5.561419203877449036e-02 -1.022768467664718628e-01 6.076020002365112305e-02 -5.179525911808013916e-02 -1.024688314646482468e-02 -9.246660396456718445e-03 -5.577926710247993469e-02 -5.908839777112007141e-02 -3.297006711363792419e-02 -3.516397904604673386e-03 -1.018973998725414276e-02 1.468946505337953568e-02 -5.877734348177909851e-02 5.743249505758285522e-02 -1.136511471122503281e-02 -3.463377058506011963e-02 1.235296726226806641e-01 -9.850596636533737183e-02 -1.452311873435974121e-01 -7.739843428134918213e-02 6.239711120724678040e-02 -3.798270598053932190e-02 4.761774465441703796e-02 3.391236066818237305e-02 -8.624589443206787109e-02 -2.702403441071510315e-02 1.431872695684432983e-01 -4.933229833841323853e-02 -2.174811623990535736e-02 -8.897253870964050293e-02 -1.389538170769810677e-03 6.633459031581878662e-02 3.810777794569730759e-03 1.114205345511436462e-01 1.128884032368659973e-01 -4.135652258992195129e-02 -2.719483338296413422e-02 1.853218302130699158e-02 1.466982811689376831e-01 -1.591966487467288971e-02 1.366847753524780273e-02 3.542388789355754852e-03 1.403726451098918915e-02 -8.983414620161056519e-02 4.052973166108131409e-02 2.208469435572624207e-02 -5.437901709228754044e-03 -2.350633591413497925e-02 -1.016590278595685959e-02 -6.155360117554664612e-02 -6.020145490765571594e-02 -9.773324429988861084e-02 -1.116122230887413025e-01 -1.662035472691059113e-02 -7.849564403295516968e-02 1.951564475893974304e-02 5.336971953511238098e-02 6.808909773826599121e-02 5.119915120303630829e-03 4.675376787781715393e-02 -1.290265768766403198e-01 3.713515400886535645e-02 -1.144786551594734192e-02 -1.307394802570343018e-01 1.566235423088073730e-01 -9.823048859834671021e-02 -2.248943783342838287e-02 -1.799298077821731567e-02 2.555334568023681641e-02 5.135254189372062683e-02 8.274976909160614014e-02 6.483495980501174927e-02 -6.409645080566406250e-02
-5.142226815223693848e-02 -6.473631411790847778e-02 8.066135644912719727e-02 1.478492915630340576e-01 -1.103211864829063416e-01 -2.401345968246459961e-02 -1.047931164503097534e-01 7.655973732471466064e-02 -1.638593971729278564e-01 -1.144839599728584290e-01 -1.594341010786592960e-03 4.335140436887741089e-02 -4.410590231418609619e-02 1.609133742749691010e-02 -1.360739618539810181e-01 -6.624408811330795288e-02 -9.255859255790710449e-02 5.166874453425407410e-02 -2.748062089085578918e-02 1.483530104160308838e-01 1.468025296926498413e-01 6.369309127330780029e-02 4.155330359935760498e-02 -8.944766968488693237e-02 -8.709641173481941223e-03 9.305641800165176392e-02 1.938066910952329636e-03 -4.381050169467926025e-02 1.683389097452163696e-01 -8.649465441703796387e-02 1.059691980481147766e-01 3.979332745075225830e-03 1.123956684023141861e-02 -1.874767243862152100e-02 1.262123435735702515e-01 -5.377786979079246521e-02 5.172985419631004333e-02 -9.802375733852386475e-02 -1.996929012238979340e-02 7.510377466678619385e-02 -7.282926887273788452e-02 2.586866356432437897e-02 -8.617937564849853516e-02 5.618832539767026901e-03 -3.841657191514968872e-02 1.032050624489784241e-01 -9.352768212556838989e-02 -1.655111648142337799e-02 1.265310049057006836e-01 4.935105517506599426e-02 -1.326784342527389526e-01 -3.987343981862068176e-02 -7.960827648639678955e-02 2.946447953581809998e-02 4.468336328864097595e-02 6.868683546781539917e-02 8.061840385198593140e-02 -7.377967238426208496e-02 8.819159865379333496e-02 1.492459475994110107e-01 -2.805222012102603912e-02 4.493170976638793945e-02 8.055756241083145142e-02 1.943887094967067242e-03 6.419332325458526611e-02 -1.552276015281677246e-01 -1.097417064011096954e-02 -3.174842149019241333e-02 4.360682144761085510e-02 3.610762581229209900e-02 1.151738762855529785e-01 -1.066803559660911560e-01 -1.976986601948738098e-02 -1.174990832805633545e-02 6.480429321527481079e-02 5.456463992595672607e-02 8.739787340164184570e-02 2.562536112964153290e-02 1.243422850966453552e-01 4.732353240251541138e-02 1.042206026613712311e-02 5.783712863922119141e-02 5.036076903343200684e-02 1.904593035578727722e-02 1.299631893634796143e-01 3.397194296121597290e-02 -8.210337907075881958e-02 -2.600939013063907623e-02 9.916329383850097656e-02 1.301040500402450562e-01 9.884859435260295868e-03 -4.550941288471221924e-02 -1.281196326017379761e-01 -3.445002064108848572e-02 1.085170879960060120e-01 -1.399408727884292603e-01 5.744605138897895813e-02 -1.156047638505697250e-02 -1.820687763392925262e-02 9.663265943527221680e-02
1.150160953402519226e-01 -2.744148857891559601e-02 -3.663487732410430908e-02 2.226409129798412323e-02 6.981404870748519897e-02 1.238737106323242188e-01 3.774033486843109131e-02 -6.725783646106719971e-02 1.588000804185867310e-01 -2.131537348031997681e-02 9.468226134777069092e-02 7.906245440244674683e-02 1.172643825411796570e-01 3.667935496196150780e-03 8.746722713112831116e-03 6.336963921785354614e-02 6.066909991204738617e-03 -1.134409084916114807e-01 6.385882943868637085e-02 -6.236734800040721893e-03 1.169125642627477646e-02 -1.129178097471594810e-03 -1.041796989738941193e-02 -6.715279072523117065e-02 -1.413416713476181030e-01 -7.905274629592895508e-02 -4.753473028540611267e-02 -1.691687293350696564e-02 -9.224202483892440796e-02 -5.047237873077392578e-02 3.474228829145431519e-02 9.098515659570693970e-02 -4.262219369411468506e-02 -7.440176606178283691e-02 -4.686474800109863281e-02 7.198384404182434082e-02 -1.463457047939300537e-01 1.146561503410339355e-01 1.258408725261688232e-01 -9.699571132659912109e-02 2.694792114198207855e-02 -1.780541427433490753e-02 9.139221906661987305e-02 1.158496141433715820e-01 4.460821673274040222e-02 -8.421481400728225708e-02 1.222376227378845215e-01 1.691130846738815308e-01 -1.252458393573760986e-01 6.775906682014465332e-02 -3.070940263569355011e-03 5.758887901902198792e-02 1.558427046984434128e-02 5.159687623381614685e-02 -1.303567290306091309e-01 -2.583403885364532471e-02 1.472679153084754944e-02 1.625253558158874512e-01 6.599000096321105957e-02 3.258391469717025757e-02 9.943653643131256104e-02 1.346726566553115845e-01 -1.037384644150733948e-01 -1.295497715473175049e-01 1.004605963826179504e-01 -2.511536329984664917e-02 -9.892100095748901367e-02 1.172365397214889526e-01 -7.664799690246582031e-02 3.188139572739601135e-02 4.946263041347265244e-03 7.493433356285095215e-02 1.326243132352828979e-01 1.643998362123966217e-02 -2.350120805203914642e-03 -5.319126695394515991e-02 -1.342555880546569824e-01 -1.092530637979507446e-01 -2.013029158115386963e-02 -1.862409412860870361e-01 -8.207594603300094604e-02 -1.594303250312805176e-01 -1.477868705987930298e-01 1.420323401689529419e-01 -1.331745386123657227e-01 -6.744500994682312012e-02 4.709563776850700378e-02 1.141190249472856522e-02 3.067568317055702209e-02 -8.979913592338562012e-02 -7.860742509365081787e-02 1.248538494110107422e-01 -7.899111509323120117e-02 -1.898295991122722626e-02 3.300549462437629700e-02 6.658080965280532837e-02 -1.381488889455795288e-02 8.022814244031906128e-02 1.481910347938537598e-01 -1.243670098483562469e-02
4.120154678821563721e-02 7.170672714710235596e-02 -1.328316181898117065e-01 -7.981866598129272461e-02 -8.570375503040850163e-04 5.608872324228286743e-02 6.843786686658859253e-02 -9.810267947614192963e-03 9.029363282024860382e-03 6.842312216758728027e-02 -1.578567549586296082e-02 -3.192913159728050232e-02 3.187778592109680176e-02 1.243898794054985046e-01 1.160076931118965149e-01 3.098429739475250244e-02 2.265019714832305908e-02 -1.324036866426467896e-01 3.124958276748657227e-02 -4.155408963561058044e-02 4.295011609792709351e-02 -4.813312739133834839e-02 -1.126843839883804321e-01 -3.165068104863166809e-02 6.870377063751220703e-02 9.028447791934013367e-03 -6.676591932773590088e-02 1.933843945153057575e-03 -7.311488687992095947e-02 -2.518770284950733185e-03 -1.795539259910583496e-02 1.228364184498786926e-01 7.131576538085937500e-02 2.353667095303535461e-02 5.215236917138099670e-02 -8.914070576429367065e-02 -6.381342560052871704e-02 -3.343955054879188538e-02 6.910607963800430298e-02 -4.179517179727554321e-02 4.962564259767532349e-02 -1.651954837143421173e-02 6.916963309049606323e-02 9.516944736242294312e-02 6.200018152594566345e-02 -7.488399744033813477e-02 -7.480669021606445312e-02 1.379024088382720947e-01 -8.853120356798171997e-02 7.798416912555694580e-02 -4.967912100255489349e-03 -8.959579467773437500e-02 3.247374296188354492e-02 1.712793856859207153e-02 -4.822944104671478271e-02 2.569091692566871643e-02 9.058409370481967926e-03 -6.197122856974601746e-02 -2.441568672657012939e-02 -7.622706890106201172e-02 -3.191514406353235245e-03 9.823296964168548584e-02 9.355894476175308228e-02 6.274925917387008667e-02 -4.336394369602203369e-02 -7.690663449466228485e-03 -7.304327189922332764e-02 6.954922527074813843e-02 8.551945537328720093e-02 8.414959907531738281e-02 -1.225416585803031921e-01 3.566740313544869423e-03 -4.907206073403358459e-02 -7.358495146036148071e-02 -4.301834385842084885e-03 2.301965840160846710e-02 -3.567093610763549805e-02 -5.808626301586627960e-03 -1.218376830220222473e-01 -1.146452128887176514e-01 3.630150575190782547e-03 -5.501644685864448547e-02 -1.069962978363037109e-01 -4.517226293683052063e-02 -6.950958073139190674e-02 2.234990894794464111e-02 -8.158897049725055695e-03 -1.464633196592330933e-01 1.164819393306970596e-02 4.302716406527906656e-04 -9.490398317575454712e-02 5.905918404459953308e-02 8.421385288238525391e-02 4.323417693376541138e-02 -5.754568800330162048e-02 -2.339505590498447418e-02 -2.230059914290904999e-02 1.019433364272117615e-01 1.410931199789047241e-01 -8.130608499050140381e-02
-3.743444383144378662e-02 -9.847887791693210602e-03 -1.112398058176040649e-01 -9.720860421657562256e-02 5.128140747547149658e-02 7.761559635400772095e-02 1.368869394063949585e-01 -1.222865357995033264e-01 4.174843803048133850e-02 8.267076313495635986e-02 9.341558814048767090e-02 -4.594620317220687866e-02 3.062495589256286621e-02 -6.396615062840282917e-04 5.597271025180816650e-02 -2.475083433091640472e-02 5.597818642854690552e-02 -2.145373448729515076e-02 -5.034744273871183395e-03 -1.071165502071380615e-01 -1.045565586537122726e-02 -5.489248782396316528e-02 -2.510355319827795029e-03 -4.155975207686424255e-02 -5.540210381150245667e-02 -1.530420184135437012e-01 -2.295727469027042389e-02 4.914225265383720398e-02 -1.483611911535263062e-01 8.524420857429504395e-02 -7.491976767778396606e-02 1.699424386024475098e-01 2.940319664776325226e-02 -1.413898319005966187e-01 4.111793264746665955e-02 -8.279342204332351685e-02 -5.404485389590263367e-03 4.145589098334312439e-02 7.693623751401901245e-02 -4.879429936408996582e-02 9.197925776243209839e-02 8.866606652736663818e-02 -4.498318210244178772e-02 5.308469012379646301e-02 -9.746220707893371582e-02 -3.211087733507156372e-02 8.980892598628997803e-03 1.683128029108047485e-01 -6.409881170839071274e-03 3.451493382453918457e-02 9.437149018049240112e-02 8.156993985176086426e-02 1.652271449565887451e-01 6.874497234821319580e-02 -1.415038257837295532e-01 -9.781277924776077271e-02 -7.120672613382339478e-02 6.369493156671524048e-02 1.918751373887062073e-02 -3.523775190114974976e-02 -4.322462528944015503e-02 6.417635828256607056e-02 -9.125547856092453003e-02 -1.436509564518928528e-02 2.211162634193897247e-02 1.368224024772644043e-01 -4.095499962568283081e-02 -8.082151412963867188e-03 -6.477069109678268433e-02 -1.474279072135686874e-02 -1.464824974536895752e-01 2.965311333537101746e-02 3.032048605382442474e-02 3.498810529708862305e-02 2.265792340040206909e-03 -1.592193357646465302e-02 -5.968737415969371796e-03 -1.558492891490459442e-02 -3.548049181699752808e-02 -2.774701640009880066e-02 -1.152191162109375000e-01 -1.986506581306457520e-02 -2.045220136642456055e-02 -4.948077723383903503e-03 -1.235517337918281555e-01 -1.724714189767837524e-01 -4.079784825444221497e-02 -1.234312728047370911e-01 4.761934652924537659e-02 3.042616322636604309e-02 2.109290286898612976e-02 3.275933489203453064e-02 -1.177759245038032532e-01 -7.287096977233886719e-02 -8.736370503902435303e-02 1.713608764111995697e-02 -4.417283833026885986e-02 4.761498793959617615e-02 1.480777375400066376e-02 -1.032264810055494308e-02
-1.401351243257522583e-01 1.149508953094482422e-01 4.018554091453552246e-02 6.339801102876663208e-02 -1.302748266607522964e-02 -1.567808687686920166e-01 -5.044022202491760254e-02 5.500783026218414307e-02 -4.089556261897087097e-02 -2.312126941978931427e-02 -7.133726775646209717e-02 8.221928030252456665e-03 -1.034988239407539368e-01 4.805714823305606842e-03 5.214808508753776550e-03 -4.351518675684928894e-02 -4.202955961227416992e-02 -2.405459247529506683e-02 -4.628457129001617432e-02 3.053646907210350037e-02 1.742434129118919373e-02 2.636050246655941010e-02 -2.415327820926904678e-03 6.049390137195587158e-02 1.445897221565246582e-01 2.131293155252933502e-02 5.928822234272956848e-02 -5.878921225666999817e-02 1.163602024316787720e-01 -2.216946892440319061e-02 -1.656404323875904083e-02 -1.675195395946502686e-01 -4.073043912649154663e-02 4.780181869864463806e-02 4.959364980459213257e-02 -4.163419082760810852e-02 9.832397336140275002e-04 -7.859697937965393066e-02 -1.562934964895248413e-01 1.140450164675712585e-01 -1.558941975235939026e-02 -7.332439720630645752e-02 -5.125973001122474670e-02 2.923833206295967102e-02 8.468079566955566406e-02 1.359252333641052246e-01 -7.295807451009750366e-02 -7.989290356636047363e-02 7.222262769937515259e-02 -7.256536185741424561e-02 -1.662165671586990356e-01 -3.208744898438453674e-02 -1.331998109817504883e-01 -7.685696333646774292e-02 9.335388243198394775e-02 7.993143796920776367e-02 2.184650860726833344e-03 4.311095178127288818e-02 -4.522743821144104004e-02 3.781559690833091736e-02 5.883948132395744324e-02 -1.198949292302131653e-02 1.553276926279067993e-02 -4.168817400932312012e-02 -4.631616175174713135e-02 -1.032491177320480347e-01 -3.200576454401016235e-02 5.748256295919418335e-02 4.471260309219360352e-02 1.057048067450523376e-01 -1.306309457868337631e-02 1.827385276556015015e-02 -8.708801865577697754e-02 -3.413498774170875549e-02 -1.945190131664276123e-02 7.112413644790649414e-02 1.230007708072662354e-01 1.299577951431274414e-02 1.259096525609493256e-02 1.315371226519346237e-02 -2.649704739451408386e-02 -3.244129940867424011e-02 1.864594290964305401e-03 -2.492546103894710541e-02 1.129949912428855896e-01 1.020855754613876343e-01 -6.393316388130187988e-02 -2.045250684022903442e-02 7.526618242263793945e-02 5.533258430659770966e-03 -4.394988343119621277e-02 -3.043220378458499908e-02 3.470126166939735413e-02 3.085847012698650360e-02 1.423726696521043777e-02 -2.516418509185314178e-02 2.318399213254451752e-02 2.491849940270185471e-03 -1.497665494680404663e-01 5.794214084744453430e-02
-1.291448622941970825e-01 -1.967894285917282104e-02 8.416686952114105225e-02 1.318201273679733276e-01 -6.220344081521034241e-02 -2.994563244283199310e-02 -8.597299456596374512e-02 3.771510347723960876e-02 -9.645812213420867920e-03 -1.649254560470581055e-01 -6.838265806436538696e-02 -9.588033705949783325e-02 2.768839523196220398e-02 2.589852549135684967e-03 -8.858454972505569458e-02 -1.138437390327453613e-01 1.342210080474615097e-02 9.243052452802658081e-03 -5.713842436671257019e-02 8.746526390314102173e-02 1.102352216839790344e-01 1.329151540994644165e-02 1.331256479024887085e-01 -1.254823803901672363e-02 7.986131310462951660e-02 7.186783105134963989e-02 1.115234345197677612e-01 -4.153084009885787964e-02 7.035331800580024719e-03 8.902051486074924469e-03 -2.001171931624412537e-02 -5.845582857728004456e-02 -1.289068311452865601e-01 9.328679740428924561e-02 7.746302336454391479e-02 -5.561107397079467773e-02 1.345846685580909252e-03 7.348857074975967407e-02 -1.430474072694778442e-01 5.374330282211303711e-02 8.905685693025588989e-02 -1.220411881804466248e-01 -5.642294883728027344e-02 -2.030785381793975830e-02 -6.658555567264556885e-02 4.035453312098979950e-03 7.129324972629547119e-02 -4.709554463624954224e-02 1.432970166206359863e-01 2.693596854805946350e-02 -8.707874268293380737e-02 -2.995086833834648132e-02 -2.530149370431900024e-02 -3.697500750422477722e-02 1.067151278257369995e-01 -5.255937948822975159e-02 -7.451137900352478027e-02 -1.178239136934280396e-01 -1.492812018841505051e-02 1.457333117723464966e-01 1.156178954988718033e-02 5.967111513018608093e-02 -3.861376270651817322e-02 4.607031121850013733e-03 -4.942096024751663208e-02 -1.080781966447830200e-01 -7.257082313299179077e-02 1.077578589320182800e-02 -3.224497288465499878e-02 1.500666886568069458e-02 1.361368596553802490e-01 -8.606434613466262817e-02 -1.046140342950820923e-01 1.208556629717350006e-02 1.024289876222610474e-01 6.513725221157073975e-02 3.925492241978645325e-02 9.173124283552169800e-02 1.407215893268585205e-01 4.882353544235229492e-02 -2.767931669950485229e-02 1.422557830810546875e-01 7.923791557550430298e-02 -1.473262310028076172e-01 -4.439167305827140808e-02 5.495647713541984558e-02 -3.717905143275856972e-03 8.192782849073410034e-02 1.785241253674030304e-02 -2.786315046250820160e-03 5.297673493623733521e-02 -8.635168522596359253e-02 5.128443613648414612e-02 -8.454562723636627197e-02 -3.034991025924682617e-02 -1.531669944524765015e-01 -6.103466078639030457e-02 -1.696629971265792847e-01 -6.597062945365905762e-02 -2.634932054206728935e-03
-5.316597968339920044e-02 5.365076661109924316e-02 -1.411506533622741699e-01 -9.945271164178848267e-02 3.071743436157703400e-02 -2.194461971521377563e-02 1.879892200231552124e-01 -4.392560571432113647e-02 7.130326330661773682e-02 2.406932041049003601e-02 1.058538332581520081e-01 -5.748796835541725159e-02 9.413496404886245728e-02 -8.258409798145294189e-03 1.543198823928833008e-01 2.476769126951694489e-02 1.187545955181121826e-01 -8.424692787230014801e-03 3.452643379569053650e-02 -3.220822894945740700e-03 -1.076575461775064468e-02 -4.859221726655960083e-02 -9.367821365594863892e-02 -6.537609547376632690e-02 -3.079151734709739685e-03 -5.284367501735687256e-02 1.695678383111953735e-02 1.471249908208847046e-01 2.253179065883159637e-02 9.445574134588241577e-03 -1.112333238124847412e-01 5.604633688926696777e-02 -4.837859794497489929e-02 1.066023763269186020e-02 -1.315719783306121826e-01 8.158184587955474854e-02 -1.763450726866722107e-02 1.014924235641956329e-02 2.263928204774856567e-02 -1.368006225675344467e-02 1.262535434216260910e-02 9.121567755937576294e-02 1.726997643709182739e-02 3.891228139400482178e-02 -7.472150027751922607e-02 -5.646234750747680664e-02 -8.837869763374328613e-02 8.449638634920120239e-02 -3.286679973825812340e-03 7.582226395606994629e-02 1.705280132591724396e-02 4.059775732457637787e-03 1.342562884092330933e-01 1.641113311052322388e-01 -6.316823419183492661e-03 -1.030761469155550003e-02 -5.387487262487411499e-02 -4.392511025071144104e-02 2.661319635808467865e-02 -2.111760340631008148e-02 7.696890085935592651e-02 -1.045267563313245773e-02 -9.667439758777618408e-02 6.333678495138883591e-03 -5.724781006574630737e-02 3.032406046986579895e-02 2.242762781679630280e-02 -3.492900729179382324e-02 -7.719773054122924805e-02 5.105412006378173828e-02 -1.364320814609527588e-01 5.023815901950001717e-04 1.553846597671508789e-01 -1.260729040950536728e-02 2.186229452490806580e-02 -5.792693793773651123e-02 -1.784362085163593292e-02 4.370564594864845276e-03 -1.169283315539360046e-01 -1.300485581159591675e-01 -8.798057585954666138e-02 1.010967604815959930e-02 -1.602905094623565674e-01 7.593109458684921265e-02 4.836262017488479614e-02 -3.949537128210067749e-02 4.134409129619598389e-03 -5.111110862344503403e-03 -4.739795625209808350e-02 7.572694681584835052e-03 -1.228507608175277710e-01 9.962505847215652466e-02 5.097133107483386993e-03 5.297605320811271667e-02 -1.184489578008651733e-01 8.849484845995903015e-03 -9.080554544925689697e-02 2.276450395584106445e-02 3.342414274811744690e-02 9.315538406372070312e-02
8.283725380897521973e-02 -3.191667795181274414e-02 -1.177376061677932739e-01 6.705159693956375122e-02 5.870997533202171326e-02 1.325828768312931061e-02 6.427316367626190186e-02 7.011252641677856445e-02 -2.021365566179156303e-03 3.884830698370933533e-02 9.857342578470706940e-03 -9.218223392963409424e-02 7.525848597288131714e-02 -4.808531329035758972e-02 -8.097171783447265625e-02 1.320594251155853271e-01 8.436027169227600098e-02 -1.141644194722175598e-01 9.298839420080184937e-02 7.567549590021371841e-03 -1.402843184769153595e-02 1.229912266135215759e-01 -9.515160322189331055e-02 1.074402853846549988e-01 -6.213807314634323120e-02 -1.389015167951583862e-01 5.260136350989341736e-02 -6.332045793533325195e-02 -1.516644563525915146e-02 1.018393412232398987e-02 -6.419590860605239868e-02 -5.547693371772766113e-02 -1.111822202801704407e-01 -4.804961010813713074e-02 -1.531515084207057953e-02 3.334223479032516479e-02 9.407568722963333130e-03 3.935235738754272461e-02 -5.399700626730918884e-02 6.328961346298456192e-03 1.111356988549232483e-01 7.717480510473251343e-02 3.393694758415222168e-02 9.428055584430694580e-02 -1.468373835086822510e-01 -7.852473109960556030e-02 3.510659933090209961e-02 -8.904569596052169800e-02 -1.179314684122800827e-02 3.078666888177394867e-02 4.479563329368829727e-03 -1.267284899950027466e-01 7.037650793790817261e-02 1.806124113500118256e-02 -6.595215201377868652e-02 1.316557172685861588e-02 5.034549906849861145e-02 1.619856245815753937e-02 -2.140384167432785034e-02 -4.096047952771186829e-02 -1.350249536335468292e-02 -5.983650311827659607e-02 -7.726790755987167358e-02 9.402879327535629272e-02 -8.954389393329620361e-02 -7.701724767684936523e-02 8.112829178571701050e-02 -1.216784119606018066e-01 -3.850773349404335022e-02 1.585800200700759888e-02 -7.264349609613418579e-02 -3.796089068055152893e-02 -8.431520313024520874e-02 -7.156840711832046509e-02 -1.028532236814498901e-01 -4.318022727966308594e-02 -2.332754060626029968e-02 -5.131866410374641418e-02 -1.184714864939451218e-02 1.453681197017431259e-02 -5.959668383002281189e-02 3.410416096448898315e-02 3.385432064533233643e-02 -8.321299217641353607e-03 1.002610921859741211e-01 -2.751984074711799622e-02 -1.050355136394500732e-01 -1.538808457553386688e-02 -2.391418442130088806e-02 -9.173376113176345825e-02 -4.044532775878906250e-02 -1.133005246520042419e-01 -4.075195640325546265e-02 -1.695704273879528046e-02 -4.373522475361824036e-02 1.090616807341575623e-01 -9.735299646854400635e-02 -1.098538190126419067e-02 -2.067718096077442169e-02 1.425545066595077515e-01
4.926198720932006836e-02 -1.900742016732692719e-02 -4.655407741665840149e-02 -9.861075133085250854e-02 4.021598771214485168e-02 4.264120385050773621e-02 -6.435843557119369507e-02 6.968864053487777710e-02 1.493644434958696365e-02 -3.186040371656417847e-02 1.409057676792144775e-01 7.408701628446578979e-02 7.730437070131301880e-02 9.511788189411163330e-02 -9.318143129348754883e-03 -2.935437951236963272e-03 5.562051013112068176e-02 -2.348065935075283051e-02 6.442279368638992310e-02 1.062804087996482849e-02 -4.278767481446266174e-02 -7.134971767663955688e-02 -1.335910260677337646e-01 6.109325680881738663e-03 -1.181775033473968506e-01 4.049197956919670105e-02 1.858836971223354340e-02 -1.531856320798397064e-02 2.640425786375999451e-02 -2.286593988537788391e-02 -4.726252704858779907e-02 -5.381398275494575500e-02 1.125098094344139099e-01 -3.120501898229122162e-02 4.872215166687965393e-02 7.589340955018997192e-02 -1.575340926647186279e-01 -3.750154003500938416e-02 1.785398647189140320e-02 -9.577874094247817993e-02 -1.080284342169761658e-01 -2.349594794213771820e-02 1.192986406385898590e-02 1.812350749969482422e-02 7.277559489011764526e-02 3.044714592397212982e-02 1.003548130393028259e-01 1.218000147491693497e-02 7.306398451328277588e-02 1.233338788151741028e-01 -7.758723944425582886e-02 5.898961797356605530e-02 4.960030689835548401e-02 8.299626410007476807e-02 2.871494553983211517e-02 4.921793565154075623e-02 -6.088155880570411682e-02 -6.771139800548553467e-02 -7.034120708703994751e-02 -9.676347672939300537e-02 -4.007069766521453857e-02 6.236182898283004761e-02 -9.309497661888599396e-03 -8.872902393341064453e-02 1.281607747077941895e-01 2.173604443669319153e-02 9.915978647768497467e-03 9.937119483947753906e-02 -1.957792975008487701e-02 -7.370631396770477295e-02 4.597490653395652771e-02 4.810909926891326904e-02 -8.607370778918266296e-03 7.518269866704940796e-02 1.169175095856189728e-02 -6.691277772188186646e-02 -1.214880589395761490e-02 -5.984748899936676025e-02 -4.156411811709403992e-02 -3.190082311630249023e-02 5.579151213169097900e-02 -2.065818570554256439e-02 2.519826591014862061e-02 -3.985028713941574097e-02 2.536004222929477692e-02 -1.022177413105964661e-01 4.429394006729125977e-02 -5.802346765995025635e-02 -7.027158141136169434e-02 -1.047903373837471008e-01 -7.409682869911193848e-02 8.358850330114364624e-02 -1.430015861988067627e-01 2.714349422603845596e-03 7.133579999208450317e-02 6.113597750663757324e-02 -1.190374139696359634e-02 8.936456590890884399e-02 -2.242008782923221588e-02 -7.856981828808784485e-03
-2.062305063009262085e-02 -1.017248481512069702e-01 -4.277006536722183228e-02 -1.675219982862472534e-01 5.207759514451026917e-02 5.142396688461303711e-02 1.565513461828231812e-01 4.001349583268165588e-02 4.242324084043502808e-02 1.038336232304573059e-01 4.124281927943229675e-02 2.960028313100337982e-02 1.572686992585659027e-02 -7.929150946438312531e-03 8.883274346590042114e-02 1.191437244415283203e-01 1.588888764381408691e-01 -7.485137879848480225e-02 -9.574050083756446838e-03 2.138759475201368332e-03 -7.287866622209548950e-02 7.380742579698562622e-02 -1.510437875986099243e-01 -6.574431806802749634e-02 -1.330216228961944580e-01 -1.390343904495239258e-01 -1.286252439022064209e-01 1.523068994283676147e-01 -8.975365012884140015e-02 8.584634959697723389e-02 -2.965794876217842102e-02 7.118469476699829102e-02 5.854640901088714600e-02 -1.141713112592697144e-01 1.017810590565204620e-02 7.809119671583175659e-02 -1.372544746845960617e-02 -6.144458428025245667e-02 1.713590472936630249e-01 -1.016884371638298035e-01 -7.223746739327907562e-03 1.153952553868293762e-01 7.469759136438369751e-02 9.734392166137695312e-02 -7.761849462985992432e-02 -5.348553508520126343e-02 -4.823315888643264771e-02 1.155260950326919556e-01 -6.805153191089630127e-02 1.340544223785400391e-01 9.766415506601333618e-02 -4.474273696541786194e-02 1.096414849162101746e-01 1.256312876939773560e-01 4.969559609889984131e-02 -7.440680265426635742e-02 -6.580387055873870850e-02 6.242426577955484390e-03 -3.934681788086891174e-02 7.305498002097010612e-04 1.105278655886650085e-01 1.340469419956207275e-01 -1.157353818416595459e-01 -9.973728656768798828e-02 4.936967417597770691e-02 -3.504675626754760742e-02 2.333344519138336182e-02 2.274131635203957558e-03 2.218489348888397217e-02 1.587158814072608948e-02 -1.590310037136077881e-02 8.875188231468200684e-02 -2.193601103499531746e-03 7.133296132087707520e-02 -6.517967581748962402e-02 5.693854764103889465e-02 -1.286977380514144897e-01 -7.330499589443206787e-02 -6.380087137222290039e-02 4.833414684981107712e-03 -1.058004144579172134e-02 3.717960417270660400e-02 -6.141083687543869019e-02 4.741985350847244263e-02 6.448280066251754761e-02 -6.315856426954269409e-02 8.472455292940139771e-02 -1.284382790327072144e-01 -2.898964472115039825e-02 -8.928948640823364258e-02 -1.683439500629901886e-02 1.599208861589431763e-01 -5.436241626739501953e-02 5.241949111223220825e-02 4.408126324415206909e-02 7.471700198948383331e-03 9.309622645378112793e-02 7.404831051826477051e-02 1.578192710876464844e-01 -1.090469062328338623e-01
3.117286041378974915e-02 -8.760330267250537872e-03 9.532725438475608826e-03 2.904567867517471313e-02 4.990156739950180054e-02 -3.388153621926903725e-03 4.280652850866317749e-02 2.888767793774604797e-02 -1.540208351798355579e-03 1.129692569375038147e-01 -9.535159915685653687e-03 -4.916911199688911438e-02 -1.560407131910324097e-02 1.117018982768058777e-01 1.207831278443336487e-01 -4.356670752167701721e-02 -1.965181529521942139e-02 -1.239802613854408264e-01 5.380970612168312073e-02 -7.718563824892044067e-02 4.083214700222015381e-02 -9.876199811697006226e-02 -1.041792333126068115e-01 1.417595706880092621e-02 -4.048629198223352432e-04 6.768058985471725464e-03 -5.195228848606348038e-03 6.784380227327346802e-02 5.473692342638969421e-02 4.933165386319160461e-02 -3.213330730795860291e-02 4.663247987627983093e-02 4.412249475717544556e-02 6.414686143398284912e-02 9.794470667839050293e-02 1.241720914840698242e-01 8.291482925415039062e-03 1.029169335961341858e-01 1.074477732181549072e-01 8.603937923908233643e-02 -4.389781504869461060e-02 5.374927073717117310e-02 -3.001530840992927551e-02 4.987321421504020691e-02 -3.338617272675037384e-03 4.430568963289260864e-02 9.496415406465530396e-02 1.010349243879318237e-01 7.027290761470794678e-03 1.072094216942787170e-01 -5.459704250097274780e-02 1.069006323814392090e-02 2.455113455653190613e-02 5.116531997919082642e-02 -2.292169630527496338e-02 -3.417439758777618408e-02 -1.146689131855964661e-01 6.085492298007011414e-02 -5.057917535305023193e-02 5.747640505433082581e-02 -8.842315524816513062e-02 1.261640936136245728e-01 -9.631883352994918823e-02 2.891023829579353333e-02 5.637066066265106201e-02 5.775755271315574646e-02 4.749578982591629028e-02 4.107093065977096558e-02 -6.458009034395217896e-02 -3.854538127779960632e-02 -7.939769327640533447e-02 1.005945950746536255e-01 -5.524947121739387512e-02 1.700967364013195038e-02 -1.818638667464256287e-02 -7.063033431768417358e-02 -1.286987308412790298e-02 1.265731826424598694e-02 2.620160207152366638e-02 1.212832629680633545e-01 -5.913745239377021790e-02 3.981322981417179108e-03 5.302342399954795837e-02 -8.954569697380065918e-02 -3.055918216705322266e-02 -6.662108935415744781e-03 -2.071051299571990967e-02 8.932475745677947998e-02 -1.090912446379661560e-01 -5.467329174280166626e-02 -2.851308882236480713e-02 9.912780672311782837e-02 -1.134484708309173584e-01 2.515873871743679047e-02 5.948068574070930481e-02 -1.075252704322338104e-02 1.005156561732292175e-01 4.688717797398567200e-02 7.438097894191741943e-02 -9.424067288637161255e-02
1.290582865476608276e-02 -9.662668406963348389e-02 7.468984276056289673e-02 1.573901176452636719e-01 -1.189854145050048828e-01 -2.302175620570778847e-03 -1.306039243936538696e-01 9.067279100418090820e-02 -1.133854016661643982e-01 -8.628588169813156128e-02 2.059213072061538696e-02 -1.060449555516242981e-01 5.247601494193077087e-02 -8.950105309486389160e-02 2.480188617482781410e-03 5.095829255878925323e-03 -4.039370920509099960e-03 1.389744412153959274e-02 -1.574850529432296753e-01 1.580270007252693176e-02 6.380850076675415039e-02 -6.265070289373397827e-02 1.364971846342086792e-01 -9.258209913969039917e-02 3.011514246463775635e-02 6.853583455085754395e-02 1.630377769470214844e-01 -5.602750554680824280e-02 1.357894092798233032e-01 -8.033951371908187866e-02 2.205083332955837250e-02 -6.025784835219383240e-02 -2.757714875042438507e-02 -2.698302641510963440e-02 9.304061532020568848e-02 4.994751419872045517e-03 4.831889644265174866e-03 3.700236231088638306e-02 -1.195734292268753052e-01 5.011875648051500320e-03 6.988975405693054199e-02 -1.571179479360580444e-01 7.673607766628265381e-02 -2.302795834839344025e-02 7.772577553987503052e-02 9.001416712999343872e-02 2.796343900263309479e-02 -7.863252423703670502e-03 4.454239830374717712e-02 -4.387361183762550354e-02 -1.357579380273818970e-01 7.033461332321166992e-02 -4.857510700821876526e-02 -6.864663213491439819e-02 1.771254688501358032e-01 5.042715743184089661e-02 -5.362002924084663391e-02 -1.357817053794860840e-01 6.638065725564956665e-02 1.042159274220466614e-02 4.313501343131065369e-02 -1.104901265352964401e-02 8.699078112840652466e-02 -5.969350226223468781e-03 -6.488980352878570557e-02 1.706960611045360565e-02 9.210172295570373535e-02 -4.222474992275238037e-02 -1.651464775204658508e-02 -1.444568112492561340e-02 -2.093739341944456100e-03 4.551003128290176392e-02 -8.256849646568298340e-02 2.729914337396621704e-02 1.381328795105218887e-02 -5.624067038297653198e-02 2.195473201572895050e-02 1.259572920389473438e-03 1.167376190423965454e-01 5.920927040278911591e-03 1.174111813306808472e-01 -4.859583079814910889e-02 1.064205989241600037e-01 -4.857279732823371887e-02 5.153683945536613464e-02 -1.869106851518154144e-02 3.036720305681228638e-02 -1.132629252970218658e-02 5.153783131390810013e-03 1.423118859529495239e-01 4.722142964601516724e-02 -1.821559853851795197e-02 -1.104502007365226746e-02 2.918842248618602753e-02 -2.705435908865183592e-04 1.249665673822164536e-02 5.351373925805091858e-02 1.034666877239942551e-02 -7.294706255197525024e-02 4.678799211978912354e-02
9.124638885259628296e-02 -5.884420871734619141e-02 -1.179190129041671753e-01 1.388837955892086029e-02 5.412290617823600769e-02 4.713248088955879211e-02 9.536127001047134399e-02 2.051983214914798737e-02 1.089251935482025146e-01 7.877169549465179443e-02 6.566486507654190063e-02 -1.031600534915924072e-01 1.518267090432345867e-04 -1.255182456225156784e-02 6.661635637283325195e-02 -2.479484863579273224e-02 9.185483306646347046e-02 -3.410400077700614929e-02 2.466048486530780792e-02 -1.480396464467048645e-02 -6.934865564107894897e-02 9.417618066072463989e-02 -1.480063498020172119e-01 1.033852547407150269e-01 3.467794135212898254e-02 2.735459245741367340e-03 -1.408364623785018921e-01 2.365976758301258087e-02 3.132113721221685410e-03 -2.537383884191513062e-02 -1.117066591978073120e-01 1.262877732515335083e-01 3.871235251426696777e-02 -9.042439609766006470e-02 -1.848548091948032379e-02 -7.583610713481903076e-02 -9.040778130292892456e-02 2.975856885313987732e-02 1.692965924739837646e-01 2.047389186918735504e-02 7.712309248745441437e-03 4.470246657729148865e-02 -7.673252373933792114e-02 -2.895267121493816376e-02 6.576008349657058716e-02 -1.043206676840782166e-01 -8.017089962959289551e-02 6.545425206422805786e-02 -1.718931943178176880e-01 1.153866946697235107e-01 5.580842494964599609e-02 6.004000827670097351e-02 1.238495707511901855e-01 7.343567162752151489e-02 1.151554938405752182e-02 -9.530578553676605225e-02 -6.083332747220993042e-02 5.903103202581405640e-02 -3.182864934206008911e-02 2.014114893972873688e-02 -2.269302681088447571e-02 -5.935693532228469849e-02 4.622155800461769104e-03 -1.484350487589836121e-02 -4.579496011137962341e-02 4.006177932024002075e-02 -5.401067435741424561e-02 -1.761431992053985596e-02 -4.130387306213378906e-02 -7.430278230458498001e-03 -6.144056469202041626e-02 -4.541183263063430786e-02 -1.312638819217681885e-02 -6.092762923799455166e-04 -1.067731380462646484e-01 7.413445413112640381e-02 2.325155958533287048e-02 8.274687826633453369e-02 6.706847343593835831e-03 -1.717134863138198853e-01 -7.472722232341766357e-02 -6.705100834369659424e-02 -4.853482823818922043e-03 -2.834507450461387634e-02 1.232246635481715202e-03 -1.113591119647026062e-01 -4.451571032404899597e-02 -1.507108062505722046e-01 -6.542151421308517456e-02 -4.642610624432563782e-02 1.571031287312507629e-02 1.107523217797279358e-02 2.111222036182880402e-02 2.138574048876762390e-02 6.078192964196205139e-02 -1.240060105919837952e-02 -7.306770980358123779e-02 1.115342974662780762e-01 2.124620415270328522e-02 2.937659993767738342e-02
3.298065811395645142e-02 5.916924215853214264e-03 7.100249081850051880e-02 -3.321085870265960693e-02 -1.275128871202468872e-01 2.069771662354469299e-02 8.824390172958374023e-02 -3.213715925812721252e-02 -9.308364242315292358e-02 -1.187321022152900696e-01 -6.287297606468200684e-02 5.377441644668579102e-02 -3.162326663732528687e-02 -4.988874774426221848e-03 -3.611005842685699463e-02 -1.166519150137901306e-01 -1.184442825615406036e-02 1.141011863946914673e-01 5.742980167269706726e-02 -8.973611891269683838e-02 1.264113336801528931e-01 2.320068888366222382e-02 1.991546712815761566e-02 3.486846340820193291e-03 -5.994675308465957642e-02 1.228060722351074219e-01 1.017714664340019226e-01 -2.308363653719425201e-02 5.748990923166275024e-02 -2.781879156827926636e-02 1.208492368459701538e-01 -1.080918908119201660e-01 -3.716449812054634094e-02 5.464114248752593994e-02 -3.988507390022277832e-02 -9.057266265153884888e-02 6.579043343663215637e-03 -2.157502062618732452e-02 -3.440080955624580383e-02 9.175314567983150482e-03 1.094931736588478088e-01 2.155398204922676086e-02 9.746762365102767944e-02 1.040450558066368103e-01 -2.123456820845603943e-02 1.248140819370746613e-02 -8.392719924449920654e-02 -6.018364802002906799e-02 -2.013785019516944885e-02 -4.365552216768264771e-02 1.162396091967821121e-02 1.654623635113239288e-02 -7.394723594188690186e-02 -3.861651755869388580e-03 -1.186870038509368896e-03 9.309486299753189087e-02 8.963110297918319702e-02 1.230264082551002502e-01 1.763461343944072723e-02 7.848327979445457458e-03 -6.498157232999801636e-02 -1.131372004747390747e-01 1.813735663890838623e-01 -3.358396701514720917e-03 -1.088255792856216431e-01 -1.815200224518775940e-02 9.234823286533355713e-02 -4.765316843986511230e-02 1.211887300014495850e-01 1.103184968233108521e-01 6.237560510635375977e-02 -8.354905247688293457e-02 1.054046079516410828e-01 -9.268581867218017578e-02 6.283641606569290161e-02 8.216978609561920166e-02 5.720067769289016724e-02 1.045318506658077240e-02 -4.092785716056823730e-02 -6.458717584609985352e-02 1.793651841580867767e-02 -6.370030343532562256e-02 1.161899641156196594e-01 -4.836047813296318054e-02 -6.671617180109024048e-02 -4.240930080413818359e-02 -7.807181030511856079e-02 6.786242127418518066e-02 1.817873492836952209e-02 -3.405078127980232239e-02 -4.887801036238670349e-02 -9.271091967821121216e-02 -7.164474576711654663e-02 1.435684598982334137e-02 -1.107782423496246338e-01 3.969758376479148865e-02 -1.454593688249588013e-01 -1.085275858640670776e-01 -1.285834461450576782e-01 6.100469455122947693e-02
-3.737814491614699364e-03 3.943391516804695129e-02 9.388474375009536743e-02 5.764661729335784912e-02 -1.422905325889587402e-01 -4.938719794154167175e-02 -1.528314650058746338e-01 -1.915657147765159607e-02 -1.301150321960449219e-01 -5.171977914869785309e-03 -1.436295807361602783e-01 -4.866824671626091003e-02 -1.251033693552017212e-01 -2.228649333119392395e-02 -1.514542102813720703e-01 -1.020280048251152039e-01 -6.759864091873168945e-02 -2.360583655536174774e-02 -5.945900455117225647e-02 -1.555290422402322292e-03 5.074333772063255310e-02 3.724694252014160156e-02 1.130511984229087830e-02 -7.471061497926712036e-02 8.198669552803039551e-02 -2.199267596006393433e-02 5.789035465568304062e-03 -6.194054707884788513e-02 1.475575119256973267e-01 3.441924974322319031e-02 8.128452301025390625e-02 -8.552074432373046875e-02 -1.112904325127601624e-01 3.899304941296577454e-02 1.173209920525550842e-01 -7.457344233989715576e-02 1.523250639438629150e-01 -1.016239896416664124e-01 2.008713595569133759e-02 4.590994864702224731e-02 1.211822703480720520e-01 -5.821331590414047241e-02 2.711763046681880951e-02 -1.593667268753051758e-01 7.086197286844253540e-02 3.059434145689010620e-02 -8.808542788028717041e-02 -1.384718716144561768e-01 5.380267277359962463e-02 -7.010252773761749268e-02 -9.293028712272644043e-02 -1.301818620413541794e-02 -5.030390247702598572e-02 3.964040055871009827e-02 1.369617581367492676e-01 1.101533621549606323e-01 -1.013547834008932114e-02 -9.511911123991012573e-02 4.166667908430099487e-02 1.014740392565727234e-01 -2.071072161197662354e-02 3.552113845944404602e-02 4.887550696730613708e-02 -1.689788326621055603e-02 -7.620450854301452637e-02 -1.564453989267349243e-01 -4.140143096446990967e-02 5.668749660253524780e-02 1.047409325838088989e-01 1.792905107140541077e-02 5.421143397688865662e-02 -7.154200226068496704e-02 1.993434131145477295e-02 -3.415997698903083801e-02 5.554265528917312622e-02 -7.822827249765396118e-02 1.364375054836273193e-01 -4.921635985374450684e-02 1.093309819698333740e-01 1.636565476655960083e-01 1.273153815418481827e-02 1.383806318044662476e-01 9.934531897306442261e-02 -3.249962627887725830e-02 -1.245839404873549938e-03 8.968388428911566734e-04 6.693043559789657593e-02 9.451223537325859070e-03 1.235373541712760925e-01 4.797538742423057556e-02 -8.371210657060146332e-03 -8.185567706823348999e-02 4.235061642248183489e-04 -5.052351579070091248e-02 9.487956017255783081e-02 -1.516274064779281616e-01 3.373039513826370239e-02 -1.419370472431182861e-01 -7.028477638959884644e-02 8.388335257768630981e-02
9.945820085704326630e-03 -3.763239085674285889e-02 5.935751274228096008e-02 5.153237655758857727e-02 8.002580702304840088e-02 -1.750615797936916351e-02 1.630990356206893921e-01 -4.525600746273994446e-02 -1.041445732116699219e-01 -7.968598604202270508e-02 -1.723622530698776245e-02 -8.556531369686126709e-02 2.837733179330825806e-02 8.156625181436538696e-02 -1.395584270358085632e-02 2.250521071255207062e-02 6.450108438730239868e-02 7.872989028692245483e-02 2.536032348871231079e-02 -3.784306719899177551e-02 6.604038178920745850e-02 9.438032284379005432e-03 -3.268206492066383362e-02 9.799156337976455688e-02 2.148386649787425995e-02 1.780542731285095215e-02 3.067832067608833313e-02 7.638053037226200104e-03 -2.895668521523475647e-02 5.776060745120048523e-02 2.392199449241161346e-02 -9.059986472129821777e-02 -7.862961292266845703e-02 -3.068140242248773575e-03 6.087225303053855896e-02 3.798660635948181152e-02 6.817805022001266479e-02 -3.698325529694557190e-02 -1.048826146870851517e-02 -2.737974189221858978e-02 -5.325028300285339355e-02 -5.893250182271003723e-02 8.667785674333572388e-02 -5.191085115075111389e-02 1.458788663148880005e-02 -2.756950678303837776e-03 -6.018841266632080078e-02 1.767482459545135498e-01 4.008645564317703247e-02 -2.142351679503917694e-02 4.256030172109603882e-02 -8.949265629053115845e-02 -5.787179246544837952e-02 8.863136917352676392e-02 -1.320445984601974487e-01 8.606319874525070190e-02 5.982333794236183167e-02 -7.700377702713012695e-02 -1.790493540465831757e-02 8.190126717090606689e-02 4.301390796899795532e-02 -1.911304146051406860e-01 3.589174523949623108e-02 1.609658449888229370e-02 -3.087446466088294983e-02 5.465579405426979065e-02 6.418583542108535767e-02 -1.187464296817779541e-01 -1.755039673298597336e-03 2.437415160238742828e-02 2.850746549665927887e-02 -4.117162525653839111e-02 -3.683669026941061020e-03 -2.819049917161464691e-02 1.062978804111480713e-01 5.775321740657091141e-03 -3.353334218263626099e-02 3.326830640435218811e-02 -2.017557062208652496e-02 4.746950790286064148e-02 3.337912261486053467e-02 -7.514696102589368820e-03 -1.035254001617431641e-01 1.893471693620085716e-03 -8.956515789031982422e-02 -8.264386095106601715e-03 6.289854645729064941e-02 -1.407285686582326889e-02 2.241248264908790588e-02 -1.528019364923238754e-02 -3.262774273753166199e-02 -3.202208131551742554e-02 5.179031938314437866e-02 1.489322725683450699e-02 -7.160020619630813599e-02 -4.181572049856185913e-02 -4.755559191107749939e-02 1.215824019163846970e-02 -5.964523181319236755e-02 7.701478153467178345e-02
-7.462863624095916748e-02 -1.265721116214990616e-02 4.190550744533538818e-02 1.113834828138351440e-01 -3.331583738327026367e-02 -4.297929257154464722e-02 2.062957733869552612e-02 8.550560474395751953e-02 -3.459082171320915222e-02 -6.987594813108444214e-02 -9.200366586446762085e-02 -8.814567700028419495e-03 -1.522831320762634277e-01 -1.137045547366142273e-01 -9.863023459911346436e-02 1.989209465682506561e-02 -6.303103268146514893e-02 1.433236151933670044e-01 -1.450755447149276733e-01 1.073442623019218445e-01 1.597961783409118652e-01 5.847552046179771423e-02 9.988191723823547363e-02 -5.700910836458206177e-02 1.124048903584480286e-01 5.541932955384254456e-02 -2.966489642858505249e-03 -8.701328188180923462e-02 8.848570287227630615e-03 1.936570182442665100e-02 1.565625369548797607e-01 -1.617087721824645996e-01 4.506371915340423584e-02 7.141094654798507690e-02 6.048386543989181519e-02 -3.814827650785446167e-02 7.450760155916213989e-02 7.241098210215568542e-03 -1.346857473254203796e-02 9.468922764062881470e-02 -2.140199765563011169e-02 -3.171515092253684998e-02 -9.965609759092330933e-02 3.801490180194377899e-03 -5.754340440034866333e-03 1.624162197113037109e-01 3.410737216472625732e-02 -5.883688107132911682e-02 1.249616518616676331e-01 5.876817926764488220e-02 -7.652166485786437988e-02 -3.254570066928863525e-02 1.744818501174449921e-02 -1.330029666423797607e-01 4.612214118242263794e-02 -6.129708141088485718e-02 -6.375707220286130905e-03 -8.399315923452377319e-02 -1.293447911739349365e-01 -9.148475714027881622e-03 -1.477710306644439697e-01 -3.017295897006988525e-02 5.272021144628524780e-02 -8.217520266771316528e-02 -5.286037549376487732e-02 3.719911351799964905e-02 -1.132177636027336121e-01 3.167290240526199341e-02 -4.882756248116493225e-02 -8.262035250663757324e-02 -3.838071227073669434e-02 -2.775328420102596283e-02 -5.628863722085952759e-02 5.815321928821504116e-04 9.039194881916046143e-02 -1.081344485282897949e-01 8.427792228758335114e-03 2.404515165835618973e-03 1.174157634377479553e-01 6.445747613906860352e-02 1.108893379569053650e-02 6.283947080373764038e-02 1.728831976652145386e-01 -2.827897667884826660e-02 8.154372870922088623e-02 4.189628735184669495e-02 -4.308853298425674438e-02 8.784970641136169434e-02 -5.832275375723838806e-03 1.559019535779953003e-01 4.724485427141189575e-02 -1.522772107273340225e-02 9.407204575836658478e-03 8.105024695396423340e-02 3.735814988613128662e-02 -1.104081198573112488e-01 -2.937406115233898163e-02 2.127491123974323273e-02 -7.200057804584503174e-02 2.706540189683437347e-02
-6.103311106562614441e-02 1.707351505756378174e-01 4.121163859963417053e-02 -9.549733251333236694e-02 3.098655678331851959e-02 1.439064159058034420e-03 -3.238286823034286499e-02 5.487930402159690857e-02 -5.028597544878721237e-03 9.739580750465393066e-02 4.763375222682952881e-02 -1.709837764501571655e-01 1.138122938573360443e-02 6.533428281545639038e-02 4.738128185272216797e-02 -2.834774740040302277e-02 7.807201147079467773e-02 -2.342608384788036346e-02 1.404649913311004639e-01 -1.245179846882820129e-01 -6.377667933702468872e-02 5.253191664814949036e-02 5.271909758448600769e-02 3.945039212703704834e-02 4.205537587404251099e-02 -8.209341764450073242e-02 -1.944219134747982025e-02 -1.644619368016719818e-02 3.545833751559257507e-02 1.825979351997375488e-02 -4.058633465319871902e-03 4.885965958237648010e-02 -1.202188357710838318e-01 5.998166278004646301e-02 -5.445823818445205688e-02 -1.732050776481628418e-01 -6.709504872560501099e-02 -1.046096608042716980e-01 -1.917283609509468079e-02 -3.546132892370223999e-02 9.739157557487487793e-02 1.151503697037696838e-01 1.285566836595535278e-01 -2.107267733663320541e-03 -8.303491771221160889e-02 -6.298823654651641846e-02 -1.681884080171585083e-01 -5.185117013752460480e-03 -7.354766875505447388e-02 6.393510103225708008e-02 1.029167026281356812e-01 -1.246906295418739319e-01 -4.604702442884445190e-02 7.935421913862228394e-02 9.555941820144653320e-02 4.378343373537063599e-02 4.007519409060478210e-02 -6.221085041761398315e-02 -1.562954112887382507e-02 -4.381310194730758667e-02 1.124948710203170776e-01 -6.686655431985855103e-02 -1.127130985260009766e-01 9.429664164781570435e-02 -5.004712566733360291e-02 -1.588207669556140900e-02 -1.635844260454177856e-02 -4.121957719326019287e-02 -4.806634504348039627e-03 -2.331817988306283951e-03 -5.795190483331680298e-02 -1.395564079284667969e-01 5.137540400028228760e-02 -6.595458090305328369e-02 3.121997416019439697e-02 1.123249381780624390e-01 1.813241839408874512e-02 3.587203845381736755e-02 -1.060554310679435730e-01 5.887826159596443176e-02 -7.601244747638702393e-02 -1.160818189382553101e-01 -6.233080476522445679e-02 1.572373211383819580e-01 1.565948128700256348e-01 2.169826766476035118e-03 2.161922119557857513e-02 5.065433681011199951e-02 1.159304529428482056e-01 -2.340245991945266724e-02 -4.643656779080629349e-03 -4.867083951830863953e-02 -6.620432250201702118e-03 -1.121609210968017578e-01 -5.121487751603126526e-02 2.824515104293823242e-02 -1.709110587835311890e-01 -5.783073976635932922e-02 2.529677376151084900e-02 1.388876736164093018e-01
1.361406445503234863e-01 -2.061669155955314636e-02 -1.660668849945068359e-01 -1.424004733562469482e-01 8.669855445623397827e-02 -3.071613982319831848e-02 4.149028658866882324e-02 4.137998819351196289e-02 2.222299575805664062e-02 1.186208873987197876e-01 3.318544849753379822e-02 7.082256674766540527e-02 6.723052263259887695e-02 1.268458645790815353e-02 5.871127545833587646e-02 5.905735865235328674e-02 9.845808893442153931e-02 1.689095236361026764e-02 1.744931191205978394e-01 -6.401085853576660156e-02 -9.976432472467422485e-02 -1.402851752936840057e-02 -8.012869954109191895e-02 2.997082844376564026e-02 -2.546035684645175934e-02 -6.320801377296447754e-02 2.236615307629108429e-02 -1.175724755739793181e-04 -8.936916291713714600e-02 -9.208784252405166626e-02 2.032618038356304169e-02 8.237776160240173340e-02 1.187089383602142334e-01 -8.379402756690979004e-02 -1.219479180872440338e-02 -2.214087918400764465e-02 -2.172990329563617706e-02 -1.024641469120979309e-01 8.191251754760742188e-02 -6.855980306863784790e-02 -5.601358413696289062e-02 -2.652561664581298828e-02 5.272992700338363647e-02 1.319716963917016983e-02 6.450888235121965408e-03 -5.768929421901702881e-02 -2.530115284025669098e-02 -3.136513521894812584e-03 -1.478132903575897217e-01 5.072515923529863358e-03 6.833926588296890259e-02 -9.389996528625488281e-02 9.848500601947307587e-03 1.102155745029449463e-01 -5.186145007610321045e-02 3.145692124962806702e-02 -1.093082427978515625e-01 -1.164096640422940254e-03 4.621558636426925659e-02 -1.607716381549835205e-01 -7.108004391193389893e-02 -1.875070668756961823e-02 -7.058364897966384888e-02 4.784128442406654358e-02 1.075891926884651184e-01 1.138208433985710144e-01 -7.693482190370559692e-02 -1.719591580331325531e-02 -7.917758077383041382e-02 -5.592646542936563492e-03 -8.937889337539672852e-02 -1.255617360584437847e-03 1.665375977754592896e-01 6.424595415592193604e-02 3.091812878847122192e-02 6.016156449913978577e-02 -8.508805930614471436e-02 5.690184980630874634e-02 -1.251626908779144287e-01 -3.473227843642234802e-02 -1.003446131944656372e-01 -8.522285148501396179e-03 -1.486403048038482666e-01 1.223412603139877319e-01 -9.069380350410938263e-03 -1.433047801256179810e-01 4.811358079314231873e-02 -4.243481904268264771e-02 5.675466731190681458e-02 -7.989370077848434448e-02 -1.220527961850166321e-01 1.242920309305191040e-01 1.776927150785923004e-02 3.590066358447074890e-02 6.068275310099124908e-03 5.731486901640892029e-02 4.951565712690353394e-02 -3.824449703097343445e-02 1.561473906040191650e-01 2.855374664068222046e-02
9.431508183479309082e-02 -6.309452652931213379e-02 3.067347407341003418e-02 -7.628487795591354370e-02 1.174730509519577026e-01 -2.717710798606276512e-03 -6.660545617341995239e-02 -5.355776473879814148e-02 9.076140075922012329e-02 8.114516735076904297e-02 1.279559433460235596e-01 1.521777454763650894e-02 -8.603102527558803558e-03 9.503307193517684937e-02 -2.911267802119255066e-02 -4.974257200956344604e-02 -1.311594434082508087e-02 -9.169126860797405243e-03 -1.080354489386081696e-02 -5.370682477951049805e-02 4.405977670103311539e-03 -1.173018887639045715e-01 -9.380040317773818970e-02 4.172470420598983765e-02 2.701701596379280090e-03 -1.135256588459014893e-01 -9.330455958843231201e-02 -5.866537988185882568e-02 3.943147510290145874e-02 -3.755315393209457397e-02 -3.910322114825248718e-02 -2.700773999094963074e-02 -1.611760631203651428e-02 6.921266764402389526e-02 -3.194357082247734070e-02 1.111302450299263000e-01 -1.079496666789054871e-01 1.082585453987121582e-01 1.053925678133964539e-01 3.924912586808204651e-02 -1.039805635809898376e-01 5.968354269862174988e-02 -2.687620231881737709e-03 -1.044421456754207611e-02 1.300525069236755371e-01 -6.915789097547531128e-02 -3.568185865879058838e-02 -1.173503138124942780e-02 -3.505684062838554382e-02 1.396901439875364304e-02 7.188238203525543213e-02 4.255793988704681396e-02 5.805163085460662842e-02 8.785849064588546753e-02 -9.810602664947509766e-02 2.725671604275703430e-02 -1.242933124303817749e-01 1.664813421666622162e-02 3.532962128520011902e-02 2.205411903560161591e-02 5.347062274813652039e-02 1.781244389712810516e-02 -1.212655529379844666e-01 -2.786209434270858765e-02 1.023862138390541077e-01 5.587175861001014709e-02 3.858563676476478577e-02 1.186284646391868591e-01 4.552980419248342514e-03 -9.379594773054122925e-02 6.719876080751419067e-02 5.393670871853828430e-02 7.216142863035202026e-02 1.457323580980300903e-01 -6.889421958476305008e-03 3.785219788551330566e-02 6.409204099327325821e-03 -1.302248239517211914e-01 -1.090455874800682068e-01 2.766863442957401276e-02 -3.001036308705806732e-02 -9.418943524360656738e-02 -8.907567709684371948e-02 -2.940786816179752350e-02 -8.713085949420928955e-02 2.459598891437053680e-02 1.570271328091621399e-02 -4.339478537440299988e-02 2.041646838188171387e-02 -8.441654592752456665e-02 -9.053439833223819733e-03 6.097283586859703064e-02 2.812325023114681244e-03 1.297269314527511597e-01 7.814758270978927612e-02 8.546897768974304199e-02 1.160309985280036926e-01 1.318513453006744385e-01 -9.934291988611221313e-02 -4.758936911821365356e-02
-2.627054415643215179e-02 9.011328965425491333e-02 8.469752222299575806e-02 -2.372086746618151665e-03 -8.463525027036666870e-02 2.170188724994659424e-02 -1.749774068593978882e-01 5.149772763252258301e-02 1.544415671378374100e-02 -1.630908623337745667e-02 1.059316098690032959e-02 3.477314114570617676e-02 -8.717975020408630371e-02 -8.659613877534866333e-02 2.326016500592231750e-02 -1.158725768327713013e-01 -1.585683524608612061e-01 3.198596462607383728e-02 -2.014792757108807564e-03 9.860692918300628662e-02 6.637782603502273560e-02 8.070448040962219238e-02 1.634009629487991333e-01 -4.134049639105796814e-02 5.050788447260856628e-02 3.197151795029640198e-02 -1.189728826284408569e-02 -4.410116747021675110e-02 -1.526276022195816040e-02 -7.271225098520517349e-03 6.388468295335769653e-02 -8.979625254869461060e-02 -1.129455640912055969e-01 3.875037655234336853e-02 -3.834312316030263901e-03 4.695872589945793152e-02 9.694589674472808838e-02 9.381707757711410522e-03 1.212004572153091431e-02 7.818993926048278809e-02 3.740365058183670044e-02 -1.171972826123237610e-01 -9.126096218824386597e-02 -5.354941263794898987e-02 3.333735838532447815e-02 6.488400697708129883e-02 4.889450967311859131e-02 -1.831191182136535645e-01 9.781465865671634674e-03 -5.030854418873786926e-02 8.754814043641090393e-04 -3.161542490124702454e-02 -1.092443987727165222e-02 -3.370048850774765015e-02 2.167851328849792480e-01 4.754106979817152023e-03 -2.411858737468719482e-02 3.247713297605514526e-02 -1.118998005986213684e-01 -2.685341797769069672e-02 -3.654170781373977661e-02 -1.098106652498245239e-01 5.553186684846878052e-02 6.659255176782608032e-02 -3.300638124346733093e-02 -4.672707244753837585e-02 -1.008682232350111008e-02 6.748573482036590576e-02 8.227776736021041870e-02 -1.110899299383163452e-01 7.312685996294021606e-02 -9.543402493000030518e-02 -3.109211474657058716e-02 5.190405249595642090e-02 1.394107341766357422e-01 -7.742922008037567139e-02 5.526667460799217224e-02 1.029833592474460602e-02 -7.009295746684074402e-03 1.127792298793792725e-01 -3.822444751858711243e-02 -1.001364961266517639e-01 4.700630903244018555e-02 -1.160087734460830688e-01 2.419112995266914368e-02 1.116673797369003296e-01 8.092420548200607300e-02 3.767003491520881653e-02 8.719415217638015747e-02 1.518732961267232895e-02 1.362271904945373535e-01 -1.931792795658111572e-01 -1.085289120674133301e-01 5.261675268411636353e-02 -6.960920989513397217e-02 -1.326308120042085648e-02 5.566326156258583069e-02 -7.780700456351041794e-03 -6.199571862816810608e-02 8.907543867826461792e-02
9.196357801556587219e-03 7.999588549137115479e-02 -7.132090628147125244e-02 -1.416060626506805420e-01 1.312930285930633545e-01 1.429768651723861694e-01 5.351899564266204834e-02 5.522015318274497986e-02 1.217144206166267395e-01 1.102395355701446533e-01 1.088032200932502747e-01 -7.820308953523635864e-02 -7.891269773244857788e-02 1.121158525347709656e-01 4.376154020428657532e-02 1.356621831655502319e-01 1.213193163275718689e-01 -8.905165642499923706e-02 7.610560208559036255e-02 -8.672312833368778229e-03 -1.280620843172073364e-01 -2.533809674787335098e-05 -1.529444660991430283e-02 -7.719407230615615845e-02 -1.442330889403820038e-02 -1.499982774257659912e-01 -9.594433009624481201e-02 5.766823515295982361e-02 -1.482418924570083618e-01 -4.825635254383087158e-02 -5.445785820484161377e-03 1.375261694192886353e-01 -2.482656016945838928e-02 2.974210493266582489e-02 5.345501005649566650e-02 4.121959209442138672e-03 -1.290134638547897339e-01 -5.484975129365921021e-02 3.738545998930931091e-02 -1.069265902042388916e-01 -6.797681003808975220e-02 2.959792269393801689e-03 5.940936133265495300e-02 -2.886841632425785065e-02 2.518881112337112427e-02 -4.469793289899826050e-02 4.522408917546272278e-02 2.227362431585788727e-02 -3.083144500851631165e-02 2.386868558824062347e-02 1.042181346565485001e-02 2.239607460796833038e-02 1.428782194852828979e-01 -4.116649180650711060e-02 -1.414689123630523682e-01 8.099011145532131195e-03 6.670441478490829468e-02 2.604383043944835663e-02 3.907297551631927490e-02 -7.662533968687057495e-02 9.557670913636684418e-03 -7.664415985345840454e-02 -7.524527609348297119e-02 -6.799277663230895996e-02 5.098132882267236710e-03 -1.220030058175325394e-02 -7.520619779825210571e-02 4.759449977427721024e-03 5.715599656105041504e-02 1.543131619691848755e-01 -1.862063258886337280e-02 -5.668446794152259827e-02 -3.865266591310501099e-02 -4.898738861083984375e-02 1.251637353561818600e-03 1.166009996086359024e-02 2.320567332208156586e-02 5.915855988860130310e-02 5.384800210595130920e-02 1.904558576643466949e-02 -1.341468393802642822e-01 4.334023222327232361e-02 -3.372698649764060974e-02 4.469560086727142334e-02 -2.093894593417644501e-02 -4.080059006810188293e-02 7.615279406309127808e-02 -1.327872127294540405e-01 7.341092824935913086e-02 -5.786615610122680664e-02 3.188304835930466652e-03 6.449434161186218262e-02 -3.974614292383193970e-02 -1.515300665050745010e-02 -1.357593387365341187e-01 1.246802955865859985e-01 5.081339925527572632e-02 7.682993076741695404e-03 -2.370472624897956848e-02 -6.728522479534149170e-02
-1.074619889259338379e-01 -4.647620487958192825e-03 1.458938568830490112e-01 1.460462361574172974e-01 1.307142432779073715e-02 -1.741370931267738342e-02 -5.397216230630874634e-02 1.471017599105834961e-01 -1.178527995944023132e-02 -2.623654669150710106e-03 3.487398475408554077e-02 -8.361595124006271362e-02 2.775836037471890450e-03 -9.774450957775115967e-02 -1.148907542228698730e-01 1.382558979094028473e-02 1.040244381874799728e-02 6.260148435831069946e-02 -1.565062850713729858e-01 1.297237724065780640e-01 4.745584912598133087e-03 7.863381505012512207e-02 6.403812766075134277e-02 1.095240861177444458e-01 2.060833573341369629e-02 2.149039320647716522e-02 6.721782032400369644e-03 -1.366249099373817444e-02 5.929437652230262756e-02 -1.547362562268972397e-02 3.796471655368804932e-02 -1.130517795681953430e-01 7.939702481962740421e-04 3.038012795150279999e-02 1.096578836441040039e-01 -9.847745299339294434e-02 5.592372268438339233e-03 -4.832463804632425308e-03 -1.556542934849858284e-03 2.669128822162747383e-03 -2.074407786130905151e-02 -2.554732747375965118e-02 3.498094901442527771e-02 -4.163867235183715820e-02 -3.804710879921913147e-02 9.781264513731002808e-02 -3.167521208524703979e-02 -1.614823937416076660e-02 2.383647486567497253e-02 1.272419746965169907e-02 -1.263653635978698730e-01 6.139339506626129150e-02 -8.244934678077697754e-02 4.094047099351882935e-02 -3.734088689088821411e-02 3.399893268942832947e-02 1.106448620557785034e-01 1.537608541548252106e-02 -5.325223878026008606e-02 5.739109590649604797e-02 -1.054994836449623108e-01 -1.350157856941223145e-01 6.131723523139953613e-02 6.733085215091705322e-02 -2.823335304856300354e-02 -1.849941350519657135e-02 3.834656625986099243e-02 1.955122424988076091e-04 6.298338994383811951e-03 -2.426199242472648621e-02 -1.316725648939609528e-02 4.549921676516532898e-02 -2.421284466981887817e-02 -7.164677977561950684e-02 5.796315521001815796e-02 1.104708611965179443e-01 8.228579908609390259e-02 -2.669205144047737122e-02 2.510485239326953888e-02 1.154414117336273193e-01 -2.086057141423225403e-02 -2.169007621705532074e-02 1.327456831932067871e-01 -9.572034329175949097e-02 1.163097918033599854e-01 1.042458489537239075e-01 6.080715451389551163e-03 9.155627340078353882e-02 -2.951904945075511932e-02 -3.342614322900772095e-02 -2.878155186772346497e-02 2.422075020149350166e-03 -2.428258955478668213e-02 -2.721462212502956390e-02 -7.496949285268783569e-02 -3.026469424366950989e-02 -1.565591245889663696e-01 -7.457817345857620239e-02 -1.357095837593078613e-01 3.791619464755058289e-02
3.422133997082710266e-02 1.079138442873954773e-01 -2.606521174311637878e-02 -1.335065066814422607e-02 -6.893507391214370728e-02 -9.378222376108169556e-02 -7.405594736337661743e-02 -7.238718681037425995e-03 -6.342463195323944092e-02 -8.768118917942047119e-02 -1.095352470874786377e-01 2.510478533804416656e-02 -1.016694493591785431e-02 -6.400268524885177612e-02 -9.043008089065551758e-02 -7.308771461248397827e-02 -2.724022790789604187e-02 -7.874290458858013153e-03 -1.525289565324783325e-01 1.632350385189056396e-01 -2.063544280827045441e-02 1.038288474082946777e-01 7.810439914464950562e-02 -2.098944783210754395e-02 -4.734109342098236084e-02 9.060847014188766479e-02 1.249947324395179749e-01 -1.112201660871505737e-01 1.122098490595817566e-01 5.973030626773834229e-02 -1.689117774367332458e-02 -1.531663537025451660e-01 4.544916003942489624e-02 3.525774180889129639e-02 -2.285314351320266724e-02 1.786129176616668701e-02 2.679811604321002960e-02 -9.174531698226928711e-02 -8.827807009220123291e-02 4.858337342739105225e-02 3.149329870939254761e-02 -8.888632804155349731e-02 7.580193877220153809e-02 4.026045091450214386e-03 -1.003015413880348206e-02 6.966245919466018677e-02 -1.092593967914581299e-01 -7.809730619192123413e-02 1.459027081727981567e-02 5.826929584145545959e-03 -4.901867359876632690e-02 -5.840318277478218079e-02 -1.279633045196533203e-01 4.081912711262702942e-02 1.512279212474822998e-01 -4.925169982016086578e-03 6.920914351940155029e-02 3.129867091774940491e-02 -4.086162149906158447e-02 2.909695031121373177e-03 2.600463479757308960e-02 -7.144562900066375732e-02 -2.243036171421408653e-03 1.432600468397140503e-01 2.673788741230964661e-02 -1.543856225907802582e-02 -3.944040462374687195e-02 -1.446601003408432007e-01 3.603550046682357788e-02 1.144727990031242371e-01 1.747366972267627716e-02 -1.925940508954226971e-03 -5.804180353879928589e-02 9.994054213166236877e-03 1.256947219371795654e-01 7.173056900501251221e-02 9.115991741418838501e-02 -4.857686907052993774e-02 3.898556903004646301e-02 1.943626403808593750e-01 3.151907399296760559e-02 8.320250362157821655e-02 6.158172339200973511e-02 -7.577996701002120972e-02 1.477404087781906128e-01 2.164397016167640686e-02 -1.301404903642833233e-03 4.864054918289184570e-02 1.276792883872985840e-01 6.953371316194534302e-02 3.444850444793701172e-02 -1.335994619876146317e-02 9.502704441547393799e-02 3.567259758710861206e-02 -8.783400058746337891e-02 -2.932438999414443970e-02 9.355708025395870209e-03 6.088644731789827347e-04 -1.200183542096056044e-04 -1.477302331477403641e-02
6.120045110583305359e-02 1.125219278037548065e-02 -6.222810130566358566e-03 4.674280807375907898e-02 -7.356639020144939423e-03 3.038297407329082489e-02 -5.896328017115592957e-02 -1.019648015499114990e-01 2.916826866567134857e-02 -3.696919605135917664e-02 2.447708696126937866e-02 2.849069796502590179e-02 -4.130711406469345093e-02 1.374784260988235474e-01 1.402115970849990845e-01 4.361065104603767395e-02 -1.490837708115577698e-02 -2.634852565824985504e-02 -6.469654291868209839e-02 6.265659630298614502e-02 9.372489526867866516e-03 -8.087807148694992065e-02 -9.262406080961227417e-02 -2.841517329216003418e-02 5.399048794060945511e-03 -6.639461219310760498e-02 2.121394872665405273e-02 -4.281251132488250732e-02 -9.089084714651107788e-02 3.153582662343978882e-02 -7.278443127870559692e-02 3.900702670216560364e-02 3.803845867514610291e-02 2.515614032745361328e-02 2.390099922195076942e-03 -2.200340107083320618e-02 -9.464210830628871918e-03 -6.477814167737960815e-02 1.021416625007987022e-03 4.297446459531784058e-02 -3.278438001871109009e-02 -2.802541851997375488e-02 -7.368291169404983521e-02 6.346389651298522949e-02 2.652576752007007599e-02 5.565581843256950378e-02 -5.748868733644485474e-02 -9.033726528286933899e-03 2.708813361823558807e-02 -3.248530998826026917e-02 1.373797096312046051e-02 1.077225133776664734e-01 -1.339282491244375706e-03 7.503160834312438965e-02 5.973953008651733398e-02 4.898556321859359741e-02 -1.318783462047576904e-01 8.154509216547012329e-02 4.873525723814964294e-02 -6.298660486936569214e-02 6.563230603933334351e-02 1.412092894315719604e-01 -1.338681727647781372e-01 -2.610342763364315033e-02 9.290968999266624451e-03 5.468678474426269531e-02 1.999052055180072784e-02 1.037060916423797607e-01 -4.615082964301109314e-02 -8.746890723705291748e-02 4.110599681735038757e-02 2.223839610815048218e-02 -6.382096558809280396e-02 3.716761991381645203e-02 -7.265096157789230347e-02 -8.004772663116455078e-02 -5.377063155174255371e-02 4.491142183542251587e-02 -5.405286699533462524e-02 -5.990008264780044556e-02 -4.520570114254951477e-02 -8.599560707807540894e-02 -1.321229636669158936e-01 4.568303376436233521e-02 -1.112582013010978699e-01 3.936787694692611694e-02 7.163310050964355469e-02 -4.041790496557950974e-03 8.536833338439464569e-03 3.346195071935653687e-02 -1.509399432688951492e-02 5.341635644435882568e-02 -5.562448129057884216e-02 2.387104742228984833e-02 8.506280928850173950e-02 -1.631958782672882080e-02 1.208000853657722473e-01 1.830802485346794128e-02 -2.695936709642410278e-02 -6.971514225006103516e-02
-8.901687711477279663e-02 2.144203521311283112e-02 5.671115964651107788e-02 1.629743911325931549e-02 -1.267988383769989014e-01 -9.984222054481506348e-02 5.277516720525454730e-06 5.125429108738899231e-02 -1.545927524566650391e-01 -1.138523891568183899e-01 -9.842665493488311768e-02 -5.711813643574714661e-02 8.092349395155906677e-03 -9.827408939599990845e-03 2.600484900176525116e-02 -1.203338429331779480e-01 1.126339659094810486e-03 5.143911764025688171e-02 -1.034339964389801025e-01 6.853667646646499634e-02 1.841345615684986115e-02 -5.682975426316261292e-02 2.083718311041593552e-03 5.143475160002708435e-02 -1.293872762471437454e-02 8.525972068309783936e-02 -1.937501877546310425e-02 -1.487163603305816650e-01 4.319087043404579163e-02 4.622096568346023560e-02 2.769323624670505524e-02 -4.107277095317840576e-02 1.625344902276992798e-02 -4.222547169774770737e-03 4.227847326546907425e-03 -7.243411988019943237e-02 6.605504453182220459e-02 -1.234743930399417877e-02 -1.382703781127929688e-01 1.172791048884391785e-01 4.136694595217704773e-02 -1.064224466681480408e-01 4.260571673512458801e-03 -7.519479095935821533e-02 -1.099714916199445724e-02 8.765035867691040039e-02 -7.140653580427169800e-02 -1.567943692207336426e-01 5.610263347625732422e-02 5.788419512100517750e-04 -1.213796660304069519e-01 -1.035441532731056213e-01 -8.295829594135284424e-02 -7.328123599290847778e-02 1.502703875303268433e-01 -4.530999809503555298e-03 8.247349411249160767e-02 3.335931897163391113e-02 -2.867695130407810211e-02 3.645264729857444763e-02 -3.505959641188383102e-03 3.015350550413131714e-02 3.369440883398056030e-02 4.043316096067428589e-02 -3.241834044456481934e-02 -9.166887402534484863e-02 6.364113092422485352e-02 -9.694179147481918335e-02 6.386201828718185425e-02 3.038696199655532837e-02 8.671823889017105103e-02 2.065081847831606865e-03 -1.465817987918853760e-01 2.599803544580936432e-02 5.145141854882240295e-03 -4.780373349785804749e-02 9.512899816036224365e-02 8.068333566188812256e-02 1.452853381633758545e-01 1.083032712340354919e-01 1.025827005505561829e-01 9.040083736181259155e-02 8.626937121152877808e-02 3.540103882551193237e-02 -1.929634250700473785e-02 3.975679352879524231e-02 -6.200350448489189148e-02 1.300261020660400391e-01 1.530296057462692261e-01 9.366565197706222534e-02 6.705037504434585571e-02 -4.278904944658279419e-02 1.128849852830171585e-02 -7.959865033626556396e-02 6.705097109079360962e-02 -4.969191271811723709e-03 -3.663866966962814331e-02 -3.011196851730346680e-02 -6.562283728271722794e-03 1.624780520796775818e-02
-1.089265644550323486e-01 -9.352894872426986694e-02 4.636746644973754883e-02 1.236839592456817627e-01 -1.182998530566692352e-02 -5.299510806798934937e-02 -8.503840863704681396e-02 1.289949268102645874e-01 -4.788748547434806824e-02 3.589877625927329063e-03 2.048721536993980408e-02 -6.023186072707176208e-02 -3.479603677988052368e-02 -9.228041768074035645e-02 -6.298187375068664551e-02 -3.732875734567642212e-02 -1.523055136203765869e-01 5.406483635306358337e-02 -1.806875914335250854e-01 1.418952494859695435e-01 7.269005477428436279e-02 -4.702278599143028259e-02 8.292965590953826904e-02 -6.532065570354461670e-02 -7.728398777544498444e-03 2.260271087288856506e-02 1.436781734228134155e-01 -1.228311657905578613e-01 3.147564083337783813e-02 6.709580868482589722e-02 1.251705437898635864e-01 -7.624425739049911499e-02 -1.776351965963840485e-02 2.644118852913379669e-02 6.885121017694473267e-02 -4.095806553959846497e-02 3.561818227171897888e-02 7.580225169658660889e-02 2.346149645745754242e-02 5.495432019233703613e-02 3.175850724801421165e-03 -1.196437552571296692e-01 -8.153615891933441162e-02 -7.714926451444625854e-02 6.306456774473190308e-02 1.151887252926826477e-01 -1.008793711662292480e-01 -6.057494133710861206e-02 -1.433142926543951035e-03 -4.065301269292831421e-02 -4.892484098672866821e-02 -6.102690100669860840e-02 -8.625150471925735474e-02 -1.197119429707527161e-01 -7.327796774916350842e-04 -1.182317384518682957e-03 1.277552694082260132e-01 3.116798819974064827e-03 -1.242255270481109619e-01 -3.081196919083595276e-02 1.423035096377134323e-02 -1.181080471724271774e-02 7.549384981393814087e-02 3.823649138212203979e-02 -4.475428164005279541e-02 -1.210805401206016541e-01 6.609822157770395279e-03 -1.804421655833721161e-02 4.030875116586685181e-02 3.138451278209686279e-02 -3.361701592803001404e-02 9.717592038214206696e-03 -4.815959557890892029e-02 -1.908298954367637634e-02 7.618020474910736084e-02 -3.105807490646839142e-02 1.637623272836208344e-02 1.012144163250923157e-01 9.362842887639999390e-02 6.826525926589965820e-02 8.727650344371795654e-02 -6.418656092137098312e-03 5.073762498795986176e-03 3.089374303817749023e-02 -3.074626252055168152e-02 4.070421308279037476e-02 -1.039750128984451294e-02 -7.119277492165565491e-03 -1.346764154732227325e-02 4.894314706325531006e-02 1.665406115353107452e-02 -7.853788137435913086e-02 -5.477401986718177795e-02 9.503769129514694214e-02 5.831839889287948608e-02 3.207156062126159668e-02 -6.365597248077392578e-02 -1.193140540271997452e-02 -3.522093594074249268e-02 -5.244303494691848755e-02
-1.360578238964080811e-01 1.165538355708122253e-01 -1.647942140698432922e-02 -3.082486055791378021e-02 -7.604851573705673218e-02 -7.809548825025558472e-02 -7.727992534637451172e-02 3.917323425412178040e-02 -6.240968778729438782e-02 1.488882931880652905e-03 -3.391794115304946899e-02 -1.358665674924850464e-01 6.846527010202407837e-02 -7.424737513065338135e-02 6.100255632190965116e-05 2.688033133745193481e-02 -7.849963009357452393e-02 4.472566768527030945e-02 -4.775791987776756287e-02 3.494661301374435425e-03 -2.495461888611316681e-02 2.537238597869873047e-02 4.836759343743324280e-02 2.981922961771488190e-02 7.846396416425704956e-02 6.961438804864883423e-02 1.264060381799936295e-02 -5.663957819342613220e-02 -8.802011609077453613e-02 1.617383509874343872e-01 9.461145102977752686e-02 -6.521420180797576904e-02 5.560803413391113281e-02 -7.069211453199386597e-02 -4.056020826101303101e-02 2.176128141582012177e-02 6.583870202302932739e-02 -6.953074783086776733e-02 -6.172014027833938599e-02 -2.939699217677116394e-02 -1.481795497238636017e-02 1.799198426306247711e-02 1.298013329505920410e-01 -6.561705470085144043e-02 -6.021456420421600342e-02 -2.605220116674900055e-02 -5.910094454884529114e-02 -7.127866148948669434e-02 6.490695476531982422e-02 -8.112311363220214844e-02 7.547432184219360352e-02 -6.313476711511611938e-02 -3.407618775963783264e-02 -8.590878546237945557e-02 -6.898302584886550903e-02 1.366401165723800659e-01 -4.055618867278099060e-02 5.431603640317916870e-02 8.149132877588272095e-02 -9.068319946527481079e-02 7.624603807926177979e-02 2.700620279938448220e-05 -4.366430267691612244e-02 9.691766649484634399e-02 -4.023369029164314270e-02 -1.973283663392066956e-02 -2.712056413292884827e-02 -7.089084479957818985e-03 -3.132490068674087524e-02 -1.206157356500625610e-02 7.605017721652984619e-02 1.059774309396743774e-02 -4.818243533372879028e-02 5.335959047079086304e-02 6.993269175291061401e-02 3.017150796949863434e-02 1.175053492188453674e-01 1.191262304782867432e-01 -6.704807281494140625e-02 -1.178692746907472610e-02 8.901673555374145508e-02 -8.877288550138473511e-02 9.236133843660354614e-02 5.171066150069236755e-02 1.082508116960525513e-01 7.464877516031265259e-02 -1.057236343622207642e-01 3.189607337117195129e-02 1.153412237763404846e-01 -6.321895122528076172e-02 -4.801883175969123840e-02 -2.397068776190280914e-02 -3.761288896203041077e-02 -8.519876748323440552e-02 -1.267963051795959473e-01 -7.584536075592041016e-02 -1.584730148315429688e-01 2.787462435662746429e-02 4.052947089076042175e-02 5.788190290331840515e-02
-5.105772241950035095e-02 5.611580610275268555e-02 3.869130462408065796e-02 2.387742511928081512e-03 -1.593522541224956512e-02 -5.139274522662162781e-02 4.013283178210258484e-02 1.478170230984687805e-02 -6.113024428486824036e-02 -1.087249442934989929e-01 6.600502133369445801e-02 -3.051721863448619843e-02 -2.015995979309082031e-02 3.090423345565795898e-02 1.431214390322566032e-03 2.342154458165168762e-02 -5.781220272183418274e-02 -4.850884154438972473e-02 3.244151920080184937e-02 -8.321186155080795288e-02 9.918566048145294189e-02 2.002950757741928101e-02 -6.661111861467361450e-02 4.598668310791254044e-03 6.393466889858245850e-02 3.221327066421508789e-02 7.438289374113082886e-02 1.439231727272272110e-02 8.021871000528335571e-02 7.201542705297470093e-02 6.944020837545394897e-02 -5.492510646581649780e-02 -9.285429865121841431e-02 -4.841190204024314880e-02 -6.972847878932952881e-02 -4.837095364928245544e-02 8.099992573261260986e-02 -7.776066660881042480e-02 -7.362968474626541138e-02 3.156508877873420715e-02 -4.659218713641166687e-02 -3.370129317045211792e-02 -1.847418211400508881e-02 -4.752013774123042822e-04 2.141286991536617279e-02 7.454413175582885742e-02 -1.005058959126472473e-01 4.388234764337539673e-02 -5.487495660781860352e-02 -8.681716769933700562e-02 2.448526583611965179e-02 -1.080889850854873657e-01 5.936361104249954224e-02 2.244192734360694885e-02 1.472456473857164383e-02 -2.191685698926448822e-02 3.092610277235507965e-02 1.788511686027050018e-02 4.265760257840156555e-02 9.018070995807647705e-02 -8.817236125469207764e-02 -3.084984980523586273e-02 1.183945238590240479e-01 1.045581474900245667e-01 -5.259980633854866028e-02 -4.093645140528678894e-02 5.741287022829055786e-02 -1.428219676017761230e-01 3.268720209598541260e-02 2.112421691417694092e-01 -7.087237387895584106e-02 -1.189759299159049988e-01 -1.962014473974704742e-02 1.804798841476440430e-02 -4.537991806864738464e-02 3.581805154681205750e-02 1.162816211581230164e-01 1.317477226257324219e-01 7.851242274045944214e-02 5.353538691997528076e-02 -2.875814773142337799e-02 2.015373110771179199e-02 4.967088252305984497e-02 -7.318581640720367432e-02 6.182982772588729858e-02 3.494875505566596985e-02 -1.181350201368331909e-01 2.533607557415962219e-02 1.193158980458974838e-02 -5.985960736870765686e-02 -2.102304063737392426e-02 5.478380247950553894e-03 4.848368000239133835e-03 -1.266474276781082153e-02 -1.679357141256332397e-02 -3.257172182202339172e-02 9.795122779905796051e-03 -1.401102542877197266e-01 9.557929635047912598e-02 4.094965010881423950e-02
4.861202090978622437e-02 7.677907496690750122e-02 4.964865744113922119e-02 -9.994810819625854492e-02 9.087969362735748291e-02 4.532124847173690796e-02 9.539280831813812256e-02 7.086296379566192627e-02 8.766004443168640137e-02 5.388133600354194641e-02 5.620431154966354370e-03 -6.171572580933570862e-02 1.707117259502410889e-02 1.813693344593048096e-02 -5.055517703294754028e-02 -3.259623050689697266e-02 -5.156994611024856567e-02 2.612227015197277069e-02 8.236114680767059326e-02 8.079741895198822021e-02 2.811133489012718201e-02 1.404900997877120972e-01 -4.652756452560424805e-02 -2.526190876960754395e-02 -1.490837987512350082e-02 -1.098127812147140503e-01 -1.019622907042503357e-01 9.873162955045700073e-02 4.891152679920196533e-02 6.223832443356513977e-02 -3.208038210868835449e-02 7.022298872470855713e-03 2.794368751347064972e-02 -4.404496401548385620e-02 2.458646334707736969e-02 -5.789583176374435425e-02 -5.685893818736076355e-02 -1.468907576054334641e-03 1.992177590727806091e-02 8.211231976747512817e-02 1.023465618491172791e-01 -3.813438490033149719e-02 6.870554294437170029e-03 5.606563016772270203e-02 4.337312281131744385e-02 -4.162428155541419983e-02 5.944692343473434448e-02 2.169122546911239624e-02 -1.185579597949981689e-01 -1.307138055562973022e-01 -6.254415214061737061e-02 4.839125275611877441e-02 -3.945698589086532593e-02 2.199598215520381927e-02 -1.092693582177162170e-01 -2.469722821842879057e-04 7.637863606214523315e-02 8.775432407855987549e-02 -2.527944743633270264e-02 3.278693184256553650e-02 -1.507664099335670471e-02 -1.361346244812011719e-01 -2.109741419553756714e-02 1.487571895122528076e-01 -1.251655220985412598e-01 1.490443944931030273e-02 -3.066842444241046906e-02 1.826657354831695557e-02 9.326299279928207397e-02 8.995854854583740234e-02 -9.792862087488174438e-02 -1.890913955867290497e-02 3.167938441038131714e-02 -1.278963983058929443e-01 8.372019231319427490e-02 5.287899821996688843e-02 8.581817150115966797e-03 2.337042428553104401e-02 1.300835423171520233e-02 2.554197609424591064e-02 -4.636262729763984680e-02 8.256259560585021973e-02 -5.563399195671081543e-02 -7.645124197006225586e-02 5.665451288223266602e-02 3.193259239196777344e-02 -7.359815388917922974e-02 -3.859303891658782959e-02 -1.878239028155803680e-02 4.076854512095451355e-02 5.728917196393013000e-02 3.680585697293281555e-02 2.513392269611358643e-02 5.703499168157577515e-02 2.315150760114192963e-02 8.979636430740356445e-02 4.608524963259696960e-02 -4.893419798463582993e-03 7.195635885000228882e-02 6.883616745471954346e-02
-7.057621330022811890e-02 -3.852677717804908752e-02 6.806632876396179199e-02 3.315245360136032104e-02 5.758009850978851318e-03 -3.357094526290893555e-02 -2.912862692028284073e-03 6.775994598865509033e-02 -1.247211452573537827e-02 -1.550186723470687866e-01 -9.489377588033676147e-02 -1.350989490747451782e-01 -1.315894275903701782e-01 -1.291848421096801758e-01 -2.842278778553009033e-02 -4.627756774425506592e-02 -5.795696005225181580e-02 9.691403806209564209e-02 2.192331850528717041e-02 1.356721967458724976e-01 2.308615297079086304e-02 1.333658695220947266e-01 -2.427697367966175079e-02 2.429234609007835388e-02 7.998555153608322144e-02 6.424665451049804688e-02 -1.690909080207347870e-02 3.002340206876397133e-03 -2.494748495519161224e-02 7.439091056585311890e-02 4.810176417231559753e-02 -1.049824208021163940e-01 -1.282613128423690796e-01 1.517084538936614990e-01 2.871534670703113079e-04 4.031719267368316650e-02 1.511146724224090576e-01 3.932635486125946045e-02 -3.643793240189552307e-02 8.729294687509536743e-02 -1.434330828487873077e-02 -1.597298383712768555e-01 3.926664218306541443e-02 -1.381488442420959473e-01 9.149415045976638794e-02 6.195076182484626770e-02 -6.803211569786071777e-02 4.156922549009323120e-02 6.017592549324035645e-02 -1.037884503602981567e-01 -2.273857593536376953e-02 -3.969868272542953491e-02 -9.012257680296897888e-03 -8.097165264189243317e-03 5.305501632392406464e-03 1.119688674807548523e-01 1.587349623441696167e-01 -1.033245846629142761e-01 -6.704613566398620605e-03 -2.107325196266174316e-02 -2.517081238329410553e-02 -8.291094563901424408e-03 3.781149163842201233e-02 -1.505520846694707870e-02 -3.793696314096450806e-02 -1.225802227854728699e-01 7.381911575794219971e-02 -1.428727358579635620e-01 8.393349708057940006e-04 1.052786633372306824e-01 1.498184353113174438e-01 3.674668073654174805e-02 -6.422724574804306030e-02 -1.553567999508231878e-04 1.668401248753070831e-02 -3.749919310212135315e-02 1.469846963882446289e-01 2.060014009475708008e-02 1.150493994355201721e-01 1.282399594783782959e-01 8.201876282691955566e-02 5.315979197621345520e-02 -1.454075681976974010e-03 -9.268042445182800293e-02 3.310070559382438660e-02 1.224518492817878723e-01 2.162619028240442276e-03 4.850011691451072693e-02 3.307402878999710083e-02 2.846645563840866089e-02 2.541659586131572723e-02 3.256819769740104675e-02 2.132941409945487976e-02 -9.317536652088165283e-02 -9.506677836179733276e-02 -1.462805271148681641e-01 -8.181262761354446411e-02 -1.368043720722198486e-01 2.660363167524337769e-02 3.656434640288352966e-02
2.798675745725631714e-02 -4.411225393414497375e-02 3.847384359687566757e-03 9.227740019559860229e-02 -1.376565396785736084e-01 -2.299511572346091270e-03 5.159957334399223328e-02 8.779268711805343628e-02 -1.620497554540634155e-01 -1.387306600809097290e-01 2.130045089870691299e-03 1.314944624900817871e-01 -1.931820809841156006e-01 -1.597643643617630005e-01 -1.184757724404335022e-01 -6.035537924617528915e-03 -8.157452195882797241e-02 1.926541626453399658e-01 -1.755405962467193604e-01 9.338800609111785889e-02 1.145207807421684265e-01 1.615582779049873352e-02 7.966703176498413086e-02 -2.844543755054473877e-02 -2.310672542080283165e-03 4.059204366058111191e-03 3.756444901227951050e-02 -1.050452813506126404e-01 2.917822450399398804e-03 2.695619501173496246e-02 1.340935975313186646e-01 -2.987818419933319092e-02 -8.137222379446029663e-02 1.461609899997711182e-01 8.348327875137329102e-02 1.068149060010910034e-01 3.634509816765785217e-02 -6.206484511494636536e-03 -7.498670369386672974e-02 3.258200734853744507e-02 1.729813404381275177e-02 -1.039996743202209473e-01 -1.225652918219566345e-01 -1.164223253726959229e-01 -1.764671131968498230e-02 6.774433888494968414e-03 4.970665648579597473e-02 -1.376412510871887207e-01 2.165795303881168365e-02 9.806083980947732925e-04 -9.919361770153045654e-02 8.322031050920486450e-02 -1.470846086740493774e-01 -7.434423267841339111e-02 3.925053030252456665e-02 1.971735991537570953e-02 -5.211593210697174072e-02 3.970809280872344971e-02 -1.556587070226669312e-01 3.459024941548705101e-03 -1.085677742958068848e-01 -6.994269788265228271e-02 1.305052936077117920e-01 8.951614797115325928e-02 -4.437333717942237854e-02 -6.753185391426086426e-02 2.759933844208717346e-02 1.013570353388786316e-01 -9.489179402589797974e-02 5.518668889999389648e-02 6.091948226094245911e-02 1.381142437458038330e-01 -1.416656076908111572e-01 1.260115057229995728e-01 4.711781814694404602e-02 -7.546985894441604614e-02 6.600865721702575684e-02 -1.794289797544479370e-02 1.011097505688667297e-01 1.413124650716781616e-01 7.367351651191711426e-02 8.046869188547134399e-02 1.992566585540771484e-01 -9.537363052368164062e-02 8.015432395040988922e-03 1.170616596937179565e-02 1.398953646421432495e-01 9.946378320455551147e-02 -5.689729005098342896e-02 7.522211968898773193e-02 -7.412783056497573853e-02 -1.223046928644180298e-01 5.205076560378074646e-02 1.901206187903881073e-02 7.397298514842987061e-02 -1.405427046120166779e-02 -1.336990855634212494e-02 -1.660129725933074951e-01 -9.993338584899902344e-02 3.406202048063278198e-02
2.905327454209327698e-02 -4.941282048821449280e-02 -9.425033628940582275e-02 -6.089176982641220093e-02 3.366801142692565918e-02 1.324938237667083740e-01 1.561454236507415771e-01 -2.412933669984340668e-02 -8.888649754226207733e-03 3.455807641148567200e-02 1.778814569115638733e-02 -8.707022294402122498e-03 -6.170611362904310226e-03 8.184130303561687469e-03 -3.524873405694961548e-02 1.020820438861846924e-01 -8.894070982933044434e-03 -2.815899997949600220e-02 3.162789344787597656e-02 -8.158166706562042236e-02 3.188512846827507019e-02 -6.220960617065429688e-02 6.875681690871715546e-03 -4.561346769332885742e-02 -6.386867165565490723e-02 -1.277614086866378784e-01 1.455142255872488022e-02 1.004699897021055222e-02 -4.593940824270248413e-02 -1.402557343244552612e-01 -1.477752476930618286e-01 -4.256478697061538696e-02 -3.528101742267608643e-02 -1.618086993694305420e-01 -6.260341405868530273e-02 1.255610212683677673e-02 -5.897426232695579529e-02 5.593919754028320312e-02 -3.169330954551696777e-02 -1.253676861524581909e-01 -1.541565731167793274e-02 4.492317140102386475e-02 3.979940339922904968e-02 6.670968234539031982e-02 5.279824137687683105e-02 -8.090032637119293213e-02 6.310275942087173462e-02 1.394447386264801025e-01 -1.643088757991790771e-01 -4.553502053022384644e-02 1.413354873657226562e-01 3.141057863831520081e-02 1.465129405260086060e-01 7.966651022434234619e-02 -1.350228581577539444e-02 -2.658517099916934967e-02 2.534209564328193665e-02 3.668820951133966446e-03 5.169948935508728027e-02 1.416608132421970367e-02 -9.604815393686294556e-02 4.917132854461669922e-02 -1.068976148962974548e-01 -9.547911584377288818e-02 -1.647025160491466522e-02 9.244748204946517944e-02 -1.515842676162719727e-01 8.470224216580390930e-03 -1.089442223310470581e-01 -1.100165843963623047e-01 -1.130118779838085175e-02 -1.594335772097110748e-02 1.129456609487533569e-01 6.353575736284255981e-02 1.195712294429540634e-02 7.603959646075963974e-03 9.181139990687370300e-03 -1.793641783297061920e-02 -6.499928236007690430e-02 -5.949518829584121704e-02 -8.830884471535682678e-03 1.381664723157882690e-02 -1.079629659652709961e-01 1.027145702391862869e-02 -1.283193528652191162e-01 -1.314595788717269897e-01 1.138047054409980774e-01 -1.474033892154693604e-01 -9.857857227325439453e-02 2.041947096586227417e-02 -3.807366359978914261e-03 -2.793256938457489014e-02 -3.359252959489822388e-02 -2.876235730946063995e-02 -6.722784787416458130e-02 9.033237397670745850e-02 4.920185729861259460e-02 4.299044236540794373e-02 8.917886018753051758e-02 -6.963691115379333496e-02
-1.140778288245201111e-01 5.506380274891853333e-02 4.105864465236663818e-02 1.068639233708381653e-01 -4.451996833086013794e-02 -9.860426932573318481e-02 4.867428541183471680e-02 1.413960605859756470e-01 -1.531102955341339111e-01 -1.933161318302154541e-01 -1.673003435134887695e-01 1.020451486110687256e-01 1.175633282400667667e-03 -4.862343519926071167e-02 -1.931147724390029907e-01 -1.684187501668930054e-01 -5.545333027839660645e-02 3.724900539964437485e-03 -3.851687535643577576e-02 4.668500274419784546e-02 1.567559689283370972e-01 5.175983998924493790e-03 8.801290392875671387e-02 -8.133453875780105591e-02 6.945905834436416626e-02 8.916816115379333496e-02 1.449820101261138916e-01 2.359087765216827393e-02 1.730088740587234497e-01 -5.219015106558799744e-02 7.815720885992050171e-02 -8.551221340894699097e-02 -4.418830201029777527e-02 7.661511003971099854e-02 -8.890404365956783295e-03 -3.023419901728630066e-02 1.555234938859939575e-01 5.816297978162765503e-02 -2.160334587097167969e-02 1.808251589536666870e-01 -4.432559013366699219e-02 -1.752274334430694580e-01 -4.927808418869972229e-03 -9.951267391443252563e-02 4.013402014970779419e-02 2.160443179309368134e-02 7.037654519081115723e-02 -5.795234814286231995e-02 1.814361847937107086e-02 -1.454199403524398804e-01 -5.291753262281417847e-02 7.647942751646041870e-02 -1.365228593349456787e-01 -8.951901644468307495e-02 3.015738911926746368e-02 -8.530794084072113037e-02 3.073132969439029694e-02 -5.570673942565917969e-02 -5.182159692049026489e-02 3.923383355140686035e-02 -3.757971152663230896e-02 -6.562303751707077026e-02 7.533081620931625366e-02 -7.026690244674682617e-02 -1.617613434791564941e-02 2.835020422935485840e-02 -1.036309897899627686e-01 -4.788076132535934448e-02 8.346151560544967651e-03 1.926689967513084412e-02 -6.423766608349978924e-04 -7.371817529201507568e-02 1.362179405987262726e-02 -7.661412656307220459e-02 6.671934574842453003e-02 -9.983199834823608398e-02 3.295342624187469482e-02 -7.254552841186523438e-02 2.195202559232711792e-02 -2.550381794571876526e-02 1.456144601106643677e-01 9.220855683088302612e-02 1.561640053987503052e-01 -1.464950293302536011e-01 -3.311175853013992310e-02 9.453118778765201569e-03 3.072325699031352997e-02 1.183761283755302429e-01 -5.575283244252204895e-02 5.603817105293273926e-02 -9.725671843625605106e-04 6.266906857490539551e-02 6.283999234437942505e-02 3.588217124342918396e-02 -5.014344677329063416e-02 -1.617452204227447510e-01 9.932867437601089478e-02 -8.299337327480316162e-02 -1.105972900986671448e-01 -4.057037830352783203e-02
-8.598256856203079224e-02 -7.242952287197113037e-02 1.869260221719741821e-01 9.868631511926651001e-02 -4.113052785396575928e-02 -1.343052536249160767e-01 -4.322263225913047791e-02 3.590041026473045349e-02 -1.362918764352798462e-01 -1.870788335800170898e-01 -2.992483600974082947e-02 -6.883300840854644775e-02 -1.766075193881988525e-01 -1.440799981355667114e-01 -1.553803533315658569e-01 -1.850203126668930054e-01 -1.463192850351333618e-01 1.653255671262741089e-01 -8.935255557298660278e-02 1.372623839415609837e-03 9.795405715703964233e-02 7.051752507686614990e-02 1.416917592287063599e-01 1.347005460411310196e-02 1.490196585655212402e-01 9.568973630666732788e-02 1.860157251358032227e-01 -1.475792080163955688e-01 9.609468281269073486e-02 -1.010148227214813232e-01 4.792155697941780090e-02 -3.628755733370780945e-02 -2.149257808923721313e-02 8.562325686216354370e-02 1.442954242229461670e-01 -2.246192656457424164e-02 4.922410473227500916e-02 -8.245968818664550781e-02 -2.853083796799182892e-02 3.208765387535095215e-02 5.759539082646369934e-02 -1.522636860609054565e-01 -6.162594258785247803e-02 -1.738227009773254395e-01 9.783953428268432617e-03 6.031965464353561401e-02 4.337360709905624390e-02 -1.321334391832351685e-01 5.737526342272758484e-02 -3.264182806015014648e-02 1.014910158119164407e-04 -1.459235977381467819e-02 -6.514060497283935547e-02 -1.355426460504531860e-01 7.085479050874710083e-02 -8.703278005123138428e-02 1.940605579875409603e-04 -6.290926039218902588e-02 -1.088926941156387329e-01 -1.006207708269357681e-02 -4.466680809855461121e-02 -6.479834020137786865e-02 1.142152398824691772e-01 -3.414569422602653503e-03 2.629038318991661072e-02 -9.816899895668029785e-02 -7.143027335405349731e-02 -1.139731425791978836e-02 6.210894137620925903e-02 9.877306967973709106e-02 6.563546508550643921e-02 -2.221554331481456757e-02 -7.292588055133819580e-02 -9.701257199048995972e-02 8.943656086921691895e-02 -3.260768949985504150e-02 5.341934040188789368e-02 -3.468071669340133667e-02 1.571145057678222656e-01 3.560138493776321411e-02 1.409361511468887329e-01 9.245420247316360474e-02 3.082906827330589294e-02 -1.335261762142181396e-01 -1.383215468376874924e-02 3.045628219842910767e-02 4.771480709314346313e-02 1.437928080558776855e-01 -7.255681604146957397e-02 8.421308547258377075e-02 8.607024699449539185e-02 2.604853734374046326e-02 -4.875130206346511841e-02 -4.158851131796836853e-02 4.439086467027664185e-02 -1.611612439155578613e-01 5.286492407321929932e-02 -7.950741797685623169e-02 -8.703497797250747681e-02 7.083204388618469238e-02
8.926161378622055054e-02 -1.338635236024856567e-01 3.159484267234802246e-02 -4.471428319811820984e-02 1.128884330391883850e-01 6.518879532814025879e-02 3.895717486739158630e-02 -6.752368062734603882e-02 6.381066888570785522e-02 8.032900840044021606e-02 5.479766800999641418e-02 1.549888867884874344e-03 1.056197285652160645e-01 6.890810094773769379e-03 -3.371236473321914673e-02 -7.597826421260833740e-02 6.437242031097412109e-02 6.879837065935134888e-02 2.247748710215091705e-02 1.741942577064037323e-02 -8.040306717157363892e-02 -8.260898292064666748e-02 -1.096441075205802917e-01 2.121585607528686523e-02 6.227530166506767273e-02 -6.302888691425323486e-02 4.887769371271133423e-02 5.170467775315046310e-03 -2.864208817481994629e-02 -1.916114613413810730e-02 1.478747930377721786e-02 1.117076873779296875e-01 3.483995795249938965e-02 -3.213891014456748962e-02 1.516658216714859009e-01 -1.074371975846588612e-03 -8.477056771516799927e-02 -1.385515648871660233e-02 -7.256222516298294067e-02 -9.215226769447326660e-02 -1.033111661672592163e-01 -6.742217391729354858e-02 -3.663707524538040161e-02 -1.375040621496737003e-03 1.353464871644973755e-01 -4.394427686929702759e-02 2.971180342137813568e-02 1.358898449689149857e-02 -3.543142601847648621e-02 1.486895978450775146e-01 5.585543811321258545e-02 5.504928156733512878e-02 5.578063800930976868e-02 5.010661855340003967e-02 8.737356215715408325e-02 1.414366997778415680e-02 -3.009815886616706848e-02 2.473011147230863571e-03 -4.829094558954238892e-02 -9.896618127822875977e-02 -8.558436483144760132e-02 7.671471685171127319e-02 1.881038956344127655e-02 -9.580472484230995178e-03 8.184657990932464600e-02 8.194551616907119751e-02 -8.414441347122192383e-02 9.637512266635894775e-02 -1.231612637639045715e-01 3.585251048207283020e-02 -8.859388530254364014e-02 8.543653041124343872e-02 -5.663519352674484253e-02 5.507275927811861038e-03 -6.774710118770599365e-02 3.749525919556617737e-02 -9.673817455768585205e-02 -7.352150976657867432e-03 6.493289768695831299e-02 -5.772862955927848816e-02 -8.634723722934722900e-02 2.310085808858275414e-03 8.141220360994338989e-02 -6.142238527536392212e-02 -6.780612468719482422e-02 -8.242870867252349854e-02 -8.966016583144664764e-03 -2.132777683436870575e-02 -7.096656411886215210e-02 -8.076430857181549072e-02 -7.234324514865875244e-02 1.038140952587127686e-01 -5.679607018828392029e-02 1.316939592361450195e-01 3.375476598739624023e-02 1.135289967060089111e-01 -5.668592080473899841e-02 8.415689319372177124e-02 -5.741100292652845383e-03 9.858988225460052490e-03
-1.567873731255531311e-02 4.562992975115776062e-02 -8.783929049968719482e-02 6.870159506797790527e-02 4.508577659726142883e-02 3.610975295305252075e-02 1.132904216647148132e-01 8.265534788370132446e-02 7.915271446108818054e-03 1.061505675315856934e-01 -5.508292466402053833e-02 9.264989942312240601e-02 3.476702794432640076e-02 -2.636714465916156769e-02 1.102304607629776001e-01 -1.023542210459709167e-01 -8.062439411878585815e-02 5.208377912640571594e-02 -4.833224043250083923e-02 3.415070101618766785e-02 -2.701834030449390411e-02 -7.422885298728942871e-02 5.952093377709388733e-02 1.028546877205371857e-02 -1.045553311705589294e-01 -6.634828448295593262e-02 -1.839889585971832275e-02 1.332682371139526367e-01 -4.521153122186660767e-02 1.634143851697444916e-02 -7.485969364643096924e-02 -3.980528563261032104e-03 -6.622584164142608643e-02 -8.993678539991378784e-02 -3.952343389391899109e-02 -8.237423747777938843e-02 7.524109631776809692e-02 6.847571581602096558e-02 -2.076550014317035675e-02 -4.631900787353515625e-02 3.284264728426933289e-02 -4.794071242213249207e-02 8.700900524854660034e-02 -2.352822339162230492e-03 2.378770150244235992e-02 5.200972035527229309e-02 -2.189075946807861328e-02 4.570345953106880188e-02 5.163448862731456757e-03 -9.681125171482563019e-03 5.259742960333824158e-02 -1.093978807330131531e-01 -1.563680358231067657e-02 1.035138517618179321e-01 -1.355421841144561768e-01 5.216085910797119141e-02 -1.758779981173574924e-03 6.244249176234006882e-03 6.952071934938430786e-02 -3.891417384147644043e-02 3.636424988508224487e-02 -1.091032177209854126e-01 1.431880146265029907e-02 3.116126358509063721e-02 5.376723408699035645e-02 -2.087639644742012024e-02 6.840463727712631226e-02 4.285481572151184082e-02 8.542764186859130859e-02 1.295170933008193970e-01 -2.308962575625628233e-04 1.503841392695903778e-02 4.967253282666206360e-02 -4.579140245914459229e-02 3.303664177656173706e-02 -4.019527509808540344e-02 7.190421223640441895e-02 2.273459732532501221e-02 -6.208790582604706287e-04 8.312242105603218079e-03 8.300975710153579712e-02 -2.973215654492378235e-02 6.864953320473432541e-03 -2.407215163111686707e-02 -5.150967463850975037e-02 8.452679030597209930e-03 -5.014606937766075134e-02 8.691093884408473969e-03 -3.785913437604904175e-02 -1.600889023393392563e-03 -6.454125046730041504e-02 1.997983604669570923e-01 5.214339494705200195e-02 -7.304135710000991821e-02 4.543757997453212738e-03 -7.481131702661514282e-02 -5.595033988356590271e-02 9.882294386625289917e-02 7.665703445672988892e-02 3.796558827161788940e-02
5.872923415154218674e-03 -8.883012086153030396e-02 7.875928282737731934e-02 -5.285444110631942749e-02 -4.873757064342498779e-02 4.130541533231735229e-02 5.079000443220138550e-02 -1.811046339571475983e-02 -8.708557486534118652e-02 4.206953570246696472e-02 -6.443770229816436768e-02 -5.374275520443916321e-02 8.921080827713012695e-02 -1.988969929516315460e-02 5.096343904733657837e-02 -2.424044720828533173e-02 3.799578547477722168e-02 -1.832735911011695862e-02 -1.678968779742717743e-02 -7.110058516263961792e-02 6.322099268436431885e-02 -5.381380021572113037e-02 -5.824171751737594604e-02 -1.258797943592071533e-01 -9.839966893196105957e-02 6.276409327983856201e-02 7.286759465932846069e-02 2.106407098472118378e-02 6.966811418533325195e-02 3.806732967495918274e-02 -2.106879837810993195e-02 3.099729679524898529e-02 2.196700870990753174e-02 7.878924161195755005e-02 -4.483009129762649536e-02 1.129312515258789062e-01 -5.164711549878120422e-02 -4.959798604249954224e-02 -6.453316658735275269e-02 5.926503986120223999e-02 -9.066648781299591064e-02 -7.614158093929290771e-02 3.018984384834766388e-02 -6.939160823822021484e-02 4.658105224370956421e-02 -4.965382441878318787e-02 2.432273514568805695e-02 2.852413803339004517e-02 -1.817493699491024017e-02 2.707332931458950043e-02 -5.946731567382812500e-02 -2.367175742983818054e-02 6.009060889482498169e-02 1.138166785240173340e-01 -6.318379193544387817e-02 2.438634820282459259e-02 2.604272589087486267e-02 5.578223243355751038e-02 -4.929889366030693054e-02 -2.624137885868549347e-02 -7.266718149185180664e-02 1.056824475526809692e-01 -8.888316899538040161e-02 2.397026121616363525e-02 4.642166569828987122e-02 1.415200829505920410e-01 7.134030014276504517e-02 -4.493620246648788452e-02 -5.454787969938479364e-05 -1.765983104705810547e-01 -7.021172344684600830e-02 1.266834675334393978e-03 3.832834586501121521e-02 3.267082152888178825e-03 -1.009339243173599243e-01 6.588448304682970047e-03 -1.121000275015830994e-01 -8.325126767158508301e-02 -2.929214574396610260e-02 -4.362210631370544434e-02 8.059427887201309204e-02 8.509478718042373657e-02 6.519350409507751465e-02 2.767843939363956451e-02 -7.827370613813400269e-02 1.134628057479858398e-01 3.967974043916910887e-04 -9.974207729101181030e-03 -1.793936640024185181e-02 -8.945675194263458252e-02 -1.450480073690414429e-01 -5.295046418905258179e-02 -9.730330109596252441e-02 -1.585849747061729431e-02 -4.635447636246681213e-02 4.948441311717033386e-02 3.031289763748645782e-02 4.109955579042434692e-02 -9.616848081350326538e-02 -6.416769325733184814e-02
-1.343028694391250610e-01 6.941316276788711548e-02 5.529789254069328308e-02 -2.935273945331573486e-02 -9.534752927720546722e-03 -1.529371598735451698e-03 -1.030098646879196167e-01 2.746535465121269226e-02 -1.847602799534797668e-02 -7.695364207029342651e-02 4.564372822642326355e-02 2.249340899288654327e-02 -7.582419551908969879e-03 -4.703757166862487793e-02 -1.115132495760917664e-01 2.241666801273822784e-02 1.716607622802257538e-02 2.072510495781898499e-02 2.581238746643066406e-02 1.673338934779167175e-02 -5.718709155917167664e-02 1.262675225734710693e-01 -6.984955631196498871e-03 1.027198731899261475e-01 -5.053365975618362427e-02 2.460276009514927864e-03 2.375052496790885925e-02 -7.869098335504531860e-02 3.304737433791160583e-02 6.879275292158126831e-02 1.186137199401855469e-01 4.922679811716079712e-02 2.420727908611297607e-02 -6.154902651906013489e-02 -3.391038253903388977e-02 -5.488388240337371826e-02 6.276837736368179321e-02 -1.772176176309585571e-01 -1.150280311703681946e-01 3.868043422698974609e-02 1.482480466365814209e-01 -5.729901138693094254e-03 8.290824294090270996e-02 -2.926139277406036854e-04 -6.995090097188949585e-02 1.057646274566650391e-01 -1.272151321172714233e-01 -9.285522252321243286e-02 -9.464710950851440430e-02 -4.013385623693466187e-03 -1.016267538070678711e-01 1.365317311137914658e-02 5.845005065202713013e-02 -3.797020018100738525e-02 7.853686064481735229e-02 1.865812093019485474e-01 1.250240504741668701e-01 9.769800119102001190e-03 -4.021594673395156860e-02 -2.061698120087385178e-03 -3.769335523247718811e-02 -3.178844600915908813e-02 -4.349362850189208984e-02 1.273664534091949463e-01 -6.457170844078063965e-02 -1.277827471494674683e-01 1.795712262392044067e-01 -5.810353904962539673e-02 2.413962036371231079e-02 7.568698376417160034e-02 8.783242106437683105e-02 -1.633141785860061646e-01 6.058797985315322876e-02 -1.317940205335617065e-01 1.198513358831405640e-01 1.813631318509578705e-02 4.364149644970893860e-02 1.685801744461059570e-01 -5.718756094574928284e-02 -2.382273972034454346e-02 -5.683491751551628113e-02 3.613147884607315063e-02 -3.805228322744369507e-02 -4.970302432775497437e-02 2.477985108271241188e-03 -5.636644363403320312e-02 -1.290190070867538452e-01 -2.943964116275310516e-02 1.936014369130134583e-02 -3.822281956672668457e-02 1.340407412499189377e-02 2.018399722874164581e-02 -6.650768220424652100e-02 -8.789667487144470215e-02 4.626606777310371399e-02 -8.460517227649688721e-02 -1.453102380037307739e-01 -7.795390486717224121e-02 -1.093492563813924789e-02 1.448591947555541992e-01
1.640234887599945068e-02 5.830191075801849365e-02 1.098360940814018250e-01 1.879032514989376068e-02 -1.430255472660064697e-01 -5.618773028254508972e-02 8.013859391212463379e-02 7.339321891777217388e-04 -5.901751667261123657e-02 -8.344297297298908234e-03 -1.086565256118774414e-01 1.271235384047031403e-02 -1.263170596212148666e-02 -7.275953143835067749e-02 -1.532260626554489136e-01 -1.267362982034683228e-01 -5.697108432650566101e-02 -2.704098820686340332e-02 -3.233356401324272156e-02 9.773932397365570068e-02 -1.272560004144906998e-02 8.123034983873367310e-02 3.316245228052139282e-02 -3.100093640387058258e-02 7.151369005441665649e-02 1.263411715626716614e-02 7.327672094106674194e-02 -6.180427595973014832e-02 1.163145992904901505e-02 9.771775454282760620e-02 -2.332798670977354050e-03 -1.021056175231933594e-01 -1.601049117743968964e-02 -4.582162480801343918e-03 4.180983826518058777e-02 -1.265458762645721436e-01 -1.922980695962905884e-02 -1.176334097981452942e-01 -8.503049612045288086e-02 -2.045872824965044856e-04 -4.883205518126487732e-03 -3.143480280414223671e-03 -1.152862329035997391e-02 -8.591795712709426880e-02 -1.416822969913482666e-01 5.789291462861001492e-04 -9.025517106056213379e-02 -5.460000783205032349e-02 -1.165195703506469727e-01 -1.078773289918899536e-01 -9.687873721122741699e-02 3.704701364040374756e-02 -5.845740064978599548e-02 -2.617820724844932556e-02 1.973668672144412994e-02 -5.335078015923500061e-02 1.350242495536804199e-01 1.260978914797306061e-02 -4.164000041782855988e-03 2.392180822789669037e-02 -1.461357902735471725e-02 -4.657205566763877869e-02 1.312395036220550537e-01 1.010708063840866089e-01 -5.674692615866661072e-02 -3.187144175171852112e-02 8.623623102903366089e-02 -9.016119688749313354e-02 1.118065565824508667e-01 5.419252440333366394e-02 -5.174380168318748474e-02 -7.198140025138854980e-02 -4.368136823177337646e-02 -1.289538741111755371e-01 2.582982927560806274e-02 1.979339681565761566e-02 -2.206297591328620911e-03 1.423639710992574692e-03 7.762993127107620239e-02 1.009057462215423584e-01 1.248573586344718933e-01 1.872135698795318604e-02 6.820452958345413208e-02 -6.612613052129745483e-02 7.371346652507781982e-02 9.202049672603607178e-02 -1.924656331539154053e-03 1.202572509646415710e-02 -8.358140476047992706e-03 -2.614428848028182983e-02 1.327775865793228149e-01 -4.576279222965240479e-02 8.977389894425868988e-03 -5.947339534759521484e-02 -1.048036962747573853e-01 -1.743443496525287628e-02 -1.022490933537483215e-01 -4.744772240519523621e-02 -1.424631476402282715e-01 -3.643431141972541809e-02
1.031383275985717773e-01 1.568596577271819115e-03 3.035104274749755859e-02 -1.496866792440414429e-01 1.117505729198455811e-01 -4.368343576788902283e-02 -1.070164218544960022e-01 -5.848973616957664490e-02 -5.104469880461692810e-02 9.905217587947845459e-02 3.904860001057386398e-03 -4.696913063526153564e-03 -3.139299526810646057e-02 -7.983073592185974121e-03 9.902036935091018677e-02 -3.684070333838462830e-02 2.074388787150382996e-02 1.706468407064676285e-03 1.348849385976791382e-02 6.887377798557281494e-02 1.664485782384872437e-02 -2.910230495035648346e-02 -7.924951612949371338e-02 5.068632774055004120e-03 1.300913654267787933e-02 -8.182453364133834839e-02 -6.722878664731979370e-02 -5.725744366645812988e-02 -3.941095620393753052e-02 -8.203632384538650513e-02 -1.050213575363159180e-01 -3.031746484339237213e-02 5.753656104207038879e-02 -1.170449480414390564e-01 9.141020476818084717e-02 6.574086844921112061e-02 -9.935761988162994385e-02 -7.884847372770309448e-02 3.486255556344985962e-02 -3.328650444746017456e-02 -8.455792814493179321e-02 1.276238113641738892e-01 -2.103817090392112732e-02 -8.254051208496093750e-02 2.615326084196567535e-02 -1.030865162611007690e-01 2.928213030099868774e-02 3.242563456296920776e-02 5.165483430027961731e-02 3.258503600955009460e-02 1.099223420023918152e-01 1.078961268067359924e-01 2.419422613456845284e-03 5.867354944348335266e-02 1.040846630930900574e-01 -4.292673617601394653e-02 6.653134524822235107e-02 -5.340596660971641541e-02 5.383872240781784058e-02 -1.551465988159179688e-01 -1.812316663563251495e-02 7.675794512033462524e-02 -1.538851996883749962e-03 3.980340063571929932e-02 3.918570932000875473e-03 9.325952082872390747e-02 3.997133672237396240e-02 -6.323869526386260986e-02 -2.421781420707702637e-02 -1.436738967895507812e-01 2.147850207984447479e-02 9.153373539447784424e-02 6.467904895544052124e-02 7.561431080102920532e-02 -2.926412969827651978e-02 -4.100426286458969116e-02 -1.081368550658226013e-01 -4.393506422638893127e-02 -1.028494909405708313e-01 8.171047270298004150e-02 -2.505363337695598602e-02 -1.256414223462343216e-02 1.591368950903415680e-02 -1.190440207719802856e-01 9.133747965097427368e-02 -8.372703939676284790e-02 3.576371073722839355e-02 -9.705484658479690552e-02 -8.538227528333663940e-02 3.350494429469108582e-02 -3.085998073220252991e-02 -2.811665646731853485e-02 -1.485803574323654175e-01 -3.532795235514640808e-02 1.069005429744720459e-01 1.149534285068511963e-01 4.291844740509986877e-02 8.095586672425270081e-03 -1.750214584171772003e-02 -4.819305613636970520e-02
-1.363804638385772705e-01 -1.987108401954174042e-02 1.137445308268070221e-02 -6.421794742345809937e-02 -1.213104128837585449e-01 6.982914358377456665e-02 9.519613534212112427e-02 6.617893278598785400e-02 -5.320328101515769958e-02 2.398014627397060394e-02 1.458048168569803238e-02 -5.261667538434267044e-03 -5.776351690292358398e-02 -1.064545940607786179e-02 -7.581280171871185303e-02 -4.088976979255676270e-02 -3.344701230525970459e-02 7.699067890644073486e-02 4.404567182064056396e-02 -3.914804756641387939e-02 4.978248849511146545e-02 -4.300828278064727783e-02 9.438333660364151001e-02 4.702205955982208252e-02 6.753520667552947998e-02 -8.070588856935501099e-02 -4.593302682042121887e-02 2.009477838873863220e-02 7.690782845020294189e-02 1.123454272747039795e-01 1.234474852681159973e-01 -3.523056581616401672e-02 -1.552801132202148438e-01 -1.552407257258892059e-02 -1.309504061937332153e-01 -2.543483115732669830e-02 6.953910738229751587e-02 -1.112464442849159241e-01 -6.498717702925205231e-03 7.213862985372543335e-02 1.722278445959091187e-02 -6.244109943509101868e-02 1.010449230670928955e-01 7.929705083370208740e-02 4.871659725904464722e-02 -6.756904069334268570e-03 3.567674010992050171e-02 3.688867017626762390e-02 3.432339802384376526e-02 -2.792066661641001701e-03 -4.658565297722816467e-02 3.298716247081756592e-02 5.971493944525718689e-02 -4.294091835618019104e-02 2.705257199704647064e-02 6.570925563573837280e-02 9.808249771595001221e-02 1.035772934556007385e-01 3.264445066452026367e-02 -4.326005652546882629e-02 4.753590747714042664e-02 -5.744214728474617004e-02 1.352894213050603867e-02 1.609712094068527222e-02 -5.949050933122634888e-02 -5.909971427172422409e-03 8.942890912294387817e-02 -1.204226166009902954e-01 4.936163872480392456e-02 1.405113190412521362e-01 1.326879486441612244e-02 6.830668542534112930e-03 -1.741251093335449696e-03 -1.582621783018112183e-01 -3.351503610610961914e-02 3.255341947078704834e-02 7.427343726158142090e-02 -5.262708663940429688e-02 4.907875880599021912e-02 -4.806767031550407410e-02 5.696441605687141418e-02 -1.144950801972299814e-04 4.042026400566101074e-02 1.020184531807899475e-01 -5.270245671272277832e-02 8.159331232309341431e-02 3.266649693250656128e-02 5.330282449722290039e-02 1.909574866294860840e-02 4.959020018577575684e-02 1.353285610675811768e-01 8.190323598682880402e-03 -5.696571432054042816e-03 -4.975372552871704102e-02 -1.463373899459838867e-01 -3.826554864645004272e-02 -1.082734912633895874e-01 -3.321409225463867188e-02 -7.285469770431518555e-02 9.812758117914199829e-02
-2.978178439661860466e-03 -4.652966931462287903e-02 -8.603614754974842072e-03 -3.108077123761177063e-02 -5.342612043023109436e-03 1.856465637683868408e-02 -1.092495862394571304e-02 -9.133427590131759644e-02 1.248922422528266907e-01 3.313837945461273193e-02 1.098828092217445374e-01 -2.531955391168594360e-02 3.194625722244381905e-03 3.828256577253341675e-02 1.280840337276458740e-01 -2.088826149702072144e-02 9.357689321041107178e-02 -8.394451439380645752e-02 -4.998112842440605164e-02 -2.031878381967544556e-02 -7.716941088438034058e-02 -7.464589178562164307e-02 -8.313666284084320068e-02 -1.279470026493072510e-01 -1.464618463069200516e-02 -5.330854654312133789e-02 -8.141648024320602417e-02 6.798041611909866333e-02 3.595530521124601364e-03 3.746636211872100830e-02 -1.087290942668914795e-01 -7.123342901468276978e-02 -3.085991926491260529e-02 4.401530325412750244e-02 6.022230535745620728e-02 7.532503455877304077e-02 -4.294141754508018494e-02 5.833821371197700500e-02 3.840405121445655823e-02 -1.972215808928012848e-02 2.201427705585956573e-02 1.794037222862243652e-02 -3.854201361536979675e-02 9.613147005438804626e-03 2.234891615808010101e-02 -6.704263389110565186e-02 8.885993808507919312e-02 -7.995421998202800751e-03 -5.671123787760734558e-02 5.059898830950260162e-03 -3.402979928068816662e-04 6.263949722051620483e-02 4.930904135107994080e-02 1.982668414711952209e-03 -6.841129064559936523e-02 5.969039350748062134e-02 3.138596564531326294e-02 6.357824057340621948e-02 -4.719118028879165649e-02 -6.552664190530776978e-02 6.553575396537780762e-03 3.675333410501480103e-02 -1.482588350772857666e-01 -7.324810326099395752e-02 8.386072516441345215e-02 3.681642189621925354e-02 -3.747052326798439026e-02 4.201140627264976501e-02 -7.242023944854736328e-02 -1.728128343820571899e-01 -9.875170886516571045e-02 9.623574465513229370e-02 -5.631674081087112427e-02 -3.106077387928962708e-02 -1.326061040163040161e-01 3.607308119535446167e-02 -4.750067740678787231e-02 -6.836643069982528687e-02 6.967756152153015137e-02 1.950336620211601257e-02 -1.041372343897819519e-01 -1.163291409611701965e-01 -1.272324025630950928e-01 -8.734595030546188354e-02 -3.273273631930351257e-02 8.939512073993682861e-03 4.324811324477195740e-02 -8.563053794205188751e-03 -3.513619676232337952e-02 -5.443684756755828857e-02 -1.505250036716461182e-01 4.215838760137557983e-02 4.344671615399420261e-04 -3.998930379748344421e-02 -4.354879632592201233e-02 -1.100369542837142944e-02 6.034422665834426880e-03 -4.202022030949592590e-02 -8.191213011741638184e-03 -3.839522972702980042e-02
1.614799797534942627e-01 2.583334781229496002e-02 -1.589630097150802612e-01 -1.078558061271905899e-02 7.936983555555343628e-02 1.824560612440109253e-01 1.126007437705993652e-01 -1.850431561470031738e-01 4.266873374581336975e-02 3.917616233229637146e-02 7.271315902471542358e-02 7.469954900443553925e-03 7.930687628686428070e-03 1.398276984691619873e-01 7.050190120935440063e-02 1.687191128730773926e-01 1.345178335905075073e-01 -1.916667819023132324e-01 3.023127280175685883e-02 -1.839577257633209229e-01 -1.656560152769088745e-01 2.768310904502868652e-02 -4.252428933978080750e-02 -5.299247056245803833e-02 -6.768233329057693481e-02 -7.578038144856691360e-03 -5.240584164857864380e-02 7.575840502977371216e-02 -3.877978399395942688e-02 -2.397111430764198303e-02 -9.483829140663146973e-02 2.102469652891159058e-02 -2.193658053874969482e-02 -1.454533785581588745e-01 -8.488904684782028198e-02 7.481226325035095215e-02 -2.016478031873703003e-02 -1.047545075416564941e-01 1.188474074006080627e-01 -1.141050085425376892e-01 -4.562707245349884033e-02 1.559320986270904541e-01 1.113430783152580261e-01 7.415091991424560547e-02 3.205337747931480408e-02 -2.487210743129253387e-02 -8.172333240509033203e-02 7.442299276590347290e-02 -3.623477369546890259e-02 3.960362076759338379e-02 2.008492127060890198e-03 7.320149987936019897e-02 1.338292211294174194e-01 5.408288910984992981e-02 -1.617192476987838745e-02 3.821306675672531128e-02 -1.232763472944498062e-02 9.908013045787811279e-02 9.354163706302642822e-02 -1.525726914405822754e-01 7.545293122529983521e-02 1.318567395210266113e-01 -7.566714286804199219e-02 -9.018279612064361572e-02 -1.946060732007026672e-02 4.754113499075174332e-03 5.854856688529253006e-03 -6.477399147115647793e-04 -1.771862432360649109e-02 1.993923075497150421e-02 -1.852404028177261353e-01 -4.349388927221298218e-02 6.572178751230239868e-02 -5.495458468794822693e-02 -1.682526320219039917e-01 -1.545070111751556396e-02 1.349398028105497360e-02 -4.008293151855468750e-02 -1.752755977213382721e-02 -8.297360502183437347e-03 -1.816867142915725708e-01 -1.243322342634201050e-01 -2.244259230792522430e-02 8.271564543247222900e-02 4.789086431264877319e-02 -1.890534609556198120e-01 -3.971703350543975830e-02 -3.984778746962547302e-02 -1.807335205376148224e-02 -5.201110988855361938e-02 -4.390880092978477478e-02 1.436756104230880737e-01 -1.596268117427825928e-01 1.787621341645717621e-02 -3.379156440496444702e-02 3.201562911272048950e-02 -8.471221476793289185e-02 9.009306877851486206e-02 1.264069676399230957e-01 5.610013380646705627e-02
8.763904869556427002e-02 -1.515190675854682922e-02 -9.211193770170211792e-02 -1.174967437982559204e-01 7.696852833032608032e-02 -6.271790247410535812e-03 -4.738245159387588501e-02 -3.053798712790012360e-02 5.174186080694198608e-02 1.073412299156188965e-01 6.744197010993957520e-02 7.791916280984878540e-02 2.324979379773139954e-02 1.928390748798847198e-02 1.068270355463027954e-01 7.550814747810363770e-02 6.960208993405103683e-03 -2.628135308623313904e-02 -1.854955404996871948e-02 -4.107809439301490784e-02 -9.517363458871841431e-02 -5.626195669174194336e-02 -4.926140233874320984e-02 5.860031023621559143e-02 -1.097780019044876099e-01 -9.840044379234313965e-02 1.035649515688419342e-02 3.938760980963706970e-02 3.476664051413536072e-02 4.288180544972419739e-02 -4.030313342809677124e-02 6.402942538261413574e-02 1.329952776432037354e-01 -2.739241905510425568e-02 1.054811626672744751e-01 -1.972968690097332001e-02 1.035627815872430801e-02 8.673682063817977905e-02 4.244730994105339050e-02 3.257867321372032166e-02 -2.124050445854663849e-02 -2.166183292865753174e-02 -1.102507561445236206e-01 -3.224072977900505066e-02 1.313153207302093506e-01 -7.250863313674926758e-02 -6.276420503854751587e-02 -4.093350470066070557e-02 -2.250107005238533020e-02 1.470851451158523560e-01 1.140642389655113220e-01 1.128033921122550964e-01 1.238634213805198669e-01 2.125644125044345856e-02 5.208136141300201416e-02 -5.573937203735113144e-03 1.113693695515394211e-02 -1.241205632686614990e-02 1.092394255101680756e-02 -1.128563582897186279e-01 -3.059492632746696472e-02 1.031001359224319458e-01 -1.702303141355514526e-01 -1.076231300830841064e-01 5.995616689324378967e-02 -3.791918046772480011e-03 -3.671506419777870178e-02 -4.326430335640907288e-02 -1.170671507716178894e-01 -2.344666272401809692e-01 -1.831465959548950195e-02 -1.470674760639667511e-02 7.452939450740814209e-02 -2.498345216736197472e-03 -5.510308779776096344e-03 -6.050819158554077148e-02 -2.826672233641147614e-02 -9.463558904826641083e-03 -7.435534149408340454e-03 8.245643973350524902e-02 -4.199640825390815735e-02 5.544614791870117188e-02 7.807710021734237671e-02 5.091349780559539795e-02 -5.789473280310630798e-02 -8.069059997797012329e-02 -7.487131655216217041e-02 2.462440729141235352e-02 2.362782135605812073e-02 2.847396396100521088e-02 -1.072393879294395447e-01 4.814274143427610397e-03 -1.242971327155828476e-02 2.094675786793231964e-02 7.949294149875640869e-02 4.840541165322065353e-03 -5.526356399059295654e-02 -8.644917048513889313e-03 2.381226234138011932e-02 3.192301839590072632e-02
4.946875944733619690e-02 -4.401662200689315796e-02 1.311389654874801636e-01 4.346491768956184387e-02 -1.205908060073852539e-01 -1.355154719203710556e-02 2.379007264971733093e-02 3.535620123147964478e-02 -5.196066573262214661e-02 -2.119112387299537659e-02 2.748384373262524605e-03 4.547190666198730469e-02 5.537732318043708801e-02 -1.383964270353317261e-01 -1.657338440418243408e-02 -9.642889350652694702e-02 4.858661070466041565e-02 4.600026458501815796e-02 -1.453718543052673340e-01 -1.089547731680795550e-04 7.768073678016662598e-02 -7.552959769964218140e-02 -3.458294644951820374e-02 -2.238714136183261871e-02 4.627592116594314575e-02 -3.217563778162002563e-02 9.424908086657524109e-03 -3.488451242446899414e-02 8.098535984754562378e-02 3.944092243909835815e-02 9.541448950767517090e-02 -7.111681997776031494e-02 -3.059887513518333435e-02 -1.516851503401994705e-02 -5.927253141999244690e-02 7.399410754442214966e-02 5.071295797824859619e-02 2.711885608732700348e-02 -8.371009677648544312e-02 8.029058575630187988e-02 -4.731737449765205383e-02 4.073226451873779297e-02 7.617402076721191406e-02 -6.047376617789268494e-02 -6.608819961547851562e-02 1.706626713275909424e-01 -2.320420183241367340e-02 -1.633798032999038696e-01 1.550132483243942261e-01 6.078762933611869812e-02 -9.400959312915802002e-02 -5.468251183629035950e-02 2.081069909036159515e-02 -7.769281417131423950e-02 6.624904274940490723e-02 -3.672565892338752747e-02 5.920440331101417542e-02 4.979500547051429749e-02 -1.933552138507366180e-02 -5.132288113236427307e-02 -7.786508649587631226e-02 -8.552814275026321411e-02 4.671745747327804565e-02 -3.457352146506309509e-02 -3.133924305438995361e-02 -5.791797488927841187e-02 1.252421289682388306e-01 -3.638844192028045654e-02 -7.142596412450075150e-03 -1.544266007840633392e-02 -2.235750295221805573e-02 -4.228369146585464478e-02 -4.718039929866790771e-02 -2.150138467550277710e-02 8.355444669723510742e-02 -8.449870347976684570e-02 2.138573303818702698e-02 -5.889973137527704239e-03 -1.307191140949726105e-02 1.152374818921089172e-01 2.505693957209587097e-02 9.184604138135910034e-02 1.455178856849670410e-01 -1.117639839649200439e-01 4.452177137136459351e-02 -1.851727440953254700e-02 -9.884872473776340485e-03 6.416600197553634644e-03 -5.213934555649757385e-02 1.265392303466796875e-01 1.097589060664176941e-01 -1.050111949443817139e-01 7.371599227190017700e-02 3.901527030393481255e-03 -3.310559317469596863e-02 -1.117680966854095459e-01 -1.114979833364486694e-01 -7.355996966361999512e-02 -1.161801815032958984e-01 6.503031402826309204e-02
-2.010302804410457611e-02 -1.035078056156635284e-02 -5.618384107947349548e-02 -3.936567902565002441e-02 -3.821375593543052673e-02 4.414158407598733902e-03 -2.279652096331119537e-02 -1.139973998069763184e-01 3.571224212646484375e-02 5.997112020850181580e-03 1.817599497735500336e-02 4.318377375602722168e-02 -5.198322236537933350e-02 2.946996502578258514e-02 -6.987800449132919312e-02 6.384176015853881836e-02 -4.658235609531402588e-02 -5.232206732034683228e-02 5.726294219493865967e-02 -9.959973394870758057e-02 -6.736983358860015869e-02 -5.354742705821990967e-02 9.455272555351257324e-02 -1.203793063759803772e-01 2.062184736132621765e-02 -7.517833262681961060e-02 -2.461686544120311737e-02 9.883201867341995239e-02 3.011897951364517212e-02 -1.014033630490303040e-01 -3.373525664210319519e-02 1.013476997613906860e-01 -6.086897850036621094e-02 3.568489104509353638e-02 1.361709535121917725e-01 2.943827956914901733e-02 -9.674981981515884399e-02 2.641245163977146149e-02 -1.042353957891464233e-01 4.480500146746635437e-02 -9.937591105699539185e-02 -5.563331302255392075e-03 -1.697858715488109738e-05 -7.404366135597229004e-02 9.341713041067123413e-02 6.240585818886756897e-02 6.656028330326080322e-02 -1.026648730039596558e-01 1.533591300249099731e-01 1.464086174964904785e-01 1.308806706219911575e-02 3.442757576704025269e-02 -4.061861336231231689e-02 9.113921225070953369e-02 9.620407968759536743e-02 -7.810035347938537598e-02 -1.585116237401962280e-02 4.995022714138031006e-02 3.290851041674613953e-02 -7.528003770858049393e-03 1.092044264078140259e-02 9.524299949407577515e-02 -6.966891139745712280e-02 8.510433137416839600e-02 -8.801850676536560059e-02 2.552250772714614868e-02 2.077949792146682739e-02 -9.981126524507999420e-03 -5.879935994744300842e-02 -1.584940850734710693e-01 -9.215030819177627563e-02 6.713518500328063965e-02 1.858475804328918457e-02 -4.660050198435783386e-02 1.829304546117782593e-02 8.142237365245819092e-02 -9.357085824012756348e-02 -6.236306205391883850e-02 9.627937525510787964e-02 3.983500972390174866e-02 2.303895913064479828e-02 -5.557576566934585571e-02 -3.116045705974102020e-02 6.279512494802474976e-02 1.878781057894229889e-02 4.710471630096435547e-02 5.523620918393135071e-02 3.143550083041191101e-02 -2.950036339461803436e-02 -8.407972753047943115e-02 -1.463423073291778564e-01 -1.418782211840152740e-02 -4.462971538305282593e-02 1.459199748933315277e-02 7.763645052909851074e-02 -2.746098861098289490e-02 -7.186249643564224243e-02 -4.418832808732986450e-02 -1.093580275774002075e-01 -7.528624683618545532e-02
1.061191558837890625e-01 2.357459627091884613e-02 -3.629227168858051300e-03 -1.784464716911315918e-01 1.289635151624679565e-01 1.048930063843727112e-01 5.438783764839172363e-02 -5.287123471498489380e-02 -1.344020199030637741e-02 1.540720164775848389e-01 5.584695190191268921e-02 -9.935774141922593117e-04 4.715120419859886169e-02 2.337153255939483643e-02 5.767117720097303391e-03 8.255970478057861328e-02 3.648454695940017700e-02 -8.335707709193229675e-03 7.817380130290985107e-02 -7.731174677610397339e-02 9.739075321704149246e-04 -6.017767637968063354e-02 -1.048366576433181763e-01 -6.143924593925476074e-02 2.138745225965976715e-02 -3.053902275860309601e-02 -1.463864445686340332e-01 1.745256185531616211e-01 -4.827987775206565857e-02 -4.389444366097450256e-02 -4.953556880354881287e-02 9.839426726102828979e-02 1.133830025792121887e-01 -6.384621560573577881e-02 5.907443538308143616e-02 -8.782399445772171021e-02 -1.343554407358169556e-01 1.000420749187469482e-01 -2.202742500230669975e-03 9.599095210433006287e-03 -1.124514639377593994e-01 1.016214862465858459e-02 -2.910165116190910339e-02 9.681330621242523193e-02 -3.352683037519454956e-02 -7.178424298763275146e-02 6.090591475367546082e-02 1.160064861178398132e-01 -5.127800256013870239e-02 5.815817043185234070e-02 4.497168958187103271e-02 -2.957524545490741730e-02 1.058105900883674622e-01 5.603812262415885925e-02 -3.067923709750175476e-02 -1.275910437107086182e-01 -9.811612218618392944e-02 1.419032663106918335e-01 -9.827060624957084656e-03 -1.464397907257080078e-01 1.022635847330093384e-01 7.848829030990600586e-02 2.967982552945613861e-02 4.644247144460678101e-02 -4.689335078001022339e-02 5.875287577509880066e-02 2.591999061405658722e-02 -3.039186075329780579e-02 1.513128168880939484e-02 5.654751136898994446e-02 -8.626178652048110962e-02 1.062273979187011719e-01 8.305431157350540161e-02 -5.285204853862524033e-03 -1.677661947906017303e-02 -4.937052354216575623e-02 -1.273604184389114380e-01 -9.371101111173629761e-02 -7.608398795127868652e-02 -5.561359971761703491e-02 -1.322478502988815308e-01 -8.228500932455062866e-02 -1.894928328692913055e-02 4.304881021380424500e-02 -6.689569354057312012e-02 -1.163839474320411682e-01 5.460938066244125366e-02 3.118957160040736198e-03 4.070109874010086060e-02 -9.757760167121887207e-02 2.719999477267265320e-02 1.342438757419586182e-01 7.813183218240737915e-02 -1.988931372761726379e-02 -2.604189328849315643e-02 7.167912274599075317e-02 7.672043144702911377e-02 1.583981961011886597e-01 7.643316686153411865e-02 -3.217276558279991150e-02
-8.934056013822555542e-02 -1.481151729822158813e-01 1.581020057201385498e-01 -6.465288996696472168e-02 -5.496297776699066162e-02 -7.333355396986007690e-02 6.747138500213623047e-02 1.373880803585052490e-01 1.187545713037252426e-02 -4.206534475088119507e-02 -1.381758451461791992e-01 1.024413928389549255e-01 -9.157589823007583618e-02 -1.543820835649967194e-02 -7.123085856437683105e-02 2.490118518471717834e-02 -1.411807257682085037e-02 -1.499397680163383484e-02 -4.676236957311630249e-02 6.174666807055473328e-03 1.068995073437690735e-01 -2.986678481101989746e-02 1.497366279363632202e-01 -1.618493646383285522e-01 1.177994385361671448e-01 -1.198488473892211914e-02 1.596727669239044189e-01 -9.173983335494995117e-02 4.292489960789680481e-03 -1.150477752089500427e-01 1.694123595952987671e-01 -5.953779444098472595e-03 -7.850575447082519531e-02 6.999107450246810913e-02 1.268440485000610352e-01 1.129317283630371094e-01 3.633903339505195618e-02 3.238922730088233948e-02 -1.727405562996864319e-02 9.917143732309341431e-03 -6.440945714712142944e-02 -7.374043017625808716e-02 -1.403832882642745972e-01 -1.117230057716369629e-01 5.511936545372009277e-02 1.382834166288375854e-01 3.816259652376174927e-02 2.867571450769901276e-02 -7.018752861768007278e-03 3.970223665237426758e-02 2.252884441986680031e-03 7.019792497158050537e-02 -9.514341363683342934e-04 -6.551913172006607056e-02 5.426157265901565552e-02 -8.442376554012298584e-02 1.932832784950733185e-02 7.492378354072570801e-02 -8.420430123805999756e-03 9.431757032871246338e-02 -1.058589443564414978e-01 -1.915813609957695007e-02 4.580470547080039978e-02 6.026680022478103638e-02 2.046499773859977722e-02 9.500295668840408325e-02 -1.376474648714065552e-01 2.670021541416645050e-02 -4.667614400386810303e-02 3.469233214855194092e-02 -1.333043538033962250e-02 2.444310346618294716e-03 3.333786502480506897e-02 1.127060577273368835e-01 -7.167541887611150742e-03 -2.966818772256374359e-02 8.112331479787826538e-02 -5.839805305004119873e-02 9.287935681641101837e-03 -6.580559909343719482e-02 1.256934106349945068e-01 5.600189417600631714e-02 9.371536783874034882e-03 -7.277140859514474869e-03 -2.280647493898868561e-02 1.628952175378799438e-01 -2.227347716689109802e-02 1.433306187391281128e-01 -6.883363425731658936e-02 1.339599955826997757e-02 -5.850957334041595459e-02 1.097761318087577820e-01 1.336229443550109863e-01 -2.760455384850502014e-02 -5.697971954941749573e-02 2.964673750102519989e-02 4.869399592280387878e-02 -2.868226729333400726e-02 -1.056856587529182434e-01 -2.931586652994155884e-02
-1.890743523836135864e-02 5.299449712038040161e-02 -2.010483853518962860e-02 -5.516953766345977783e-03 1.329456716775894165e-01 1.222000569105148315e-01 6.309145689010620117e-02 1.945212483406066895e-02 1.475019454956054688e-01 9.108950942754745483e-02 2.892343141138553619e-02 1.119713932275772095e-01 7.698214799165725708e-02 1.629585772752761841e-01 6.584677100181579590e-02 5.344415083527565002e-03 1.927964389324188232e-02 -1.417443901300430298e-01 7.379290461540222168e-02 -1.207182407379150391e-01 -8.987471461296081543e-03 7.000449299812316895e-02 -6.476625055074691772e-02 -3.154054284095764160e-02 1.814936753362417221e-03 3.829731047153472900e-02 -3.134069219231605530e-02 3.467470034956932068e-02 -7.073039188981056213e-03 3.395539894700050354e-02 -1.522229611873626709e-01 1.008615940809249878e-01 6.209218502044677734e-02 2.445830218493938446e-02 -1.121160537004470825e-01 -7.644128799438476562e-02 -7.416720688343048096e-02 1.607813872396945953e-02 8.136952668428421021e-02 -2.009382843971252441e-02 -6.206514686346054077e-02 1.039753034710884094e-01 1.127415150403976440e-01 3.153651952743530273e-02 -2.697977796196937561e-02 -5.173597112298011780e-02 5.124563351273536682e-03 8.359505981206893921e-02 -4.939078912138938904e-02 3.259685263037681580e-02 1.278899013996124268e-01 -6.196263059973716736e-02 1.527154892683029175e-01 -4.124829545617103577e-02 -1.855011284351348877e-02 3.981218114495277405e-02 -1.259683370590209961e-01 1.214350759983062744e-01 1.155015006661415100e-01 -1.108427569270133972e-01 4.673508554697036743e-02 4.128302633762359619e-02 -1.016596108675003052e-01 -1.173857077956199646e-01 -2.413275837898254395e-02 -4.220620542764663696e-02 6.799148768186569214e-02 4.264477267861366272e-02 -3.883817791938781738e-02 -6.956891715526580811e-02 -1.284231897443532944e-02 -2.351112850010395050e-02 1.060678958892822266e-01 -8.170725405216217041e-02 -3.235597535967826843e-02 -1.644062431296333671e-04 -1.160917952656745911e-01 -6.192478537559509277e-02 -1.057196557521820068e-01 -1.727138012647628784e-01 -1.983391866087913513e-02 4.942787438631057739e-02 2.054882794618606567e-02 2.446103282272815704e-02 -8.312565088272094727e-02 -1.030461192131042480e-01 4.970414936542510986e-02 -1.153038665652275085e-01 -9.365207701921463013e-02 3.279767185449600220e-02 -1.177246347069740295e-01 4.096061363816261292e-02 -8.402201533317565918e-02 1.350926980376243591e-02 -9.250564873218536377e-02 2.482159063220024109e-03 -1.179461553692817688e-02 1.000070422887802124e-01 4.833283275365829468e-02 -1.046109274029731750e-01
4.099282622337341309e-02 2.402813732624053955e-02 9.590633213520050049e-03 1.409450918436050415e-01 -2.684478275477886200e-02 -4.644743353128433228e-02 6.588364392518997192e-02 -2.765818126499652863e-02 2.092734212055802345e-03 -1.224646940827369690e-01 -7.972219586372375488e-02 -4.288350418210029602e-02 -1.599147729575634003e-02 5.672454088926315308e-02 -1.295696943998336792e-01 -2.544382214546203613e-02 -9.976970963180065155e-03 -3.009417094290256500e-02 -2.208316884934902191e-02 6.478358060121536255e-02 -1.730552129447460175e-02 -8.144641667604446411e-02 3.030028194189071655e-02 3.538797050714492798e-02 -1.112976204603910446e-02 -3.721231967210769653e-02 -3.851017355918884277e-02 -7.328777760267257690e-02 1.050516590476036072e-01 6.136167794466018677e-02 -6.500273011624813080e-03 2.045101299881935120e-02 -1.149887889623641968e-01 1.029273718595504761e-01 -1.469983439892530441e-02 -1.151431351900100708e-01 7.595153898000717163e-02 -2.612986415624618530e-02 -5.784679576754570007e-02 -7.488668709993362427e-02 -8.084988594055175781e-02 2.227585995569825172e-03 8.604626357555389404e-02 -9.120830148458480835e-02 -1.338537931442260742e-01 -3.414534404873847961e-02 -1.077883839607238770e-01 1.489901170134544373e-02 3.907073754817247391e-03 -7.909572869539260864e-02 -8.308423310518264771e-02 -1.299017816781997681e-01 -1.162576396018266678e-02 -5.197343602776527405e-02 8.620995283126831055e-02 9.624551236629486084e-02 3.551806136965751648e-02 -1.207307949662208557e-01 4.381082952022552490e-02 1.140044480562210083e-01 5.909778922796249390e-02 -7.539416197687387466e-03 8.200650662183761597e-02 2.589041367173194885e-02 -9.796237945556640625e-02 -5.649614706635475159e-02 9.465362876653671265e-02 -3.743486944586038589e-03 -6.650216132402420044e-02 9.409331530332565308e-02 1.253897789865732193e-02 -3.241648152470588684e-02 4.750134423375129700e-02 4.586143046617507935e-02 1.771558262407779694e-02 -4.111930727958679199e-02 9.982854872941970825e-02 -1.951873488724231720e-02 -7.336539775133132935e-02 -9.138965979218482971e-03 2.472173608839511871e-02 4.427370801568031311e-02 4.197153449058532715e-02 -2.934119477868080139e-02 3.150460496544837952e-02 -7.963527739048004150e-02 5.100120231509208679e-02 4.028854519128799438e-02 3.625159710645675659e-02 6.880608201026916504e-02 7.738424837589263916e-02 4.256924986839294434e-02 1.279210001230239868e-01 3.048073686659336090e-02 -1.377396378666162491e-02 -4.202092811465263367e-02 9.883310412988066673e-04 5.548723973333835602e-03 -3.594445064663887024e-02 -4.185777902603149414e-02
-3.595224395394325256e-02 2.369793690741062164e-02 -2.754537016153335571e-02 -2.849130332469940186e-02 9.141968190670013428e-02 1.287450939416885376e-01 6.601668894290924072e-02 7.400488108396530151e-02 1.560071855783462524e-02 -2.276143804192543030e-02 9.981270134449005127e-02 1.027209907770156860e-01 9.677191078662872314e-02 1.219866424798965454e-01 1.261558979749679565e-01 1.252437829971313477e-01 1.553729623556137085e-01 5.678934976458549500e-04 -1.060322672128677368e-02 1.128122583031654358e-02 -4.164854437112808228e-02 -2.100277051795274019e-04 -4.184272885322570801e-02 -4.474417865276336670e-02 -4.219629615545272827e-02 -5.721995234489440918e-02 -2.788887917995452881e-02 1.576123684644699097e-01 -8.106275647878646851e-02 2.571148425340652466e-02 -2.223944105207920074e-02 6.583612412214279175e-02 -4.101551324129104614e-02 -9.718775004148483276e-02 1.343017071485519409e-02 1.311384290456771851e-01 -1.272659748792648315e-01 6.652779877185821533e-02 3.969285264611244202e-02 -1.419150736182928085e-02 2.904725493863224983e-03 1.289572715759277344e-01 1.079875510185956955e-02 1.321862637996673584e-01 1.025178432464599609e-01 -4.552929848432540894e-02 1.566395312547683716e-01 1.333028376102447510e-01 -2.509084343910217285e-02 1.485548820346593857e-02 1.504543572664260864e-01 5.840430036187171936e-02 -3.919684141874313354e-02 8.001238107681274414e-03 -1.421114802360534668e-02 -1.454037874937057495e-01 2.654408745002001524e-04 2.288039959967136383e-02 8.147486299276351929e-02 -7.667453587055206299e-02 -1.340876966714859009e-01 2.082646265625953674e-02 -3.879324346780776978e-02 5.058408901095390320e-02 9.406017512083053589e-02 3.198105376213788986e-03 -1.350858360528945923e-01 5.796504393219947815e-02 -2.799085155129432678e-02 1.120551396161317825e-02 -3.561133518815040588e-02 7.095411419868469238e-02 -8.134344965219497681e-02 1.366261094808578491e-01 4.143514856696128845e-02 2.016432583332061768e-02 -2.748553827404975891e-02 -9.005936235189437866e-02 -1.240566000342369080e-01 -1.050098091363906860e-01 -5.748345050960779190e-03 -1.419967412948608398e-01 -1.460334807634353638e-01 1.417320370674133301e-01 -1.404148638248443604e-01 -1.557386219501495361e-01 9.312637150287628174e-02 1.049320562742650509e-03 2.821283182129263878e-03 3.522294014692306519e-02 -7.868847250938415527e-02 1.263252347707748413e-01 -5.414072051644325256e-02 5.116430670022964478e-02 1.053822860121726990e-01 2.350845746695995331e-02 1.210848093032836914e-01 1.909967884421348572e-02 5.437812954187393188e-02 -1.279330104589462280e-01
9.280843287706375122e-02 2.417807839810848236e-02 1.655000448226928711e-02 -7.802231609821319580e-02 5.488171800971031189e-02 1.466787159442901611e-01 1.690548062324523926e-01 2.702111564576625824e-02 1.297531425952911377e-01 6.487817317247390747e-02 1.556546539068222046e-01 1.150000095367431641e-02 2.925780788064002991e-02 1.072990745306015015e-01 -1.710006594657897949e-02 2.071819268167018890e-02 3.113410435616970062e-02 -2.707436122000217438e-02 3.796992450952529907e-02 -8.715994656085968018e-02 -4.002803936600685120e-02 1.039122343063354492e-01 -4.783983901143074036e-02 -2.991087175905704498e-02 -1.199164893478155136e-02 -7.194897159934043884e-03 -7.285664975643157959e-02 1.947071105241775513e-01 -9.405408054590225220e-02 1.610719971358776093e-02 2.791590988636016846e-03 1.233981475234031677e-01 7.559306919574737549e-02 -5.603094026446342468e-02 -5.621576309204101562e-02 -9.132058918476104736e-02 -6.366825103759765625e-02 -6.977515667676925659e-02 -2.944697253406047821e-02 -1.278742998838424683e-01 1.024802997708320618e-01 7.380820810794830322e-02 -5.629606172442436218e-02 1.667477637529373169e-01 -1.005614250898361206e-01 -4.213458299636840820e-02 6.840378046035766602e-02 6.188614666461944580e-02 -1.264618635177612305e-01 1.049137338995933533e-01 1.364787071943283081e-01 -1.464094384573400021e-03 4.693942144513130188e-02 2.064956538379192352e-02 -3.882054239511489868e-02 -1.016940772533416748e-01 -2.292400225996971130e-03 2.084396407008171082e-02 8.741828054189682007e-02 -4.043525829911231995e-02 -3.678004071116447449e-02 5.215328186750411987e-03 3.217909485101699829e-02 -2.962582558393478394e-02 -5.468771979212760925e-02 1.059404537081718445e-01 9.025386534631252289e-03 -8.389458060264587402e-02 -6.923964619636535645e-02 -4.595514386892318726e-02 4.020711407065391541e-02 -5.011684820055961609e-02 1.925477944314479828e-02 -6.058765947818756104e-02 2.135141286998987198e-03 -7.780168950557708740e-02 -1.039908900856971741e-01 -5.253878235816955566e-02 -1.223667804151773453e-02 -8.920580893754959106e-02 -1.568637043237686157e-01 -7.769685983657836914e-02 -8.553131669759750366e-02 5.518254265189170837e-02 -1.030808389186859131e-01 -7.207686454057693481e-02 1.146683655679225922e-02 -3.357898443937301636e-02 6.060447078198194504e-03 3.373095393180847168e-02 -2.404706366360187531e-02 6.748361885547637939e-02 -4.686347022652626038e-02 5.256568081676959991e-03 2.135212905704975128e-02 7.340991497039794922e-02 -3.483206033706665039e-02 5.377228837460279465e-03 1.384246349334716797e-01 -7.455966621637344360e-02
1.520468760281801224e-02 5.142533406615257263e-02 -5.248082429170608521e-02 -1.083103194832801819e-02 7.125720381736755371e-02 3.122620051726698875e-03 8.650770038366317749e-02 -5.231361091136932373e-02 5.652660131454467773e-02 9.164892137050628662e-02 3.998001664876937866e-02 6.874275952577590942e-02 4.263665899634361267e-02 -5.774083547294139862e-03 1.555726826190948486e-01 1.111136600375175476e-01 1.535138189792633057e-01 -1.561571210622787476e-01 1.163790449500083923e-01 2.427795529365539551e-02 -4.644305258989334106e-02 2.442295663058757782e-02 -8.681907504796981812e-02 3.477782383561134338e-02 -1.164769977331161499e-01 -6.078301370143890381e-02 -1.701842695474624634e-01 -1.051882747560739517e-03 -4.463829565793275833e-03 -1.501944009214639664e-02 -1.786214262247085571e-01 9.027926251292228699e-03 1.126380190253257751e-01 -8.620329201221466064e-03 -8.596317470073699951e-02 4.200665745884180069e-03 -2.951048873364925385e-02 2.903377078473567963e-02 4.261403530836105347e-02 -1.144719645380973816e-01 6.721141934394836426e-02 5.999693274497985840e-02 9.053987264633178711e-02 -1.936971209943294525e-02 4.726510122418403625e-02 -2.467051893472671509e-02 8.287970721721649170e-02 1.006745696067810059e-01 -7.941179722547531128e-02 6.238687410950660706e-02 6.537785381078720093e-02 -8.636416494846343994e-02 1.568675190210342407e-01 1.650411188602447510e-01 -4.454062879085540771e-02 -5.171381682157516479e-02 -2.188404835760593414e-02 1.207913532853126526e-01 3.778453171253204346e-02 -8.538593351840972900e-02 7.206787914037704468e-02 8.998312801122665405e-02 -7.978041470050811768e-02 1.184830442070960999e-02 6.594277173280715942e-02 1.553108245134353638e-01 2.976584434509277344e-02 9.542801231145858765e-02 -5.723768472671508789e-02 -7.083976268768310547e-02 3.763541579246520996e-02 4.098235443234443665e-02 -9.519387967884540558e-03 6.079522147774696350e-02 -1.678914129734039307e-01 2.276654168963432312e-02 9.109981358051300049e-03 6.142248585820198059e-02 -3.664436051622033119e-03 2.620496554300189018e-03 -1.002746447920799255e-01 -7.577897608280181885e-02 -1.021923422813415527e-01 1.480530351400375366e-01 -1.207110658288002014e-01 -1.178046804852783680e-03 -2.986518107354640961e-02 3.600424155592918396e-02 1.490001380443572998e-02 -1.576439244672656059e-03 5.690436065196990967e-02 1.796322762966156006e-01 -5.785291269421577454e-02 8.079066872596740723e-03 -9.779512882232666016e-02 5.596047267317771912e-02 4.006666690111160278e-02 1.628791727125644684e-02 9.690687805414199829e-02 -2.551119774580001831e-02
9.782183170318603516e-02 -1.818900345824658871e-03 -7.313371449708938599e-02 5.820998921990394592e-02 -5.443079769611358643e-02 -3.278640657663345337e-02 -6.105583161115646362e-03 -1.016761586070060730e-01 -2.065538195893168449e-03 -6.392920762300491333e-02 4.323273152112960815e-02 -8.708373457193374634e-02 7.879468053579330444e-02 -4.075452685356140137e-02 5.544240120798349380e-03 -1.509047858417034149e-02 -3.881924971938133240e-02 -5.713281407952308655e-02 -5.359723418951034546e-02 -8.546000719070434570e-02 -5.494927242398262024e-02 -1.097669601440429688e-01 4.789942502975463867e-02 6.137281283736228943e-02 3.965146839618682861e-02 -1.372799556702375412e-02 -7.963221520185470581e-03 -7.908186316490173340e-02 -9.980329126119613647e-02 -7.721412181854248047e-02 -2.668960392475128174e-02 -6.283522397279739380e-02 8.362527005374431610e-03 -4.663608968257904053e-02 -2.540198713541030884e-02 9.143441915512084961e-02 6.204305961728096008e-02 -7.950705289840698242e-02 -4.480566829442977905e-02 -7.632913440465927124e-02 -1.959134265780448914e-02 1.050610542297363281e-01 4.223278909921646118e-02 -9.203901141881942749e-02 -3.504139930009841919e-02 5.018070805817842484e-03 1.053725704550743103e-01 -7.485295832157135010e-02 1.242262125015258789e-02 1.911650784313678741e-02 5.485153570771217346e-02 1.378639042377471924e-01 4.936983063817024231e-02 -6.903757899999618530e-02 1.981373690068721771e-02 6.816142797470092773e-02 -1.072573810815811157e-01 6.585659086704254150e-02 -6.661093980073928833e-02 -7.247738540172576904e-02 -1.322282198816537857e-02 3.329807147383689880e-02 -1.170074334368109703e-03 -4.492815118283033371e-03 4.611350968480110168e-02 1.948227286338806152e-01 -6.497547496110200882e-03 -6.050904095172882080e-02 -1.144913583993911743e-01 -2.391421198844909668e-01 -5.802867934107780457e-02 -3.895125910639762878e-02 -7.660631090402603149e-02 1.118257492780685425e-01 -1.666474342346191406e-02 -6.675539910793304443e-02 -4.487898945808410645e-02 -1.889115944504737854e-02 -4.848588258028030396e-02 1.003827899694442749e-01 -2.438894286751747131e-02 -7.773021608591079712e-02 -6.797142326831817627e-02 -7.245296239852905273e-02 -2.421486424282193184e-03 2.655745856463909149e-02 6.145703420042991638e-02 -1.362860086373984814e-03 8.815580606460571289e-02 -5.466959625482559204e-02 2.183019742369651794e-02 8.683396503329277039e-03 -4.530060663819313049e-02 9.838836640119552612e-02 4.859638959169387817e-02 4.516638442873954773e-02 5.184201523661613464e-02 1.439977809786796570e-02 9.124214947223663330e-02 2.661832980811595917e-02
1.523567289113998413e-01 2.751629427075386047e-02 -1.173500418663024902e-01 -6.191029027104377747e-02 1.440508961677551270e-01 9.972832351922988892e-02 1.324885636568069458e-01 -4.937756061553955078e-02 1.643211767077445984e-02 2.511946298182010651e-02 6.821864843368530273e-02 4.155730083584785461e-02 1.202982962131500244e-01 5.515288934111595154e-02 1.010101661086082458e-01 4.129413887858390808e-02 9.299943596124649048e-02 -1.049243360757827759e-01 1.212050467729568481e-01 -3.684078902006149292e-02 -1.812768429517745972e-01 9.644462913274765015e-02 -8.743745274841785431e-03 7.770773023366928101e-02 -2.690752595663070679e-02 -1.408655643463134766e-01 -2.303089015185832977e-02 9.240747988224029541e-02 -3.986052796244621277e-02 -5.904295481741428375e-03 -1.853225082159042358e-01 1.270392094738781452e-04 1.728060096502304077e-02 -2.254801429808139801e-02 -1.766811870038509369e-02 5.752096418291330338e-03 -1.359420269727706909e-01 -1.377662271261215210e-02 1.285832077264785767e-01 -1.131538748741149902e-01 -6.079055368900299072e-03 5.034787952899932861e-02 5.537286028265953064e-02 9.080495685338973999e-02 -1.078088022768497467e-02 -1.565559655427932739e-01 9.136416949331760406e-03 1.987128853797912598e-01 -1.252192407846450806e-01 1.284088194370269775e-01 -4.700134508311748505e-03 -9.022738039493560791e-02 8.037362247705459595e-02 9.605412185192108154e-02 -2.913970127701759338e-02 4.581657797098159790e-02 -6.358530372381210327e-02 1.044592633843421936e-01 1.162547152489423752e-02 -1.323196440935134888e-01 -4.696433246135711670e-02 5.303465202450752258e-02 -2.205733954906463623e-02 -3.771015629172325134e-02 8.306962996721267700e-02 -9.232548065483570099e-03 -7.649172097444534302e-02 4.578674584627151489e-02 -5.192387849092483521e-02 -5.572189018130302429e-02 -7.370539754629135132e-02 3.550728037953376770e-02 5.682094767689704895e-02 7.029529660940170288e-02 -1.482384651899337769e-01 3.398744016885757446e-02 -9.186524152755737305e-02 -7.537756860256195068e-02 1.455246657133102417e-02 -9.669896215200424194e-02 -1.469330303370952606e-02 2.623025327920913696e-02 -6.033383682370185852e-02 -2.013745531439781189e-02 -3.252359339967370033e-03 -7.946361787617206573e-03 3.725968673825263977e-02 2.542385831475257874e-02 -6.118221953511238098e-02 -8.705238252878189087e-02 1.066950801759958267e-02 5.179553478956222534e-02 -7.381330430507659912e-02 -7.482603937387466431e-02 6.922867149114608765e-02 6.250622123479843140e-02 2.211196348071098328e-02 3.751087188720703125e-02 2.668415196239948273e-02 4.041070863604545593e-02
-3.137489035725593567e-02 -8.756194263696670532e-02 1.386703550815582275e-01 1.599848419427871704e-01 -8.700075745582580566e-02 -3.953203558921813965e-02 -9.905982017517089844e-02 2.910229004919528961e-02 -2.868402004241943359e-02 -1.218592971563339233e-01 -3.642122820019721985e-02 7.322200387716293335e-02 -1.314675360918045044e-01 -8.264068514108657837e-02 6.465452723205089569e-03 -1.506032943725585938e-01 7.752211764454841614e-03 -1.732904464006423950e-02 -8.638694882392883301e-02 3.893158584833145142e-02 4.280991852283477783e-02 -3.463183715939521790e-02 1.113167032599449158e-02 3.992810472846031189e-02 6.781094521284103394e-02 1.062985733151435852e-01 -1.562541909515857697e-02 -1.223558485507965088e-01 -6.875469814985990524e-03 5.932619795203208923e-02 6.407685577869415283e-02 -1.300828605890274048e-01 -2.016866765916347504e-02 1.624433398246765137e-01 -1.377250067889690399e-02 8.795651048421859741e-02 1.306671947240829468e-01 9.525727480649948120e-03 -3.511178120970726013e-02 -1.923723705112934113e-02 -8.782649785280227661e-02 2.501654252409934998e-02 1.687992177903652191e-02 -3.249789401888847351e-02 -3.128664940595626831e-02 2.807952649891376495e-02 1.440418232232332230e-02 -1.011549979448318481e-01 3.647282347083091736e-02 -1.119399219751358032e-01 1.480200514197349548e-02 5.376050621271133423e-02 9.525617584586143494e-03 -6.889373809099197388e-02 -4.096762277185916901e-03 8.850827813148498535e-02 4.070038720965385437e-02 -1.697338558733463287e-02 -5.212384834885597229e-02 1.098144054412841797e-01 6.632297486066818237e-02 -3.677833452820777893e-02 2.111176028847694397e-02 -3.412064630538225174e-03 -8.756867796182632446e-02 -9.574765712022781372e-02 -7.275234907865524292e-02 -5.248364526778459549e-03 -6.408323347568511963e-02 -4.349089786410331726e-02 1.105354651808738708e-01 -5.742591992020606995e-02 -6.385923177003860474e-02 -3.584448480978608131e-03 8.111989498138427734e-02 -9.450364741496741772e-04 9.318550676107406616e-02 -1.018688753247261047e-01 9.845560044050216675e-02 4.638359881937503815e-03 5.335414037108421326e-02 6.972733885049819946e-02 8.584459871053695679e-02 -3.746835514903068542e-02 -4.507986828684806824e-02 8.025011420249938965e-02 -9.448517113924026489e-03 1.784287206828594208e-02 9.472289681434631348e-02 1.608761996030807495e-01 -3.956903517246246338e-02 -4.437213391065597534e-02 9.143948554992675781e-02 -4.766159690916538239e-03 1.629364676773548126e-02 -1.248204410076141357e-01 4.894236102700233459e-02 -3.025218658149242401e-02 5.546471569687128067e-03 7.306175678968429565e-02
-9.986921399831771851e-02 8.667011559009552002e-02 -7.850316911935806274e-02 -1.990573480725288391e-02 2.997145801782608032e-02 -1.198492012917995453e-03 1.479857116937637329e-01 -8.022373169660568237e-02 1.334154419600963593e-02 -4.340386763215065002e-02 -7.488545961678028107e-04 -4.871590062975883484e-02 4.627563524991273880e-03 -9.244558960199356079e-02 -1.024222820997238159e-01 -8.115809410810470581e-02 -5.966632440686225891e-02 5.236596241593360901e-02 -3.054814599454402924e-02 -3.170939628034830093e-03 6.590536981821060181e-02 -2.295338176190853119e-02 6.531632691621780396e-02 1.024298369884490967e-01 1.249936129897832870e-02 9.966000169515609741e-02 -4.113256186246871948e-02 -3.447307273745536804e-02 1.201878488063812256e-01 -3.350993618369102478e-02 6.326306611299514771e-02 2.172232791781425476e-02 -6.285902112722396851e-02 2.967953681945800781e-02 5.750655010342597961e-02 -1.884464547038078308e-02 4.009387921541929245e-03 6.616169214248657227e-02 -9.501323103904724121e-02 -3.700117394328117371e-02 -1.044042874127626419e-02 -1.198749616742134094e-01 3.888558223843574524e-02 1.523830089718103409e-02 -5.968230962753295898e-02 8.361444622278213501e-02 -1.031838133931159973e-01 8.707413077354431152e-02 3.519930317997932434e-02 -1.881977170705795288e-02 5.605679750442504883e-02 -9.441341459751129150e-02 -1.067132204771041870e-01 2.784832194447517395e-02 4.883709922432899475e-02 1.293831388466060162e-03 1.171335056424140930e-01 8.181277662515640259e-02 9.240293502807617188e-02 1.747723435983061790e-03 8.061641454696655273e-02 -2.274560183286666870e-02 1.603558957576751709e-01 3.912704810500144958e-02 -7.117982953786849976e-02 -1.001361757516860962e-03 4.101505503058433533e-03 -3.593211993575096130e-03 1.227211207151412964e-01 1.627890579402446747e-02 8.226631581783294678e-02 -9.123136103153228760e-02 1.671172305941581726e-02 -4.254050180315971375e-02 1.276123076677322388e-01 -5.287608131766319275e-02 1.222350746393203735e-01 1.180141419172286987e-01 1.317051984369754791e-02 3.524438664317131042e-02 7.326862961053848267e-02 5.469315126538276672e-02 -3.210284188389778137e-02 1.042211521416902542e-02 5.275243148207664490e-02 6.717932969331741333e-02 -6.456471979618072510e-02 -5.316349118947982788e-02 -4.698471724987030029e-02 6.229134276509284973e-02 3.727210685610771179e-02 5.633796751499176025e-02 1.126182749867439270e-01 -9.692949056625366211e-02 -9.113110601902008057e-03 -5.507227405905723572e-02 -1.974256522953510284e-02 1.931940205395221710e-02 -4.102259874343872070e-02 6.519638746976852417e-02
-7.045882195234298706e-02 -1.826102845370769501e-03 -5.058080703020095825e-02 -7.341104000806808472e-02 6.624981015920639038e-02 7.221353054046630859e-02 1.144476458430290222e-01 1.024918444454669952e-02 1.145760789513587952e-01 1.532804816961288452e-01 1.434736698865890503e-01 6.944023817777633667e-02 -8.710167370736598969e-03 5.007372796535491943e-02 9.624720364809036255e-02 1.497408151626586914e-01 1.601832211017608643e-01 -3.709630295634269714e-02 1.557172536849975586e-01 -8.509293198585510254e-03 -1.672773659229278564e-01 -4.917077347636222839e-02 -2.452060766518115997e-02 -2.569983527064323425e-02 -1.161838695406913757e-02 -1.734657883644104004e-01 5.171635653823614120e-03 5.897725373506546021e-02 -1.125401481986045837e-01 -8.091402240097522736e-03 -7.578410208225250244e-02 9.651730209589004517e-02 2.533160522580146790e-02 -8.928669244050979614e-02 -3.899211436510086060e-02 -1.059970632195472717e-02 4.039449617266654968e-02 6.880274508148431778e-03 1.236525103449821472e-01 -6.788577884435653687e-02 -3.329209610819816589e-02 -1.800091378390789032e-02 -6.723622977733612061e-02 3.652253746986389160e-02 -5.253224447369575500e-02 -1.273664385080337524e-01 4.491595178842544556e-02 8.557522669434547424e-03 -2.942358260042965412e-04 1.353801190853118896e-01 1.157256215810775757e-01 5.887069553136825562e-02 -2.324159629642963409e-02 1.494889110326766968e-01 2.021444588899612427e-02 9.640278667211532593e-02 1.901300996541976929e-02 5.930899456143379211e-02 7.192897796630859375e-02 -1.412433981895446777e-01 1.369647830724716187e-01 -4.716467112302780151e-02 -1.285587698221206665e-01 3.849153965711593628e-02 3.178440406918525696e-02 5.535504966974258423e-02 5.365937203168869019e-02 -6.446798890829086304e-02 -6.964451819658279419e-02 -8.677008748054504395e-02 -4.853538423776626587e-02 -2.896639518439769745e-02 1.656895875930786133e-01 -1.224190071225166321e-01 -1.038705259561538696e-01 -4.293037578463554382e-02 -6.167320907115936279e-02 5.150457471609115601e-02 -1.212103664875030518e-02 -1.191759184002876282e-01 -1.554028987884521484e-01 2.736028842628002167e-02 -7.598762214183807373e-02 7.493358850479125977e-02 -4.798623174428939819e-02 5.796884186565876007e-03 7.616937160491943359e-02 -1.318481862545013428e-01 -7.368902862071990967e-02 -5.393149331212043762e-02 -3.790579736232757568e-02 4.790591076016426086e-02 7.064859569072723389e-02 7.032588869333267212e-02 1.173124648630619049e-02 8.610296249389648438e-02 1.808483153581619263e-02 7.674491405487060547e-02 1.402668803930282593e-01 1.888850331306457520e-02
-8.232520893216133118e-03 -1.123670116066932678e-01 1.047535091638565063e-01 -7.804819196462631226e-02 8.475842326879501343e-02 4.435097053647041321e-02 -1.439637988805770874e-01 -8.933222293853759766e-02 5.109033361077308655e-02 -6.081921979784965515e-02 7.568799704313278198e-02 4.557921737432479858e-02 7.445418089628219604e-02 -8.596052974462509155e-02 4.919721186161041260e-02 -6.504547595977783203e-02 5.440435931086540222e-02 -7.264786213636398315e-02 9.239462087862193584e-04 4.164066631346940994e-03 1.000862419605255127e-01 6.215760484337806702e-02 -5.905930697917938232e-02 4.392736777663230896e-02 -8.427817374467849731e-03 1.101450994610786438e-01 -9.815313667058944702e-02 1.583264768123626709e-02 -7.240413874387741089e-02 1.329083275049924850e-02 2.403099648654460907e-02 5.258932709693908691e-02 1.001311019062995911e-01 7.485803216695785522e-02 8.483081310987472534e-02 1.034636795520782471e-01 1.810484193265438080e-02 3.005180042237043381e-03 -2.368322387337684631e-02 2.251501940190792084e-02 -6.451435387134552002e-02 3.754578530788421631e-02 -1.337731331586837769e-01 1.140352059155702591e-02 1.029822304844856262e-01 4.114146810024976730e-03 -6.971541792154312134e-02 -6.216742098331451416e-03 -2.978758513927459717e-02 1.510559916496276855e-01 5.749212205410003662e-02 -2.086669206619262695e-02 -9.516086429357528687e-02 -3.754696622490882874e-02 4.016320034861564636e-02 -1.075678318738937378e-01 -4.091949760913848877e-02 -6.681331247091293335e-02 -5.501700565218925476e-02 -4.113937914371490479e-02 -3.993110358715057373e-02 1.107879802584648132e-01 -3.450649231672286987e-02 -6.360845267772674561e-02 6.793653219938278198e-02 3.208714723587036133e-02 -7.117599993944168091e-02 6.067064031958580017e-02 -7.990659773349761963e-02 -1.472248882055282593e-01 2.635162509977817535e-02 9.441347420215606689e-02 1.017984300851821899e-01 7.848851382732391357e-02 -5.141399800777435303e-03 -9.090323001146316528e-02 -6.361404806375503540e-02 -6.317184865474700928e-02 1.021819487214088440e-01 -2.500316500663757324e-02 5.099445208907127380e-02 -7.972606457769870758e-03 4.360973089933395386e-02 -1.091937050223350525e-01 4.149966686964035034e-02 1.003645081073045731e-02 -7.461487501859664917e-02 2.815144695341587067e-02 -5.450049787759780884e-02 -6.417565047740936279e-02 -5.725955218076705933e-02 -1.732127182185649872e-02 -2.439139410853385925e-02 -6.907418835908174515e-03 6.429750472307205200e-02 1.622059755027294159e-02 3.448522835969924927e-02 -2.855479530990123749e-02 -6.966583430767059326e-02 -1.171143278479576111e-01
1.198688969016075134e-01 8.584332466125488281e-02 -1.527623087167739868e-01 -1.181777194142341614e-01 1.100585460662841797e-01 5.093781277537345886e-02 8.016861975193023682e-02 -5.977924540638923645e-02 1.355467289686203003e-01 1.118720024824142456e-01 1.104720309376716614e-01 4.072714969515800476e-02 6.093836203217506409e-02 1.404316872358322144e-01 1.416616439819335938e-01 1.484787315130233765e-01 6.518777459859848022e-02 -1.452112104743719101e-02 1.254918128252029419e-01 -8.720850199460983276e-02 -7.277662307024002075e-02 -3.136064857244491577e-02 -1.638307422399520874e-01 6.707897782325744629e-02 -9.535988420248031616e-02 -2.913585677742958069e-02 1.823552697896957397e-02 1.053103730082511902e-01 -1.167250275611877441e-01 2.744226530194282532e-02 -1.555067300796508789e-02 5.729879811406135559e-02 -4.102442041039466858e-02 -8.276103064417839050e-03 3.380842506885528564e-02 -1.806155778467655182e-02 -1.199231296777725220e-01 7.182273268699645996e-02 1.425975412130355835e-01 -6.883798167109489441e-03 2.652116678655147552e-02 1.748385876417160034e-01 -4.151249304413795471e-02 -2.123988233506679535e-02 -6.548566743731498718e-03 -7.942831516265869141e-02 5.043133720755577087e-02 7.173889875411987305e-02 -1.675711013376712799e-02 1.019845996052026749e-02 7.118132710456848145e-02 -7.250403612852096558e-02 4.720837250351905823e-02 -2.368232235312461853e-02 3.901876509189605713e-02 -6.235122680664062500e-02 -3.426690818741917610e-03 9.534398466348648071e-02 -3.195665031671524048e-02 -6.035811454057693481e-02 -5.490220710635185242e-02 -5.464926362037658691e-02 -9.777127951383590698e-02 1.148678548634052277e-02 -8.588749915361404419e-03 3.732674568891525269e-02 8.685277402400970459e-02 -5.333903245627880096e-03 7.197450846433639526e-02 -2.354205399751663208e-02 -6.595984101295471191e-02 3.735513612627983093e-02 -2.848643064498901367e-02 -5.793892592191696167e-02 -6.226303055882453918e-02 -1.993428543210029602e-02 -1.340136975049972534e-01 -1.307570468634366989e-02 1.613842695951461792e-02 -6.714337039738893509e-03 -1.257311701774597168e-01 -1.014084294438362122e-01 -2.294410392642021179e-02 5.200305208563804626e-02 5.622608959674835205e-02 -1.091354340314865112e-01 7.753468304872512817e-02 -3.215027600526809692e-02 2.976188622415065765e-02 -1.343798041343688965e-01 4.332011565566062927e-02 1.025908961892127991e-01 5.783175304532051086e-02 7.998561114072799683e-02 5.907278135418891907e-02 3.359178826212882996e-02 -9.155488759279251099e-02 2.541551738977432251e-02 8.149076998233795166e-02 6.469737738370895386e-02
-2.327578142285346985e-02 6.784553173929452896e-03 -5.387859046459197998e-02 2.100308611989021301e-02 -6.349585950374603271e-03 -6.900090724229812622e-02 2.515751123428344727e-02 -3.151008486747741699e-02 -7.930223643779754639e-02 -6.702546030282974243e-02 3.970378264784812927e-02 2.133728563785552979e-02 -9.819089621305465698e-02 -5.259875208139419556e-02 8.427445776760578156e-03 7.043155282735824585e-02 4.625818878412246704e-02 9.731805324554443359e-02 -8.236807584762573242e-02 4.587734863162040710e-02 -6.088579446077346802e-02 3.963750973343849182e-02 -6.421721726655960083e-02 3.704776242375373840e-02 -5.408375989645719528e-03 2.769553288817405701e-02 -8.761253207921981812e-02 5.204937234520912170e-02 5.065550561994314194e-03 -7.342498004436492920e-02 6.134911254048347473e-02 8.633600175380706787e-02 -1.374381184577941895e-01 5.393441393971443176e-02 -9.400894865393638611e-03 -4.581819288432598114e-03 -4.378804937005043030e-02 5.292623117566108704e-02 -2.451115101575851440e-02 1.745338179171085358e-02 3.215636312961578369e-02 -6.388750672340393066e-02 -1.786547340452671051e-02 -9.006476402282714844e-02 -2.687587961554527283e-02 -9.135169535875320435e-02 -1.131443530321121216e-01 3.253785148262977600e-02 5.447293166071176529e-03 -4.945914819836616516e-02 1.462669018656015396e-02 7.439009845256805420e-03 -9.171120822429656982e-02 7.125771790742874146e-02 -1.245177760720252991e-01 -3.838314488530158997e-02 2.312650531530380249e-02 1.037614122033119202e-01 -1.244734786450862885e-02 3.690428286790847778e-02 3.367136791348457336e-02 -1.011916846036911011e-01 1.288219541311264038e-01 -4.451836645603179932e-02 4.296527057886123657e-02 -8.109632879495620728e-02 -8.111007511615753174e-02 -5.369978491216897964e-03 1.238175034523010254e-01 7.553037256002426147e-03 2.289040386676788330e-02 6.845983862876892090e-02 -9.504588524578139186e-05 -2.812065556645393372e-02 9.590172208845615387e-03 1.170021966099739075e-01 1.621408946812152863e-02 1.250928640365600586e-01 5.363966897130012512e-02 -2.449041232466697693e-02 3.128610551357269287e-02 -2.530815452337265015e-02 6.659307330846786499e-02 9.554673451930284500e-04 -5.752320215106010437e-02 6.066545099020004272e-02 -1.244018413126468658e-02 -6.836130470037460327e-02 -2.225922234356403351e-02 -8.924474567174911499e-02 9.872832894325256348e-02 -2.259484492242336273e-02 1.351788491010665894e-01 -5.769785493612289429e-02 -1.419595479965209961e-01 3.716113045811653137e-02 2.487014606595039368e-02 1.722350902855396271e-02 -7.302144914865493774e-02 -1.680810563266277313e-02
1.264508068561553955e-01 -1.950294524431228638e-02 -1.379975229501724243e-01 -3.497924190014600754e-03 1.296337507665157318e-02 1.131650134921073914e-01 9.445217251777648926e-02 -6.527776271104812622e-02 1.335793882608413696e-01 1.660415530204772949e-01 1.174619495868682861e-01 -3.340118005871772766e-02 3.898770315572619438e-03 1.081310957670211792e-01 8.003752678632736206e-02 2.446531318128108978e-02 7.095558196306228638e-02 2.602614834904670715e-02 1.754281967878341675e-01 -2.222819067537784576e-02 -3.259919816628098488e-03 2.471938170492649078e-02 -5.888520181179046631e-02 8.740583062171936035e-02 -8.670943230390548706e-02 -3.505450487136840820e-02 -1.547335386276245117e-01 9.931220859289169312e-02 -1.769371628761291504e-01 5.808436125516891479e-02 -8.094333857297897339e-02 2.774947136640548706e-02 1.325882226228713989e-01 -7.439356297254562378e-02 -6.286784261465072632e-02 -5.648335069417953491e-02 -1.018106564879417419e-01 -2.988398261368274689e-02 4.783013463020324707e-02 -1.240283101797103882e-01 -4.657581821084022522e-02 1.009631231427192688e-01 2.323064394295215607e-02 7.355728000402450562e-02 -8.906359225511550903e-02 -1.303739547729492188e-01 -2.063270658254623413e-02 7.602982223033905029e-03 -1.241033226251602173e-01 1.312534064054489136e-01 1.027263998985290527e-01 -8.916596323251724243e-02 1.373076345771551132e-02 4.930945113301277161e-02 -4.321326315402984619e-02 -5.220535025000572205e-02 -3.512879367917776108e-03 1.142211556434631348e-01 7.360202819108963013e-02 -1.634445227682590485e-02 5.156638845801353455e-02 -3.310044482350349426e-02 -9.874694794416427612e-02 -2.519828267395496368e-02 1.032614186406135559e-01 6.973361223936080933e-02 -2.250888943672180176e-02 1.580863445997238159e-02 -9.577470831573009491e-03 2.146574668586254120e-03 -8.819217979907989502e-02 -5.313979461789131165e-02 -2.023318968713283539e-02 -7.732924073934555054e-02 -4.453356936573982239e-02 -2.028885111212730408e-02 -1.317690908908843994e-01 -2.636468969285488129e-02 -7.695060968399047852e-02 -5.389229580760002136e-02 2.354882657527923584e-03 -6.706761568784713745e-02 -8.455494046211242676e-02 1.142775192856788635e-01 5.328725278377532959e-02 -1.128159314393997192e-01 2.949506416916847229e-02 -1.116236299276351929e-01 -3.910119459033012390e-02 -1.243132203817367554e-01 -8.296405524015426636e-02 8.035948872566223145e-02 -1.001144479960203171e-02 -1.263101468794047832e-03 -3.268608823418617249e-02 4.891747236251831055e-02 3.181031346321105957e-02 1.329474151134490967e-01 -1.253931131213903427e-02 -1.233437471091747284e-02
2.667307481169700623e-02 -2.317985333502292633e-02 -1.503334045410156250e-01 -3.545575961470603943e-02 1.206138953566551208e-01 1.169643104076385498e-01 1.315388362854719162e-02 9.553335607051849365e-03 3.324933350086212158e-02 1.573789119720458984e-01 -7.962637394666671753e-02 6.054221186786890030e-03 1.019657701253890991e-01 1.400042790919542313e-02 3.206141293048858643e-02 -8.024662733078002930e-03 4.495060816407203674e-02 3.825480490922927856e-02 1.180439665913581848e-01 1.107668038457632065e-02 2.908518724143505096e-02 1.600190624594688416e-02 -4.430375620722770691e-02 3.350234404206275940e-02 -1.195637658238410950e-01 5.626767128705978394e-02 -4.731115326285362244e-02 1.251512020826339722e-01 -8.842409402132034302e-02 7.876862585544586182e-02 -3.756750747561454773e-02 9.859916567802429199e-02 1.241404935717582703e-01 5.430221557617187500e-03 3.309204429388046265e-02 -1.016703695058822632e-01 -9.815946221351623535e-02 -7.737102918326854706e-03 1.476932018995285034e-01 -4.594924300909042358e-02 2.723606117069721222e-02 1.022584736347198486e-01 1.364214345812797546e-02 1.048220023512840271e-01 -5.776536092162132263e-02 -7.652368396520614624e-02 4.377709701657295227e-02 4.892450943589210510e-02 -1.231355741620063782e-01 -1.671353727579116821e-02 -6.365788727998733521e-02 1.798270153813064098e-03 3.683890774846076965e-02 7.185468077659606934e-02 -1.163958981633186340e-01 -6.573200225830078125e-02 8.449201285839080811e-02 -1.120355445891618729e-02 1.296433210372924805e-01 -8.273454010486602783e-02 -5.669055134057998657e-02 -6.693315505981445312e-02 -1.595407910645008087e-02 -2.323105186223983765e-02 4.668674245476722717e-02 -6.210154294967651367e-02 1.622883230447769165e-02 6.093351542949676514e-02 -4.070790112018585205e-02 -1.889109611511230469e-02 3.477558866143226624e-02 1.024473905563354492e-01 -4.738866817206144333e-03 1.088643539696931839e-02 2.258802019059658051e-02 6.774959713220596313e-02 2.198670059442520142e-02 3.801873652264475822e-03 2.505587413907051086e-02 -1.515801101922988892e-01 -1.420076638460159302e-01 1.674594730138778687e-02 -5.281564593315124512e-02 4.801621660590171814e-02 -9.513708949089050293e-02 -3.951763361692428589e-02 8.409467339515686035e-02 1.197875477373600006e-02 -4.205834120512008667e-02 -1.299426257610321045e-01 -5.055778101086616516e-02 1.740610450506210327e-01 -9.842780232429504395e-02 -1.076543796807527542e-02 -4.978981800377368927e-03 -9.373470209538936615e-03 -1.161942556500434875e-01 1.009888947010040283e-01 1.139201000332832336e-01 6.531689316034317017e-02
4.761419817805290222e-02 -1.272278130054473877e-01 8.899904787540435791e-02 -4.769278690218925476e-02 -2.020289190113544464e-03 2.298503927886486053e-02 -1.063157618045806885e-01 1.239535138010978699e-01 -2.062747627496719360e-02 3.491913527250289917e-02 6.452947854995727539e-02 5.612843483686447144e-02 -5.236950144171714783e-02 1.562315318733453751e-02 1.427764724940061569e-02 -2.453272230923175812e-02 3.014856576919555664e-02 9.101519361138343811e-03 -1.457302868366241455e-01 7.816021889448165894e-02 6.864459812641143799e-02 -2.498732507228851318e-02 8.776697516441345215e-02 4.731516540050506592e-02 9.735116362571716309e-02 -5.820582434535026550e-02 -4.810199141502380371e-02 -1.262319982051849365e-01 1.788921363186091185e-04 -1.234396621584892273e-01 -1.510758232325315475e-02 1.944391243159770966e-02 1.097070984542369843e-02 2.539168111979961395e-02 4.111683741211891174e-02 -7.277235388755798340e-02 9.233720600605010986e-03 1.131719350814819336e-01 -6.745615601539611816e-02 -3.096140548586845398e-02 -8.707498013973236084e-02 1.657991856336593628e-02 -3.077766485512256622e-02 -1.278453916311264038e-01 -1.079125236719846725e-02 9.190644137561321259e-03 5.981331691145896912e-02 -2.149296924471855164e-02 8.632659167051315308e-02 -4.231302812695503235e-02 -6.414814293384552002e-02 1.132119372487068176e-01 -7.415123283863067627e-03 -1.020653992891311646e-01 1.055442169308662415e-02 6.293570250272750854e-02 -9.115032106637954712e-02 -5.430554971098899841e-02 7.427086587995290756e-03 2.179417572915554047e-02 -2.070077694952487946e-02 7.515428215265274048e-02 -1.775916814804077148e-01 9.054896980524063110e-02 4.575339332222938538e-02 3.490000963211059570e-02 5.797153804451227188e-03 -7.232566177845001221e-02 -3.107480332255363464e-02 -2.018445581197738647e-01 -3.314432129263877869e-02 8.753129839897155762e-02 -1.203022450208663940e-01 7.521190494298934937e-02 -8.028937876224517822e-02 -9.700897149741649628e-03 3.458293154835700989e-02 -8.071397989988327026e-02 7.383158802986145020e-02 1.375384330749511719e-01 1.078537777066230774e-01 5.197646096348762512e-02 -4.799650236964225769e-02 -6.354079116135835648e-03 -3.402348607778549194e-02 1.553318500518798828e-01 9.959182888269424438e-02 1.363108400255441666e-02 8.911766111850738525e-02 4.213674366474151611e-02 -3.522407636046409607e-02 -1.627372205257415771e-01 6.168775260448455811e-03 6.214601173996925354e-02 6.878869235515594482e-02 1.318412646651268005e-02 9.769564121961593628e-02 3.705842792987823486e-02 1.086005382239818573e-02 -1.253003776073455811e-01
4.828703403472900391e-02 4.724305868148803711e-02 3.740543872117996216e-02 -9.525996446609497070e-02 6.772921979427337646e-02 6.358452606946229935e-03 2.562188357114791870e-02 -1.398653537034988403e-02 -4.583385586738586426e-02 -2.395829372107982635e-02 6.270210444927215576e-02 -3.271980211138725281e-02 5.405216291546821594e-02 1.397460550069808960e-01 8.304295688867568970e-02 -3.249989077448844910e-02 -1.549710985273122787e-02 -1.080519258975982666e-01 -8.010140806436538696e-02 1.409744727425277233e-03 -1.178416833281517029e-01 -3.479796275496482849e-02 -5.656287074089050293e-02 -1.265585981309413910e-02 7.192005869001150131e-03 -2.643512003123760223e-02 3.996574133634567261e-02 1.028609052300453186e-01 -1.360801160335540771e-01 -6.267888098955154419e-02 -6.544557958841323853e-02 -1.132671721279621124e-02 1.362488716840744019e-01 -8.078771084547042847e-02 5.340270698070526123e-02 -2.547581493854522705e-02 -1.293755024671554565e-01 2.442221902310848236e-02 -4.261009395122528076e-02 -1.094580665230751038e-01 -1.352625340223312378e-02 1.312666535377502441e-01 -3.785568475723266602e-02 -6.908289343118667603e-02 9.923870861530303955e-02 -2.877775765955448151e-02 2.991480380296707153e-02 6.865756213665008545e-02 2.974979206919670105e-02 7.850073277950286865e-03 -2.173494780436158180e-03 5.127947777509689331e-02 4.337081313133239746e-02 9.512674063444137573e-02 6.998700555413961411e-03 -8.306906372308731079e-02 -1.073806956410408020e-01 1.046350598335266113e-01 5.770275741815567017e-02 -9.034205228090286255e-02 6.620610598474740982e-03 1.641891151666641235e-01 -9.572540968656539917e-02 -1.199654564261436462e-01 1.134326308965682983e-02 2.034573256969451904e-02 5.448833107948303223e-02 5.400837585330009460e-02 -6.939751654863357544e-02 -3.942700475454330444e-02 -1.056900694966316223e-01 1.355987507849931717e-02 1.019039750099182129e-02 8.529043942689895630e-02 -5.742479115724563599e-03 -1.116139590740203857e-01 2.455234900116920471e-02 -2.910818718373775482e-02 -5.120102781802415848e-03 -5.308071896433830261e-02 4.257438331842422485e-02 -1.070568487048149109e-01 1.440582331269979477e-03 -3.901931643486022949e-02 -3.731556609272956848e-02 4.789494723081588745e-02 8.601526170969009399e-02 -8.041320741176605225e-02 -6.449177116155624390e-02 -1.389987766742706299e-01 -9.624169766902923584e-02 -4.017638787627220154e-02 -1.631148904561996460e-01 1.229451149702072144e-01 1.026321575045585632e-01 8.799328655004501343e-02 -1.044684369117021561e-02 8.989141136407852173e-02 -6.345379352569580078e-02 5.219115689396858215e-02
-3.358470275998115540e-02 -5.773188173770904541e-02 -3.405607119202613831e-02 4.319136962294578552e-02 6.737435609102249146e-02 -5.301059782505035400e-02 2.483487315475940704e-02 1.091752108186483383e-02 1.547544170171022415e-02 -6.534968316555023193e-02 6.021135672926902771e-02 2.431065402925014496e-02 -1.791185513138771057e-02 1.776629686355590820e-02 -9.161368943750858307e-03 5.243855342268943787e-02 1.021598801016807556e-01 -5.486923456192016602e-02 7.143562287092208862e-02 -7.797607779502868652e-02 -6.668365746736526489e-02 -1.030567362904548645e-01 -1.099649444222450256e-02 5.587631836533546448e-02 -1.007940694689750671e-01 -1.518639177083969116e-02 1.728189527057111263e-04 9.537988156080245972e-02 -7.333506643772125244e-02 -1.005000472068786621e-01 -2.281517349183559418e-02 -1.037728623487055302e-03 6.507753580808639526e-02 -4.875873029232025146e-02 1.300363242626190186e-01 1.128976345062255859e-01 -3.434873186051845551e-03 -1.375906448811292648e-02 9.322249889373779297e-02 -7.582012563943862915e-02 3.559703007340431213e-02 8.647954463958740234e-02 2.951474487781524658e-02 -2.430211938917636871e-02 1.107779890298843384e-02 -1.091919019818305969e-01 6.975226104259490967e-02 -7.616778463125228882e-02 -1.576576195657253265e-02 2.532768063247203827e-02 6.406194064766168594e-03 7.866586558520793915e-03 -9.649608400650322437e-04 -2.036508405581116676e-03 3.213980048894882202e-02 4.922981560230255127e-02 -6.720525026321411133e-02 3.947013244032859802e-02 -5.306103266775608063e-03 -8.195510599762201309e-04 6.698212772607803345e-02 4.391157627105712891e-02 -1.493207067251205444e-01 2.615470625460147858e-02 -5.912175774574279785e-02 1.226500943303108215e-01 -6.354423612356185913e-02 6.146818399429321289e-03 6.012385711073875427e-02 -9.505925327539443970e-02 -4.244147613644599915e-02 -5.565577745437622070e-02 -2.340245619416236877e-02 -1.824634522199630737e-02 -1.366543918848037720e-01 1.439774641767144203e-03 -1.154642999172210693e-01 -1.076797023415565491e-01 -7.928542792797088623e-02 -1.475404202938079834e-02 1.444429345428943634e-02 2.713574795052409172e-03 5.791635811328887939e-02 -5.154228955507278442e-02 -1.002046763896942139e-01 3.191794082522392273e-02 -1.417661923915147781e-02 -6.238200888037681580e-02 5.024908483028411865e-02 -1.197211742401123047e-01 -2.101062983274459839e-02 -7.840067148208618164e-03 -1.232087984681129456e-01 -1.808305643498897552e-02 2.537088841199874878e-02 4.686507862061262131e-03 -2.583599276840686798e-02 7.791263516992330551e-03 -9.663792699575424194e-02 1.003009267151355743e-02
-4.969872534275054932e-02 -4.560314491391181946e-02 -1.280910987406969070e-02 -9.982972592115402222e-02 -7.348991930484771729e-02 4.414247348904609680e-02 8.033529669046401978e-02 2.793548256158828735e-02 -1.471991185098886490e-02 -7.236476242542266846e-02 6.071667745709419250e-02 4.089031368494033813e-02 3.164856880903244019e-02 1.030565500259399414e-01 6.395177543163299561e-02 1.444294583052396774e-03 6.835130602121353149e-02 -8.554101921617984772e-03 6.778700649738311768e-02 -7.027922570705413818e-02 2.134360745549201965e-02 1.253270059823989868e-01 4.042730107903480530e-02 1.026117727160453796e-01 -4.159116744995117188e-02 -1.036747470498085022e-01 -4.257676005363464355e-02 -3.588992357254028320e-02 -7.319657504558563232e-02 3.751312906388193369e-04 -3.306425362825393677e-02 -2.927156351506710052e-02 -1.386480871587991714e-02 -2.037220261991024017e-02 5.504898726940155029e-02 -9.574116766452789307e-02 4.268734529614448547e-02 1.590763218700885773e-02 1.202586144208908081e-01 -9.596090763807296753e-03 -1.888936385512351990e-02 -6.493003573268651962e-03 7.657460868358612061e-02 -7.599830627441406250e-02 -1.304307430982589722e-01 -7.936764508485794067e-02 4.483665525913238525e-02 1.475035697221755981e-01 3.950602561235427856e-02 1.510114502161741257e-02 -5.043007695348933339e-05 -8.604612946510314941e-02 -6.043858081102371216e-02 -9.974484890699386597e-02 4.736010730266571045e-02 8.293576538562774658e-02 -7.709856145083904266e-04 -8.728256821632385254e-02 4.188845306634902954e-02 7.923757284879684448e-02 3.036694042384624481e-02 -9.660651534795761108e-02 1.350914090871810913e-01 -1.807259581983089447e-02 -1.301655024290084839e-01 2.189872786402702332e-02 4.847517982125282288e-02 1.457097474485635757e-02 -4.553000628948211670e-02 6.530988961458206177e-02 -7.254103571176528931e-02 -8.627934753894805908e-02 8.292425423860549927e-02 -4.965509288012981415e-03 5.691155791282653809e-02 -2.085360698401927948e-02 -2.788718044757843018e-02 4.688001051545143127e-02 -7.293022423982620239e-02 -6.379363685846328735e-02 -4.610682278871536255e-02 -7.234084606170654297e-02 4.088903660885989666e-04 -6.982977688312530518e-02 -4.945156723260879517e-02 6.337033212184906006e-02 4.644948989152908325e-02 -6.879910081624984741e-02 -7.044387608766555786e-02 8.455251809209585190e-04 1.572289019823074341e-01 3.703614324331283569e-02 -7.560476660728454590e-02 -1.401505805552005768e-02 1.445676665753126144e-02 -6.814608722925186157e-02 6.056860461831092834e-02 -5.615391209721565247e-02 1.267293691635131836e-01 1.197033524513244629e-01
-2.989060245454311371e-02 -7.274232059717178345e-02 1.083583831787109375e-01 1.247866898775100708e-01 3.672562167048454285e-02 -6.753876805305480957e-02 -1.120166014879941940e-02 -1.069191191345453262e-02 -1.381832361221313477e-01 -1.007690653204917908e-01 -9.142679721117019653e-02 5.678364634513854980e-02 3.225916624069213867e-02 -9.483724832534790039e-02 -5.738455336540937424e-03 5.251160822808742523e-03 -7.756474614143371582e-02 -1.664122007787227631e-02 -4.028828442096710205e-02 8.375784009695053101e-02 1.569817364215850830e-01 -3.868282958865165710e-02 5.106577277183532715e-02 -9.509523957967758179e-02 1.127324178814888000e-01 5.314811691641807556e-02 3.667256608605384827e-02 -1.506748050451278687e-01 5.541202053427696228e-02 -8.736815303564071655e-03 6.380439270287752151e-03 -3.251668810844421387e-02 3.754058480262756348e-02 1.471901834011077881e-01 -5.479550361633300781e-02 -7.324691861867904663e-02 1.776412501931190491e-02 4.675992950797080994e-02 -5.935951322317123413e-02 7.464482448995113373e-03 8.308074623346328735e-02 1.475337333977222443e-02 -6.022151932120323181e-02 -1.585207581520080566e-01 -6.207492947578430176e-02 1.007501408457756042e-01 5.367628857493400574e-02 -1.360742747783660889e-01 1.494159251451492310e-01 -2.044685184955596924e-02 -9.935580193996429443e-03 -8.305566012859344482e-02 -6.389952730387449265e-03 -1.497468631714582443e-02 3.009975887835025787e-02 -3.474131599068641663e-02 2.204113639891147614e-02 -1.121103018522262573e-01 -9.183452278375625610e-02 1.092421934008598328e-01 -1.109716445207595825e-01 -1.432668864727020264e-01 1.395733356475830078e-01 9.662476181983947754e-02 -7.294403016567230225e-02 -1.439808774739503860e-02 -5.648496747016906738e-02 -9.187629073858261108e-02 1.087948232889175415e-01 3.220351412892341614e-02 1.590385735034942627e-01 -1.175593510270118713e-01 -2.002483978867530823e-02 -8.549544215202331543e-02 -4.069203976541757584e-03 5.336788669228553772e-02 1.371272504329681396e-01 -1.257504895329475403e-02 -2.613973058760166168e-02 1.777674630284309387e-02 7.087983936071395874e-02 -1.959651522338390350e-02 8.831113576889038086e-02 -4.822009056806564331e-02 -5.641505867242813110e-02 5.358283407986164093e-03 8.211169391870498657e-02 2.237487956881523132e-02 1.250671595335006714e-01 5.942945927381515503e-02 9.365204721689224243e-02 -4.685726761817932129e-02 6.163467466831207275e-02 -9.113526344299316406e-02 -2.545764856040477753e-02 -6.054299697279930115e-02 -1.125346049666404724e-01 -6.040604785084724426e-02 1.694615557789802551e-02 7.981954514980316162e-02
5.080397054553031921e-02 1.969319768249988556e-02 -3.947794437408447266e-03 -2.473666332662105560e-02 -8.617600053548812866e-02 1.900076121091842651e-02 -4.573982581496238708e-02 -3.805561363697052002e-02 -7.289160043001174927e-02 -9.694769978523254395e-02 -4.608273133635520935e-02 3.225497528910636902e-02 3.430557996034622192e-02 -3.161396458745002747e-02 1.287024468183517456e-01 -7.058923691511154175e-02 2.400314249098300934e-02 -5.748486146330833435e-02 -5.401048436760902405e-02 -9.703288972377777100e-02 -1.064180061221122742e-01 -8.530625700950622559e-02 9.593543410301208496e-02 2.096343412995338440e-02 -1.162505149841308594e-01 2.767146192491054535e-02 8.435534685850143433e-02 -4.665282741189002991e-02 3.549540182575583458e-03 8.984622359275817871e-02 9.723406285047531128e-02 7.628745585680007935e-02 7.845327258110046387e-02 -7.369262725114822388e-02 -5.015922710299491882e-02 5.932587012648582458e-02 8.603084832429885864e-02 2.572957240045070648e-02 -9.274052083492279053e-02 -1.014790162444114685e-01 9.592553973197937012e-02 4.012287408113479614e-02 5.006248503923416138e-02 -5.487203225493431091e-02 -4.523188248276710510e-02 -8.563309907913208008e-02 -8.492580056190490723e-02 -1.117862388491630554e-01 1.437889635562896729e-01 -1.934642903506755829e-02 5.196717754006385803e-02 -4.799134097993373871e-03 2.208287641406059265e-02 6.572783924639225006e-03 7.076128572225570679e-02 2.355260215699672699e-02 -2.895987033843994141e-02 9.075925499200820923e-02 6.138642504811286926e-02 -1.182180494070053101e-01 -6.531788408756256104e-02 4.424204304814338684e-02 -5.486127734184265137e-02 4.318600893020629883e-02 -8.846240490674972534e-02 7.139585912227630615e-02 -5.146620422601699829e-02 -6.683521717786788940e-02 1.609553024172782898e-02 -8.276157081127166748e-02 -9.341668337583541870e-02 -9.677004069089889526e-02 2.800632640719413757e-02 -6.977421045303344727e-02 -1.084631308913230896e-01 1.412175316363573074e-02 -7.356309145689010620e-02 -2.040897496044635773e-02 -2.571579068899154663e-02 -2.185091562569141388e-02 -1.076613552868366241e-02 -3.229723498225212097e-02 4.414168000221252441e-02 -4.548737779259681702e-02 1.768401078879833221e-02 8.544179052114486694e-02 -3.362694755196571350e-02 6.960340542718768120e-04 6.003107875585556030e-02 -1.281882449984550476e-02 -4.399022832512855530e-02 -1.241199523210525513e-01 -1.532703191041946411e-01 -8.294726163148880005e-02 -1.614298671483993530e-02 -5.611548572778701782e-02 -1.034098118543624878e-02 2.417988330125808716e-02 -6.088379770517349243e-02 -3.386147320270538330e-02
-4.744111001491546631e-02 -6.356141238939017057e-05 1.493218243122100830e-01 4.957077652215957642e-02 -1.771188341081142426e-02 -7.724123541265726089e-03 -1.503015607595443726e-01 7.313282787799835205e-02 -5.351958051323890686e-02 -1.115873456001281738e-01 -2.263759449124336243e-02 -9.240537881851196289e-02 -1.915761455893516541e-02 -1.669643074274063110e-01 -9.764270484447479248e-02 -3.665370866656303406e-02 -2.582996524870395660e-02 1.405338048934936523e-01 -1.753349602222442627e-01 -2.807158231735229492e-02 1.376188248395919800e-01 -2.994542568922042847e-02 3.667591139674186707e-02 2.063867822289466858e-02 -4.923340678215026855e-02 1.012777537107467651e-01 2.635847218334674835e-02 -1.298524886369705200e-01 1.480149328708648682e-01 -2.317382767796516418e-02 4.062936827540397644e-02 -3.869821876287460327e-02 1.709353178739547729e-02 2.830139733850955963e-02 -2.125983685255050659e-02 -4.173792526125907898e-02 1.792453601956367493e-02 -1.079570502042770386e-01 -8.095134794712066650e-02 7.354845851659774780e-02 9.230200946331024170e-02 -1.012832522392272949e-01 -7.670733332633972168e-02 -2.894256822764873505e-02 7.641553133726119995e-02 1.761198490858078003e-01 -8.958917856216430664e-02 -6.486494094133377075e-02 1.510083973407745361e-01 -6.866481155157089233e-02 -3.277399390935897827e-02 1.969363167881965637e-02 -7.657964527606964111e-02 -1.991217955946922302e-02 1.498132795095443726e-01 3.499398380517959595e-02 -3.444894030690193176e-02 -4.641207680106163025e-02 -5.099371820688247681e-02 1.205975562334060669e-01 8.538136631250381470e-02 -1.186580136418342590e-01 1.139194592833518982e-01 1.350002549588680267e-02 -1.705977916717529297e-01 -1.117669790983200073e-01 -6.603766977787017822e-02 4.151136800646781921e-02 6.084151193499565125e-02 -2.581149572506546974e-03 -5.481433495879173279e-02 -2.249241806566715240e-02 -6.454913318157196045e-02 -7.526247948408126831e-02 7.433487474918365479e-02 1.058584079146385193e-01 1.415111869573593140e-02 8.687900006771087646e-02 -1.898678950965404510e-02 1.523481458425521851e-01 -1.314303837716579437e-02 4.436552524566650391e-02 1.419105976819992065e-01 -6.143505126237869263e-02 3.209131071344017982e-03 1.537950057536363602e-02 1.159552251920104027e-03 1.385741829872131348e-01 -3.381139412522315979e-02 1.260506659746170044e-01 1.089195758104324341e-01 1.395424455404281616e-02 4.981667269021272659e-03 6.961639225482940674e-02 6.647145003080368042e-02 1.402379944920539856e-02 -3.547126660123467445e-03 -4.412364587187767029e-02 -1.488310098648071289e-01 -1.801038719713687897e-02
-7.463802397251129150e-02 2.592078410089015961e-02 1.158602982759475708e-01 5.721206218004226685e-02 -3.447280451655387878e-02 -1.344966143369674683e-01 3.577158320695161819e-03 3.486790880560874939e-02 -1.170119419693946838e-01 -2.746383473277091980e-02 -1.240009665489196777e-01 -2.841685712337493896e-02 -1.365655660629272461e-01 -1.729079186916351318e-01 -1.129338666796684265e-01 -6.740571558475494385e-02 6.618875544518232346e-03 1.494244039058685303e-01 -4.194132983684539795e-02 8.822349458932876587e-02 1.538174599409103394e-01 -9.012950956821441650e-02 4.393747448921203613e-02 4.391710460186004639e-02 1.270705014467239380e-01 9.746344387531280518e-02 8.588205277919769287e-02 -6.806622445583343506e-02 6.245212629437446594e-02 -9.826619178056716919e-02 -1.812294498085975647e-02 -1.750721223652362823e-02 3.244401142001152039e-02 5.656849592924118042e-02 3.118694759905338287e-02 -7.881004363298416138e-02 3.900396823883056641e-02 -2.510575810447335243e-03 -1.791918426752090454e-01 5.246983468532562256e-02 -5.081322416663169861e-02 -1.593880057334899902e-01 2.060960978269577026e-02 -5.863228812813758850e-02 6.488964706659317017e-02 -1.730673713609576225e-03 1.201491430401802063e-02 -1.961011067032814026e-02 1.492009460926055908e-01 -8.777605742216110229e-02 -5.772437900304794312e-02 -7.196410000324249268e-02 -3.489925758913159370e-03 -9.009149670600891113e-02 1.516083031892776489e-01 7.522607594728469849e-02 -6.288421154022216797e-02 3.331772051751613617e-03 -6.389849632978439331e-02 1.327630877494812012e-01 -1.879321597516536713e-02 2.588765881955623627e-02 1.438385844230651855e-01 -4.717094823718070984e-02 -7.463426887989044189e-02 -9.802605211734771729e-02 -6.665252149105072021e-02 1.051019728183746338e-01 -8.938194066286087036e-02 -1.069152280688285828e-01 -3.425653092563152313e-03 -4.799321293830871582e-02 -6.604419648647308350e-02 1.016005203127861023e-01 1.938876882195472717e-02 2.251695841550827026e-02 -4.642757400870323181e-02 -5.861987173557281494e-02 8.490043878555297852e-02 -1.852612942457199097e-02 -2.071739546954631805e-02 6.644123792648315430e-02 4.501144215464591980e-02 -9.669841080904006958e-02 7.040090858936309814e-02 -2.209451608359813690e-02 -5.400073900818824768e-02 4.227323085069656372e-02 8.811627328395843506e-02 4.554642736911773682e-02 -1.125645041465759277e-01 -6.039881333708763123e-02 1.314735263586044312e-01 -2.581821568310260773e-02 -2.132485620677471161e-02 -1.309943944215774536e-01 -5.357002466917037964e-02 -1.332223266363143921e-01 -9.795003384351730347e-02 7.571227103471755981e-02
2.284132875502109528e-02 -3.852992877364158630e-02 7.160115055739879608e-04 6.409463938325643539e-03 -4.571203514933586121e-02 -5.465602502226829529e-02 6.288076937198638916e-02 1.014583185315132141e-01 -6.701549142599105835e-02 -1.118138879537582397e-01 -7.791204750537872314e-02 -1.101030707359313965e-01 -5.189051479101181030e-02 -3.107791766524314880e-02 2.498856186866760254e-02 7.769062370061874390e-02 -7.024867832660675049e-02 5.222997441887855530e-02 -1.720016822218894958e-02 -4.489394649863243103e-02 6.277650594711303711e-02 2.259061112999916077e-02 -4.322870634496212006e-03 7.064517587423324585e-02 3.989858552813529968e-03 -6.259687710553407669e-03 -5.099318176507949829e-02 3.986779227852821350e-02 -6.869400292634963989e-02 3.477254882454872131e-02 1.085848286747932434e-01 7.202532887458801270e-02 -5.511683970689773560e-02 -8.935026079416275024e-02 -1.314035207033157349e-01 9.290737099945545197e-03 7.968034595251083374e-02 -1.166534125804901123e-01 -2.142053097486495972e-02 -3.972189500927925110e-02 -2.687773853540420532e-02 4.507868364453315735e-02 7.325992733240127563e-02 3.637150302529335022e-02 2.480161003768444061e-02 -9.088034927845001221e-02 -9.343215264379978180e-03 6.427329778671264648e-02 -3.801225684583187103e-03 -2.527758246287703514e-03 6.817342340946197510e-02 -4.846849292516708374e-02 -5.345448479056358337e-02 -1.244982182979583740e-01 3.104923292994499207e-02 9.696281701326370239e-02 -6.266532093286514282e-02 -2.641000784933567047e-02 -2.389220148324966431e-02 -3.406748175621032715e-02 -6.349581759423017502e-03 -2.601499296724796295e-02 1.362091302871704102e-01 1.138004884123802185e-01 4.321388155221939087e-02 -9.803777188062667847e-02 2.992607839405536652e-02 -7.094236556440591812e-03 6.511983275413513184e-02 1.806725710630416870e-01 6.163445767015218735e-03 -7.988230884075164795e-02 1.018449068069458008e-01 1.971890963613986969e-02 1.050060167908668518e-01 1.154287457466125488e-01 1.218054145574569702e-01 7.205335795879364014e-02 -8.296575397253036499e-02 7.427086122334003448e-03 3.881481662392616272e-02 1.117435768246650696e-01 7.217872887849807739e-02 6.139150261878967285e-02 1.709421980194747448e-03 5.893901456147432327e-03 -6.898100674152374268e-02 -2.695497311651706696e-02 1.806244626641273499e-02 -4.907768219709396362e-02 3.712084144353866577e-02 -6.577169895172119141e-02 1.282702833414077759e-01 -1.695784926414489746e-02 -7.778784632682800293e-02 -1.165815629065036774e-02 4.086617752909660339e-02 2.540653757750988007e-02 -9.528800100088119507e-02 8.813671022653579712e-02
