-2.618432790040969849e-02 -4.426500201225280762e-02 8.766218274831771851e-02 -1.113095693290233612e-02 -1.085452809929847717e-01 -7.945267111063003540e-02 -5.459896475076675415e-02 -1.568732969462871552e-02 -4.273815080523490906e-02 5.509803816676139832e-02 6.556132575497031212e-04 -1.393293403089046478e-02 4.217372834682464600e-02 -1.111645326018333435e-01 3.883337974548339844e-02 -2.583071403205394745e-02 -1.322571001946926117e-02 -3.486037626862525940e-02 7.433205097913742065e-02 -3.845973312854766846e-02 4.832716286182403564e-02 3.400648757815361023e-02 -6.696092430502176285e-03 -5.793176963925361633e-02 1.929484494030475616e-02 7.325063645839691162e-02 6.444616615772247314e-02 1.561608910560607910e-01 3.103820607066154480e-02 -7.798390835523605347e-02 -6.565677933394908905e-03 6.468704342842102051e-02 1.083907485008239746e-01 -8.948095142841339111e-02 -7.595868408679962158e-02 -4.605183377861976624e-02 7.764977868646383286e-03 -6.120159476995468140e-02 5.420733615756034851e-02 -4.924190789461135864e-02 6.208024919033050537e-02 -7.774981856346130371e-02 6.213023513555526733e-02 6.868422776460647583e-02 3.830675035715103149e-02 -8.866985142230987549e-02 1.247740443795919418e-02 -9.721948951482772827e-02 -1.862613670527935028e-02 -1.147873997688293457e-01 -3.273528302088379860e-03 4.351071640849113464e-02 8.716756105422973633e-02 -1.059699431061744690e-01 -1.237059533596038818e-01 3.587744897231459618e-03 5.441141314804553986e-03 -1.362491250038146973e-01 -5.736126378178596497e-02 -2.800893411040306091e-02 7.387789431959390640e-03 -7.152313366532325745e-03 -2.473800443112850189e-02 4.574311431497335434e-03 7.018330041319131851e-03 6.661389023065567017e-02 -3.377902507781982422e-02 1.195434108376502991e-01 9.128881245851516724e-02 8.588389493525028229e-03 4.349587857723236084e-02 4.122640937566757202e-02 -4.207919817417860031e-03 -1.124315112829208374e-01 7.605274766683578491e-02 6.008618324995040894e-02 1.395961362868547440e-02 -5.652254447340965271e-02 -9.208331257104873657e-02 1.188314426690340042e-02 2.729923091828823090e-02 1.906433515250682831e-02 -6.838566809892654419e-02 8.820540457963943481e-02 -6.203202065080404282e-03 7.613283395767211914e-02 -2.311953902244567871e-02 3.597900643944740295e-02 4.097016900777816772e-02 3.481444343924522400e-02 1.086550648324191570e-03 3.957361355423927307e-02 -3.923625871539115906e-02 -8.225131034851074219e-02 -7.255808264017105103e-02 -9.119998663663864136e-02 -4.247727617621421814e-02 -9.711019694805145264e-02 8.635087287984788418e-04 -6.990066915750503540e-02
-1.362599432468414307e-01 -3.058528713881969452e-02 -1.000632569193840027e-01 -8.823060430586338043e-03 3.106037527322769165e-02 -6.351205706596374512e-02 -9.812276810407638550e-02 1.761632855050265789e-03 1.319206040352582932e-02 4.359526559710502625e-02 3.287914395332336426e-02 6.762321572750806808e-03 -5.753137916326522827e-02 6.919109076261520386e-02 6.554514169692993164e-02 1.416574977338314056e-02 -7.440108060836791992e-02 8.722340315580368042e-02 -4.552570730447769165e-02 7.466029375791549683e-02 2.537669613957405090e-02 -2.768637798726558685e-02 8.100448176264762878e-03 4.001817852258682251e-02 4.874549806118011475e-02 -1.119555812329053879e-02 -2.200193703174591064e-02 4.199365898966789246e-02 -3.690898045897483826e-02 -8.066947013139724731e-02 -9.888213872909545898e-02 -3.147692978382110596e-02 4.987629130482673645e-02 7.022551447153091431e-02 -4.682369157671928406e-02 -4.449846222996711731e-02 -9.771764278411865234e-02 2.702645957469940186e-02 -1.251721531152725220e-01 3.336922079324722290e-02 -6.445009261369705200e-02 2.443657070398330688e-02 -2.549632918089628220e-03 3.018964082002639771e-02 -4.937196895480155945e-02 6.975524872541427612e-02 6.156422197818756104e-02 4.142405465245246887e-02 -9.667310118675231934e-02 -5.149652715772390366e-03 -1.076850295066833496e-02 -1.560811549425125122e-01 1.434042677283287048e-02 5.813692510128021240e-02 -5.732760950922966003e-02 -6.396150588989257812e-02 2.259368821978569031e-02 6.168328225612640381e-02 1.068860217928886414e-01 1.902147755026817322e-02 -7.363674044609069824e-02 -2.348703704774379730e-02 -1.908768713474273682e-02 1.902602985501289368e-02 7.286950945854187012e-02 2.661305479705333710e-02 -9.368991851806640625e-02 -6.263049691915512085e-02 -5.064930021762847900e-02 1.029107496142387390e-01 4.990267101675271988e-03 -1.941674388945102692e-02 -1.249857619404792786e-02 -1.725877821445465088e-02 -8.001594990491867065e-02 5.801355838775634766e-02 4.812670126557350159e-02 1.975306496024131775e-02 -8.820321410894393921e-02 -3.611915186047554016e-02 3.151232749223709106e-02 1.038043200969696045e-01 2.645149268209934235e-02 -8.209439925849437714e-03 -5.552173405885696411e-02 -8.800559490919113159e-02 -1.764247752726078033e-02 -7.507716119289398193e-02 3.987056761980056763e-02 2.097742259502410889e-02 -2.279618382453918457e-02 7.482408732175827026e-02 -4.405124485492706299e-02 5.110655352473258972e-02 -6.385111808776855469e-02 -5.175407603383064270e-02 -5.384752992540597916e-03 -1.521389186382293701e-02 9.054823964834213257e-02 -8.811490982770919800e-02
-8.709838241338729858e-02 1.046979799866676331e-02 4.688701033592224121e-02 -1.825383119285106659e-02 -7.177326828241348267e-02 1.194572225213050842e-01 1.002803221344947815e-01 -1.747681945562362671e-02 4.283763840794563293e-02 -9.503269195556640625e-02 -8.428353816270828247e-02 -3.812777251005172729e-02 -4.320873692631721497e-02 -8.772060275077819824e-02 2.139048278331756592e-02 5.113741382956504822e-03 8.780911564826965332e-02 -8.208673447370529175e-02 -2.176537876948714256e-03 -6.781464070081710815e-02 -1.109221279621124268e-01 -3.712881356477737427e-02 -9.161757677793502808e-02 -1.139530017971992493e-01 6.591700762510299683e-02 -7.268641144037246704e-02 -6.076878309249877930e-02 -2.156056091189384460e-02 1.201658844947814941e-01 3.682900918647646904e-03 7.999151200056076050e-02 -4.392923321574926376e-03 4.153751581907272339e-02 6.939619779586791992e-02 4.706152155995368958e-02 -5.890338495373725891e-02 -5.289632454514503479e-02 5.573293939232826233e-02 -5.918069556355476379e-02 -6.004927679896354675e-02 -3.271744772791862488e-02 4.849714040756225586e-02 -1.541619002819061279e-02 5.744856968522071838e-02 -6.966137886047363281e-02 5.077818781137466431e-02 -4.609165713191032410e-02 4.457052424550056458e-02 -2.831819467246532440e-02 1.121570356190204620e-02 6.621668487787246704e-02 -3.979332745075225830e-03 -7.930544961709529161e-05 2.668172586709260941e-03 1.442028284072875977e-01 4.980057477951049805e-02 -6.071622483432292938e-03 9.136417647823691368e-04 2.260889671742916107e-02 -1.295955199748277664e-02 7.598171383142471313e-02 -5.916230753064155579e-02 7.524739950895309448e-02 -4.358192160725593567e-02 -4.499705135822296143e-02 2.278861962258815765e-02 -3.855370357632637024e-02 -5.427318438887596130e-02 -8.197046816349029541e-02 5.807054415345191956e-02 8.439187705516815186e-02 3.313896059989929199e-02 4.344454780220985413e-02 8.245324343442916870e-02 6.799726188182830811e-02 -4.605226591229438782e-02 3.019200824201107025e-02 3.421572502702474594e-03 3.248872980475425720e-02 4.176899418234825134e-02 -4.884966835379600525e-02 -2.880614064633846283e-02 -1.398601382970809937e-02 5.002983659505844116e-02 -1.639469899237155914e-02 -4.605901986360549927e-02 9.512256085872650146e-02 6.955841928720474243e-02 3.160262107849121094e-02 -6.241912022233009338e-02 -5.448953434824943542e-02 5.466904491186141968e-02 8.996651321649551392e-02 2.311963035026565194e-04 -7.193762063980102539e-02 -4.036701843142509460e-02 3.529111295938491821e-02 -2.544577606022357941e-02 2.955638803541660309e-02 -1.266203671693801880e-01
-1.701963506639003754e-02 7.365538924932479858e-02 1.908799447119235992e-02 5.308078974485397339e-02 -5.340590700507164001e-02 7.702723145484924316e-02 -1.057352218776941299e-02 -1.735167019069194794e-02 -1.852965354919433594e-02 3.393955156207084656e-02 -4.740713909268379211e-02 -3.146162629127502441e-02 -6.889915466308593750e-02 2.692265249788761139e-02 -9.793207980692386627e-03 -2.769920602440834045e-02 4.714591801166534424e-02 -1.026923954486846924e-01 8.380458503961563110e-02 -7.841847836971282959e-02 -6.748722493648529053e-02 -1.097696647047996521e-01 1.134630516171455383e-01 4.538493603467941284e-02 -1.081021055579185486e-01 -8.895619213581085205e-02 2.478583343327045441e-02 6.191526725888252258e-02 -4.962507262825965881e-02 -1.028927937150001526e-01 -1.365291140973567963e-02 1.018343213945627213e-02 6.412406917661428452e-03 3.540822118520736694e-02 -9.735721349716186523e-02 7.336574047803878784e-02 -1.588591374456882477e-02 7.137481123208999634e-02 -7.001183182001113892e-02 -5.934153497219085693e-02 -1.147295385599136353e-01 -6.813941150903701782e-02 -7.035495340824127197e-02 -8.979169279336929321e-02 6.851904094219207764e-02 7.606040686368942261e-02 -6.121760234236717224e-02 2.506213448941707611e-02 7.958387583494186401e-02 1.053368151187896729e-01 4.136871721129864454e-04 -2.031750418245792389e-02 -3.743432089686393738e-02 -9.509909898042678833e-02 -8.696370571851730347e-02 -8.049157261848449707e-02 -1.569768413901329041e-02 -1.020185127854347229e-01 2.730394154787063599e-02 5.059297755360603333e-02 6.050169840455055237e-02 6.550756841897964478e-02 -4.692017287015914917e-02 -8.605788648128509521e-02 -6.152988225221633911e-02 -5.888447631150484085e-03 -5.473463237285614014e-02 -6.486144661903381348e-02 6.249681115150451660e-03 -6.296691298484802246e-02 9.660616517066955566e-02 3.709062188863754272e-02 -1.895399019122123718e-02 -6.812832504510879517e-02 -3.022053465247154236e-02 4.659723117947578430e-02 3.611920773983001709e-02 1.207364201545715332e-01 -2.335198968648910522e-02 -4.037949442863464355e-02 -8.188723772764205933e-02 -4.229943454265594482e-02 1.006097644567489624e-01 1.129290647804737091e-02 -3.536263480782508850e-02 1.835687458515167236e-02 3.210194408893585205e-02 3.532559797167778015e-02 -6.499093025922775269e-02 -7.012704014778137207e-02 6.017519533634185791e-02 3.454646095633506775e-02 -1.770446076989173889e-02 -1.471353881061077118e-02 6.194565817713737488e-02 -9.303136169910430908e-02 4.644387401640415192e-03 -7.580929249525070190e-02 1.877889595925807953e-02 -1.591008715331554413e-02
-7.498329877853393555e-02 7.998604327440261841e-03 -4.066394269466400146e-02 -3.804087638854980469e-02 1.109163537621498108e-01 -7.815910875797271729e-02 4.000900313258171082e-02 5.421591177582740784e-02 -1.430359296500682831e-02 -1.059934571385383606e-01 -1.434002071619033813e-01 8.084958791732788086e-02 8.880085498094558716e-02 8.933017402887344360e-02 -6.321400403976440430e-02 -3.168234974145889282e-02 3.686191886663436890e-02 1.093607544898986816e-01 2.117663854733109474e-03 -1.035651862621307373e-01 9.374595433473587036e-02 -3.304850310087203979e-02 1.394160389900207520e-01 2.478362992405891418e-02 -1.386667191982269287e-01 -3.175324574112892151e-02 -1.955086588859558105e-01 2.454100996255874634e-01 1.548361591994762421e-02 -1.690439879894256592e-02 -6.458305567502975464e-02 -7.252197712659835815e-02 3.459412232041358948e-02 -1.494039036333560944e-02 -4.380250757094472647e-04 -2.433165907859802246e-02 5.166666582226753235e-02 -4.846338927745819092e-02 -5.142335593700408936e-02 6.204169616103172302e-02 5.868250131607055664e-02 9.698702394962310791e-02 4.864882305264472961e-02 8.271370828151702881e-02 -8.956946432590484619e-02 -8.883685804903507233e-03 -4.044113680720329285e-02 9.911988675594329834e-02 -3.183924034237861633e-02 -3.305628662928938866e-03 -7.772905752062797546e-03 8.373390138149261475e-02 3.534791246056556702e-02 1.936453394591808319e-02 -1.064294800162315369e-01 -9.791206568479537964e-02 1.190513521432876587e-01 -2.009926885366439819e-01 6.994653493165969849e-02 1.644137664698064327e-03 -4.547087009996175766e-03 -7.855355739593505859e-02 1.930194720625877380e-02 8.462843298912048340e-02 -2.311700433492660522e-01 -1.016156654804944992e-02 7.080883719027042389e-03 2.140046358108520508e-01 -8.742116391658782959e-02 -8.875873684883117676e-02 7.787740230560302734e-02 -7.720409333705902100e-02 -7.777876686304807663e-03 9.797964245080947876e-03 1.162532195448875427e-01 1.439654827117919922e-01 8.192792534828186035e-02 -2.327029593288898468e-02 1.563000865280628204e-02 9.405883960425853729e-03 -3.525866940617561340e-02 -5.625538900494575500e-02 5.982797220349311829e-02 -4.034274257719516754e-03 -5.834079906344413757e-02 -9.552514180541038513e-03 -2.450955845415592194e-02 3.479475900530815125e-02 -2.175304107367992401e-02 -5.542574450373649597e-02 3.762138634920120239e-02 -6.766756996512413025e-03 2.141460403800010681e-02 -9.862961620092391968e-02 -7.291672378778457642e-02 -3.986110165715217590e-02 -1.105526760220527649e-01 -1.849574223160743713e-02 -7.868078351020812988e-02 -1.178116630762815475e-02
-2.815569937229156494e-02 -5.973173305392265320e-02 5.829997733235359192e-02 3.056984394788742065e-02 2.170346491038799286e-02 6.973534822463989258e-02 -6.414778064936399460e-03 1.862172409892082214e-02 1.660592271946370602e-03 9.521456807851791382e-02 5.820436403155326843e-03 -1.140859574079513550e-01 4.944044351577758789e-02 -5.068462342023849487e-02 6.555380672216415405e-02 -3.948523104190826416e-02 2.108650095760822296e-02 -1.313801258802413940e-01 1.748042926192283630e-02 1.133507024496793747e-02 5.832190811634063721e-02 7.582612335681915283e-02 3.163937479257583618e-02 -1.386648565530776978e-01 -4.720201343297958374e-02 8.628091216087341309e-02 1.386975795030593872e-01 -6.232295557856559753e-02 -1.113033201545476913e-02 8.263289183378219604e-02 -5.710598826408386230e-02 1.192463487386703491e-01 -3.018961474299430847e-02 4.327322542667388916e-02 -5.694553628563880920e-02 8.706630766391754150e-02 3.244576044380664825e-03 -3.879334777593612671e-02 -1.427209377288818359e-01 6.114785000681877136e-02 9.155822545289993286e-02 -1.845058612525463104e-02 -1.840331777930259705e-02 -4.133293777704238892e-02 -4.476276412606239319e-02 4.322763159871101379e-02 -3.171774372458457947e-02 5.402910336852073669e-02 8.276527374982833862e-02 -5.934550613164901733e-02 3.230836614966392517e-02 9.248457849025726318e-02 2.238123444840312004e-03 8.691582828760147095e-02 -3.721315413713455200e-02 4.130597785115242004e-02 -2.322907559573650360e-02 -9.769966453313827515e-02 -3.538845479488372803e-02 7.670520246028900146e-02 1.763467788696289062e-01 4.226126521825790405e-02 -1.997595280408859253e-02 -6.644113361835479736e-02 -8.433295413851737976e-03 3.231257572770118713e-02 -1.110250316560268402e-02 -8.161263167858123779e-02 -5.906184390187263489e-02 9.599103778600692749e-02 7.433447986841201782e-02 -6.191589869558811188e-03 2.382609248161315918e-02 8.479216694831848145e-02 7.726232521235942841e-03 3.511813282966613770e-02 -2.946178615093231201e-02 -7.283945381641387939e-02 9.388183057308197021e-02 -4.967963322997093201e-02 -2.816424518823623657e-02 -3.555606305599212646e-02 6.131656467914581299e-03 -8.815583586692810059e-02 4.673537239432334900e-02 -1.397588173858821392e-03 -2.882688865065574646e-02 -5.404601339250802994e-03 6.339824199676513672e-02 -3.549383953213691711e-02 1.068720296025276184e-01 -8.792098611593246460e-02 3.898073732852935791e-02 6.094110757112503052e-02 3.124408796429634094e-02 6.340408325195312500e-02 -4.162025824189186096e-02 -5.506286770105361938e-02 5.188289657235145569e-02 -1.039837580174207687e-02
-6.716236472129821777e-02 1.682563684880733490e-02 -9.957101941108703613e-02 7.936347275972366333e-02 -1.051343902945518494e-01 -2.915387973189353943e-02 -3.991981968283653259e-02 -2.700231783092021942e-02 -8.210232108831405640e-02 1.053873673081398010e-01 -6.994953751564025879e-02 8.686158061027526855e-02 -2.373555116355419159e-02 -1.672719605267047882e-02 3.896411135792732239e-02 5.699634924530982971e-02 9.485471993684768677e-02 -6.175179779529571533e-02 -5.691156536340713501e-02 -4.879191145300865173e-02 -8.497846126556396484e-02 -2.592606097459793091e-02 -6.453369557857513428e-02 -6.497523933649063110e-02 -2.231298945844173431e-02 -2.956991828978061676e-02 6.814306229352951050e-02 -4.219517856836318970e-02 1.393640190362930298e-01 1.531536430120468140e-01 -1.354103535413742065e-02 -3.357849270105361938e-02 1.103444173932075500e-01 -1.630724966526031494e-02 4.094099625945091248e-02 -1.000892836600542068e-03 -3.756899386644363403e-02 -5.612228438258171082e-02 3.707295283675193787e-02 4.702207446098327637e-02 -5.681660771369934082e-02 -2.478193119168281555e-02 -1.034483090043067932e-01 7.686816155910491943e-02 1.025541350245475769e-01 2.511382848024368286e-02 1.284366473555564880e-02 -5.334691703319549561e-02 8.527074009180068970e-03 5.008856952190399170e-02 2.342431340366601944e-03 1.701203919947147369e-02 -7.064053416252136230e-02 -1.567868329584598541e-02 6.476878374814987183e-02 -6.157265231013298035e-02 4.818010702729225159e-02 -5.677059665322303772e-02 9.367743879556655884e-02 1.972421072423458099e-02 1.193443685770034790e-02 -6.470271199941635132e-02 -8.811178803443908691e-02 4.706649109721183777e-02 1.194815784692764282e-01 1.345653459429740906e-02 -9.682748466730117798e-02 5.351132526993751526e-02 3.235282003879547119e-02 -1.710971817374229431e-02 7.775469124317169189e-02 -2.751327492296695709e-02 -7.845212519168853760e-02 -9.352914243936538696e-02 1.495959796011447906e-02 -7.709443569183349609e-03 -7.208509743213653564e-02 -8.675076812505722046e-02 -4.348726477473974228e-03 -3.487694635987281799e-02 -5.231972038745880127e-02 1.910419575870037079e-02 4.196220636367797852e-02 -7.077050209045410156e-02 -1.081059128046035767e-02 7.298267632722854614e-02 3.888053074479103088e-02 5.131699889898300171e-02 3.656055778264999390e-02 6.738383322954177856e-02 -4.136536642909049988e-02 -1.347567327320575714e-02 -6.626129895448684692e-02 3.246875107288360596e-02 -3.746588248759508133e-03 1.735488697886466980e-02 1.327432990074157715e-01 -1.075243949890136719e-02 7.403373718261718750e-02 3.274473175406455994e-02
5.042767152190208435e-02 -2.892049401998519897e-02 6.910775601863861084e-02 -8.927401358960196376e-05 3.375119343400001526e-02 -1.083386987447738647e-01 -5.361277237534523010e-02 -3.617547452449798584e-02 2.877813950181007385e-02 -4.807003214955329895e-02 5.842550471425056458e-02 -1.162931621074676514e-01 9.989745914936065674e-02 7.058651000261306763e-02 7.221534103155136108e-02 -7.295649498701095581e-02 7.312875986099243164e-02 -5.302639305591583252e-02 8.287914842367172241e-02 -6.495442241430282593e-02 2.939188107848167419e-02 6.551323086023330688e-02 6.811930239200592041e-02 -1.100533753633499146e-01 -6.424172967672348022e-02 -8.276289701461791992e-02 -1.265363693237304688e-01 3.599022328853607178e-02 -2.153435908257961273e-02 -6.986752152442932129e-02 6.052745133638381958e-02 9.491843730211257935e-02 2.337780222296714783e-02 -9.725582599639892578e-02 7.745881378650665283e-02 8.282750844955444336e-02 -7.647940516471862793e-02 -2.306117862462997437e-02 2.494160644710063934e-02 7.874511182308197021e-02 -8.952125906944274902e-02 6.866596639156341553e-02 -9.953722357749938965e-02 6.083582341670989990e-02 8.913324028253555298e-02 -4.319297149777412415e-02 6.421865522861480713e-02 -3.023930452764034271e-02 -3.732505813241004944e-02 1.125757545232772827e-01 1.706600748002529144e-02 -7.638932019472122192e-02 1.156829390674829483e-02 3.582053631544113159e-02 6.236631050705909729e-02 6.867928057909011841e-02 -2.282515168190002441e-02 -6.074994429945945740e-02 -2.267061546444892883e-02 9.804914891719818115e-02 3.874142840504646301e-02 3.604361042380332947e-02 -3.096926026046276093e-02 6.077599525451660156e-02 -1.213469356298446655e-01 -2.620997093617916107e-02 -6.451471243053674698e-03 8.626534044742584229e-02 -2.038421295583248138e-02 7.334305346012115479e-02 -4.447040148079395294e-03 -7.674045115709304810e-02 4.694206640124320984e-02 4.921113606542348862e-03 -9.945168159902095795e-03 7.514693588018417358e-02 -5.963103845715522766e-02 -2.034966275095939636e-02 9.590062312781810760e-03 2.872901968657970428e-02 1.761635206639766693e-02 -5.327388271689414978e-02 6.280427426099777222e-02 -9.360953420400619507e-02 -8.046278357505798340e-02 -3.621300682425498962e-02 -2.734844200313091278e-02 -8.325259387493133545e-02 -8.192639052867889404e-02 -8.823538571596145630e-02 3.114090766757726669e-03 -5.958301573991775513e-02 7.593206595629453659e-03 1.392622850835323334e-02 -4.409548640251159668e-02 -8.707764744758605957e-02 9.000548720359802246e-02 3.658005595207214355e-02 -4.530282691121101379e-02 2.295192331075668335e-02
-3.777131438255310059e-02 7.281797379255294800e-02 -4.078807309269905090e-02 -1.476587206125259399e-01 5.092748627066612244e-02 3.560914099216461182e-02 -7.175699621438980103e-02 5.546823516488075256e-02 -1.975729130208492279e-02 -6.027836818248033524e-03 4.105884581804275513e-02 -4.878261685371398926e-02 -2.014112658798694611e-02 3.696424141526222229e-02 -4.635165631771087646e-02 -9.102737903594970703e-02 -7.844753563404083252e-02 -7.717395573854446411e-02 2.450475841760635376e-02 -4.539246112108230591e-02 -4.414201527833938599e-02 -5.005152150988578796e-02 -7.635439187288284302e-02 -1.103949919342994690e-01 -5.746683105826377869e-02 -5.086630955338478088e-02 8.288511633872985840e-02 -6.601537764072418213e-02 2.499318495392799377e-02 5.822744220495223999e-02 9.390383213758468628e-02 2.435823716223239899e-02 -4.828861914575099945e-03 -1.405611354857683182e-02 -6.081452593207359314e-02 -6.160723045468330383e-02 -5.473155528306961060e-02 -6.022504344582557678e-02 -1.945789530873298645e-02 1.395441312342882156e-02 8.192456513643264771e-02 2.328494563698768616e-02 -5.041694641113281250e-02 1.015365775674581528e-02 4.254483059048652649e-02 -1.096154749393463135e-01 1.520233415067195892e-02 -6.538829952478408813e-02 -6.220041215419769287e-02 1.021676808595657349e-01 -4.718681797385215759e-02 -7.600995898246765137e-02 -4.837202280759811401e-02 -7.132976502180099487e-02 -3.418897464871406555e-02 -9.489201009273529053e-02 -1.136897057294845581e-01 7.624359801411628723e-03 7.183469086885452271e-02 5.501663684844970703e-02 3.840440139174461365e-02 9.430980682373046875e-02 -7.332851737737655640e-02 -5.605584476143121719e-03 -9.205317124724388123e-03 -5.822064727544784546e-02 2.126056142151355743e-02 1.646336913108825684e-02 -2.735938131809234619e-02 4.925246536731719971e-02 -3.654586523771286011e-02 5.985289067029953003e-02 2.818300761282444000e-02 -5.988747999072074890e-02 7.693319767713546753e-02 3.283190727233886719e-02 3.073443658649921417e-02 -1.748223789036273956e-02 -4.246404394507408142e-03 -8.999203890562057495e-02 3.591548651456832886e-02 -2.155205979943275452e-02 4.606600105762481689e-02 -1.826912723481655121e-02 -2.759037353098392487e-02 -7.019412517547607422e-02 -5.466943234205245972e-02 7.786796241998672485e-02 -9.812690317630767822e-02 5.013173818588256836e-02 -3.130419924855232239e-02 2.336745522916316986e-02 -7.582401856780052185e-03 1.039478331804275513e-01 1.047741994261741638e-01 8.277779072523117065e-02 1.556422412395477295e-01 -1.363604422658681870e-02 1.144975200295448303e-01 -1.082315575331449509e-02
-3.952191397547721863e-02 2.698371373116970062e-02 -1.772538572549819946e-02 -3.844392951577901840e-03 -2.555349469184875488e-02 -8.069735765457153320e-02 8.025637269020080566e-02 -3.462172811850905418e-03 5.029512196779251099e-02 -1.020712591707706451e-02 -5.042242631316184998e-02 7.896675914525985718e-02 -4.642509669065475464e-02 -7.686819881200790405e-02 -2.606045268476009369e-02 1.029212921857833862e-01 -6.651205569505691528e-02 -8.165753446519374847e-03 5.958759784698486328e-02 -3.917988762259483337e-02 1.193013507872819901e-02 -8.511245995759963989e-02 -1.378007233142852783e-02 -9.655968844890594482e-02 -8.435447700321674347e-03 -4.002849757671356201e-02 -7.228120416402816772e-02 8.445039391517639160e-02 9.409065544605255127e-02 8.195309340953826904e-02 3.452717140316963196e-02 -5.745538324117660522e-02 -4.492080211639404297e-02 8.283302187919616699e-02 -7.263118773698806763e-02 2.906017750501632690e-02 4.761720076203346252e-02 2.084725350141525269e-02 6.748525798320770264e-02 9.127898141741752625e-03 2.510110847651958466e-02 -8.339083939790725708e-02 6.397147476673126221e-02 -7.563334703445434570e-02 7.202044874429702759e-02 3.863994777202606201e-02 -7.613978814333677292e-03 -4.240564256906509399e-02 5.400310829281806946e-02 -4.829080030322074890e-02 -7.208483666181564331e-02 -1.475704484619200230e-03 8.460468798875808716e-02 -6.414656527340412140e-03 -7.054213434457778931e-02 2.957278862595558167e-02 -6.545371562242507935e-02 8.331283181905746460e-02 2.638076059520244598e-02 -6.620508432388305664e-02 5.877768620848655701e-02 -2.819528430700302124e-02 -1.663452386856079102e-02 -6.914229597896337509e-03 -1.036130264401435852e-01 -4.962367191910743713e-02 3.048223070800304413e-02 -6.180355697870254517e-02 -2.568748407065868378e-02 -5.827018059790134430e-03 8.168765902519226074e-02 6.154973804950714111e-02 -7.431004941463470459e-02 -3.102773800492286682e-02 -4.765711352229118347e-02 1.011074781417846680e-01 -4.353502392768859863e-02 2.021814323961734772e-02 7.130017876625061035e-02 -2.206543087959289551e-02 8.396549150347709656e-03 4.290410876274108887e-02 -9.014865010976791382e-02 -9.513213485479354858e-02 -1.251567602157592773e-01 -6.727714836597442627e-02 -7.000865042209625244e-02 -2.160428324714303017e-03 1.293039321899414062e-02 -9.470092505216598511e-02 9.638772159814834595e-02 1.637412793934345245e-02 -1.677244727034121752e-04 5.578212812542915344e-02 -3.719238936901092529e-02 -2.940559946000576019e-02 -8.763217926025390625e-02 7.110587507486343384e-02 -4.925241321325302124e-02 -4.586564609780907631e-04
-5.563950631767511368e-03 -7.136414200067520142e-02 2.769639901816844940e-02 -1.572277396917343140e-02 -2.078617922961711884e-02 -3.930715098977088928e-02 4.375730082392692566e-02 -5.648363009095191956e-02 -1.047041043639183044e-01 -6.247917772270739079e-04 8.477522432804107666e-02 -2.927352860569953918e-02 -8.806521072983741760e-03 -7.114104181528091431e-02 4.315330460667610168e-02 -1.202129274606704712e-01 1.172944437712430954e-02 5.592335015535354614e-03 -4.030796140432357788e-02 1.817177835619077086e-04 -5.249463394284248352e-02 5.269426107406616211e-02 6.325464695692062378e-02 6.817695498466491699e-02 -1.062040999531745911e-01 -3.977949917316436768e-02 -6.571850180625915527e-02 -8.378998190164566040e-02 1.079037436284124851e-03 -1.088505238294601440e-02 -8.235061168670654297e-02 -9.992250800132751465e-02 -5.275166034698486328e-02 5.583437532186508179e-02 -1.624891161918640137e-02 4.504916816949844360e-02 6.804521381855010986e-02 -6.684009730815887451e-02 9.703337214887142181e-03 -1.047637313604354858e-01 1.085872761905193329e-02 2.251019142568111420e-02 -8.766613900661468506e-02 -2.066220901906490326e-02 -4.307585954666137695e-02 7.221169024705886841e-02 -1.043042540550231934e-01 6.211022287607192993e-02 -6.378106772899627686e-02 8.305398747324943542e-03 1.378954946994781494e-02 1.586041040718555450e-02 3.535165637731552124e-02 -4.722556471824645996e-02 -6.077869236469268799e-02 -7.874649763107299805e-02 -1.315430365502834320e-02 -2.494879812002182007e-02 -6.956052780151367188e-02 7.073732465505599976e-02 1.041786521673202515e-01 5.747725442051887512e-02 8.435050398111343384e-02 -1.676361635327339172e-02 -8.096527308225631714e-03 -4.172461107373237610e-02 -5.057348683476448059e-02 -7.384367287158966064e-02 4.038236290216445923e-02 -9.015224874019622803e-02 -4.614679887890815735e-02 1.441261637955904007e-02 7.259659934788942337e-03 -1.156661808490753174e-01 -2.224020101130008698e-02 -1.862842775881290436e-02 -1.096479222178459167e-01 4.607328027486801147e-02 -7.050218433141708374e-02 -1.067298129200935364e-01 5.740331485867500305e-03 -2.368821948766708374e-02 -7.104718685150146484e-02 -7.126899808645248413e-02 -3.685043752193450928e-02 -4.691254720091819763e-02 2.167547680437564850e-02 1.198368370532989502e-01 7.540853321552276611e-02 5.228387191891670227e-02 -1.965239271521568298e-02 1.835535652935504913e-02 -6.362895667552947998e-02 1.547041721642017365e-02 1.118296608328819275e-01 7.793401181697845459e-02 -6.732579320669174194e-02 9.494980424642562866e-02 6.787864863872528076e-02 5.100491642951965332e-02
5.375311151146888733e-02 -2.538485638797283173e-02 8.713739924132823944e-03 -1.090943291783332825e-01 -1.511228829622268677e-02 1.221706867218017578e-01 2.054975833743810654e-03 -5.420425906777381897e-02 -7.621186971664428711e-02 -9.411018341779708862e-02 8.743090927600860596e-02 -8.582932502031326294e-02 -5.423038080334663391e-02 9.518147259950637817e-02 -7.322109490633010864e-02 -5.432873591780662537e-02 -3.471920499578118324e-03 1.293650269508361816e-02 -1.032017543911933899e-02 8.999612182378768921e-03 -4.653457552194595337e-02 -8.077508956193923950e-02 9.565337002277374268e-02 1.289320588111877441e-01 4.516078159213066101e-03 4.200421273708343506e-02 -5.379315465688705444e-02 4.222025722265243530e-02 -1.047903113067150116e-02 -1.589360646903514862e-02 -5.043647438287734985e-02 8.067197352647781372e-02 1.688170619308948517e-02 -3.467538952827453613e-02 8.163433521986007690e-02 9.680699557065963745e-02 7.511879503726959229e-02 -7.843198627233505249e-02 -8.086062222719192505e-02 -4.035075381398200989e-02 2.638769149780273438e-02 -8.157921954989433289e-03 -8.713372796773910522e-02 6.030927971005439758e-02 4.463044926524162292e-02 -5.008011683821678162e-02 6.299891322851181030e-02 9.137973934412002563e-02 -8.347994834184646606e-02 3.378210216760635376e-02 -2.836088836193084717e-02 -3.196955844759941101e-02 6.889249198138713837e-03 -6.513486057519912720e-02 5.613667890429496765e-02 -1.136514358222484589e-02 -1.558646280318498611e-02 4.546183720231056213e-02 -8.949468284845352173e-02 6.731674075126647949e-02 1.419454663991928101e-01 -4.840611666440963745e-02 -3.448747843503952026e-02 3.677492961287498474e-02 -3.802086785435676575e-02 -3.057381510734558105e-02 -5.239083990454673767e-02 2.497741766273975372e-02 -1.032973825931549072e-01 4.167284071445465088e-02 -6.582211237400770187e-03 5.672961845993995667e-02 -1.241697892546653748e-01 -7.162538357079029083e-03 -5.857281386852264404e-02 2.582800388336181641e-02 -1.985271833837032318e-02 -4.782123025506734848e-03 6.756611168384552002e-02 4.429528862237930298e-02 -6.439462304115295410e-02 -7.298977673053741455e-02 4.348379746079444885e-02 -1.500208582729101181e-02 -2.066846750676631927e-02 4.106307029724121094e-02 -2.798133529722690582e-02 -8.163332194089889526e-02 -8.242492377758026123e-02 1.390570029616355896e-02 -2.937519922852516174e-02 -7.005688548088073730e-02 -9.680771082639694214e-02 -4.553391784429550171e-02 -7.043562084436416626e-02 3.929488360881805420e-02 3.334245458245277405e-02 4.218609631061553955e-02 -1.270707976073026657e-02 -6.644011288881301880e-02
-6.953074783086776733e-02 9.739524126052856445e-02 -6.900365650653839111e-02 -1.251817494630813599e-01 8.254106342792510986e-02 -1.454409491270780563e-02 -7.701507955789566040e-02 -4.267009347677230835e-02 5.202606692910194397e-02 -7.286697626113891602e-02 -1.037851125001907349e-01 -9.934652596712112427e-02 6.663608551025390625e-02 9.954617917537689209e-02 7.839898765087127686e-02 -4.944605007767677307e-02 -2.998769655823707581e-02 6.695384625345468521e-03 1.847526244819164276e-02 1.138533055782318115e-01 8.771311491727828979e-02 6.733890622854232788e-02 1.347566489130258560e-03 -2.624708414077758789e-02 -4.683040827512741089e-02 8.505211770534515381e-02 -9.286632388830184937e-02 -6.678074598312377930e-02 3.717602044343948364e-02 1.012901440262794495e-01 7.574312388896942139e-02 2.853499026969075203e-04 1.083873771131038666e-02 -7.570490986108779907e-02 5.976450815796852112e-02 -2.836768142879009247e-02 -3.184263408184051514e-02 -4.038760811090469360e-02 -9.582216292619705200e-02 -8.552218228578567505e-02 3.341502277180552483e-03 -9.608042985200881958e-02 -5.223648995161056519e-02 -3.611040115356445312e-02 -4.222328960895538330e-02 2.804022841155529022e-02 6.583303213119506836e-02 3.468716517090797424e-02 -1.801967620849609375e-02 -2.336062304675579071e-02 1.009614914655685425e-01 1.405925750732421875e-01 -6.397689133882522583e-02 -4.251549765467643738e-02 -1.029508337378501892e-01 1.019858419895172119e-01 8.562114089727401733e-02 -1.435939222574234009e-01 -2.774457447230815887e-02 9.347286075353622437e-02 -4.600301012396812439e-02 -8.615293353796005249e-02 -3.644251450896263123e-02 -6.679873913526535034e-02 -4.730708524584770203e-02 -5.773075297474861145e-02 5.414574220776557922e-02 -8.092693984508514404e-03 2.663051150739192963e-02 -2.344302600249648094e-03 -7.531884312629699707e-02 -9.161364287137985229e-02 -7.354146242141723633e-02 -7.821368426084518433e-02 3.108253888785839081e-02 -5.151928961277008057e-02 -2.909570001065731049e-02 3.706948086619377136e-02 8.310206979513168335e-02 9.967987239360809326e-02 -9.124742448329925537e-02 3.332566097378730774e-02 4.745769500732421875e-02 1.026624590158462524e-01 -7.334370911121368408e-02 -6.487542390823364258e-02 9.994983673095703125e-02 6.656762212514877319e-02 -5.354955792427062988e-02 -1.845543645322322845e-02 -3.547333553433418274e-02 -8.932686597108840942e-02 -2.032210305333137512e-02 1.234530210494995117e-01 8.655138313770294189e-02 9.875131398439407349e-02 -7.045613229274749756e-02 4.831709899008274078e-03 -9.138882160186767578e-02 1.021135970950126648e-01
2.077579870820045471e-02 4.584476724267005920e-02 -6.170944124460220337e-02 4.125565662980079651e-02 2.150146989151835442e-03 -3.153651580214500427e-02 6.373241543769836426e-02 7.543059438467025757e-02 -3.192343516275286674e-03 -3.766023740172386169e-02 8.637171238660812378e-02 1.568274572491645813e-02 -6.978549063205718994e-02 -5.381565168499946594e-02 -8.799463510513305664e-02 -2.024964988231658936e-02 -1.062006652355194092e-01 5.760066211223602295e-02 -7.237830199301242828e-03 -4.350375756621360779e-02 -1.857669092714786530e-02 4.201393947005271912e-02 1.237790472805500031e-02 7.306768745183944702e-02 -2.876765467226505280e-02 -2.910974668338894844e-03 4.134558886289596558e-02 9.315667301416397095e-02 8.127477765083312988e-02 3.151783347129821777e-02 -5.415797978639602661e-02 -5.231609567999839783e-02 5.489841848611831665e-02 -2.397729828953742981e-02 4.352825507521629333e-02 4.545038565993309021e-02 -2.431729063391685486e-02 -6.886409968137741089e-02 -2.265450544655323029e-03 -1.328714098781347275e-02 -5.886724591255187988e-02 6.242483109235763550e-02 1.542344503104686737e-02 -5.322321876883506775e-02 3.132675960659980774e-02 6.450068950653076172e-02 1.899933442473411560e-03 4.821193590760231018e-02 1.788251660764217377e-02 9.122608229517936707e-03 1.883544586598873138e-02 -8.838940411806106567e-02 8.620786666870117188e-02 1.031140610575675964e-01 -1.755460724234580994e-02 3.244509920477867126e-02 -7.885375618934631348e-02 6.440576910972595215e-02 -1.888109184801578522e-02 -6.341192871332168579e-02 7.669872045516967773e-02 -8.068167418241500854e-02 -1.856764219701290131e-02 -9.148410707712173462e-02 -9.778339415788650513e-02 6.557814031839370728e-02 -4.745094105601310730e-02 7.269635796546936035e-02 9.855110198259353638e-03 -7.531704008579254150e-02 -1.002233400940895081e-01 2.011397667229175568e-02 -2.053452655673027039e-03 2.401144243776798248e-02 3.038858994841575623e-02 1.262485701590776443e-02 -7.543959654867649078e-03 -8.288111537694931030e-02 2.734352089464664459e-02 -7.558535784482955933e-02 -4.409143328666687012e-02 6.020630244165658951e-04 8.775946497917175293e-02 9.097018837928771973e-02 4.666469525545835495e-03 6.711520254611968994e-02 3.159089386463165283e-02 7.659952342510223389e-02 -8.803272619843482971e-03 -7.436672598123550415e-02 5.359055101871490479e-02 6.962813436985015869e-02 -4.274408798664808273e-03 2.330417186021804810e-02 2.707157097756862640e-02 -5.315427109599113464e-02 9.150369092822074890e-03 -4.756795987486839294e-02 5.300059542059898376e-02 -3.583807125687599182e-02
-5.907525867223739624e-02 1.056487932801246643e-01 -9.288775175809860229e-02 -2.411166392266750336e-02 -6.711328774690628052e-02 -4.274914413690567017e-02 -2.762621734291315079e-03 -3.788152709603309631e-02 -7.665602117776870728e-02 -8.138919249176979065e-03 6.701002269983291626e-02 -2.399316988885402679e-02 2.834281697869300842e-02 -1.205759774893522263e-02 -4.986923187971115112e-02 -5.738214123994112015e-03 4.631340131163597107e-02 -9.131592698395252228e-03 -6.248196959495544434e-02 2.862895093858242035e-02 -1.694425754249095917e-02 5.194493755698204041e-02 -4.171631764620542526e-03 3.880840167403221130e-02 4.570151679217815399e-03 6.040534004569053650e-02 1.584124751389026642e-02 -7.017198204994201660e-02 -8.030920475721359253e-02 3.230704367160797119e-02 -3.486968204379081726e-02 -1.011215895414352417e-01 7.293839007616043091e-02 8.745769038796424866e-03 -5.475846305489540100e-02 3.033217228949069977e-02 6.920319050550460815e-02 -6.160103529691696167e-02 6.797447800636291504e-02 -1.557674026116728783e-03 3.729805350303649902e-02 -4.045235924422740936e-03 2.566007152199745178e-02 9.880346059799194336e-02 -8.482234179973602295e-02 -5.779445916414260864e-02 -6.343720108270645142e-02 6.827084813266992569e-03 -6.599337607622146606e-02 5.928310565650463104e-03 5.409613251686096191e-02 7.178896665573120117e-02 6.481908261775970459e-02 6.431914120912551880e-02 6.467650830745697021e-02 -5.818232893943786621e-02 -2.933566644787788391e-02 -7.510536909103393555e-02 8.116868883371353149e-02 -7.606768980622291565e-03 2.311857417225837708e-02 -9.565056860446929932e-02 3.408916294574737549e-02 -4.686684347689151764e-03 3.609875962138175964e-02 -8.386694639921188354e-02 -5.652259290218353271e-02 -6.996909528970718384e-02 5.409088730812072754e-02 -5.947078019380569458e-02 7.436169683933258057e-02 7.123748213052749634e-02 3.681540023535490036e-03 -8.733135461807250977e-02 7.468263804912567139e-02 2.720185369253158569e-02 1.888223737478256226e-02 5.149741657078266144e-03 3.481850773096084595e-02 1.639523357152938843e-02 -4.426365345716476440e-02 5.053834244608879089e-02 -7.402472198009490967e-02 -3.583122789859771729e-02 -4.557316005229949951e-02 7.123429328203201294e-02 -2.333490177989006042e-02 -1.137768011540174484e-02 -9.764158725738525391e-02 -3.074357518926262856e-03 2.621356956660747528e-02 -4.109807312488555908e-02 4.757151007652282715e-03 2.676313929259777069e-02 8.079297840595245361e-02 3.110585175454616547e-02 3.145399317145347595e-02 9.907557815313339233e-02 -1.784619991667568684e-03 8.188956975936889648e-02
-4.045981913805007935e-02 2.144581079483032227e-02 -5.569835379719734192e-02 -2.758001163601875305e-02 -8.511067926883697510e-02 -7.278133928775787354e-02 -9.275339543819427490e-02 7.618942111730575562e-02 -1.831073127686977386e-02 6.430537253618240356e-02 -2.581561543047428131e-02 1.390155404806137085e-02 1.461624354124069214e-01 -4.412477836012840271e-02 -6.623888760805130005e-02 -6.353769451379776001e-02 -5.336160212755203247e-02 -4.717500135302543640e-02 7.544360589236021042e-03 -9.515561163425445557e-02 9.016581624746322632e-02 -5.135651677846908569e-02 4.005398973822593689e-02 -2.945500612258911133e-02 3.860348835587501526e-02 -1.052840128540992737e-01 3.429460898041725159e-02 1.310262642800807953e-02 -5.215968191623687744e-02 -3.494011610746383667e-02 -2.922310121357440948e-02 -9.837277978658676147e-02 7.112043350934982300e-02 -1.021704748272895813e-01 -1.325214561074972153e-02 9.826995432376861572e-02 -6.997710093855857849e-03 -7.563086599111557007e-02 4.305011127144098282e-03 -1.478809863328933716e-01 -1.124084740877151489e-02 9.542887657880783081e-02 5.567748844623565674e-02 -1.258706152439117432e-01 -4.661840200424194336e-02 -2.917683124542236328e-02 -7.651481032371520996e-02 -6.653836369514465332e-02 2.801916562020778656e-02 -6.268753856420516968e-02 -2.802222967147827148e-02 9.503924846649169922e-02 -4.285151138901710510e-02 5.704046040773391724e-02 -1.843171380460262299e-02 -8.461133390665054321e-02 -9.131915867328643799e-02 -8.808599412441253662e-02 -8.734125643968582153e-02 7.747472822666168213e-02 -1.210067048668861389e-02 -6.504917144775390625e-02 -5.300492513924837112e-03 2.085322327911853790e-02 -2.069120854139328003e-02 -1.395717859268188477e-01 -7.185793668031692505e-02 -7.183358818292617798e-02 -1.186558753252029419e-01 -4.821854084730148315e-02 6.321396678686141968e-02 3.230480104684829712e-02 1.150572970509529114e-01 -1.830644160509109497e-02 -1.176632866263389587e-01 5.834902822971343994e-02 -8.542279899120330811e-02 1.275952607393264771e-01 -1.322598010301589966e-01 -4.545402713119983673e-03 -5.434649810194969177e-02 1.993829943239688873e-02 5.018959939479827881e-02 3.570972941815853119e-03 -4.349952563643455505e-02 9.180516749620437622e-02 1.255803462117910385e-02 1.072590276598930359e-01 -4.601245746016502380e-02 -5.259242281317710876e-02 -5.591804161667823792e-02 1.429654955863952637e-01 -7.847380638122558594e-02 -4.471700266003608704e-02 4.925973340868949890e-02 -1.116442531347274780e-01 6.441604346036911011e-02 -2.842658385634422302e-02 1.268483251333236694e-01 -9.510921686887741089e-02
2.036926522850990295e-02 9.827509522438049316e-02 -3.236773889511823654e-03 3.897389862686395645e-03 -1.019446998834609985e-01 5.571411177515983582e-02 -6.260108202695846558e-02 -4.844706133008003235e-02 4.439244791865348816e-02 7.311457395553588867e-02 9.527377784252166748e-02 -2.121361903846263885e-02 5.134628340601921082e-02 7.700122147798538208e-02 -4.748066142201423645e-02 -2.511003427207469940e-02 -1.173781976103782654e-01 -1.057130768895149231e-01 1.089764572679996490e-02 -1.420564483851194382e-02 -1.599098928272724152e-02 -5.882421135902404785e-02 -8.345729112625122070e-02 -9.872705489397048950e-02 -1.220085099339485168e-01 -8.675210177898406982e-02 -3.618596494197845459e-02 -2.179129980504512787e-02 1.066938042640686035e-01 3.692791983485221863e-02 2.200456336140632629e-02 2.492254786193370819e-02 -5.107606947422027588e-02 -5.702883005142211914e-02 2.223867923021316528e-02 9.880536049604415894e-02 2.742351777851581573e-02 1.922485791146755219e-02 -5.570834036916494370e-03 -6.604336947202682495e-02 -7.255296409130096436e-02 -2.834670431911945343e-02 8.261775970458984375e-02 -8.418135344982147217e-02 4.075044766068458557e-02 -3.201308101415634155e-02 6.804871838539838791e-03 -4.631207510828971863e-02 5.653583258390426636e-02 -3.585822507739067078e-02 5.192662030458450317e-02 9.520667791366577148e-02 -1.197508275508880615e-01 3.537276387214660645e-02 -1.006952077150344849e-01 1.048144791275262833e-02 -9.995765239000320435e-02 6.330040283501148224e-03 -4.897310584783554077e-02 3.886061161756515503e-02 9.512263536453247070e-02 -4.474032297730445862e-02 -1.991299912333488464e-02 5.433094128966331482e-02 -5.224476754665374756e-02 -6.522999703884124756e-02 -2.742164768278598785e-02 -4.364601522684097290e-02 8.197434246540069580e-02 -1.526935119181871414e-02 1.794192381203174591e-02 -1.130256131291389465e-01 -1.509234216064214706e-02 -3.889546543359756470e-02 8.898726105690002441e-02 1.014875993132591248e-02 -1.125135738402605057e-02 -8.538039028644561768e-02 -8.961934596300125122e-02 2.875995077192783356e-02 2.891781181097030640e-02 2.148935385048389435e-02 6.753409653902053833e-02 6.807813793420791626e-02 -9.654252976179122925e-02 1.050865743309259415e-02 3.744281455874443054e-02 -1.897886022925376892e-02 -7.294828444719314575e-02 6.181553006172180176e-02 4.917199537158012390e-02 -1.719168759882450104e-02 -2.826597541570663452e-02 -6.922966241836547852e-02 -3.610330447554588318e-02 -3.449726104736328125e-02 5.017313361167907715e-02 8.498069643974304199e-02 4.942231252789497375e-02 -1.345089077949523926e-02
8.896583318710327148e-02 2.084878040477633476e-03 -1.184626221656799316e-01 -3.707329183816909790e-02 -9.662777185440063477e-02 -8.870608359575271606e-02 7.352952659130096436e-02 -7.222541421651840210e-02 7.450756430625915527e-02 5.123941600322723389e-02 -7.070731371641159058e-02 -2.697678655385971069e-02 6.598610430955886841e-02 -6.835566461086273193e-02 5.944200232625007629e-02 1.122413159464485943e-04 7.951018959283828735e-02 4.876326397061347961e-02 -1.436888985335826874e-02 9.106536209583282471e-02 2.977653592824935913e-02 -2.443592622876167297e-02 -2.196553535759449005e-02 -1.362845748662948608e-01 -8.006475120782852173e-02 7.150954008102416992e-02 3.629904240369796753e-02 -1.271882951259613037e-01 6.893851608037948608e-02 -2.487073652446269989e-02 6.828397512435913086e-02 4.854843020439147949e-02 8.766224980354309082e-02 -3.657006844878196716e-02 7.391572743654251099e-02 5.078779533505439758e-02 6.993279606103897095e-02 -2.576651982963085175e-02 1.138107329607009888e-01 -3.762966021895408630e-02 -5.564304068684577942e-02 1.109940260648727417e-01 1.651278138160705566e-02 1.486537754535675049e-01 -1.051759719848632812e-01 -1.292926669120788574e-01 9.234994649887084961e-02 4.495789483189582825e-02 1.154232472181320190e-01 -2.065789699554443359e-02 6.548397988080978394e-02 -6.799796223640441895e-02 -6.659655272960662842e-02 2.292400225996971130e-02 -8.318819850683212280e-02 7.648039609193801880e-02 5.713554844260215759e-02 4.135249555110931396e-02 3.958146087825298309e-03 -3.893437609076499939e-02 -1.788232177495956421e-01 -6.263184547424316406e-02 -1.438816171139478683e-02 -3.463912755250930786e-02 -1.045019701123237610e-01 -6.193698942661285400e-02 1.027038693428039551e-01 -2.803157269954681396e-02 -4.627763852477073669e-02 9.542616456747055054e-02 -4.176968708634376526e-02 -1.070212721824645996e-01 -2.685666270554065704e-02 -7.636878639459609985e-02 -3.785734623670578003e-02 -4.329199716448783875e-02 1.579225063323974609e-02 -1.033237203955650330e-01 -8.287680894136428833e-02 -9.770154021680355072e-03 4.528770595788955688e-02 -7.777565717697143555e-02 3.376338258385658264e-02 7.952315360307693481e-02 -1.485459655523300171e-01 -9.442129731178283691e-02 7.925716042518615723e-02 5.946274101734161377e-02 -7.457898557186126709e-02 -8.639552444219589233e-02 -6.189800798892974854e-03 -5.718104913830757141e-02 8.188568800687789917e-02 5.982196424156427383e-03 -7.644537091255187988e-02 -9.804620593786239624e-02 8.922555297613143921e-02 3.995944745838642120e-03 -7.742718607187271118e-02 3.948320448398590088e-02
-8.123268932104110718e-02 1.543789207935333252e-01 -9.144689887762069702e-02 -6.378976255655288696e-02 4.026713222265243530e-02 3.735463321208953857e-02 -4.574031755328178406e-02 6.223871931433677673e-02 -1.180150061845779419e-01 2.408521808683872223e-02 1.120501104742288589e-02 6.255882233381271362e-02 1.019580885767936707e-01 3.993583098053932190e-02 -7.794912904500961304e-02 -2.640086784958839417e-02 -5.501957982778549194e-02 1.449630130082368851e-02 -3.625065088272094727e-02 -1.638051494956016541e-02 6.281489133834838867e-02 -6.426779180765151978e-02 1.015533506870269775e-01 5.313001573085784912e-02 -7.002633064985275269e-02 -9.458622336387634277e-02 2.706682682037353516e-02 6.710740271955728531e-03 -4.837549105286598206e-02 -3.216109797358512878e-02 -4.753562062978744507e-02 -4.087658599019050598e-02 7.549571990966796875e-02 1.176201459020376205e-02 2.834556251764297485e-02 4.935273528099060059e-02 -1.184786558151245117e-01 4.421973973512649536e-02 -9.154216945171356201e-02 -7.626175135374069214e-02 -3.764504939317703247e-02 3.479518741369247437e-02 -7.935779541730880737e-02 -8.732599765062332153e-02 -1.041532978415489197e-01 -6.318408995866775513e-02 -1.424612104892730713e-01 -2.718750201165676117e-02 -7.869357243180274963e-03 1.829068548977375031e-02 6.071783602237701416e-02 -6.210874021053314209e-02 -1.097511798143386841e-01 3.677757456898689270e-02 -1.036382392048835754e-01 3.489388898015022278e-02 1.232686825096607208e-02 -8.130425214767456055e-02 -1.978764310479164124e-02 -5.093842372298240662e-02 -3.943891078233718872e-02 -1.237756088376045227e-01 -1.278223819099366665e-03 -1.352409422397613525e-01 1.708464883267879486e-02 -1.240025833249092102e-01 1.694554276764392853e-02 -6.605963408946990967e-02 -9.572634845972061157e-02 -2.540739066898822784e-02 1.117377877235412598e-01 4.107095301151275635e-02 2.207924844697117805e-03 -5.602759309113025665e-03 -8.401643484830856323e-02 8.670716732740402222e-02 -9.069664776325225830e-02 -2.255745418369770050e-02 -8.579666167497634888e-02 1.180247776210308075e-02 -1.322041302919387817e-01 1.130321472883224487e-01 -2.602842822670936584e-02 -1.450401097536087036e-01 3.222506120800971985e-02 7.676973938941955566e-02 7.585658133029937744e-02 9.604375064373016357e-02 -1.235340535640716553e-01 -9.847516566514968872e-02 4.925356060266494751e-02 4.970533028244972229e-02 -2.555273659527301788e-02 1.589549891650676727e-02 4.074297472834587097e-02 -1.725349016487598419e-02 9.375248849391937256e-02 4.364542290568351746e-02 1.276505291461944580e-01 6.096993014216423035e-02
5.257984995841979980e-02 -9.321036934852600098e-02 7.428730372339487076e-03 3.349519893527030945e-02 -1.542563736438751221e-01 9.863864630460739136e-02 7.626275066286325455e-03 3.675014944747090340e-03 -9.657502174377441406e-02 6.965642422437667847e-02 8.505756407976150513e-02 -3.877693414688110352e-02 8.469566702842712402e-03 1.134840622544288635e-01 1.151943020522594452e-02 -1.835647225379943848e-02 3.856942430138587952e-02 -8.157160878181457520e-02 -6.522925943136215210e-02 -4.607752710580825806e-02 8.059960603713989258e-02 2.187425456941127777e-02 -2.504788897931575775e-02 -1.164028793573379517e-01 4.988455772399902344e-02 -7.358030229806900024e-02 -2.723592147231101990e-02 -6.370980292558670044e-02 -6.400948762893676758e-02 -2.266829274594783783e-02 3.774283081293106079e-02 -7.790278643369674683e-02 1.104666516184806824e-01 2.354690572246909142e-03 -1.776553131639957428e-02 -4.997496306896209717e-02 4.032095894217491150e-02 4.650820046663284302e-02 -3.039483539760112762e-02 -2.177517861127853394e-02 -9.791378863155841827e-03 6.574125029146671295e-03 -3.312358632683753967e-02 -5.987511202692985535e-02 -1.062010675668716431e-01 4.065588116645812988e-02 -1.064497902989387512e-01 4.196203127503395081e-02 4.534588381648063660e-02 -8.691302686929702759e-02 -2.144344337284564972e-02 4.965219274163246155e-02 7.755672559142112732e-03 -8.562164753675460815e-02 -2.891145460307598114e-02 -4.879184812307357788e-02 8.031167089939117432e-03 1.419850289821624756e-01 4.101435095071792603e-02 -1.119008660316467285e-01 -2.325685322284698486e-02 5.229501798748970032e-02 8.187088370323181152e-02 -4.179897159337997437e-02 -1.664568670094013214e-02 -2.610148303210735321e-02 6.271371990442276001e-02 -3.564050793647766113e-02 6.832163780927658081e-02 -5.116484314203262329e-02 -3.913805633783340454e-02 -7.774464786052703857e-02 -1.438462082296609879e-02 3.046128340065479279e-02 5.664692446589469910e-02 8.591906726360321045e-02 6.407414376735687256e-02 -4.380891099572181702e-02 -1.452328730374574661e-02 8.525118231773376465e-02 5.371952429413795471e-02 6.414911150932312012e-02 -4.398903995752334595e-02 1.516430987976491451e-03 4.476795729715377092e-04 -4.419071599841117859e-02 8.838497102260589600e-02 1.022348478436470032e-01 2.500081621110439301e-02 -8.188246190547943115e-02 -1.365762203931808472e-01 -2.261804975569248199e-02 -9.612163156270980835e-02 7.185219973325729370e-02 -5.435266718268394470e-02 7.989269797690212727e-04 1.118772253394126892e-01 -8.739890158176422119e-02 -3.796786814928054810e-02 -2.719325199723243713e-02
9.378883987665176392e-02 -4.447001498192548752e-03 -3.005235083401203156e-02 -2.099450118839740753e-02 6.675868481397628784e-02 7.204710692167282104e-02 1.642296672798693180e-03 -5.105720087885856628e-02 -5.736668407917022705e-02 -4.615090042352676392e-02 4.412735626101493835e-02 -1.674249954521656036e-02 -2.722935751080513000e-02 1.147773042321205139e-01 5.833348631858825684e-02 2.118639089167118073e-02 -3.348881364217959344e-05 -6.907135993242263794e-02 -2.089422196149826050e-02 1.329012098722159863e-03 -6.685739755630493164e-02 -3.006974048912525177e-02 1.698731794022023678e-03 -3.782714484259486198e-03 -5.668404698371887207e-02 1.454036962240934372e-02 -3.992300108075141907e-02 6.985239684581756592e-02 3.398504853248596191e-02 5.852548405528068542e-02 -4.890179634094238281e-02 -7.457374036312103271e-02 -1.083067432045936584e-01 5.550399050116539001e-02 -1.237213425338268280e-02 1.210484579205513000e-01 -7.474563270807266235e-02 4.121537134051322937e-02 6.978598982095718384e-02 -5.632269382476806641e-02 8.839193731546401978e-02 -7.554083317518234253e-02 -8.275660872459411621e-02 9.639637172222137451e-02 -8.688241988420486450e-02 1.870970800518989563e-02 1.777701079845428467e-02 -6.594603508710861206e-02 -2.298079989850521088e-02 2.143571851775050163e-03 -2.197757177054882050e-02 2.962976694107055664e-02 3.214942291378974915e-02 8.446266502141952515e-02 1.270560664124786854e-03 4.234410822391510010e-02 -3.046874329447746277e-02 2.658977918326854706e-02 8.512248843908309937e-02 -8.609716594219207764e-02 1.290924549102783203e-01 3.060990013182163239e-02 5.262442678213119507e-02 2.179654315114021301e-02 8.522620052099227905e-02 1.216557621955871582e-02 -6.651888787746429443e-02 8.767777681350708008e-02 1.579356612637639046e-03 1.624491624534130096e-02 -3.773285076022148132e-02 8.740559220314025879e-02 5.836279317736625671e-02 5.562198534607887268e-02 2.280642511323094368e-03 -5.293117091059684753e-02 -3.873699577525258064e-03 8.388693630695343018e-02 -5.785990040749311447e-03 2.311943098902702332e-02 -6.986402720212936401e-02 -2.526269294321537018e-02 2.676127292215824127e-02 2.989586070179939270e-02 2.388662425801157951e-03 8.735089749097824097e-02 7.896470837295055389e-03 4.570583254098892212e-02 -4.102336708456277847e-03 4.196478426456451416e-02 -8.454760164022445679e-02 -4.309146478772163391e-02 -3.282234072685241699e-02 -4.789204895496368408e-02 6.964837014675140381e-02 -1.025978103280067444e-01 -1.686862297356128693e-02 9.555266797542572021e-02 -2.923932857811450958e-02 -3.899769857525825500e-02
-1.833291202783584595e-01 2.979879267513751984e-02 1.404042821377515793e-02 -4.262760281562805176e-02 -8.240371942520141602e-03 -8.648858964443206787e-02 7.358120381832122803e-02 -3.182650357484817505e-02 -9.748522192239761353e-02 -1.013304665684700012e-01 6.053441390395164490e-02 -9.763421863317489624e-02 -5.911859497427940369e-02 5.958009138703346252e-02 -1.026748716831207275e-01 -7.617542892694473267e-02 8.358824998140335083e-02 -3.838004544377326965e-02 8.315777778625488281e-02 1.479456424713134766e-01 -9.326721727848052979e-02 -7.901594787836074829e-02 1.617579348385334015e-02 -8.560405671596527100e-02 -6.758856773376464844e-02 -9.685222059488296509e-02 1.265671253204345703e-01 -3.299677744507789612e-02 -6.478255242109298706e-02 -8.721680939197540283e-02 -7.456534542143344879e-03 -2.054980210959911346e-02 7.433377951383590698e-02 2.163956500589847565e-02 4.352495819330215454e-02 -6.618686020374298096e-02 -1.126006916165351868e-01 -9.040251374244689941e-02 1.152912303805351257e-01 1.303069144487380981e-01 -2.895525470376014709e-02 1.717676408588886261e-02 9.194812923669815063e-02 -7.376722991466522217e-02 3.367272205650806427e-03 5.107364803552627563e-02 3.129780665040016174e-02 5.712233111262321472e-02 9.469318389892578125e-02 1.792915761470794678e-01 2.814259752631187439e-02 2.345485612750053406e-02 2.454545348882675171e-02 -7.934939861297607422e-02 1.386207044124603271e-01 -5.713119730353355408e-02 5.319954454898834229e-02 1.114616170525550842e-01 2.551450394093990326e-02 -4.337287321686744690e-02 -9.487362951040267944e-02 -1.952723599970340729e-02 -4.910989478230476379e-02 -5.726486817002296448e-02 -7.118408381938934326e-02 2.350790612399578094e-02 -1.080330237746238708e-01 -6.544359773397445679e-02 -9.528886526823043823e-02 1.567647233605384827e-02 3.206900134682655334e-02 1.317536085844039917e-02 -6.196293234825134277e-02 1.328207924962043762e-02 -7.400954514741897583e-02 -8.825110644102096558e-02 8.299347758293151855e-02 5.498606339097023010e-02 -1.542366147041320801e-01 7.702220976352691650e-02 -8.508496731519699097e-02 -9.085769206285476685e-02 -7.226598262786865234e-02 5.338671430945396423e-02 -7.624616473913192749e-02 -2.621321380138397217e-02 -5.272006150335073471e-03 -5.635581444948911667e-03 1.348569151014089584e-02 -1.138679459691047668e-01 1.031316518783569336e-01 -2.193816751241683960e-02 -3.033558465540409088e-02 -9.025294333696365356e-02 -8.921046555042266846e-02 -5.210451781749725342e-02 -5.831496044993400574e-02 -7.607723027467727661e-02 1.974962651729583740e-02 -1.619064994156360626e-02
-1.289363056421279907e-01 -4.599856585264205933e-02 -5.407264456152915955e-02 -4.882922396063804626e-02 -1.953272335231304169e-02 2.653896808624267578e-02 2.747492305934429169e-02 6.462860107421875000e-02 2.707618661224842072e-02 -4.999410361051559448e-02 -4.525803495198488235e-03 -3.233548998832702637e-02 -3.635382279753684998e-03 -1.668748445808887482e-02 -4.906065762042999268e-02 1.434933692216873169e-01 -4.024133458733558655e-02 -7.583915442228317261e-02 2.112248353660106659e-02 1.183090806007385254e-01 -1.371506005525588989e-01 1.062082424759864807e-01 7.116480916738510132e-02 3.067088313400745392e-02 3.775861114263534546e-02 1.230855211615562439e-01 -2.361004054546356201e-02 1.644506468437612057e-03 -1.100464984774589539e-01 5.444006994366645813e-03 -1.185400644317269325e-03 8.102632313966751099e-02 5.241806805133819580e-02 -7.036364823579788208e-02 2.069352567195892334e-02 -8.439093083143234253e-02 -2.468150109052658081e-02 3.707524389028549194e-02 2.493287995457649231e-02 -6.987759470939636230e-02 1.933287712745368481e-03 3.459193557500839233e-02 5.850625038146972656e-02 2.869705297052860260e-02 -6.387056410312652588e-02 5.724101886153221130e-02 -6.239146925508975983e-03 -4.865751042962074280e-02 -3.102539479732513428e-02 1.158735901117324829e-01 -4.638762027025222778e-02 -7.289061695337295532e-02 3.393788263201713562e-02 -3.227480500936508179e-02 -1.014384031295776367e-01 3.043568506836891174e-02 1.423870027065277100e-01 -1.822006329894065857e-02 -5.652826651930809021e-02 2.441936731338500977e-02 8.086078613996505737e-02 -3.539029136300086975e-02 -1.776535436511039734e-02 -4.134702682495117188e-02 8.933862298727035522e-02 -5.753498151898384094e-02 9.450045414268970490e-03 5.239476636052131653e-02 -4.302899166941642761e-02 7.028336822986602783e-02 -5.277648568153381348e-02 4.822515882551670074e-03 -1.032476052641868591e-01 -1.632778719067573547e-02 -5.344025418162345886e-02 -6.471190601587295532e-02 5.176326376385986805e-04 -9.732577204704284668e-02 -3.083195723593235016e-02 -3.468686342239379883e-02 -2.777449041604995728e-02 4.234626144170761108e-02 -5.349021777510643005e-02 3.609737008810043335e-02 -3.092045895755290985e-02 9.003540873527526855e-02 -6.930498033761978149e-02 4.262511059641838074e-02 1.859261840581893921e-02 -4.205801337957382202e-02 -4.461179301142692566e-02 -9.520041756331920624e-03 2.681918255984783173e-02 -4.774024337530136108e-02 2.549144811928272247e-02 3.616314381361007690e-02 1.620686650276184082e-01 5.594923347234725952e-02 4.206425696611404419e-02 3.113892674446105957e-02
1.513809431344270706e-02 8.526021242141723633e-02 5.378813017159700394e-03 3.486372157931327820e-02 -5.349573493003845215e-02 -1.233346387743949890e-02 -4.006014019250869751e-02 -3.327023610472679138e-02 8.795663714408874512e-02 -2.764536254107952118e-02 -4.709488153457641602e-02 2.455066889524459839e-03 -3.009393624961376190e-02 1.370679289102554321e-01 1.233581919223070145e-02 7.133935391902923584e-02 9.611173719167709351e-02 -9.292206913232803345e-02 5.775164067745208740e-02 -7.829505205154418945e-02 -9.134014695882797241e-02 1.136242970824241638e-01 -1.281771622598171234e-02 3.767573833465576172e-02 -1.288994681090116501e-02 -1.854065433144569397e-02 1.175430044531822205e-02 6.999056786298751831e-02 2.434795722365379333e-03 4.613074287772178650e-02 -3.591827815398573875e-03 4.281873628497123718e-02 -1.156501322984695435e-01 -9.347626566886901855e-02 -7.067038863897323608e-02 -7.167405448853969574e-03 -8.904914557933807373e-02 7.015847414731979370e-02 4.621181264519691467e-02 1.016324684023857117e-01 7.988580316305160522e-02 1.213925853371620178e-01 2.472739666700363159e-02 -7.925222069025039673e-02 9.656267613172531128e-02 5.687247216701507568e-02 -8.499496616423130035e-03 -5.120512843132019043e-02 -1.244076061993837357e-02 8.638220839202404022e-03 -3.883973881602287292e-02 -4.899501055479049683e-02 -5.579685047268867493e-02 -7.444559037685394287e-02 -3.398479521274566650e-02 2.340726181864738464e-02 3.289997577667236328e-02 -1.011947169899940491e-02 5.057708546519279480e-02 1.119459494948387146e-01 -6.525941938161849976e-02 -6.688448786735534668e-02 -4.810803383588790894e-02 8.031897991895675659e-02 1.230575237423181534e-02 6.295993924140930176e-02 6.718847900629043579e-02 -1.021947711706161499e-02 6.091624870896339417e-02 -6.147535145282745361e-02 -8.731383830308914185e-02 -4.580794274806976318e-02 4.795430228114128113e-02 4.145831335335969925e-03 9.793356806039810181e-02 -4.590910673141479492e-02 6.539244204759597778e-02 9.235291741788387299e-03 -1.147917378693819046e-02 3.409182280302047729e-02 5.320005584508180618e-03 7.888978580012917519e-04 1.684847846627235413e-02 1.985933817923069000e-02 1.365717351436614990e-01 -6.481086462736129761e-02 3.432355821132659912e-02 -8.823578245937824249e-03 -5.181722715497016907e-02 8.764883130788803101e-02 2.668668515980243683e-02 4.337572678923606873e-02 -7.158385217189788818e-02 -2.167870290577411652e-02 -1.184623595327138901e-02 -8.325779438018798828e-02 -1.262330561876296997e-01 -3.401321545243263245e-02 -4.073230549693107605e-02 -4.250641167163848877e-02
8.499448746442794800e-02 2.975150942802429199e-02 -4.478880763053894043e-02 -4.373630136251449585e-02 -7.575987279415130615e-02 -4.380924254655838013e-02 6.482445448637008667e-02 -1.005966886878013611e-01 -7.111515849828720093e-02 8.832969516515731812e-02 7.247244566679000854e-02 5.196738243103027344e-02 3.543129935860633850e-02 -4.478770494461059570e-02 -1.419307570904493332e-02 7.622363418340682983e-02 -9.461324661970138550e-02 6.468770653009414673e-02 5.749664828181266785e-02 -5.449282005429267883e-02 7.949317991733551025e-02 -6.413147598505020142e-02 1.384388506412506104e-01 3.513795137405395508e-02 -4.195955023169517517e-02 6.250380724668502808e-02 -3.000394441187381744e-02 -5.347156152129173279e-02 -1.055577695369720459e-01 1.127618178725242615e-02 -3.522660583257675171e-03 3.112577646970748901e-02 8.647726476192474365e-02 -9.342664480209350586e-02 -6.980379670858383179e-02 1.393023133277893066e-01 -9.113611653447151184e-03 -5.048941820859909058e-02 1.334620825946331024e-02 6.228395551443099976e-02 -1.090724542737007141e-01 -7.599822711199522018e-04 -7.877577841281890869e-02 5.031401291489601135e-02 2.159565687179565430e-02 8.623854070901870728e-02 7.455389201641082764e-02 2.110778167843818665e-02 -9.430623054504394531e-02 1.042379066348075867e-01 1.023765727877616882e-01 8.315210044384002686e-02 6.522607803344726562e-02 -7.939421385526657104e-02 1.309783905744552612e-01 -7.985995709896087646e-02 -5.579627305269241333e-02 -2.525064535439014435e-02 -3.503550961613655090e-02 -5.799693055450916290e-03 7.652229163795709610e-03 7.266766577959060669e-02 -7.279295474290847778e-02 4.158719629049301147e-02 -1.992394775152206421e-02 2.615888603031635284e-02 -1.375354127958416939e-03 -4.132324829697608948e-02 4.687483608722686768e-02 -5.286166910082101822e-03 5.674355849623680115e-02 -4.931695386767387390e-02 -2.181159332394599915e-02 -6.372522562742233276e-02 -1.170593649148941040e-01 1.153344567865133286e-02 3.425790742039680481e-02 -6.787921488285064697e-02 9.067057073116302490e-02 6.938178092241287231e-02 -5.947588384151458740e-02 5.683173239231109619e-02 -3.050675150007009506e-03 4.470048937946557999e-03 -4.591497033834457397e-02 -4.802124947309494019e-02 -8.714731037616729736e-02 -7.559412717819213867e-02 -9.795343130826950073e-02 -1.003435179591178894e-01 -2.586266025900840759e-02 -2.860940620303153992e-02 -6.874085962772369385e-02 1.096130162477493286e-01 4.824856668710708618e-02 -9.728439152240753174e-02 8.751136809587478638e-02 -7.434977591037750244e-02 -7.477240264415740967e-02 -5.685345456004142761e-02
7.152497768402099609e-02 4.398225620388984680e-02 8.287499099969863892e-02 -5.737910792231559753e-02 6.804780662059783936e-02 7.021002937108278275e-03 -7.159513980150222778e-02 -1.643065735697746277e-02 2.587395161390304565e-02 5.218219384551048279e-02 -8.526361547410488129e-03 -2.390286885201931000e-02 -6.043666601181030273e-02 3.026560135185718536e-02 4.868748039007186890e-02 5.427850410342216492e-02 -5.876751989126205444e-02 4.755710065364837646e-02 3.322979807853698730e-02 -9.522757679224014282e-02 -3.797504352405667305e-03 7.839855551719665527e-02 -1.235210802406072617e-02 -3.609261941164731979e-03 6.374232470989227295e-03 -9.668405354022979736e-02 6.049015745520591736e-02 -9.816921502351760864e-02 6.705576181411743164e-02 2.004195004701614380e-02 2.430488541722297668e-02 6.756701320409774780e-02 6.538590416312217712e-03 5.502865463495254517e-02 -7.690796256065368652e-02 2.283871360123157501e-02 1.667971839196980000e-03 1.897265017032623291e-02 -1.520781777799129486e-02 7.162646949291229248e-02 2.710863202810287476e-02 -6.091972813010215759e-02 6.614878773689270020e-02 -9.938569366931915283e-02 -3.484745323657989502e-02 5.966638773679733276e-02 -8.440860360860824585e-02 -8.129359036684036255e-02 -4.610239714384078979e-02 -5.222605913877487183e-02 2.788454107940196991e-02 1.574162160977721214e-03 -1.953428424894809723e-02 -4.820661991834640503e-02 -2.520294114947319031e-02 -7.815940305590629578e-03 -8.751993067562580109e-03 -2.737348154187202454e-02 6.784141063690185547e-03 -9.229340404272079468e-02 -9.180945903062820435e-02 6.322919577360153198e-02 -5.170068517327308655e-02 2.962261997163295746e-02 1.221957057714462280e-01 9.817549027502536774e-03 -5.978763569146394730e-03 3.306117653846740723e-02 -7.860840111970901489e-02 6.279948353767395020e-02 6.707743555307388306e-02 -8.082930929958820343e-03 -7.882376760244369507e-02 -5.097009986639022827e-02 2.433333545923233032e-02 -3.104176372289657593e-02 -5.853657424449920654e-02 1.056317836046218872e-01 1.508314814418554306e-02 -6.067430227994918823e-02 8.292894810438156128e-02 -6.642072647809982300e-02 -2.805280126631259918e-02 -2.302947081625461578e-02 -4.666418954730033875e-02 6.754010170698165894e-02 -7.050181180238723755e-02 6.061141937971115112e-02 5.157774314284324646e-02 -2.972695045173168182e-02 7.060294738039374352e-04 -4.094009846448898315e-02 2.507725497707724571e-03 6.419920921325683594e-02 -4.700050130486488342e-02 3.500369563698768616e-02 3.730851411819458008e-02 -7.196965813636779785e-02 1.029408723115921021e-01 -5.577547103166580200e-02
5.361881107091903687e-02 6.790248304605484009e-02 1.027439832687377930e-01 -3.068187646567821503e-02 2.536936476826667786e-02 4.443443194031715393e-02 2.469663694500923157e-02 -4.257848486304283142e-02 -5.870241299271583557e-02 -4.853369295597076416e-02 -2.748139202594757080e-02 -8.133482770062983036e-04 6.046117469668388367e-02 -4.883435368537902832e-02 -7.699710130691528320e-02 -3.350385650992393494e-02 -7.473002374172210693e-02 -1.147400736808776855e-01 -8.642179518938064575e-02 -3.439253196120262146e-02 -1.441310159862041473e-03 -5.725926533341407776e-02 8.026418834924697876e-02 5.596668459475040436e-03 -7.054891437292098999e-02 5.614311620593070984e-02 4.123191162943840027e-02 7.410495728254318237e-02 4.616568982601165771e-02 -3.684363514184951782e-02 -3.446041420102119446e-02 -1.058963686227798462e-01 -6.343913823366165161e-02 5.602407455444335938e-02 -1.036678552627563477e-01 1.902827643789350986e-03 3.617072105407714844e-02 8.295753598213195801e-02 6.139113381505012512e-02 -5.884726345539093018e-02 5.829855799674987793e-03 7.798348367214202881e-02 5.609178543090820312e-02 -5.165247991681098938e-02 2.854642830789089203e-02 6.344484537839889526e-02 9.628508239984512329e-02 5.278138816356658936e-02 -7.004606723785400391e-02 1.261771656572818756e-02 -2.985908649861812592e-02 7.381580770015716553e-02 -7.484417408704757690e-02 2.441755123436450958e-02 -9.984281659126281738e-02 -7.475492358207702637e-02 -8.649519830942153931e-02 -1.803463138639926910e-02 -6.113928928971290588e-02 8.470035344362258911e-02 -1.239854935556650162e-02 3.960602357983589172e-02 1.038596853613853455e-01 2.511791698634624481e-02 8.999876677989959717e-02 -5.081316083669662476e-02 -3.731754049658775330e-02 2.358038723468780518e-02 9.470708668231964111e-02 -4.492865875363349915e-02 -6.812240183353424072e-02 -8.106173574924468994e-02 2.091706171631813049e-02 -5.704122409224510193e-02 9.619344025850296021e-02 3.301482275128364563e-02 -3.357758047059178352e-03 -4.444111883640289307e-02 -1.650048233568668365e-02 -3.025701455771923065e-02 5.612098798155784607e-02 -3.675743937492370605e-02 -8.500388264656066895e-02 4.535477980971336365e-02 2.105884999036788940e-02 3.424554690718650818e-02 -2.135800011456012726e-02 7.222767919301986694e-02 -4.078195244073867798e-02 -9.103490412235260010e-02 -8.531598374247550964e-03 -9.859932214021682739e-02 1.431685406714677811e-02 -9.221123158931732178e-02 -5.194104835391044617e-02 6.389471143484115601e-02 4.905309528112411499e-02 8.469697088003158569e-03 2.852570638060569763e-02 -1.079856380820274353e-01
1.505067478865385056e-02 2.546371333301067352e-02 -4.967893660068511963e-02 6.841388344764709473e-02 3.699845448136329651e-02 6.606597453355789185e-02 6.494278460741043091e-02 7.749731093645095825e-02 -3.468528389930725098e-02 1.465555280447006226e-02 -6.775826960802078247e-02 -7.171665877103805542e-02 -9.293068200349807739e-03 -5.594187974929809570e-02 1.334741711616516113e-01 8.527252078056335449e-02 8.222456276416778564e-02 1.143854930996894836e-01 -5.292061716318130493e-02 1.001844480633735657e-01 -7.044201344251632690e-02 -3.393700346350669861e-02 -4.863376729190349579e-03 3.963225986808538437e-03 1.056765951216220856e-02 5.147630348801612854e-02 3.824834898114204407e-02 2.213489031419157982e-03 -5.722017027437686920e-03 -7.918489724397659302e-02 3.879411518573760986e-02 -3.539059311151504517e-02 4.470970109105110168e-02 6.988101452589035034e-02 -1.960164494812488556e-02 2.678894437849521637e-02 -7.883019000291824341e-02 -7.890778779983520508e-02 3.670648485422134399e-02 1.727339997887611389e-02 -2.502935007214546204e-03 -2.788874693214893341e-02 5.322055146098136902e-02 -1.532224286347627640e-02 1.127204392105340958e-02 3.328691422939300537e-02 -7.411544211208820343e-03 -2.312047174200415611e-03 7.726024370640516281e-03 -7.449768483638763428e-02 -2.539865113794803619e-02 2.452059462666511536e-02 9.635962545871734619e-02 -5.501031130552291870e-02 -2.470186538994312286e-02 4.951245710253715515e-02 8.952003717422485352e-02 1.300175935029983521e-01 -3.459706157445907593e-02 -2.485447563230991364e-02 -1.067951507866382599e-02 2.217851579189300537e-02 -2.553070336580276489e-02 8.707270026206970215e-02 -5.864318087697029114e-02 -8.617577701807022095e-02 -8.378672599792480469e-02 5.069724470376968384e-02 1.823889464139938354e-02 7.896007597446441650e-02 1.664663292467594147e-02 2.512309141457080841e-02 5.004719831049442291e-03 -7.998298853635787964e-02 2.086109668016433716e-02 -6.070460379123687744e-02 9.162292629480361938e-02 5.178989470005035400e-02 -9.058696031570434570e-02 -8.547975122928619385e-02 9.712678939104080200e-02 -7.947052270174026489e-02 5.511967465281486511e-03 7.750319689512252808e-02 4.733140394091606140e-02 -8.600104600191116333e-02 2.526891045272350311e-02 8.304978162050247192e-02 -8.489532768726348877e-02 -6.355332583189010620e-02 4.538857191801071167e-02 2.268167771399021149e-02 -3.886470943689346313e-02 7.221455872058868408e-02 6.705373525619506836e-02 -5.901839584112167358e-02 5.522989109158515930e-02 -1.060375422239303589e-01 5.683584511280059814e-02 3.417499363422393799e-02
5.560232698917388916e-02 4.864141345024108887e-02 -7.426698505878448486e-02 5.383658409118652344e-02 9.312187135219573975e-02 -1.358847599476575851e-02 -3.609775006771087646e-02 -4.052054882049560547e-02 8.875906467437744141e-02 5.114685744047164917e-02 -7.077732682228088379e-02 -2.307566814124584198e-02 7.764904201030731201e-02 -8.111946284770965576e-02 3.757103532552719116e-02 -4.771637171506881714e-02 -8.352921903133392334e-02 6.463073659688234329e-03 5.845361202955245972e-02 -8.271429687738418579e-02 -5.861832201480865479e-02 8.686673641204833984e-02 -1.232064981013536453e-02 -3.119117952883243561e-02 -7.832843065261840820e-02 6.677760928869247437e-02 -6.873349100351333618e-02 5.690597370266914368e-02 1.585855148732662201e-02 -3.956257551908493042e-02 6.967969983816146851e-02 5.342822894454002380e-02 -5.599229596555233002e-03 -5.575304105877876282e-02 -4.855706170201301575e-02 6.967226043343544006e-03 -4.865662381052970886e-02 -3.241656348109245300e-02 8.233048766851425171e-02 6.753002107143402100e-02 -4.140310734510421753e-02 -7.005004584789276123e-02 2.333906851708889008e-02 7.370921224355697632e-02 8.803340792655944824e-02 8.320637792348861694e-02 1.996100321412086487e-02 -3.787232190370559692e-02 -1.135562509298324585e-01 7.948993891477584839e-02 -2.977515943348407745e-02 -8.591277152299880981e-02 -1.974800042808055878e-02 8.937987685203552246e-02 7.502010464668273926e-02 2.248283848166465759e-02 5.505207809619605541e-04 2.356334030628204346e-02 7.801050692796707153e-02 -1.555095147341489792e-02 1.218039914965629578e-01 -1.125762891024351120e-02 4.632273688912391663e-02 -7.494590431451797485e-02 1.996076665818691254e-03 9.523817151784896851e-02 -8.627954870462417603e-02 9.756254404783248901e-02 -1.072880551218986511e-01 -8.930815011262893677e-02 -3.801137208938598633e-02 -9.968529641628265381e-02 8.105782419443130493e-02 -4.250746220350265503e-02 -2.532122284173965454e-02 -4.856709390878677368e-02 8.572397381067276001e-02 -4.154688492417335510e-02 4.740326851606369019e-02 -3.966850042343139648e-02 9.095190465450286865e-02 -5.962117016315460205e-02 -6.849469244480133057e-02 -3.633524104952812195e-02 -5.447118729352951050e-02 1.012748852372169495e-01 1.098324265331029892e-02 -7.939347624778747559e-02 -4.589141905307769775e-02 -7.733753323554992676e-02 -8.610210567712783813e-02 -5.097456276416778564e-02 -1.069936454296112061e-01 -5.128133296966552734e-02 6.812341511249542236e-02 3.751459345221519470e-02 -2.326759323477745056e-02 7.920078001916408539e-03 -9.094589203596115112e-02 -2.447612024843692780e-02
7.030463218688964844e-02 8.593999664299190044e-04 7.577703893184661865e-02 2.959004603326320648e-03 1.373407896608114243e-02 -8.202097378671169281e-03 -5.249111726880073547e-02 -2.882944885641336441e-03 -9.610336273908615112e-02 -7.701230049133300781e-02 8.136690407991409302e-02 4.093609005212783813e-02 -7.004627585411071777e-02 -7.932648295536637306e-04 -5.518307164311408997e-02 8.792315423488616943e-02 -4.798949137330055237e-02 5.615023896098136902e-02 -5.269373580813407898e-02 -7.776462007313966751e-03 2.735268790274858475e-03 -7.473747432231903076e-02 -1.738190883770585060e-03 -7.516080979257822037e-03 -5.708674713969230652e-02 4.063563421368598938e-02 8.077374845743179321e-02 1.336969882249832153e-01 7.951164990663528442e-02 2.881355769932270050e-02 7.684179395437240601e-02 5.775681883096694946e-02 -9.862324595451354980e-02 -3.904393874108791351e-03 2.298877015709877014e-02 4.926786571741104126e-02 3.843692690134048462e-02 8.813913911581039429e-02 3.855538321658968925e-03 -2.942746132612228394e-02 5.114967375993728638e-02 3.971812129020690918e-02 8.290158212184906006e-02 2.075707353651523590e-02 1.864766702055931091e-02 -9.995108842849731445e-02 -4.461872205138206482e-02 9.033782035112380981e-02 -5.761015415191650391e-02 7.746998220682144165e-02 6.003170460462570190e-02 3.029198758304119110e-02 -2.914569526910781860e-02 3.673138096928596497e-02 7.226940244436264038e-02 -1.869324967265129089e-02 2.507166564464569092e-02 3.525668755173683167e-02 -2.948543615639209747e-02 -3.152076527476310730e-02 -7.206841558218002319e-02 -7.906604558229446411e-02 1.470617018640041351e-02 -5.707812029868364334e-03 -3.143583983182907104e-02 6.694388389587402344e-02 1.853220723569393158e-02 1.066360101103782654e-01 1.132249087095260620e-02 7.825654000043869019e-02 -2.760192751884460449e-02 8.196081221103668213e-02 -5.692927911877632141e-02 -1.026246547698974609e-01 2.631548978388309479e-02 9.582049399614334106e-02 -1.596488989889621735e-02 -3.874532505869865417e-02 6.557779014110565186e-02 -3.729411959648132324e-02 6.635091453790664673e-02 -7.562980800867080688e-02 6.866339594125747681e-02 -4.570217803120613098e-02 7.615745812654495239e-02 1.549971941858530045e-02 6.440883129835128784e-02 -7.235535979270935059e-02 4.160185810178518295e-03 -9.406910836696624756e-02 -3.941715136170387268e-02 8.593815565109252930e-02 -9.819607436656951904e-02 5.350948497653007507e-02 -1.334248390048742294e-02 -3.441582992672920227e-02 -4.014622420072555542e-02 7.002902030944824219e-02 1.339905709028244019e-02 -5.190901830792427063e-02
8.428697474300861359e-03 4.181606695055961609e-02 4.804130271077156067e-02 2.463384531438350677e-02 1.168952584266662598e-01 -2.483938820660114288e-02 -3.705216944217681885e-02 -2.454363927245140076e-02 -4.926305729895830154e-03 -2.112399600446224213e-02 7.779766619205474854e-02 -1.196300983428955078e-01 -6.038590148091316223e-02 1.431198418140411377e-01 -3.827461041510105133e-03 -8.733896166086196899e-02 -9.407593309879302979e-02 7.528867572546005249e-02 -5.870693922042846680e-02 1.044574752449989319e-01 7.696533109992742538e-03 3.795168176293373108e-02 -1.536695100367069244e-02 1.119707375764846802e-01 -8.144295215606689453e-02 5.233265087008476257e-02 -3.011604584753513336e-02 -4.604952409863471985e-02 6.093179807066917419e-02 -1.657935790717601776e-02 5.581549182534217834e-02 3.044497966766357422e-02 -1.455656439065933228e-02 -1.116570308804512024e-01 1.847088336944580078e-02 -7.244511693716049194e-02 3.452982008457183838e-02 1.979713561013340950e-03 -3.928538784384727478e-02 9.979519993066787720e-03 -3.747221827507019043e-02 2.930201590061187744e-03 7.923421263694763184e-02 -1.615866832435131073e-02 -5.920965597033500671e-02 6.005162745714187622e-02 8.951737731695175171e-02 -1.131081022322177887e-02 -1.229463592171669006e-01 1.220980510115623474e-01 6.988888978958129883e-02 -1.256265304982662201e-02 -7.520843297243118286e-02 6.339231133460998535e-02 -2.493468485772609711e-02 8.510221540927886963e-02 1.171800941228866577e-01 -1.289444323629140854e-02 -7.336582243442535400e-02 2.407156117260456085e-02 2.819740213453769684e-02 8.929710835218429565e-03 -1.083884537220001221e-01 -4.591347649693489075e-02 6.893886625766754150e-02 1.208087988197803497e-02 6.821683794260025024e-02 6.574779748916625977e-02 3.047064319252967834e-02 -3.764099627733230591e-02 -7.540588825941085815e-02 -3.925193473696708679e-02 5.868902802467346191e-02 -4.676531534641981125e-03 -5.244438350200653076e-02 -3.601439297199249268e-02 -7.273574918508529663e-02 -2.761730691418051720e-03 -1.090566068887710571e-01 -2.209562435746192932e-02 1.188577152788639069e-02 7.897034287452697754e-03 2.153163403272628784e-02 -4.083264991641044617e-02 5.001587793231010437e-02 -6.612230837345123291e-02 -4.454709216952323914e-02 5.845062062144279480e-02 8.029229193925857544e-02 -8.370260894298553467e-02 4.936555400490760803e-02 -2.128373086452484131e-02 6.871769670397043228e-03 -5.304625257849693298e-02 -1.196888834238052368e-02 -4.513317346572875977e-02 -6.984220445156097412e-02 1.007101312279701233e-02 -6.778151541948318481e-02 -5.259211361408233643e-02
-7.848048955202102661e-02 2.292919531464576721e-02 1.347056939266622066e-03 -1.037787795066833496e-01 4.695833101868629456e-02 -6.781490147113800049e-02 8.452887088060379028e-02 -6.065599247813224792e-02 -2.574943192303180695e-02 -7.313794642686843872e-02 -1.826724596321582794e-02 -9.815943986177444458e-02 6.512273102998733521e-02 -7.893785834312438965e-02 8.847404387779533863e-04 4.395540431141853333e-02 -1.201114244759082794e-02 3.742633014917373657e-02 -1.102944016456604004e-01 -2.095950394868850708e-02 -8.112940937280654907e-03 -6.904192268848419189e-03 5.366644635796546936e-02 3.869287320412695408e-04 -9.179431945085525513e-02 4.160086158663034439e-03 -3.413999453186988831e-02 -2.855389006435871124e-02 5.567592103034257889e-03 1.099943742156028748e-01 -6.337894499301910400e-02 9.609635174274444580e-02 -1.708169467747211456e-02 5.375550687313079834e-02 4.766062274575233459e-02 3.963294252753257751e-02 -1.427812408655881882e-02 3.460003808140754700e-02 2.870220877230167389e-02 2.623771503567695618e-02 1.024024561047554016e-02 1.968400925397872925e-02 6.603553146123886108e-02 -1.197166144847869873e-01 -7.014719396829605103e-02 3.239241987466812134e-02 5.275086686015129089e-02 -8.895108103752136230e-02 -2.531157992780208588e-02 5.807926133275032043e-02 -2.085469104349613190e-02 -3.850284963846206665e-02 5.420961603522300720e-02 -4.914971068501472473e-02 4.172289371490478516e-02 1.254934538155794144e-02 1.651287823915481567e-02 1.315004974603652954e-01 2.531639672815799713e-02 9.976232796907424927e-02 7.503356784582138062e-02 -1.439633127301931381e-02 -6.796040385961532593e-02 9.959487244486808777e-03 1.004259213805198669e-01 8.196853846311569214e-02 6.474465876817703247e-02 -1.412558257579803467e-01 -4.985037818551063538e-02 8.800665289163589478e-02 2.933822013437747955e-02 1.078773215413093567e-01 -8.249138295650482178e-02 -1.203101873397827148e-02 4.484876617789268494e-02 5.331476032733917236e-02 6.219364330172538757e-02 6.615416705608367920e-02 -7.494525611400604248e-02 -6.473744660615921021e-02 -1.926450757309794426e-03 6.688337773084640503e-02 -4.301722627133131027e-03 6.307768821716308594e-02 -1.654106378555297852e-02 -2.538232505321502686e-02 3.413759544491767883e-02 4.728963226079940796e-02 7.645189017057418823e-02 -1.902225241065025330e-02 -1.066475659608840942e-01 -8.080278337001800537e-02 -6.376420706510543823e-02 -5.760291591286659241e-02 7.075139880180358887e-02 -1.110165715217590332e-01 1.015674546360969543e-01 8.775437623262405396e-02 9.999937564134597778e-02 -4.195364937186241150e-02
-1.146942004561424255e-02 -7.031714171171188354e-02 5.536109581589698792e-02 9.355334937572479248e-02 -1.501023769378662109e-01 -1.094061955809593201e-01 3.449248149991035461e-02 7.401075959205627441e-02 -7.880586385726928711e-02 -7.796873105689883232e-04 -5.539422109723091125e-02 -1.527837850153446198e-02 3.940140083432197571e-02 6.671628355979919434e-02 2.212783880531787872e-02 2.159880660474300385e-02 -3.167695179581642151e-02 8.341976255178451538e-02 1.561869587749242783e-02 2.426359616219997406e-02 9.489214047789573669e-03 -6.671499460935592651e-02 -7.444159686565399170e-02 -1.511621177196502686e-01 -8.693686872720718384e-02 -1.304255872964859009e-01 -2.411652356386184692e-03 7.226708531379699707e-02 6.310050189495086670e-02 3.466443344950675964e-02 1.496524736285209656e-02 8.163199573755264282e-02 1.452063471078872681e-01 -8.544998615980148315e-02 -4.434855282306671143e-02 1.122821345925331116e-01 3.292096033692359924e-02 8.295752853155136108e-02 -2.496509253978729248e-02 3.339223191142082214e-02 -3.976897150278091431e-02 3.919225558638572693e-02 -1.065166741609573364e-01 -5.279656127095222473e-02 1.276603899896144867e-02 8.413774520158767700e-02 6.605191528797149658e-02 -7.437377423048019409e-02 2.534388937056064606e-02 4.573567956686019897e-02 5.174556747078895569e-02 -1.931182481348514557e-02 1.006396561861038208e-01 -1.057768706232309341e-02 4.296188428997993469e-02 1.951260864734649658e-02 -3.480080142617225647e-02 -7.051736861467361450e-02 -6.707521528005599976e-02 -1.072104796767234802e-01 -4.865157231688499451e-02 4.974814504384994507e-02 -2.340081147849559784e-03 6.545033305883407593e-02 6.977968662977218628e-02 3.374584764242172241e-02 -2.356496825814247131e-02 -2.270279824733734131e-02 3.145113587379455566e-02 -3.089242847636342049e-03 -2.578146010637283325e-02 -7.434173673391342163e-02 8.867486566305160522e-02 8.886880427598953247e-02 2.876408025622367859e-02 8.745070546865463257e-02 -2.908856840804219246e-03 5.503822863101959229e-02 -8.141849935054779053e-02 8.888312429189682007e-02 -3.795086219906806946e-02 -5.853739380836486816e-02 -6.468806881457567215e-03 1.951034925878047943e-02 3.894640877842903137e-02 -4.858450964093208313e-02 -5.447549372911453247e-02 2.529997937381267548e-02 -3.234468027949333191e-02 -5.057438090443611145e-02 -1.228621462360024452e-03 -3.789449483156204224e-02 -3.549108281731605530e-02 2.687836252152919769e-02 8.171096444129943848e-02 3.176856413483619690e-02 2.070215716958045959e-02 6.714195013046264648e-02 8.627045154571533203e-02 -1.134890411049127579e-02
1.068374514579772949e-01 5.652851983904838562e-02 9.639843553304672241e-02 -9.457873553037643433e-02 -7.583247870206832886e-02 -4.649059101939201355e-02 -8.858816325664520264e-02 -6.600926071405410767e-02 6.232132017612457275e-02 6.570632010698318481e-02 -6.389902532100677490e-02 -4.668285697698593140e-02 3.153225779533386230e-02 -1.270059645175933838e-01 3.554114699363708496e-02 1.419703662395477295e-01 7.033938914537429810e-02 1.443924964405596256e-03 7.622096687555313110e-02 -3.638921305537223816e-02 3.007292747497558594e-02 -6.886509060859680176e-02 -5.486597493290901184e-02 -7.106282562017440796e-02 -4.907933529466390610e-03 8.111885935068130493e-02 -5.866467580199241638e-02 -5.062311142683029175e-02 -5.957630276679992676e-02 2.525922283530235291e-02 -2.023864351212978363e-02 5.307680740952491760e-02 1.902504451572895050e-02 -6.729105953127145767e-03 3.848832100629806519e-02 3.718851506710052490e-02 -4.623326938599348068e-03 2.552827261388301849e-02 -9.943266212940216064e-02 -6.889995187520980835e-02 6.391026079654693604e-02 -3.301635384559631348e-02 8.026314526796340942e-02 8.019267022609710693e-02 -1.608077809214591980e-02 -8.097075670957565308e-02 -6.544114649295806885e-02 4.628585278987884521e-02 -2.893186174333095551e-02 -3.686689585447311401e-02 7.279655337333679199e-02 -8.728040754795074463e-02 1.731016673147678375e-02 -4.202982783317565918e-02 -2.018971592187881470e-01 -4.677899181842803955e-03 -1.914773019962012768e-04 9.806393831968307495e-02 1.421491205692291260e-01 -3.142437490168958902e-04 1.840772293508052826e-02 -3.556386753916740417e-02 -8.033999241888523102e-03 4.765497148036956787e-02 -5.745223164558410645e-02 -9.957054629921913147e-03 -8.064932376146316528e-02 9.252314269542694092e-02 -1.747161149978637695e-02 -6.427242606878280640e-02 -3.985890373587608337e-02 5.829413607716560364e-02 1.084486395120620728e-01 -8.674643188714981079e-02 7.782822102308273315e-02 -5.906794220209121704e-02 5.030290037393569946e-02 -6.948419660329818726e-02 -6.351723521947860718e-02 -1.283197570592164993e-02 -4.343935847282409668e-02 -1.918365992605686188e-02 -1.422365754842758179e-02 -4.910733923316001892e-02 -1.320070959627628326e-02 -3.955098614096641541e-02 -4.197669401764869690e-02 -7.885317504405975342e-02 -8.141659200191497803e-02 2.414061455056071281e-03 3.098569437861442566e-02 2.381652221083641052e-02 8.296036720275878906e-02 -1.194487884640693665e-01 8.724202960729598999e-02 -1.223367527127265930e-01 2.904879488050937653e-02 9.834771603345870972e-02 3.734467551112174988e-02 9.914135932922363281e-02
1.076261475682258606e-01 9.192752838134765625e-02 7.144355028867721558e-02 -1.419989112764596939e-02 4.345772042870521545e-02 -7.571007311344146729e-02 1.137852855026721954e-02 -3.445728495717048645e-02 1.736781373620033264e-02 -1.047056317329406738e-01 -1.043869741261005402e-02 -3.697433695197105408e-02 -5.228034779429435730e-02 -3.530604392290115356e-02 -3.938912227749824524e-02 -7.872445881366729736e-02 5.159937217831611633e-02 5.470350757241249084e-02 5.895687639713287354e-02 -1.892890967428684235e-02 5.282872542738914490e-02 4.146242141723632812e-02 9.306100010871887207e-02 -1.214900538325309753e-01 6.266854703426361084e-02 -2.439871896058320999e-04 4.384027048945426941e-02 -3.561554104089736938e-02 4.810618981719017029e-02 -5.410000681877136230e-02 -2.261072956025600433e-02 -6.649115681648254395e-02 -9.041310288012027740e-03 -7.343405857682228088e-03 1.011779904365539551e-01 -6.697613000869750977e-02 5.805012583732604980e-02 -1.072190143167972565e-02 6.394521892070770264e-02 -3.419224172830581665e-02 -2.158885076642036438e-02 -5.701902881264686584e-02 -7.448307424783706665e-02 2.649685181677341461e-02 -3.660540282726287842e-02 9.533457458019256592e-02 1.793130859732627869e-02 -6.457573175430297852e-02 -7.782246917486190796e-02 8.022229373455047607e-02 -1.801395788788795471e-02 -9.908510372042655945e-03 3.485944494605064392e-02 -4.523155093193054199e-02 3.723815456032752991e-02 -7.537214551120996475e-03 3.054446773603558540e-03 -1.068292558193206787e-01 -1.516816299408674240e-02 -1.429215520620346069e-01 -2.917740494012832642e-02 -9.204363822937011719e-02 5.092888697981834412e-02 -8.557307720184326172e-02 -7.498085498809814453e-02 1.069789379835128784e-01 -5.572749301791191101e-02 -8.391363173723220825e-02 -3.237754106521606445e-02 1.160228438675403595e-02 -6.135954335331916809e-02 6.519235670566558838e-02 -4.002328589558601379e-02 -7.736430317163467407e-02 4.857823252677917480e-02 -1.347990799695253372e-02 1.379158627241849899e-02 -7.404387742280960083e-02 9.927599877119064331e-02 7.223186641931533813e-02 -8.324117399752140045e-03 4.032978042960166931e-02 -5.644371733069419861e-02 3.006803616881370544e-02 -5.227185785770416260e-03 -4.657666385173797607e-02 5.891127139329910278e-02 -2.024764567613601685e-02 -6.737093627452850342e-02 -3.759616985917091370e-02 -4.630057141184806824e-03 -1.192845031619071960e-01 -1.938369311392307281e-02 8.767221122980117798e-02 2.187723666429519653e-02 2.330791950225830078e-02 -9.950582683086395264e-02 -4.370614886283874512e-02 7.844962179660797119e-02 4.471776634454727173e-02
4.468147456645965576e-02 4.566168785095214844e-02 5.049100890755653381e-02 5.401583015918731689e-02 6.106511875987052917e-02 -5.222275853157043457e-03 -6.032447889447212219e-02 1.171418055891990662e-01 1.471634488552808762e-03 1.923357322812080383e-02 1.235294248908758163e-02 -1.716753840446472168e-02 -7.798768114298582077e-03 1.161168366670608521e-01 -9.489419870078563690e-03 -3.341627493500709534e-02 8.032257854938507080e-02 7.493624836206436157e-02 7.393845915794372559e-02 -2.135224081575870514e-02 -1.075526922941207886e-01 7.681235671043395996e-02 -1.741726510226726532e-02 -1.686149090528488159e-01 5.304212495684623718e-02 -3.502151742577552795e-02 -6.956114619970321655e-02 1.122119873762130737e-01 7.940781861543655396e-02 1.020452380180358887e-01 4.723720625042915344e-02 5.917052924633026123e-02 -6.112045608460903168e-03 2.978321351110935211e-02 7.917527854442596436e-02 9.357997030019760132e-02 -5.010743811726570129e-02 -9.208194166421890259e-02 -7.036593556404113770e-02 2.978364378213882446e-02 9.850592911243438721e-02 6.059793010354042053e-02 5.411782860755920410e-02 -3.724214434623718262e-02 8.356869220733642578e-02 9.254369884729385376e-02 -7.021667808294296265e-02 -3.832837194204330444e-02 4.538307338953018188e-02 -5.887731164693832397e-02 5.655812099575996399e-02 1.186208352446556091e-01 -3.926121070981025696e-02 4.358978196978569031e-02 4.521811753511428833e-02 6.351740658283233643e-02 -8.839468471705913544e-03 -2.123290300369262695e-02 -9.930358082056045532e-02 -3.088109195232391357e-02 -8.420366048812866211e-02 5.987256392836570740e-02 -1.435185074806213379e-01 1.394938118755817413e-02 -5.567745864391326904e-02 4.409054666757583618e-02 -8.696659654378890991e-02 -5.538333952426910400e-02 5.789184942841529846e-02 -1.074874624609947205e-01 -7.618193328380584717e-02 5.045210127718746662e-04 -5.044938251376152039e-02 -8.473035693168640137e-02 -2.306125126779079437e-02 1.919691078364849091e-02 3.810921683907508850e-02 -3.203590586781501770e-02 5.107563734054565430e-02 4.634867981076240540e-02 -1.066240016371011734e-02 -7.418979704380035400e-02 -6.002406775951385498e-02 -6.614065915346145630e-02 -1.376238018274307251e-01 5.707964673638343811e-02 -4.713911563158035278e-02 -4.391605779528617859e-02 7.052686810493469238e-02 -9.012538194656372070e-02 -9.105888754129409790e-02 -6.427819281816482544e-02 9.040081501007080078e-02 7.941627874970436096e-03 3.429201245307922363e-02 -3.541130200028419495e-02 4.041560739278793335e-02 3.414761275053024292e-02 5.093031376600265503e-02 1.115058660507202148e-01
1.217882963828742504e-03 -1.170327141880989075e-02 -3.185308724641799927e-02 -2.408429607748985291e-02 -3.186280839145183563e-03 -1.069362983107566833e-01 7.442098855972290039e-02 -1.031518168747425079e-02 -1.055163368582725525e-01 -8.924663811922073364e-02 -1.196712907403707504e-02 -8.119185268878936768e-02 4.023523256182670593e-02 -7.840122282505035400e-02 1.816405728459358215e-02 -6.261625140905380249e-02 6.806876510381698608e-02 -6.890109926462173462e-02 -1.873670332133769989e-02 -1.056596916168928146e-02 6.466713547706604004e-02 -4.864328354597091675e-02 8.291271515190601349e-04 -1.176092494279146194e-02 -5.020475387573242188e-02 4.228959232568740845e-02 1.241452433168888092e-02 8.936620317399501801e-03 8.476461470127105713e-02 -2.940501645207405090e-02 -2.729525556787848473e-03 6.597715895622968674e-03 4.967825859785079956e-02 4.151170328259468079e-02 -4.109801352024078369e-02 -3.902497142553329468e-02 -8.286043256521224976e-02 -5.621353629976511002e-03 6.999253481626510620e-02 -5.122291669249534607e-02 -3.273549675941467285e-02 1.183233782649040222e-01 -4.165183380246162415e-02 3.872198611497879028e-02 6.318048387765884399e-02 3.509319573640823364e-02 6.750932335853576660e-02 3.708417713642120361e-02 -1.902887597680091858e-02 -1.684531453065574169e-03 -6.721236556768417358e-02 -5.397042259573936462e-02 4.857249557971954346e-02 -2.334683574736118317e-02 -9.302892535924911499e-02 -5.753254517912864685e-02 -7.302706595510244370e-03 -6.959921680390834808e-03 1.658400148153305054e-02 -4.340089857578277588e-02 -4.985249042510986328e-02 2.410334721207618713e-02 -1.627117209136486053e-02 -8.994716405868530273e-02 -6.576906144618988037e-02 6.583209335803985596e-02 -1.130523383617401123e-01 -3.297751396894454956e-02 1.143328659236431122e-02 8.745189011096954346e-02 2.694537676870822906e-02 2.067289315164089203e-02 3.685590345412492752e-03 6.027319282293319702e-02 -8.787216246128082275e-02 5.101339519023895264e-02 1.181350927799940109e-02 1.413080282509326935e-02 -5.067712813615798950e-02 8.729024231433868408e-02 -1.287964545190334320e-02 5.546662956476211548e-02 6.025575101375579834e-02 -7.835970818996429443e-02 8.942819386720657349e-02 -1.922712288796901703e-02 6.245682388544082642e-02 -8.480663597583770752e-02 7.999792695045471191e-02 5.951097235083580017e-02 -2.687575295567512512e-02 1.688475720584392548e-02 -2.124363370239734650e-02 -1.390120536088943481e-01 8.791670203208923340e-02 -1.073075830936431885e-01 5.264904722571372986e-02 -5.913108214735984802e-02 -6.145655736327171326e-02 1.750312000513076782e-02
-4.922373592853546143e-02 9.700241684913635254e-02 -2.186720259487628937e-02 -5.230990797281265259e-02 -2.529699169099330902e-02 -5.120700597763061523e-02 -7.666523009538650513e-02 -2.558223344385623932e-02 -9.810169041156768799e-02 -2.187635935842990875e-02 -9.582744538784027100e-02 2.065394073724746704e-02 6.998409330844879150e-02 -2.752276323735713959e-02 3.067405335605144501e-02 -7.401917595416307449e-03 -6.217340007424354553e-02 -6.229482218623161316e-02 -7.356477528810501099e-02 -7.805746048688888550e-02 1.071623936295509338e-01 -4.117480665445327759e-02 -5.752580240368843079e-02 -4.041523486375808716e-02 4.040664434432983398e-02 -2.094208495691418648e-03 3.139919415116310120e-02 1.002120599150657654e-01 -1.356873381882905960e-02 8.239067345857620239e-02 -5.226548388600349426e-02 4.153984040021896362e-02 3.928310051560401917e-02 1.207202021032571793e-02 3.340961411595344543e-02 -1.054230406880378723e-01 8.827610313892364502e-02 -3.702634200453758240e-02 -3.336804732680320740e-02 -6.469578295946121216e-02 -1.623365655541419983e-02 3.132492303848266602e-02 -8.220171555876731873e-03 8.171476423740386963e-02 -3.796418756246566772e-02 -7.740278542041778564e-02 6.516043096780776978e-03 1.159117743372917175e-02 5.094853788614273071e-02 -2.021436020731925964e-02 2.167658321559429169e-02 1.649367623031139374e-02 9.711389243602752686e-02 7.430762052536010742e-02 3.627940267324447632e-02 7.644584774971008301e-02 -1.104598166421055794e-03 8.925380557775497437e-02 -3.081773407757282257e-02 4.802636429667472839e-02 -7.379962480627000332e-04 -7.295926660299301147e-02 3.146066516637802124e-02 -9.950701892375946045e-02 1.252156682312488556e-02 -4.821973666548728943e-02 -8.294900506734848022e-02 6.658262014389038086e-02 4.269097000360488892e-02 -2.685194835066795349e-02 3.090734966099262238e-02 -2.681162767112255096e-02 5.691630020737648010e-02 7.831164449453353882e-02 4.775370284914970398e-02 -6.220417842268943787e-02 -2.059780247509479523e-02 -5.210987851023674011e-02 -9.044153243303298950e-02 7.931427657604217529e-02 -3.886506706476211548e-02 -1.525414269417524338e-02 3.673737868666648865e-02 2.057340182363986969e-02 -4.514806903898715973e-03 -5.191981419920921326e-02 7.337552309036254883e-02 -7.982468605041503906e-02 5.303668975830078125e-02 1.088597346097230911e-03 5.458982661366462708e-02 -4.260376095771789551e-02 -1.348486263304948807e-02 -8.561721444129943848e-02 -4.268796369433403015e-02 8.435101062059402466e-02 -3.383401781320571899e-02 -2.044190652668476105e-02 -5.027602426707744598e-03 -5.614714697003364563e-02
6.892975419759750366e-03 7.426645606756210327e-02 -6.056663766503334045e-02 6.780095398426055908e-02 4.380362853407859802e-02 3.009604476392269135e-02 5.279595032334327698e-02 4.368580505251884460e-02 -1.008047312498092651e-01 4.361496865749359131e-02 6.522005796432495117e-02 7.017440348863601685e-02 7.715428620576858521e-02 -9.109614044427871704e-02 2.105838805437088013e-02 -9.840992838144302368e-02 -9.067336469888687134e-02 -2.444987371563911438e-02 2.958015538752079010e-02 -5.804459564387798309e-03 -1.540830079466104507e-02 -6.944986525923013687e-03 -2.136411145329475403e-02 2.213329263031482697e-02 -8.723413199186325073e-02 4.388060048222541809e-02 1.089382097125053406e-01 7.604942470788955688e-02 7.128154486417770386e-02 -4.349298775196075439e-02 -5.132284015417098999e-02 -2.760210074484348297e-02 6.631375849246978760e-02 6.996095180511474609e-02 2.597391977906227112e-02 8.179085701704025269e-02 1.946165412664413452e-02 5.003067851066589355e-02 -1.297495216131210327e-01 -1.899312599562108517e-03 -7.727504521608352661e-02 7.432019710540771484e-02 7.249198853969573975e-02 -1.060063019394874573e-02 -6.590924412012100220e-02 2.718657068908214569e-02 2.298382483422756195e-02 -9.369830787181854248e-02 -7.394721359014511108e-02 7.659085094928741455e-02 8.333037793636322021e-02 1.030164584517478943e-01 -5.933571606874465942e-02 8.271422237157821655e-02 1.158708613365888596e-02 -9.966615587472915649e-03 9.332612901926040649e-02 -6.576913595199584961e-02 6.477705389261245728e-02 -5.327910929918289185e-02 -2.257932722568511963e-02 -2.386891841888427734e-02 -7.357708364725112915e-02 3.885489329695701599e-02 -4.399992153048515320e-02 -1.055858805775642395e-01 9.759083390235900879e-02 5.168382823467254639e-02 -1.020314097404479980e-01 -1.094723567366600037e-01 -5.729628354310989380e-02 7.037360221147537231e-02 3.975740447640419006e-02 -1.520844083279371262e-02 -4.695228859782218933e-02 8.762238174676895142e-02 -3.453708812594413757e-02 1.172410845756530762e-01 -2.302647940814495087e-02 -4.816807433962821960e-02 6.746347993612289429e-02 -9.072041139006614685e-03 1.053105294704437256e-01 -6.423619389533996582e-02 7.657856214791536331e-03 9.507528692483901978e-02 1.044831890612840652e-02 7.293713092803955078e-02 -9.812484681606292725e-02 -8.620239794254302979e-02 2.141656354069709778e-03 3.836709260940551758e-02 -8.159744553267955780e-03 4.644549265503883362e-02 -3.137557953596115112e-02 -1.035077571868896484e-01 2.034135721623897552e-02 8.671288192272186279e-02 8.175348490476608276e-02 7.376874983310699463e-02
-5.404696986079216003e-02 9.427130222320556641e-02 -4.485118389129638672e-02 4.402316361665725708e-02 9.851011633872985840e-02 -8.400204032659530640e-02 9.923467785120010376e-02 1.813200488686561584e-02 5.298105627298355103e-02 -1.080600395798683167e-01 2.796295098960399628e-02 3.394935280084609985e-03 4.599083960056304932e-02 -1.375497132539749146e-01 -6.976970285177230835e-02 7.657131552696228027e-02 -8.914380520582199097e-02 -1.063911244273185730e-01 -6.643037497997283936e-02 -2.788304723799228668e-02 -6.338827311992645264e-02 -4.190652072429656982e-02 1.079085841774940491e-01 6.104195956140756607e-03 8.153622597455978394e-02 5.266028642654418945e-02 -1.334979236125946045e-01 -1.799347251653671265e-02 7.850486785173416138e-02 -3.698214143514633179e-02 -5.272190645337104797e-02 2.846776973456144333e-03 -2.650276944041252136e-02 -1.098985318094491959e-03 4.757412150502204895e-02 -5.105439946055412292e-02 -7.832553237676620483e-02 -8.695123344659805298e-02 2.108755148947238922e-02 -8.119741082191467285e-02 8.475356549024581909e-02 -4.746102914214134216e-02 1.079964041709899902e-01 -1.033594235777854919e-01 1.476837415248155594e-02 -2.394018694758415222e-02 -7.070703804492950439e-02 -3.665523976087570190e-02 -9.866012632846832275e-02 5.749746039509773254e-02 3.850350528955459595e-02 -6.930475682020187378e-02 9.714460372924804688e-02 -1.028903350234031677e-01 7.294981926679611206e-02 -6.086135545047000051e-05 -5.403260514140129089e-02 6.910928338766098022e-02 6.922936066985130310e-03 1.253620833158493042e-01 1.097864843904972076e-02 -7.905909419059753418e-02 7.539706677198410034e-02 -3.803450614213943481e-02 3.999197855591773987e-02 -4.194246977567672729e-02 4.946279525756835938e-02 -2.268427051603794098e-02 -3.667392954230308533e-02 -4.527609422802925110e-02 -8.060077577829360962e-02 -2.902803756296634674e-02 -2.377199754118919373e-02 -5.676203966140747070e-02 5.793422460556030273e-02 3.999487683176994324e-02 5.634748563170433044e-02 -6.584893167018890381e-02 -6.133728101849555969e-02 3.845611959695816040e-02 8.355744183063507080e-02 -2.757910639047622681e-02 -5.744073167443275452e-02 -5.189093574881553650e-02 2.154405415058135986e-02 5.326675996184349060e-02 -3.981504216790199280e-02 -4.847997054457664490e-02 -2.321804128587245941e-02 8.221606165170669556e-02 -7.437083125114440918e-02 4.803467541933059692e-02 -3.888215869665145874e-02 -1.253345161676406860e-01 -2.073909528553485870e-02 6.798214465379714966e-02 8.821470290422439575e-02 8.307135850191116333e-02 -8.542607724666595459e-02 -6.626022607088088989e-02
-4.377131164073944092e-02 -1.793178170919418335e-02 1.517633814364671707e-02 -8.423515409231185913e-02 -6.664641201496124268e-03 5.596776679158210754e-02 5.221864208579063416e-02 7.184430211782455444e-02 -4.001502413302659988e-03 4.031676426529884338e-02 -6.280521303415298462e-02 -2.800905890762805939e-02 5.726895853877067566e-02 -6.179105862975120544e-02 -9.544194489717483521e-02 -2.511416003108024597e-02 -8.801788091659545898e-02 -2.745077386498451233e-02 2.213933691382408142e-02 -7.181742787361145020e-02 -2.693729661405086517e-02 -1.470647193491458893e-02 -6.170682981610298157e-02 -2.924986556172370911e-02 5.085279792547225952e-02 1.277425233274698257e-02 -1.934823393821716309e-02 -8.012375794351100922e-03 4.300264641642570496e-02 -6.836482789367437363e-03 4.204777628183364868e-02 -5.001191049814224243e-02 4.778828844428062439e-02 -4.446563497185707092e-02 3.354328498244285583e-02 -9.524630755186080933e-02 -2.185335755348205566e-02 4.756765440106391907e-02 -1.441455353051424026e-02 8.593214303255081177e-02 -2.480736561119556427e-02 8.940910547971725464e-02 -9.674121439456939697e-02 -1.229623612016439438e-02 7.946955412626266479e-02 -4.679162800312042236e-02 1.969292201101779938e-02 4.544512555003166199e-02 5.287472158670425415e-02 -2.717337384819984436e-02 4.667494073510169983e-02 1.066340319812297821e-02 -2.222262136638164520e-02 1.025712396949529648e-02 3.089292906224727631e-02 -8.918299572542309761e-04 1.197870224714279175e-01 -1.265985965728759766e-01 -1.201360002160072327e-01 5.748400837182998657e-02 8.933852612972259521e-02 -9.884896874427795410e-02 1.726917363703250885e-02 -8.461752533912658691e-02 -3.921770676970481873e-02 -4.428686574101448059e-02 -1.123515143990516663e-01 -6.111747771501541138e-02 4.364694282412528992e-02 -2.709237113595008850e-02 -7.965067028999328613e-02 -3.307282552123069763e-02 4.038463532924652100e-02 6.546292454004287720e-02 -4.620875045657157898e-02 3.572992235422134399e-02 -4.245024546980857849e-02 7.399331778287887573e-02 -1.073997020721435547e-01 -4.341534897685050964e-02 6.841443479061126709e-02 -3.429377917200326920e-03 2.880181744694709778e-02 2.376086451113224030e-02 -9.209287166595458984e-02 -7.743844389915466309e-02 9.225712716579437256e-02 -6.676862388849258423e-02 -1.054118499159812927e-01 -9.830862283706665039e-02 1.335508935153484344e-02 -6.262313574552536011e-02 7.579413056373596191e-02 -7.711584120988845825e-02 -1.943193562328815460e-02 3.611840307712554932e-02 -3.030514903366565704e-02 9.205214679241180420e-03 3.989474847912788391e-02 7.303341478109359741e-02
3.412629943341016769e-03 5.960845202207565308e-02 -3.420556709170341492e-02 2.060854062438011169e-02 1.666905730962753296e-02 4.728385433554649353e-02 3.548786789178848267e-02 -5.286237969994544983e-02 -5.709334090352058411e-02 -2.610124461352825165e-02 5.737437680363655090e-02 -3.569314256310462952e-02 -3.183204308152198792e-02 3.826187178492546082e-02 1.068103834986686707e-01 7.240206003189086914e-02 3.998348861932754517e-02 -6.737226247787475586e-02 -1.753492094576358795e-02 4.581292346119880676e-02 -8.347330242395401001e-02 -7.664796710014343262e-02 -9.728000313043594360e-02 -4.957129061222076416e-02 -1.962423324584960938e-02 -1.021647304296493530e-01 1.600180380046367645e-02 3.170570731163024902e-02 -7.902611792087554932e-02 1.838642545044422150e-02 8.892870694398880005e-02 -8.096171170473098755e-02 3.089028038084506989e-02 4.117679968476295471e-02 1.216012425720691681e-02 -4.427850618958473206e-02 -2.273955848067998886e-03 2.409831620752811432e-02 -6.860546022653579712e-02 5.514683574438095093e-02 -7.676522433757781982e-02 -2.622277475893497467e-02 7.873459905385971069e-02 3.460822999477386475e-02 3.846747055649757385e-02 3.940402716398239136e-02 -8.389125019311904907e-02 -1.686391420662403107e-02 -2.817399427294731140e-02 -4.953902214765548706e-02 6.685283780097961426e-02 2.976508811116218567e-02 7.545734755694866180e-03 -7.343942672014236450e-02 2.022355608642101288e-02 5.029705539345741272e-02 1.561100687831640244e-02 1.648591645061969757e-02 2.675788290798664093e-02 1.051626205444335938e-01 6.182174384593963623e-02 6.144258752465248108e-02 4.037816449999809265e-02 5.704040452837944031e-02 5.252305418252944946e-02 -9.729871898889541626e-02 -4.069661349058151245e-02 1.488503813743591309e-02 -4.146531596779823303e-02 6.964273005723953247e-02 8.557322621345520020e-02 -7.172413170337677002e-02 1.605987432412803173e-03 1.659759134054183960e-02 -8.051395416259765625e-02 4.497214406728744507e-02 -4.511313885450363159e-02 5.945789068937301636e-02 6.650622189044952393e-02 6.900000572204589844e-02 -1.516184862703084946e-02 5.211615562438964844e-02 2.315934933722019196e-02 6.582145392894744873e-02 1.039839312434196472e-01 -1.015767827630043030e-01 -8.310822397470474243e-02 3.036348335444927216e-02 2.874140068888664246e-02 -1.164537854492664337e-02 -8.130318671464920044e-02 6.934517621994018555e-02 5.297180265188217163e-02 -6.356929242610931396e-02 3.382254391908645630e-02 7.434932142496109009e-02 7.776782661676406860e-02 3.501041606068611145e-02 -6.208439823240041733e-03 1.666701980866491795e-03
-3.715410828590393066e-02 -8.400631695985794067e-02 -4.453702364116907120e-03 3.010423295199871063e-02 -6.629311293363571167e-02 5.437462404370307922e-02 -7.643353193998336792e-02 -4.549628868699073792e-02 7.173492014408111572e-02 2.071909792721271515e-02 -1.001732274889945984e-01 -1.032853946089744568e-01 6.979089230298995972e-02 -8.321784436702728271e-02 -6.057041138410568237e-02 6.186391226947307587e-03 6.124680489301681519e-02 2.300142683088779449e-02 4.448792710900306702e-02 -8.720290660858154297e-02 7.747374475002288818e-03 -3.221279755234718323e-02 6.386999785900115967e-02 -2.939332090318202972e-02 -7.270308583974838257e-02 -7.053804118186235428e-03 6.681813299655914307e-02 -6.230436731129884720e-03 2.436416409909725189e-02 -6.088235229253768921e-02 -3.142524044960737228e-03 -6.383502483367919922e-02 9.086920320987701416e-02 -3.149337833747267723e-03 8.275149390101432800e-03 -1.127118151634931564e-02 7.130123674869537354e-02 -3.479800000786781311e-02 6.243219599127769470e-02 -4.747210070490837097e-02 8.349205553531646729e-02 -4.709342494606971741e-02 -7.926850020885467529e-02 -4.871346987783908844e-03 -9.429623186588287354e-02 1.690818369388580322e-02 -3.685851022601127625e-02 7.493702322244644165e-02 -2.987561933696269989e-02 1.770794042386114597e-03 -8.768326044082641602e-02 -1.259426493197679520e-02 5.146054178476333618e-02 -9.634270519018173218e-02 1.292219199240207672e-02 5.783621221780776978e-02 -3.198591992259025574e-02 9.270204603672027588e-02 -9.164498001337051392e-02 1.137474924325942993e-02 -3.265631943941116333e-02 8.340013027191162109e-02 1.841119118034839630e-02 -2.178204618394374847e-02 1.081310063600540161e-01 -1.766002550721168518e-02 -5.236580967903137207e-02 7.646837830543518066e-02 4.668540880084037781e-02 8.243543654680252075e-02 1.112605482339859009e-01 -1.550022605806589127e-02 4.290133249014616013e-03 7.179833203554153442e-02 -7.480871677398681641e-02 -7.410936523228883743e-03 6.240482255816459656e-02 6.249913573265075684e-02 -6.894930452108383179e-02 6.787560880184173584e-02 -4.548691585659980774e-02 1.032984927296638489e-01 1.006987914443016052e-01 -6.459833681583404541e-02 -7.885327935218811035e-02 -8.714386075735092163e-02 -1.138077396899461746e-02 -3.588230162858963013e-02 1.955054700374603271e-03 9.934043884277343750e-02 -9.041054546833038330e-02 -4.771265760064125061e-02 -5.525952950119972229e-02 -8.713749796152114868e-02 1.254126615822315216e-02 -4.549728706479072571e-02 7.136324048042297363e-02 -1.867555454373359680e-02 5.377952009439468384e-02 -5.648279935121536255e-02
-8.110364526510238647e-02 5.819370597600936890e-02 -3.728720918297767639e-02 -3.512629121541976929e-02 3.169589862227439880e-02 5.061940476298332214e-02 4.031960293650627136e-02 5.327304080128669739e-02 -9.418150782585144043e-02 1.172591000795364380e-01 -6.466285884380340576e-02 4.080140031874179840e-03 1.234400197863578796e-01 -2.688693813979625702e-02 -8.076071739196777344e-03 -1.102251857519149780e-01 -1.651792228221893311e-02 1.270907744765281677e-02 5.544739589095115662e-02 4.249227419495582581e-02 -7.458849996328353882e-02 -3.163100779056549072e-02 3.498782962560653687e-02 -1.025335863232612610e-01 -2.357755973935127258e-02 2.621634677052497864e-02 4.066615924239158630e-02 1.261556297540664673e-01 3.009766340255737305e-02 -6.610500812530517578e-02 -6.833907961845397949e-02 -7.340732496231794357e-03 7.588599622249603271e-02 -9.609133005142211914e-02 2.424797415733337402e-02 4.912783950567245483e-02 2.095513418316841125e-02 3.354491293430328369e-02 -6.554573774337768555e-02 -1.207739710807800293e-01 -1.225651204586029053e-01 -8.502249419689178467e-02 5.353732779622077942e-02 -1.149913817644119263e-01 7.099417969584465027e-03 -5.157423764467239380e-02 -1.247542575001716614e-01 -6.915368139743804932e-02 8.168806880712509155e-02 4.609252512454986572e-02 1.087616458535194397e-01 -4.225999861955642700e-02 -7.127743214368820190e-02 -4.788598045706748962e-03 -1.041257753968238831e-01 5.499962717294692993e-02 -2.497192658483982086e-02 -6.841106712818145752e-02 -9.008172899484634399e-02 8.547161519527435303e-02 7.341822236776351929e-02 -2.428742684423923492e-02 5.587495118379592896e-02 2.724575996398925781e-02 8.237978070974349976e-02 -1.018499061465263367e-01 -2.011734806001186371e-02 5.750347673892974854e-02 -8.897805213928222656e-02 -3.761538490653038025e-02 1.118677780032157898e-01 -6.070374183764215559e-06 2.930662035942077637e-02 -9.656400978565216064e-02 -1.289554536342620850e-01 9.718334674835205078e-02 -4.403011500835418701e-02 3.753243014216423035e-02 -7.672386616468429565e-02 5.327195674180984497e-02 -6.997761875391006470e-02 8.769663050770759583e-03 7.025017589330673218e-02 -9.792783856391906738e-02 3.629843890666961670e-02 6.037335842847824097e-02 -4.522373527288436890e-02 9.686543792486190796e-02 1.042175106704235077e-03 -1.168324947357177734e-01 -2.560224384069442749e-02 9.505123645067214966e-02 2.303178887814283371e-03 -8.580496162176132202e-02 1.354046165943145752e-01 1.653807796537876129e-02 -7.418354600667953491e-02 4.266064241528511047e-02 1.278195083141326904e-01 -2.392944321036338806e-02
-8.545733988285064697e-02 5.110692977905273438e-02 -3.171893209218978882e-02 -8.848688751459121704e-02 -9.571202844381332397e-02 4.385816678404808044e-02 -1.079561635851860046e-01 -6.238954514265060425e-02 4.925398901104927063e-02 1.273666769266128540e-01 -1.895815017633140087e-03 -1.758059114217758179e-02 -1.021858677268028259e-01 -9.786514937877655029e-02 -1.202793493866920471e-01 5.444541573524475098e-02 8.370982110500335693e-02 6.178493425250053406e-02 -2.256379649043083191e-02 -9.994450211524963379e-02 -6.832394748926162720e-02 -4.290828481316566467e-02 -7.229467481374740601e-02 9.294008463621139526e-02 2.062635309994220734e-02 -7.388416677713394165e-02 6.830619275569915771e-02 -6.006884947419166565e-02 6.872367113828659058e-02 -2.593783102929592133e-02 -5.145843140780925751e-03 -6.510955840349197388e-02 4.565022140741348267e-02 -9.269727766513824463e-02 2.927403338253498077e-02 1.194233596324920654e-01 -4.141180310398340225e-03 -1.595295965671539307e-03 -7.663346081972122192e-02 4.780334606766700745e-02 -8.358149975538253784e-02 -3.683894127607345581e-02 -2.217473089694976807e-02 7.197919487953186035e-02 -9.525739401578903198e-02 2.435607463121414185e-02 -1.254782732576131821e-02 5.885146185755729675e-02 -1.642866991460323334e-02 1.324676070362329483e-02 -5.425238609313964844e-02 4.497608542442321777e-02 9.640519320964813232e-02 1.020673196762800217e-02 -8.156620897352695465e-03 -3.025526739656925201e-02 -1.184330657124519348e-01 -4.227378591895103455e-02 1.446097157895565033e-02 3.455749899148941040e-02 4.919193312525749207e-02 7.039217650890350342e-02 -3.247507289052009583e-02 -1.119118649512529373e-02 -4.869234561920166016e-02 4.996500909328460693e-03 7.335993647575378418e-02 -1.254691928625106812e-01 -6.555595435202121735e-03 -4.487866908311843872e-02 -7.876717299222946167e-02 4.874476045370101929e-02 -1.259935926645994186e-02 -7.042108476161956787e-02 3.238639608025550842e-02 3.188620880246162415e-02 -9.441528469324111938e-02 3.310530632734298706e-02 5.552403628826141357e-02 1.142700165510177612e-01 5.753866210579872131e-02 9.496901184320449829e-02 9.733051061630249023e-02 4.869238287210464478e-02 -1.422859728336334229e-01 1.586833037436008453e-02 9.385230951011180878e-03 3.888478130102157593e-02 9.933435916900634766e-02 8.874639123678207397e-02 -7.103864103555679321e-02 -8.303856104612350464e-02 -1.298621948808431625e-02 1.382964402437210083e-01 2.001330256462097168e-02 2.380622178316116333e-02 -3.446612134575843811e-02 9.365877509117126465e-02 1.867325603961944580e-02 -1.460347026586532593e-01
4.647429287433624268e-02 -1.243788719875738025e-04 2.765151672065258026e-02 -1.451924741268157959e-01 4.918648675084114075e-02 1.976485177874565125e-02 6.133650615811347961e-02 5.320621654391288757e-02 8.833956718444824219e-02 4.828007146716117859e-02 7.096707075834274292e-02 -5.453668162226676941e-02 -2.437780052423477173e-02 7.896305061876773834e-03 4.420247673988342285e-02 -5.798413604497909546e-02 9.164781868457794189e-02 5.194954946637153625e-02 -1.215170994400978088e-01 -6.254947185516357422e-02 -3.669111058115959167e-02 4.554011300206184387e-02 -8.399162441492080688e-02 6.267854571342468262e-02 -3.279235586524009705e-02 -5.719311535358428955e-02 -1.072188392281532288e-01 8.573718369007110596e-02 -1.037193611264228821e-01 2.504719235002994537e-02 4.123090952634811401e-02 2.519503794610500336e-02 9.156627953052520752e-02 4.599466919898986816e-02 2.158226631581783295e-02 -8.639790117740631104e-02 1.488780137151479721e-02 -7.779283076524734497e-02 -3.528374433517456055e-02 -7.887913286685943604e-02 -1.003824248909950256e-01 1.855181530117988586e-02 -6.760586798191070557e-02 8.785097301006317139e-02 -1.217907853424549103e-02 -7.005307823419570923e-02 -1.256211195141077042e-02 -6.407660245895385742e-02 -9.145587682723999023e-02 9.503636509180068970e-03 -4.839310795068740845e-02 4.623179882764816284e-02 -1.060878857970237732e-04 7.003206759691238403e-02 -7.637965679168701172e-02 -2.312488667666912079e-02 8.252430707216262817e-03 -6.277479231357574463e-02 5.311050266027450562e-02 9.631361067295074463e-02 4.229629412293434143e-02 -2.627028152346611023e-02 2.363818697631359100e-02 -2.713320404291152954e-02 -3.888984769582748413e-02 -5.246069654822349548e-02 4.245473816990852356e-02 7.025979459285736084e-02 -4.302217066287994385e-02 3.563224151730537415e-02 6.384477764368057251e-02 -1.158795878291130066e-02 -2.210405096411705017e-02 3.721773624420166016e-02 4.642303660511970520e-02 6.218625232577323914e-03 -7.441993057727813721e-02 -1.051684021949768066e-01 -8.654393255710601807e-02 -1.264706067740917206e-02 -2.296527288854122162e-02 -8.598244190216064453e-02 -8.182318508625030518e-02 -9.384755790233612061e-02 -4.955010861158370972e-02 -8.888170868158340454e-02 -1.184922680258750916e-01 -5.695021525025367737e-02 -7.590507715940475464e-02 7.053574174642562866e-02 -9.685201942920684814e-02 3.140179067850112915e-02 6.606522947549819946e-02 -2.147198468446731567e-02 4.657121002674102783e-02 -1.644754968583583832e-02 7.239508628845214844e-02 5.471148341894149780e-02 3.400630876421928406e-02 1.487060362705960870e-04
-1.016024053096771240e-01 5.538560822606086731e-02 6.014978513121604919e-02 -3.480735421180725098e-02 -3.149169683456420898e-02 2.671786583960056305e-02 3.818340599536895752e-02 -4.723509028553962708e-02 2.181332185864448547e-02 3.937791660428047180e-02 -5.094295740127563477e-02 8.814579248428344727e-02 3.058047406375408173e-02 -5.370207503437995911e-02 3.778636828064918518e-02 2.167881466448307037e-02 -4.008365795016288757e-02 -6.555250287055969238e-02 -8.822850137948989868e-02 -1.972527429461479187e-02 1.193542405962944031e-02 7.116317749023437500e-02 8.228769898414611816e-02 7.307429797947406769e-03 2.593561820685863495e-02 7.554336637258529663e-02 -3.848917409777641296e-02 2.791703492403030396e-02 -9.564052522182464600e-02 -2.559342794120311737e-02 -8.116544038057327271e-02 5.100537836551666260e-02 -5.800446122884750366e-02 -3.074881248176097870e-02 -6.747177243232727051e-02 -2.274773456156253815e-02 -2.599199861288070679e-02 -6.461595743894577026e-02 7.008301466703414917e-02 -3.010008251294493675e-03 -1.515674125403165817e-02 2.834392897784709930e-02 6.225688382983207703e-02 6.608583498746156693e-03 8.190812915563583374e-02 -5.606986954808235168e-02 3.727195411920547485e-02 -6.151784583926200867e-02 4.987489059567451477e-02 7.179733365774154663e-02 -8.802969753742218018e-02 -6.727942079305648804e-02 1.682621985673904419e-02 -8.615258336067199707e-02 -6.428599357604980469e-02 -3.996650502085685730e-02 8.929947763681411743e-02 -6.814845651388168335e-02 6.802625209093093872e-02 -8.869305253028869629e-02 8.454218506813049316e-02 6.925807893276214600e-02 -2.824104763567447662e-02 6.116194650530815125e-02 5.951166898012161255e-02 7.051888108253479004e-02 2.726892940700054169e-02 7.411914994008839130e-04 -9.902276843786239624e-02 2.500885166227817535e-02 9.188392013311386108e-02 -3.421046212315559387e-02 3.502032905817031860e-02 5.929146707057952881e-02 5.971746519207954407e-02 2.488403208553791046e-02 6.392473727464675903e-02 1.248810999095439911e-02 5.920921638607978821e-02 -3.166444972157478333e-02 4.029978439211845398e-02 2.565079927444458008e-02 7.554855197668075562e-02 3.978666290640830994e-02 9.841829538345336914e-03 7.682964950799942017e-02 2.435216121375560760e-02 -9.444366395473480225e-02 -2.627212181687355042e-02 -8.772306889295578003e-02 -5.293479561805725098e-02 9.296082705259323120e-02 -6.245024129748344421e-02 2.213596738874912262e-02 -8.737491816282272339e-02 4.421046003699302673e-02 1.948431693017482758e-02 -4.545724019408226013e-02 6.160391122102737427e-02 4.042001068592071533e-02
7.001645117998123169e-02 -3.498338162899017334e-02 -2.392515167593955994e-02 -8.665839582681655884e-02 1.477202214300632477e-02 -5.185500532388687134e-02 8.038400113582611084e-02 -6.158471107482910156e-02 1.262289099395275116e-02 3.161142813041806221e-03 -5.642319098114967346e-02 -2.291731163859367371e-02 3.339016810059547424e-02 4.151568934321403503e-02 -7.245785742998123169e-02 8.496937900781631470e-02 1.163105368614196777e-01 -1.038349941372871399e-01 3.025582619011402130e-02 -8.217949420213699341e-02 -4.088172689080238342e-02 -6.441899389028549194e-02 -4.040741175413131714e-02 4.776873812079429626e-02 5.355957895517349243e-03 -3.655470907688140869e-02 -4.843144863843917847e-02 4.703852906823158264e-02 3.844901174306869507e-02 -1.733469078317284584e-03 -2.442986331880092621e-02 -1.309562101960182190e-02 -6.174862757325172424e-02 -4.300687834620475769e-02 2.308200579136610031e-03 2.614906989037990570e-02 -8.784062415361404419e-02 2.910442091524600983e-02 1.177040934562683105e-01 8.090210705995559692e-02 -6.986224651336669922e-02 5.584403127431869507e-02 -4.272327199578285217e-02 -7.510682940483093262e-02 -3.836930543184280396e-02 -3.517165407538414001e-02 2.316294703632593155e-03 5.728880688548088074e-02 -4.656281322240829468e-02 1.394475698471069336e-01 4.975019022822380066e-03 6.468069553375244141e-02 8.012583851814270020e-02 2.664593048393726349e-02 -4.751523956656455994e-02 4.181296750903129578e-02 8.621881157159805298e-02 6.579836457967758179e-02 2.153586782515048981e-02 -7.880181074142456055e-03 3.333622589707374573e-03 9.072665870189666748e-02 -2.929906547069549561e-02 -1.829336024820804596e-02 -9.997567534446716309e-02 -4.301334917545318604e-02 1.137795969843864441e-01 -5.671113729476928711e-02 3.772312402725219727e-02 -3.988761827349662781e-02 -4.689672496169805527e-03 -1.156067475676536560e-02 -1.381715200841426849e-02 3.705480135977268219e-03 5.008415505290031433e-02 2.944047190248966217e-02 -8.370918780565261841e-02 4.722853004932403564e-02 -6.474707275629043579e-02 -8.021552860736846924e-02 -5.852522328495979309e-02 -4.823723062872886658e-02 8.678792417049407959e-02 9.876511245965957642e-02 -1.152517497539520264e-01 -1.783739135134965181e-04 -1.013235896825790405e-01 -5.382815725170075893e-04 -8.946069329977035522e-02 -9.648495167493820190e-02 1.045366376638412476e-01 -5.457255989313125610e-02 -4.311044514179229736e-02 -1.074097380042076111e-01 -5.893653631210327148e-02 6.011030822992324829e-02 -9.256144613027572632e-02 -6.701839715242385864e-02 5.214167386293411255e-02 -7.558116316795349121e-02
5.795088782906532288e-02 9.146447479724884033e-02 -4.479284584522247314e-02 1.592991128563880920e-02 3.426465392112731934e-02 1.749729365110397339e-02 1.386187411844730377e-02 -1.018095668405294418e-02 6.580802798271179199e-02 8.060605078935623169e-02 -1.003610268235206604e-01 9.111971408128738403e-02 7.784082740545272827e-02 -9.564631432294845581e-02 -7.273858040571212769e-02 -3.289349004626274109e-02 2.429133839905261993e-02 -5.726914480328559875e-02 -1.610429026186466217e-02 -5.669690296053886414e-02 -4.454386234283447266e-02 -8.599599823355674744e-03 -4.021055996417999268e-03 -9.515042603015899658e-02 -3.286028280854225159e-02 -9.476523846387863159e-02 -3.821621090173721313e-02 6.982898712158203125e-02 4.373553022742271423e-02 -5.190151557326316833e-02 4.380808677524328232e-04 -4.806010983884334564e-03 9.499390423297882080e-02 -1.514628995209932327e-03 3.382903710007667542e-02 -1.949769817292690277e-02 1.039902865886688232e-02 1.782923354767262936e-03 4.586880281567573547e-02 -1.120780482888221741e-01 6.150113791227340698e-02 -4.608291387557983398e-02 1.221213676035404205e-02 6.376474350690841675e-02 1.985460706055164337e-02 -9.285610914230346680e-02 -1.454687770456075668e-02 -1.380163989961147308e-02 -6.109769642353057861e-02 -1.963547989726066589e-02 -7.017034292221069336e-02 5.102969706058502197e-02 3.651725873351097107e-02 -5.355226807296276093e-03 -1.102864220738410950e-01 -6.992971897125244141e-02 6.188577413558959961e-02 3.717967867851257324e-02 -2.743834629654884338e-02 8.214123547077178955e-02 8.423241227865219116e-02 -5.306394770741462708e-02 -1.423951517790555954e-02 -8.040225505828857422e-02 -3.182362765073776245e-02 6.067145988345146179e-02 -7.824327051639556885e-02 -8.575878292322158813e-02 -1.145987436175346375e-01 5.188841745257377625e-02 -6.686666607856750488e-02 -4.659698531031608582e-02 1.276854053139686584e-02 -1.059013083577156067e-01 3.728260099887847900e-02 -5.988527089357376099e-03 -5.991486832499504089e-02 -3.278568852692842484e-03 -1.192107051610946655e-02 4.364959895610809326e-02 -5.004315823316574097e-02 -5.359645560383796692e-02 2.864988893270492554e-02 -9.473522007465362549e-02 -7.496390491724014282e-02 4.444511234760284424e-02 -1.008712649345397949e-01 1.076437979936599731e-01 -8.860766887664794922e-02 -8.464316278696060181e-02 3.609431162476539612e-02 -4.081766679883003235e-02 2.567525207996368408e-02 -2.935819514095783234e-02 8.912079781293869019e-02 -2.066059596836566925e-02 5.777147784829139709e-02 9.562184661626815796e-02 -5.069217085838317871e-02 -6.496120244264602661e-02
9.872062131762504578e-03 9.097705781459808350e-02 -3.782099112868309021e-02 -6.387204676866531372e-02 5.922065302729606628e-02 5.203786119818687439e-02 4.292935505509376526e-02 1.242582872509956360e-01 -4.475216940045356750e-02 -1.363505050539970398e-02 4.536221921443939209e-02 6.103932857513427734e-02 -1.803511567413806915e-02 8.900637924671173096e-02 3.690982609987258911e-02 8.774524182081222534e-02 5.931622162461280823e-02 8.690962940454483032e-02 6.973196566104888916e-02 -3.556987643241882324e-02 3.342616604641079903e-03 -8.563748747110366821e-02 9.828843921422958374e-02 -2.811509929597377777e-02 -1.569758355617523193e-02 -8.777610212564468384e-02 -5.061798170208930969e-02 1.616922207176685333e-02 7.139741629362106323e-02 3.875873237848281860e-02 -9.505399316549301147e-02 2.552962489426136017e-02 -5.678466334939002991e-02 -1.094117984175682068e-01 4.592674970626831055e-02 4.855877161026000977e-02 -4.299939051270484924e-02 -5.571191012859344482e-02 -1.661385782063007355e-02 -3.428611159324645996e-02 -1.020566523075103760e-01 8.933302760124206543e-02 -6.953912228345870972e-02 -4.306038469076156616e-02 -6.525333970785140991e-02 -6.329631060361862183e-02 -6.572780013084411621e-02 -4.996339231729507446e-02 -2.154040709137916565e-02 1.042926236987113953e-01 4.717842116951942444e-02 -5.364535748958587646e-02 -3.243477270007133484e-02 -5.233043432235717773e-02 -5.540937930345535278e-02 3.271076083183288574e-02 2.258799411356449127e-02 -6.326522678136825562e-02 2.991957589983940125e-02 8.330103754997253418e-02 7.044229656457901001e-02 -1.778490841388702393e-02 -1.442445907741785049e-02 5.990906152874231339e-03 -7.001220248639583588e-03 -1.005476638674736023e-01 -7.294532656669616699e-02 3.648626804351806641e-02 6.990145146846771240e-02 -3.347693476825952530e-03 -3.798942267894744873e-02 6.950703263282775879e-02 -7.673802971839904785e-02 -1.575588621199131012e-02 -3.098747925832867622e-03 2.236305363476276398e-02 -1.209205389022827148e-01 1.121175438165664673e-01 1.483632903546094894e-02 -6.544788181781768799e-02 -8.767088502645492554e-02 5.359319597482681274e-02 -2.888596989214420319e-02 -4.133314266800880432e-02 -5.637668073177337646e-03 1.159809008240699768e-01 -9.960186667740345001e-03 6.252472847700119019e-02 -6.640779227018356323e-02 7.076390087604522705e-03 -2.845214121043682098e-02 1.037027984857559204e-01 -2.532741986215114594e-03 -4.620529711246490479e-02 -6.801299750804901123e-02 -2.288060449063777924e-02 -7.886391133069992065e-02 -5.385356768965721130e-02 6.040073931217193604e-02 1.169197075068950653e-02
-3.642517700791358948e-02 -7.350753247737884521e-02 -8.658496290445327759e-02 1.322822570800781250e-01 3.707620874047279358e-02 -2.906295657157897949e-02 -6.998633593320846558e-02 1.049489155411720276e-01 2.178616821765899658e-02 7.255930453538894653e-02 -4.955067485570907593e-02 2.889206074178218842e-02 4.218605160713195801e-02 8.557883650064468384e-02 3.994196653366088867e-03 6.642824504524469376e-03 -3.370675444602966309e-02 3.206113725900650024e-02 -5.152009800076484680e-02 -3.496453538537025452e-02 3.443555161356925964e-02 2.621883712708950043e-02 -6.648022681474685669e-02 8.469230681657791138e-02 1.747472397983074188e-02 -1.056431457400321960e-01 -2.853843010962009430e-02 4.975239932537078857e-02 -1.693854033946990967e-01 -3.278850764036178589e-02 -3.280115872621536255e-02 -6.170368753373622894e-03 8.471319079399108887e-02 -6.510340422391891479e-02 -3.540426027029752731e-03 -3.699865192174911499e-02 9.033051133155822754e-02 2.872424013912677765e-02 -1.304102223366498947e-02 3.447701036930084229e-02 3.377024829387664795e-02 1.342978794127702713e-02 3.867916297167539597e-03 -7.561624050140380859e-03 -5.264085158705711365e-02 -1.047773361206054688e-01 -9.412842243909835815e-02 1.289354115724563599e-01 -3.723534941673278809e-02 4.099810868501663208e-02 -7.352058589458465576e-02 -2.697268873453140259e-02 -1.024143397808074951e-01 1.935975067317485809e-02 -3.768139332532882690e-02 -3.396927192807197571e-02 1.760137975215911865e-01 9.303447604179382324e-02 -7.848076522350311279e-02 1.286682933568954468e-01 3.701834240928292274e-03 -8.274199068546295166e-02 -1.885413564741611481e-02 -2.407588437199592590e-02 -6.082050129771232605e-02 4.058140516281127930e-02 2.845450118184089661e-02 -7.955038547515869141e-02 -1.063858196139335632e-01 3.850732371211051941e-02 -5.574836209416389465e-02 8.407690376043319702e-02 6.322242319583892822e-02 -8.563096076250076294e-02 -1.026666611433029175e-01 3.200578317046165466e-02 -5.924743786454200745e-02 -9.169211983680725098e-02 8.747283369302749634e-02 -3.456010669469833374e-02 -4.477356746792793274e-02 -4.002173990011215210e-02 1.567083038389682770e-02 -7.014688104391098022e-02 1.314183976501226425e-02 -2.600179240107536316e-02 -8.009093999862670898e-02 1.779932156205177307e-02 -4.596794396638870239e-02 4.351104423403739929e-02 -6.772465258836746216e-02 -1.101053580641746521e-01 -1.878582127392292023e-02 -4.405332729220390320e-02 -6.233749911189079285e-02 1.100029237568378448e-02 2.777831815183162689e-02 9.937166236340999603e-03 -8.162692189216613770e-02 3.649473190307617188e-02
-4.693711549043655396e-02 -2.914213947951793671e-02 7.770126312971115112e-02 8.082724362611770630e-02 7.649043202400207520e-02 4.427789896726608276e-02 4.027698189020156860e-02 -2.497460506856441498e-02 9.943947196006774902e-03 1.049329340457916260e-02 4.095274209976196289e-02 -1.341134607791900635e-01 3.388191387057304382e-02 -3.460643067955970764e-02 -8.291172236204147339e-02 9.924829006195068359e-02 6.241057440638542175e-02 3.991097584366798401e-02 -2.149350382387638092e-02 -6.119649484753608704e-02 7.300134748220443726e-02 -2.810440026223659515e-02 -7.179085910320281982e-02 -1.330546289682388306e-01 3.420383110642433167e-02 -2.622148767113685608e-02 -7.893370091915130615e-02 -2.110659889876842499e-02 -4.192214086651802063e-02 -2.096072211861610413e-02 1.858921162784099579e-02 -1.030796393752098083e-02 8.546052128076553345e-02 -2.393280342221260071e-02 4.348717629909515381e-02 3.404054790735244751e-02 3.012080118060112000e-02 5.545878782868385315e-02 3.693138808012008667e-02 8.016467094421386719e-03 4.374735057353973389e-02 -3.236835077404975891e-02 3.391643613576889038e-02 2.360424771904945374e-02 -7.911305129528045654e-02 6.484830379486083984e-02 -5.897382274270057678e-02 -1.038804352283477783e-01 6.977672129869461060e-02 -6.059307232499122620e-02 -1.912530139088630676e-02 1.063241437077522278e-01 3.635058924555778503e-02 -7.786878198385238647e-02 4.613554477691650391e-02 3.276806324720382690e-02 2.741838805377483368e-02 1.183005422353744507e-02 9.352792054414749146e-02 -9.168252348899841309e-02 5.599345266819000244e-02 8.397387713193893433e-02 -8.165654540061950684e-02 5.227032303810119629e-02 8.220633864402770996e-02 9.637506306171417236e-02 4.461928829550743103e-02 -6.502284854650497437e-02 -1.059894487261772156e-01 1.693131402134895325e-02 4.349755868315696716e-02 1.647393032908439636e-02 -5.930348485708236694e-02 -6.978920102119445801e-02 4.167640954256057739e-02 -3.101673349738121033e-02 -8.201053738594055176e-02 6.848447024822235107e-02 -2.249575033783912659e-02 -4.211799800395965576e-02 4.196939989924430847e-02 2.035362087190151215e-02 1.571178622543811798e-02 -1.492756884545087814e-02 4.469722043722867966e-03 -3.053395822644233704e-02 -8.016668260097503662e-02 -7.947043329477310181e-02 -1.121041830629110336e-02 7.399471849203109741e-02 4.379691183567047119e-02 3.651363775134086609e-02 -3.202952444553375244e-03 -4.379812628030776978e-02 -9.388500452041625977e-02 7.987807691097259521e-02 -3.222002089023590088e-02 4.971793293952941895e-02 -3.164640814065933228e-02 -2.355883829295635223e-02
5.601053312420845032e-02 -7.010675221681594849e-02 9.173236787319183350e-02 -5.276126414537429810e-02 -6.449472159147262573e-02 -1.510316282510757446e-01 1.003132462501525879e-01 1.474146693944931030e-01 -5.014456808567047119e-03 -2.901232801377773285e-02 1.503331400454044342e-02 6.102633662521839142e-03 5.358010064810514450e-03 -7.841272652149200439e-02 -5.438930541276931763e-02 -2.266781032085418701e-02 -2.863252349197864532e-02 -1.416836977005004883e-01 -1.061102524399757385e-01 -2.811471745371818542e-02 3.156542778015136719e-02 -3.424002975225448608e-02 -5.670592933893203735e-02 -8.120575547218322754e-02 -6.221601739525794983e-02 3.290421515703201294e-02 2.660491876304149628e-02 -1.751390751451253891e-03 -2.274680584669113159e-01 -7.099492102861404419e-02 5.621486157178878784e-02 -7.300809770822525024e-02 1.729565262794494629e-01 5.525584146380424500e-02 -7.087315618991851807e-02 -6.004076451063156128e-02 -6.321060657501220703e-02 8.405675739049911499e-02 -1.113175526261329651e-01 -1.930626668035984039e-02 1.809617690742015839e-02 1.101709902286529541e-02 1.973585598170757294e-02 -1.150160506367683411e-01 -1.032555177807807922e-01 6.115834414958953857e-02 1.583770662546157837e-02 -2.714850567281246185e-02 1.453782320022583008e-01 1.140397116541862488e-01 -2.564337337389588356e-03 3.319504903629422188e-03 7.827918976545333862e-02 5.152238160371780396e-02 -5.762970075011253357e-02 8.871229365468025208e-04 -2.626763284206390381e-02 -5.831418558955192566e-02 1.408185157924890518e-02 -9.097253531217575073e-02 5.207210779190063477e-02 -1.049735620617866516e-01 3.290580352768301964e-03 -2.425617724657058716e-02 1.702149808406829834e-01 6.126534938812255859e-02 7.104719523340463638e-03 5.079972371459007263e-02 4.803289473056793213e-02 5.579162389039993286e-02 8.137033134698867798e-02 4.504229128360748291e-02 -1.621564850211143494e-02 1.489436905831098557e-02 -1.494320482015609741e-02 7.585920393466949463e-02 -1.601235382258892059e-02 9.257496148347854614e-02 4.697344452142715454e-02 -4.196134209632873535e-02 -7.007500529289245605e-02 2.229703404009342194e-02 7.647790014743804932e-02 2.383218146860599518e-02 -5.475825816392898560e-02 7.143991440534591675e-02 -1.050970405340194702e-01 -4.826815798878669739e-02 -4.381163418292999268e-02 5.891401320695877075e-02 -5.625021643936634064e-03 1.735407300293445587e-02 -6.899527460336685181e-02 -3.866066224873065948e-03 7.883106172084808350e-02 1.588681899011135101e-02 1.198524492792785168e-03 2.808365970849990845e-02 -1.032422184944152832e-01 -4.480592906475067139e-02
-4.362731054425239563e-02 9.554495662450790405e-02 -8.034059405326843262e-02 -1.456892583519220352e-03 9.402457624673843384e-03 1.059193979017436504e-03 8.253768831491470337e-02 -1.759347878396511078e-02 -6.841008365154266357e-02 -5.329038202762603760e-02 6.971514225006103516e-02 9.589386731386184692e-02 -3.428185358643531799e-02 3.612348064780235291e-02 -2.214647084474563599e-02 1.615685410797595978e-02 4.418762400746345520e-02 7.653802633285522461e-02 1.135374978184700012e-01 -6.940257549285888672e-02 -3.566289320588111877e-02 -2.598930895328521729e-02 -1.019258871674537659e-01 4.448128864169120789e-02 4.076408594846725464e-02 -4.308487102389335632e-02 2.244326099753379822e-02 3.123432397842407227e-02 5.301741883158683777e-02 -9.934142231941223145e-02 5.602351948618888855e-02 -9.144936501979827881e-02 1.382855772972106934e-01 2.194221317768096924e-02 4.142359271645545959e-02 1.011331751942634583e-01 2.030809782445430756e-02 3.646323829889297485e-02 -2.395916171371936798e-02 -1.954552251845598221e-03 -9.309315681457519531e-02 3.369350731372833252e-02 -4.106977209448814392e-02 -3.136349841952323914e-02 8.352159708738327026e-02 4.508604854345321655e-02 6.137754768133163452e-02 -4.263358563184738159e-02 -4.691449180245399475e-02 4.994130134582519531e-02 -2.802692539989948273e-02 9.586109220981597900e-02 4.443380609154701233e-02 -4.038349539041519165e-02 6.527009606361389160e-02 6.996833533048629761e-02 -8.496769517660140991e-02 -4.617621749639511108e-02 -4.266576468944549561e-02 -9.685352444648742676e-03 -4.227323457598686218e-02 5.634805187582969666e-02 -9.170448780059814453e-02 9.369301050901412964e-02 -3.947942703962326050e-02 2.174718864262104034e-02 -7.769155502319335938e-02 -5.925050377845764160e-02 -8.074678480625152588e-02 1.465821266174316406e-02 9.520309418439865112e-02 -3.844487667083740234e-02 -6.103562191128730774e-02 2.029784489423036575e-03 1.902516558766365051e-02 -3.261467069387435913e-02 -5.397071596235036850e-03 8.522595465183258057e-02 4.503188654780387878e-03 8.950948715209960938e-03 6.589264422655105591e-02 1.132811233401298523e-01 6.511937081813812256e-02 9.673094004392623901e-02 -2.852199412882328033e-02 -3.689099848270416260e-02 1.001421809196472168e-01 5.490222945809364319e-02 -8.830144256353378296e-02 5.400237441062927246e-02 -6.017734855413436890e-02 -5.092335864901542664e-02 -6.896597892045974731e-02 1.101895645260810852e-01 -7.999951392412185669e-02 4.018148034811019897e-02 -5.157689005136489868e-02 -6.506987661123275757e-02 -8.975517749786376953e-02 9.243371337652206421e-02
1.137683391571044922e-01 4.125516489148139954e-02 -5.664971098303794861e-02 3.173555713146924973e-03 2.519504167139530182e-03 -1.081697270274162292e-01 -5.420235171914100647e-02 3.431558609008789062e-02 -4.750420525670051575e-02 -1.351014971733093262e-01 6.543481349945068359e-02 -1.137400045990943909e-01 -8.917269110679626465e-02 2.382738515734672546e-02 4.925715550780296326e-02 -7.044080644845962524e-02 -5.682729929685592651e-02 7.805328816175460815e-02 -5.410116165876388550e-02 -1.331644225865602493e-02 4.979638833901844919e-05 3.986049443483352661e-03 9.967791289091110229e-02 -1.135616004467010498e-02 1.117707416415214539e-01 7.066821306943893433e-02 4.330077022314071655e-02 -2.189143560826778412e-02 5.699538812041282654e-02 -5.204005539417266846e-02 -1.236528232693672180e-01 8.904968202114105225e-02 -5.391485989093780518e-02 1.154272407293319702e-01 -8.531499654054641724e-03 7.696378976106643677e-02 6.961359828710556030e-02 1.744457334280014038e-02 1.494170911610126495e-02 1.268627122044563293e-02 2.224017120897769928e-02 -4.338548704981803894e-02 4.683370143175125122e-02 -1.974163390696048737e-02 3.507675603032112122e-03 2.895973157137632370e-03 1.627387478947639465e-02 -5.549360439181327820e-02 7.306021451950073242e-02 1.356149166822433472e-01 -4.153259843587875366e-02 -9.352868795394897461e-02 1.205388978123664856e-01 -9.886419028043746948e-02 1.365902274847030640e-01 -1.067226752638816833e-01 2.688836120069026947e-02 -8.144915848970413208e-02 3.455110266804695129e-02 6.403082609176635742e-02 -1.716434344416484237e-04 3.823783714324235916e-03 8.813801407814025879e-02 7.676994055509567261e-02 -1.405388265848159790e-01 4.699524864554405212e-02 3.649514168500900269e-02 -2.377792075276374817e-02 -9.953136742115020752e-02 -4.830825328826904297e-02 -5.501386895775794983e-02 -5.311792716383934021e-02 1.261173039674758911e-01 -5.724153667688369751e-02 7.269335538148880005e-02 4.071075096726417542e-02 -8.761666715145111084e-03 6.033371016383171082e-02 -3.707099333405494690e-02 1.782234199345111847e-02 -3.266305476427078247e-02 7.902291417121887207e-02 5.634424835443496704e-02 -7.084987312555313110e-02 2.448883652687072754e-02 -1.012700200080871582e-01 -5.142529681324958801e-02 -5.667099356651306152e-02 -5.577778443694114685e-02 -6.274826079607009888e-02 -5.976349487900733948e-02 8.042532950639724731e-02 7.841792702674865723e-02 -3.611135482788085938e-02 2.966967597603797913e-02 -3.395340219140052795e-02 -3.410593420267105103e-02 -1.179227158427238464e-01 2.432756498456001282e-02 -5.644937045872211456e-03
1.207017078995704651e-01 3.844653721898794174e-03 -5.692905560135841370e-02 3.275702893733978271e-02 -1.187122426927089691e-02 -1.903648860752582550e-02 -3.954562824219465256e-03 1.116671785712242126e-02 -7.701344043016433716e-02 7.447998970746994019e-02 -2.486601099371910095e-02 -2.209293190389871597e-03 -8.058442920446395874e-02 1.233822703361511230e-01 3.364282846450805664e-02 -4.218705464154481888e-03 6.132897362112998962e-02 8.099270612001419067e-02 4.720790311694145203e-02 6.034381687641143799e-02 -2.053382061421871185e-02 3.509818390011787415e-02 1.364996284246444702e-01 1.280801147222518921e-01 -7.289960049092769623e-03 -5.827346444129943848e-02 7.729943841695785522e-03 3.379706665873527527e-02 -3.569940850138664246e-02 -1.231750398874282837e-01 4.012694582343101501e-02 -1.047517731785774231e-01 1.581353694200515747e-02 -5.981899425387382507e-02 -5.961796641349792480e-02 1.143693830817937851e-02 -7.672782242298126221e-02 -5.546118319034576416e-02 -2.131566405296325684e-02 -6.928147375583648682e-02 -9.334561973810195923e-02 4.996474366635084152e-03 -3.398404270410537720e-02 1.453523244708776474e-02 4.503352567553520203e-02 -4.012874513864517212e-02 -5.904317647218704224e-02 -6.523063778877258301e-02 -9.910281747579574585e-03 8.544653654098510742e-02 5.284494534134864807e-02 4.990429058670997620e-02 -7.546498905867338181e-03 5.337552726268768311e-02 -2.097978629171848297e-02 1.796102523803710938e-02 8.243480324745178223e-02 3.604458644986152649e-02 -8.341308683156967163e-02 -1.122772321105003357e-02 1.208445280790328979e-01 -1.310162479057908058e-03 -2.239844063296914101e-03 -6.737316399812698364e-02 -6.678766757249832153e-02 5.534629151225090027e-02 -3.389632701873779297e-02 2.453299704939126968e-03 -5.273381713777780533e-03 -5.904039368033409119e-02 1.371405646204948425e-02 -8.870731294155120850e-02 5.548072047531604767e-03 -3.465371206402778625e-02 2.463743276894092560e-02 -4.128333646804094315e-03 5.704770609736442566e-02 4.195674881339073181e-02 5.113612115383148193e-02 -8.481790311634540558e-03 2.880660258233547211e-02 -5.741179361939430237e-02 5.306605249643325806e-03 9.227643907070159912e-02 1.217857236042618752e-03 2.123329602181911469e-02 3.752089571207761765e-03 4.929255321621894836e-02 6.404869258403778076e-02 -3.390976041555404663e-02 -8.448509126901626587e-02 6.661074608564376831e-02 8.435616642236709595e-02 5.563823506236076355e-02 2.662644349038600922e-02 -6.732951849699020386e-02 -4.694620892405509949e-02 7.437624782323837280e-02 -8.212697505950927734e-02 -5.185677856206893921e-02
2.551572769880294800e-02 5.725195258855819702e-02 -3.834819421172142029e-02 -1.188170462846755981e-01 9.861455857753753662e-02 1.407980080693960190e-02 7.792726159095764160e-02 6.497409939765930176e-02 1.973792351782321930e-02 -2.326697856187820435e-02 6.842376664280891418e-03 -6.226328015327453613e-02 -8.980699628591537476e-02 -9.026201441884040833e-04 7.573581766337156296e-03 6.319825351238250732e-02 -4.163748025894165039e-02 2.501969039440155029e-02 2.699714677873998880e-04 1.114441528916358948e-01 4.734470322728157043e-02 8.639314025640487671e-02 -7.539129257202148438e-02 1.541686244308948517e-02 9.216167032718658447e-02 4.979966580867767334e-02 -1.177564635872840881e-02 6.504868716001510620e-02 -8.670321106910705566e-02 -2.125562354922294617e-02 -2.995598129928112030e-02 7.552747428417205811e-02 1.458948701620101929e-01 -8.102871477603912354e-02 3.974728658795356750e-02 -2.847645431756973267e-02 -8.343612402677536011e-02 -5.612871609628200531e-03 1.625909208087250590e-04 4.350677132606506348e-03 -4.236196726560592651e-02 2.371877245604991913e-02 5.303366109728813171e-02 1.917554065585136414e-02 5.218104273080825806e-02 2.704507671296596527e-02 3.721982613205909729e-02 -2.144632115960121155e-02 3.689588233828544617e-02 2.405201643705368042e-02 3.630980104207992554e-02 6.692604720592498779e-02 1.177902054041624069e-02 -3.501283377408981323e-02 -1.322283968329429626e-02 -2.884786576032638550e-02 -4.510565102100372314e-02 -8.865763247013092041e-02 1.277118641883134842e-02 -9.141109138727188110e-02 3.085298091173171997e-02 -1.658492162823677063e-02 -4.629259556531906128e-02 -7.566270977258682251e-02 -3.480253368616104126e-02 -7.772807776927947998e-02 1.759455166757106781e-02 3.329323977231979370e-02 -1.331777404993772507e-02 -5.200873315334320068e-02 9.471713006496429443e-02 -3.493649512529373169e-02 -2.021719329059123993e-02 -8.539193123579025269e-02 -9.763178229331970215e-02 -5.697974562644958496e-02 4.367674142122268677e-02 -4.751623049378395081e-02 -4.437347874045372009e-02 -3.880688175559043884e-02 8.392177522182464600e-03 -3.140840306878089905e-02 -9.535921737551689148e-03 5.883717909455299377e-02 -8.216412737965583801e-03 9.609918296337127686e-02 4.987969528883695602e-03 -2.692403271794319153e-02 -3.075657039880752563e-02 -4.867715016007423401e-02 -8.032020181417465210e-02 -3.472865372896194458e-02 6.466061621904373169e-02 8.724131621420383453e-04 6.757346540689468384e-02 1.429438591003417969e-03 3.770334646105766296e-02 -7.423997670412063599e-02 -3.964398801326751709e-02 -8.199159055948257446e-03
-7.461600005626678467e-02 9.753713756799697876e-02 -4.342373833060264587e-02 -6.185150519013404846e-02 5.975135043263435364e-02 5.737846344709396362e-02 -3.775035589933395386e-02 4.063918441534042358e-02 2.749799750745296478e-02 3.691060841083526611e-02 -5.732249841094017029e-02 3.948633000254631042e-02 9.312961250543594360e-02 -1.075015366077423096e-01 -3.356479480862617493e-02 -1.047098115086555481e-01 2.377864159643650055e-02 -8.415837585926055908e-02 7.187524437904357910e-02 -8.537307381629943848e-02 4.250302910804748535e-02 -5.789781361818313599e-02 8.076273649930953979e-02 3.044050652533769608e-03 5.102531239390373230e-02 -3.093481762334704399e-03 -1.089343503117561340e-01 1.073241531848907471e-01 -1.696720160543918610e-02 -4.681754857301712036e-02 -1.276321262121200562e-01 -8.918591588735580444e-02 -5.575710907578468323e-02 -3.133883699774742126e-02 -2.874273434281349182e-02 7.593108713626861572e-02 4.765862226486206055e-02 -7.147507369518280029e-02 2.657061815261840820e-02 -8.290335536003112793e-02 4.413858056068420410e-02 -3.111474029719829559e-02 9.162630885839462280e-02 -7.898834347724914551e-02 5.101467669010162354e-02 -9.286493062973022461e-02 -3.586933389306068420e-02 -5.820504575967788696e-02 5.736042931675910950e-02 -8.869029697962105274e-04 -5.802806094288825989e-02 7.793302088975906372e-02 8.291736245155334473e-02 2.981804311275482178e-02 1.425968408584594727e-01 7.734037190675735474e-02 -8.315119147300720215e-02 6.861303001642227173e-02 4.883895441889762878e-02 1.264294888824224472e-02 -3.583896905183792114e-02 -1.066442355513572693e-01 -5.800429731607437134e-03 -5.880554817849770188e-05 -5.774612352252006531e-02 5.704885348677635193e-02 6.054953858256340027e-02 1.077793613076210022e-01 1.677743159234523773e-02 8.172758668661117554e-02 3.718877560459077358e-04 -1.264954335056245327e-04 -5.091169849038124084e-02 -5.100090429186820984e-02 -4.811803996562957764e-02 7.579611148685216904e-03 5.019786208868026733e-02 -4.438621923327445984e-02 -6.931993365287780762e-02 5.180932953953742981e-02 -4.230195656418800354e-02 6.868308410048484802e-03 -6.812286563217639923e-03 4.412564635276794434e-02 -1.881080679595470428e-02 2.802147157490253448e-02 -7.168927043676376343e-02 -7.470735907554626465e-02 5.938667338341474533e-03 3.529149666428565979e-02 -2.479019202291965485e-02 -7.555560022592544556e-02 -1.514537609182298183e-03 2.875106409192085266e-02 8.953662961721420288e-02 -8.490815013647079468e-02 1.124906688928604126e-01 -3.161260625347495079e-03 7.627516984939575195e-02 1.238153651356697083e-01
3.232338465750217438e-03 1.037789732217788696e-01 -1.844589482061564922e-03 6.572616845369338989e-02 -2.175905741751194000e-02 -4.382234998047351837e-03 -3.056402318179607391e-02 1.467109005898237228e-02 -4.287501424551010132e-02 5.976462364196777344e-02 -1.858079284429550171e-01 -5.242018029093742371e-02 1.417382806539535522e-02 -9.473043680191040039e-02 1.856618560850620270e-02 8.197484910488128662e-02 -5.965883284807205200e-02 -3.061478585004806519e-02 -6.151069328188896179e-02 -1.443372014909982681e-02 -3.913705796003341675e-02 -8.503551781177520752e-02 -7.669924199581146240e-02 -8.326994627714157104e-02 -1.275267079472541809e-02 -3.251656889915466309e-02 -4.355652257800102234e-02 9.885224699974060059e-02 2.285048924386501312e-02 -7.012979686260223389e-02 1.338993548415601254e-03 -5.261449888348579407e-02 -1.472722589969635010e-01 7.180196046829223633e-02 -4.972951114177703857e-02 -8.576760441064834595e-02 5.773711577057838440e-02 -2.251421846449375153e-02 -3.466529771685600281e-02 -4.112904425710439682e-04 4.167537391185760498e-02 1.606390029191970825e-01 -1.807669922709465027e-02 8.970528841018676758e-02 5.867495015263557434e-02 -5.252299085259437561e-02 -2.219563582912087440e-03 -1.159254088997840881e-01 1.381538957357406616e-01 2.322406135499477386e-02 -3.366272896528244019e-02 1.156580522656440735e-01 8.336133509874343872e-02 5.377217661589384079e-03 8.672086894512176514e-02 1.182580590248107910e-01 1.331802606582641602e-01 -4.970875009894371033e-02 -4.552862420678138733e-02 -1.591740176081657410e-03 1.115017943084239960e-02 2.312929136678576469e-03 -9.126913733780384064e-03 1.441517751663923264e-02 -3.259119763970375061e-02 -2.378902584314346313e-02 -5.596676096320152283e-02 -1.142431199550628662e-01 1.755649782717227936e-02 -3.243196755647659302e-02 -5.429591238498687744e-02 1.845388859510421753e-02 -3.961448743939399719e-02 -7.479859143495559692e-02 -1.116253584623336792e-01 1.266920752823352814e-02 5.732935667037963867e-02 1.973363757133483887e-02 8.527849614620208740e-02 5.946963652968406677e-02 -6.665252894163131714e-02 -6.954752840101718903e-03 1.717854477465152740e-02 -3.999083489179611206e-02 -1.195146068930625916e-01 9.170380979776382446e-02 -6.629508733749389648e-02 -8.749096095561981201e-02 3.995706513524055481e-02 6.256960332393646240e-04 7.014274597167968750e-02 5.978920962661504745e-03 -5.622765049338340759e-02 -8.559834212064743042e-02 -9.839864820241928101e-02 -9.510800242424011230e-02 3.132322337478399277e-03 -9.958464652299880981e-03 -4.469278827309608459e-02 -1.230851188302040100e-02
-1.076042652130126953e-03 7.689576130360364914e-03 -3.187002614140510559e-02 -1.003166735172271729e-01 6.250818073749542236e-02 -1.181895360350608826e-01 3.117458522319793701e-02 2.875683829188346863e-03 -9.931593388319015503e-02 -8.356694132089614868e-02 -7.078688591718673706e-02 3.133435267955064774e-03 -6.027901079505681992e-03 8.282199501991271973e-02 -6.867203116416931152e-02 -3.513213247060775757e-02 -2.356979064643383026e-02 1.338225882500410080e-02 5.720075964927673340e-02 -6.539867073297500610e-02 -1.344272866845130920e-02 -2.518873102962970734e-02 7.466352730989456177e-02 5.460919067263603210e-02 6.511568278074264526e-02 3.114771097898483276e-02 -1.063635498285293579e-01 1.021154690533876419e-02 5.529496446251869202e-02 -5.943033471703529358e-02 -1.565802469849586487e-02 -7.651773095130920410e-02 1.855170130729675293e-01 4.730196297168731689e-02 -7.090064138174057007e-02 -1.049783155322074890e-01 9.711669757962226868e-03 -5.659080296754837036e-02 -1.025114282965660095e-01 -8.502295240759849548e-03 6.465150415897369385e-02 -9.763428568840026855e-02 -6.810209155082702637e-02 -8.794162422418594360e-02 6.965614110231399536e-02 -8.517464250326156616e-02 7.305642962455749512e-02 -1.283096149563789368e-02 1.417313963174819946e-01 -7.377113401889801025e-02 -4.421241208910942078e-02 1.120283920317888260e-02 -1.243523061275482178e-01 3.405117616057395935e-02 4.616943374276161194e-02 -1.528059830889105797e-03 -2.508648298680782318e-02 3.224552050232887268e-02 -6.481498479843139648e-02 1.290685385465621948e-01 -3.659133613109588623e-02 8.621753752231597900e-02 1.599458046257495880e-02 -5.677841603755950928e-02 6.807374209165573120e-02 9.342193603515625000e-02 2.985770627856254578e-02 -3.051347471773624420e-02 -1.016588136553764343e-01 5.627340823411941528e-02 -1.563094742596149445e-02 6.962805986404418945e-02 5.101325362920761108e-02 2.093086019158363342e-02 9.099272638559341431e-02 -6.865217536687850952e-02 -6.422208994626998901e-02 -9.882303886115550995e-03 -3.135711327195167542e-02 5.628049001097679138e-02 -5.355189740657806396e-02 3.216990828514099121e-02 -7.814402133226394653e-02 -1.233982946723699570e-02 -4.702414944767951965e-02 -2.302904240787029266e-02 -5.980806425213813782e-02 -5.106590222567319870e-03 -2.002165280282497406e-02 -7.741951197385787964e-02 9.487450122833251953e-02 5.357578024268150330e-02 -6.933484226465225220e-02 1.410693023353815079e-02 -8.084838837385177612e-02 2.874930575489997864e-02 -7.347855716943740845e-02 1.868169941008090973e-02 -5.958924070000648499e-03 1.699012666940689087e-01
-2.934447722509503365e-03 3.371748700737953186e-02 2.679042518138885498e-02 -7.483989000320434570e-02 6.713411211967468262e-02 -1.633262187242507935e-01 8.316046558320522308e-03 -4.417601600289344788e-02 3.568680211901664734e-02 2.132757939398288727e-02 4.369729664176702499e-03 6.498176604509353638e-02 2.083172835409641266e-02 -8.618410676717758179e-02 5.189662426710128784e-02 -2.853399887681007385e-02 -6.334092468023300171e-02 3.212590888142585754e-02 -3.903382644057273865e-02 -4.516889899969100952e-02 1.423227936029434204e-01 -7.215046137571334839e-02 4.825410433113574982e-04 2.376795560121536255e-02 7.038112729787826538e-02 -4.097248241305351257e-02 -1.431447714567184448e-01 3.567178174853324890e-02 -5.363134294748306274e-02 -5.631567165255546570e-02 -1.167508307844400406e-02 7.595303654670715332e-02 -4.303466901183128357e-02 4.093646258115768433e-02 5.999220907688140869e-02 6.316895131021738052e-03 6.312713027000427246e-03 6.361580640077590942e-02 -2.794647123664617538e-03 -2.957112900912761688e-02 6.997100263833999634e-02 5.381592363119125366e-02 4.760491661727428436e-03 1.912746950984001160e-02 9.170573204755783081e-02 5.453155934810638428e-02 4.448443185538053513e-03 2.303233370184898376e-02 -7.888200879096984863e-02 9.006273001432418823e-02 -3.647103533148765564e-02 4.073768109083175659e-02 -7.601927965879440308e-02 -1.303032636642456055e-01 6.701429188251495361e-02 -1.044043302536010742e-01 -9.434065222740173340e-02 7.883221842348575592e-03 -5.991768464446067810e-02 -5.150471255183219910e-02 -1.055360436439514160e-01 -9.174288064241409302e-02 -1.126586124300956726e-01 -3.524094074964523315e-02 1.900783926248550415e-01 -3.670157631859183311e-03 4.458335414528846741e-02 -5.518591031432151794e-02 8.024021983146667480e-02 -1.028857827186584473e-01 9.469484537839889526e-02 1.741052791476249695e-02 5.935417115688323975e-02 -2.855413407087326050e-02 3.046517819166183472e-02 1.333409249782562256e-01 3.684712946414947510e-02 -2.757704257965087891e-02 -5.963710322976112366e-02 -8.111967891454696655e-02 -6.254577636718750000e-02 -1.384658813476562500e-01 -2.905502915382385254e-02 -9.886840730905532837e-02 2.966828830540180206e-02 -3.036107867956161499e-03 -1.488371342420578003e-01 -9.706066548824310303e-02 2.539569139480590820e-02 -2.028266899287700653e-03 -2.611389756202697754e-02 8.982889354228973389e-03 1.734542474150657654e-02 -8.766482025384902954e-02 4.091638699173927307e-02 3.608799725770950317e-02 -3.126246482133865356e-02 -6.496520340442657471e-02 3.214507922530174255e-02 1.727792434394359589e-02
-8.805078268051147461e-02 1.538588479161262512e-02 -5.520439706742763519e-03 7.432980090379714966e-02 -7.915674895048141479e-02 8.470126241445541382e-02 -6.955872476100921631e-02 6.629284471273422241e-02 6.055641174316406250e-02 -2.069236710667610168e-02 1.061091870069503784e-01 -5.555112659931182861e-02 9.104882180690765381e-02 5.983705073595046997e-02 -1.803713478147983551e-02 4.393873363733291626e-02 -1.185390073806047440e-02 2.910015732049942017e-02 4.504948109388351440e-02 5.220321007072925568e-03 -8.137797564268112183e-02 -5.206068605184555054e-02 -3.559788689017295837e-02 -4.375183209776878357e-02 -5.762247368693351746e-02 1.523865573108196259e-02 8.322439342737197876e-02 6.270205136388540268e-03 -1.090561449527740479e-01 6.017562374472618103e-02 5.613103508949279785e-02 -9.283918887376785278e-02 1.055500879883766174e-01 -7.533646374940872192e-02 4.139725118875503540e-03 4.979495704174041748e-02 4.954079166054725647e-02 -1.019381806254386902e-01 3.023157827556133270e-02 5.212711170315742493e-02 -3.119030222296714783e-02 4.782942309975624084e-02 -9.642281383275985718e-02 7.619111984968185425e-02 2.484618453308939934e-03 -6.008152663707733154e-02 5.367324128746986389e-02 -5.618720501661300659e-02 -3.450154513120651245e-02 8.542332053184509277e-02 -7.298915088176727295e-02 1.001949142664670944e-02 5.685028154402971268e-03 3.625005483627319336e-02 -5.886150896549224854e-02 3.205155662726610899e-04 8.357988297939300537e-02 2.533322386443614960e-02 5.166789516806602478e-02 -1.165916323661804199e-01 1.057586818933486938e-02 5.838527809828519821e-03 1.166365295648574829e-01 6.024388223886489868e-02 4.361536726355552673e-02 1.296651177108287811e-02 -2.861658111214637756e-02 5.073052272200584412e-02 2.008139900863170624e-02 -8.961583673954010010e-02 -1.362890470772981644e-04 4.862863942980766296e-02 7.697425037622451782e-02 8.884469419717788696e-02 6.856630742549896240e-02 -1.276420243084430695e-02 -3.175644949078559875e-02 7.972935587167739868e-02 -4.002387449145317078e-02 4.310514777898788452e-02 6.745447963476181030e-02 -7.756213191896677017e-03 2.729216963052749634e-02 5.012055858969688416e-02 -5.796404555439949036e-02 -1.101702749729156494e-01 3.748446237295866013e-03 -1.147322729229927063e-02 -7.737424969673156738e-02 3.982385993003845215e-02 -1.300895959138870239e-01 -7.054568827152252197e-02 -8.053946495056152344e-02 -4.591211676597595215e-02 8.960877358913421631e-02 9.268312156200408936e-02 -3.694550693035125732e-02 -1.386377844028174877e-03 -4.557309672236442566e-02 3.649395704269409180e-02
1.124185919761657715e-01 -4.304835200309753418e-02 5.739460512995719910e-02 -6.593926809728145599e-03 -7.011902984231710434e-03 7.409354299306869507e-02 2.716083265841007233e-02 4.384059831500053406e-02 3.157569735776633024e-04 -1.309132855385541916e-02 7.254393398761749268e-02 8.775053918361663818e-02 4.448660183697938919e-03 1.095119640231132507e-01 -5.570865236222743988e-03 9.606697410345077515e-02 -4.975937679409980774e-02 9.416136890649795532e-02 -9.542835503816604614e-02 8.835095912218093872e-02 -7.044605910778045654e-02 6.552069634199142456e-02 -3.481417521834373474e-02 -9.348053485155105591e-02 -4.128249362111091614e-02 4.945717006921768188e-02 1.683666743338108063e-02 -1.241236031055450439e-01 -5.205191299319267273e-02 2.118805050849914551e-02 2.386947162449359894e-02 4.133142903447151184e-02 -2.775009721517562866e-02 -8.979708701372146606e-02 -2.851142734289169312e-02 -1.049037575721740723e-01 -7.430906593799591064e-02 5.229805782437324524e-02 -6.849521398544311523e-02 -1.004469990730285645e-01 -4.492953047156333923e-02 2.271982468664646149e-02 3.018304519355297089e-02 -7.461524754762649536e-02 -2.398620545864105225e-02 1.219784375280141830e-03 7.904949039220809937e-02 3.855259343981742859e-02 -4.234169051051139832e-02 3.361992537975311279e-02 7.489699125289916992e-02 1.077960506081581116e-01 3.085200116038322449e-02 4.080215469002723694e-02 -9.249143302440643311e-02 4.629846289753913879e-02 4.089853167533874512e-02 -5.940335988998413086e-02 -3.878774004988372326e-04 -4.480225965380668640e-02 -1.098460033535957336e-01 -7.844983041286468506e-02 1.028172075748443604e-01 -1.087042838335037231e-01 1.233719140291213989e-01 3.934330865740776062e-02 8.583350479602813721e-02 9.236219525337219238e-02 -7.717504352331161499e-02 -2.237539552152156830e-02 -8.772690594196319580e-02 -3.014117851853370667e-02 -4.120048880577087402e-02 7.864917814731597900e-02 1.821159012615680695e-02 -4.478317871689796448e-02 -1.071970611810684204e-01 -3.797812759876251221e-02 -3.365685790777206421e-02 9.003894031047821045e-02 3.658022033050656319e-03 3.935339301824569702e-02 -3.695751726627349854e-02 -4.813989251852035522e-02 1.232964266091585159e-02 6.888896971940994263e-02 -2.640000917017459869e-02 6.864327192306518555e-02 7.315222639590501785e-03 3.692279756069183350e-02 -8.978459984064102173e-03 -3.552655130624771118e-02 -8.560322225093841553e-02 1.485945731401443481e-01 7.859747111797332764e-02 -4.651131480932235718e-02 -5.278356000781059265e-02 -4.024559259414672852e-02 -5.722504854202270508e-02 -5.198898911476135254e-02
-1.105325482785701752e-02 -3.113528015092015266e-03 -1.072123944759368896e-01 1.567555405199527740e-02 -5.352881923317909241e-02 -5.180479958653450012e-02 -3.184834867715835571e-02 -4.510034993290901184e-02 -7.173812389373779297e-02 1.408509761095046997e-01 -8.609965443611145020e-02 -1.061241328716278076e-01 4.665981605648994446e-02 -6.466065347194671631e-02 1.782081462442874908e-02 -1.483386382460594177e-03 -8.234916627407073975e-02 -6.600904464721679688e-02 5.868430435657501221e-02 -1.328742690384387970e-02 1.016722992062568665e-01 5.413426086306571960e-02 9.025690704584121704e-02 -7.574798911809921265e-02 -1.138926893472671509e-01 -2.761893719434738159e-02 -6.625236012041568756e-03 1.029766909778118134e-02 -6.063556764274835587e-03 2.366916835308074951e-02 1.171748433262109756e-02 3.300187364220619202e-02 4.901304375380277634e-03 8.515325374901294708e-03 3.540554642677307129e-02 -2.319843135774135590e-02 3.789546340703964233e-02 8.431316167116165161e-02 8.481591194868087769e-02 -6.663805991411209106e-02 6.192595511674880981e-02 -2.823469042778015137e-02 8.850935846567153931e-02 -6.373694539070129395e-02 1.901660673320293427e-02 6.439866963773965836e-03 -3.479736391454935074e-03 9.301620302721858025e-04 -2.603130601346492767e-02 5.244109407067298889e-02 2.993695810437202454e-02 -3.642455860972404480e-02 9.397514164447784424e-02 -4.319575801491737366e-02 -1.504015922546386719e-02 -1.168659031391143799e-01 5.252179130911827087e-02 -1.734408549964427948e-02 -8.586449176073074341e-02 -4.562776163220405579e-02 -5.978668481111526489e-02 -1.010325085371732712e-02 -5.008040368556976318e-02 -5.503480881452560425e-02 1.948093436658382416e-02 9.413229674100875854e-02 5.116170272231101990e-02 -5.377036333084106445e-02 8.316144347190856934e-02 7.468558102846145630e-02 4.413774609565734863e-02 8.144330233335494995e-03 6.617860402911901474e-03 -1.950146071612834930e-02 6.561022251844406128e-02 -3.654167428612709045e-02 -5.203491449356079102e-02 4.094223305583000183e-02 -6.019871681928634644e-02 -1.117320731282234192e-02 9.358327090740203857e-02 -5.861531570553779602e-02 -6.550213694572448730e-02 -9.001479297876358032e-02 7.863572239875793457e-02 -9.004373103380203247e-02 1.252569854259490967e-01 2.059019356966018677e-02 5.262567475438117981e-02 -2.180747129023075104e-02 1.531031914055347443e-02 3.091435320675373077e-02 -2.964597009122371674e-02 -8.118441700935363770e-02 -7.766202837228775024e-02 -2.883999980986118317e-02 -7.967490702867507935e-02 7.757849991321563721e-02 -1.978203281760215759e-02 1.189470440149307251e-01
7.366891205310821533e-02 5.453011486679315567e-03 8.013837039470672607e-02 8.794645220041275024e-02 -8.090590685606002808e-02 2.931095287203788757e-02 -5.995876342058181763e-02 -2.792651578783988953e-02 1.857151463627815247e-02 -6.681055529043078423e-04 -5.822622776031494141e-02 4.808009415864944458e-02 -5.233799666166305542e-02 -7.656168937683105469e-02 3.576623648405075073e-02 -2.407950907945632935e-02 3.003278188407421112e-02 9.089131653308868408e-02 -1.796011254191398621e-02 -6.235725805163383484e-02 7.398881018161773682e-02 -4.272704198956489563e-02 7.413817942142486572e-02 7.042478024959564209e-02 8.980777859687805176e-02 1.703001558780670166e-02 -9.649553894996643066e-02 4.649267718195915222e-02 6.928177177906036377e-02 -3.622277453541755676e-02 9.099642932415008545e-02 4.521454125642776489e-02 7.211457192897796631e-02 2.599802985787391663e-02 5.235434323549270630e-02 2.357148565351963043e-02 9.469316899776458740e-02 -5.734037607908248901e-02 9.925874322652816772e-02 7.368914783000946045e-02 6.296483427286148071e-02 7.358270231634378433e-04 -1.131972819566726685e-01 5.205622687935829163e-02 -5.118188634514808655e-02 -5.053428001701831818e-03 1.120259426534175873e-02 -6.678113341331481934e-02 2.491258643567562103e-02 -2.750657126307487488e-02 -1.055069714784622192e-01 4.780744761228561401e-02 -6.580101698637008667e-02 -1.595514640212059021e-02 4.501290991902351379e-02 -4.062801599502563477e-02 6.668288260698318481e-02 4.521092399954795837e-02 -7.534878700971603394e-02 -5.964115262031555176e-02 -1.960243284702301025e-02 -3.213686496019363403e-02 5.754506960511207581e-02 6.479846686124801636e-02 -1.313552539795637131e-02 -8.406239002943038940e-02 -8.212882094085216522e-03 1.160507947206497192e-01 -4.262559860944747925e-02 9.928815066814422607e-02 -8.363203704357147217e-02 -2.553970180451869965e-02 4.927636682987213135e-02 -1.816272363066673279e-02 -1.656683161854743958e-02 2.347535826265811920e-02 -4.778070747852325439e-02 3.179701417684555054e-02 -5.897954478859901428e-02 2.188379690051078796e-02 -9.502493776381015778e-03 9.407163411378860474e-02 8.215668052434921265e-02 -7.049162685871124268e-02 -1.019224971532821655e-01 2.166447043418884277e-02 4.887658730149269104e-02 8.125510066747665405e-02 -3.977966681122779846e-02 -1.622484251856803894e-02 4.299220815300941467e-02 8.319085836410522461e-02 3.278381749987602234e-02 1.734723336994647980e-02 9.220362454652786255e-02 4.603451490402221680e-02 7.031046599149703979e-02 -3.691431134939193726e-02 8.668023347854614258e-02 2.831660769879817963e-02
-8.415967226028442383e-02 -8.152211457490921021e-02 -7.655773777514696121e-03 -1.536543481051921844e-02 7.564246654510498047e-02 7.064542174339294434e-02 7.953245937824249268e-02 1.014122157357633114e-03 -9.322459250688552856e-02 -8.279582113027572632e-02 6.363831460475921631e-02 1.905544288456439972e-02 -2.810541354119777679e-02 -6.499262154102325439e-02 1.032708305865526199e-02 -8.756284415721893311e-02 9.009137004613876343e-02 6.051450967788696289e-02 5.386130511760711670e-02 -2.536716684699058533e-02 -7.309573888778686523e-02 6.584495306015014648e-02 5.868607386946678162e-02 1.336100883781909943e-02 9.180284291505813599e-02 -5.365525372326374054e-03 -8.073773980140686035e-02 -7.254786789417266846e-02 -2.622227929532527924e-02 8.699598163366317749e-02 -8.108305186033248901e-02 4.235270619392395020e-02 -1.748232357203960419e-02 -9.919203072786331177e-02 6.793082505464553833e-02 9.219258278608322144e-02 -4.222632385790348053e-03 2.489698491990566254e-02 -2.832086943089962006e-02 3.970944881439208984e-02 3.229787573218345642e-02 8.105181902647018433e-02 5.735171586275100708e-02 3.128200024366378784e-02 6.907945126295089722e-02 2.882556617259979248e-02 -3.826968744397163391e-02 -5.106779932975769043e-02 -9.719623625278472900e-02 -7.811655849218368530e-02 -1.654782332479953766e-02 -6.359755992889404297e-02 -4.241906479001045227e-02 9.083699434995651245e-02 -2.169209718704223633e-02 -6.496831029653549194e-02 5.026928335428237915e-02 2.086585946381092072e-02 -1.128999795764684677e-02 -2.447830885648727417e-02 1.557702571153640747e-02 -1.535075530409812927e-02 5.847715307027101517e-03 -8.571986854076385498e-02 -6.924857199192047119e-02 -5.753758177161216736e-02 -5.702691152691841125e-02 8.160551637411117554e-02 7.937622070312500000e-02 -1.933333650231361389e-02 -6.210500001907348633e-02 -9.043082594871520996e-02 -8.975534141063690186e-02 -7.214687019586563110e-02 9.443050622940063477e-02 3.414367884397506714e-02 5.970291420817375183e-02 4.963558539748191833e-02 -9.974060952663421631e-02 -7.962457835674285889e-02 -6.300566345453262329e-02 5.029708147048950195e-02 -6.321083754301071167e-02 -9.722006320953369141e-02 -6.696116179227828979e-02 -1.016384270042181015e-02 -1.083363294601440430e-01 -8.761570602655410767e-02 3.968395665287971497e-02 -5.082008428871631622e-03 -7.710400968790054321e-02 -5.908022075891494751e-02 -9.407041221857070923e-02 3.390025114640593529e-03 -7.511355727910995483e-02 7.407478243112564087e-02 1.113617140799760818e-02 -7.280522584915161133e-02 -3.846339508891105652e-02 8.871826529502868652e-02
-3.966294601559638977e-02 8.634929358959197998e-02 -3.212321177124977112e-02 -4.862352088093757629e-02 -4.202311486005783081e-02 9.801477938890457153e-02 1.176356687210500240e-03 -1.047702804207801819e-01 6.541495770215988159e-02 -6.608072668313980103e-02 -7.835540920495986938e-02 1.017217636108398438e-01 -1.199340168386697769e-02 9.362889453768730164e-03 -6.501772999763488770e-02 -4.562849178910255432e-02 6.702603399753570557e-02 8.276637643575668335e-03 9.389878809452056885e-02 8.778943866491317749e-02 -8.468292653560638428e-02 1.716272532939910889e-02 -3.219193592667579651e-02 4.562934488058090210e-02 8.183515165001153946e-04 -1.019766926765441895e-01 6.830311566591262817e-02 -1.116688698530197144e-01 -8.752070367336273193e-02 -1.084601730108261108e-01 -3.349448367953300476e-02 -9.570803493261337280e-02 7.776419818401336670e-02 -1.113931685686111450e-01 6.545782089233398438e-02 -6.372532248497009277e-02 8.495515584945678711e-02 3.922571614384651184e-02 7.871641963720321655e-02 -9.276849776506423950e-02 3.013107180595397949e-02 -3.665277361869812012e-02 8.247628062963485718e-02 -1.153041888028383255e-02 -8.667550235986709595e-02 7.359442859888076782e-02 7.701919972896575928e-02 4.539088159799575806e-02 2.598387561738491058e-02 -1.462262589484453201e-03 -7.693162560462951660e-02 4.817388020455837250e-03 5.655607208609580994e-02 6.074767187237739563e-02 5.110341683030128479e-02 2.094936370849609375e-02 -5.266510695219039917e-02 -6.424973905086517334e-02 7.172431051731109619e-02 6.007349118590354919e-02 -4.389134421944618225e-02 -6.325741857290267944e-02 -3.713991120457649231e-02 -6.651544570922851562e-02 -3.032846935093402863e-02 1.147041376680135727e-02 -8.028808236122131348e-02 4.892330616712570190e-02 6.156644225120544434e-02 -8.800736628472805023e-03 4.727398511022329330e-03 9.929800778627395630e-02 -6.993258744478225708e-02 3.978345915675163269e-02 -9.619907289743423462e-02 5.113162472844123840e-02 3.128970786929130554e-02 -2.727827057242393494e-02 -2.578816190361976624e-02 -6.479573994874954224e-02 8.638302236795425415e-02 1.560328714549541473e-02 4.760586097836494446e-02 7.516597397625446320e-03 -2.650344185531139374e-02 7.324006408452987671e-02 8.183845877647399902e-02 -4.566584900021553040e-02 -5.059340596199035645e-02 6.996120512485504150e-02 -3.079899959266185760e-02 -8.943370729684829712e-02 2.781196683645248413e-02 -9.327448904514312744e-02 7.226987183094024658e-02 -5.893230065703392029e-02 -9.345252811908721924e-02 -4.022552818059921265e-02 -2.628153748810291290e-02 -4.877809062600135803e-02
-3.891656547784805298e-02 3.749692440032958984e-02 -8.857244253158569336e-02 -2.929359860718250275e-02 6.897439807653427124e-02 3.388969972729682922e-02 -5.303191021084785461e-02 9.631386399269104004e-02 -1.096688210964202881e-02 -9.543952345848083496e-02 -4.957786574959754944e-02 2.293635718524456024e-02 2.319452725350856781e-02 6.503421068191528320e-02 -2.479084022343158722e-02 3.122086403891444206e-03 2.843888476490974426e-02 1.796135446056723595e-03 4.923182539641857147e-03 2.186672948300838470e-02 4.839556291699409485e-02 3.875265270471572876e-02 4.931719228625297546e-02 -8.702684193849563599e-02 7.299548387527465820e-02 8.101088926196098328e-03 -9.158002585172653198e-02 1.397717744112014771e-01 8.235205709934234619e-02 5.327402427792549133e-02 -9.559049457311630249e-02 -9.503951668739318848e-02 1.167588382959365845e-01 -7.561863213777542114e-02 4.852768778800964355e-02 -5.687555670738220215e-02 4.805281385779380798e-02 4.498406872153282166e-02 3.580900956876575947e-04 -2.502057701349258423e-02 -1.475100219249725342e-02 2.410190179944038391e-02 9.518197737634181976e-03 -5.842237919569015503e-02 -8.421746641397476196e-02 -3.164698183536529541e-02 3.425720334053039551e-02 3.762533515691757202e-02 1.670468039810657501e-02 1.298298835754394531e-01 1.000195741653442383e-01 -9.579958394169807434e-03 -2.208113856613636017e-02 -7.230949122458696365e-03 1.116822138428688049e-01 6.243815273046493530e-02 5.777804553508758545e-02 -8.790497668087482452e-03 -1.340175420045852661e-02 5.268414318561553955e-02 2.175106666982173920e-03 -1.009756326675415039e-01 -6.010611727833747864e-02 -1.033493727445602417e-01 -9.484934061765670776e-02 -6.280013173818588257e-02 -9.649596363306045532e-02 -2.529016882181167603e-02 5.124351382255554199e-02 1.767383515834808350e-02 -2.537385793402791023e-03 -8.765622973442077637e-02 1.123405545949935913e-01 -1.158355623483657837e-01 9.076457470655441284e-02 -9.708058089017868042e-02 -8.835822343826293945e-02 -5.113134533166885376e-02 1.359302457422018051e-02 -2.311336807906627655e-02 1.957816630601882935e-02 6.855823844671249390e-02 -7.591690868139266968e-02 6.634487956762313843e-02 3.840164467692375183e-02 2.840132452547550201e-02 4.782507568597793579e-02 -2.170155756175518036e-03 5.891465395689010620e-02 -6.226507574319839478e-02 -1.704027652740478516e-01 -9.217912703752517700e-02 -5.489458329975605011e-03 2.486817352473735809e-02 -8.629389852285385132e-02 5.825028941035270691e-02 -1.573493182659149170e-01 4.250907525420188904e-02 2.518383087590336800e-03 1.302796602249145508e-01
-1.975749246776103973e-02 2.986641973257064819e-02 4.113809019327163696e-02 -5.750886164605617523e-03 4.042694345116615295e-02 -1.233095005154609680e-01 5.490986257791519165e-02 8.191256970167160034e-02 3.759238868951797485e-02 6.490527093410491943e-02 -1.139988284558057785e-02 -6.558124907314777374e-03 -6.293171644210815430e-02 8.349936455488204956e-02 -2.227864414453506470e-02 7.267578691244125366e-02 -3.376823663711547852e-02 -8.459888398647308350e-02 -2.943527325987815857e-02 6.614696979522705078e-02 8.293996006250381470e-02 -9.196150302886962891e-02 1.925929100252687931e-03 -3.558335453271865845e-02 3.950116783380508423e-02 -4.872689489275217056e-03 -1.420088764280080795e-02 1.344295591115951538e-01 4.496106877923011780e-03 -2.571869269013404846e-02 -6.730204820632934570e-02 -4.189623519778251648e-02 3.203245252370834351e-02 -9.451268613338470459e-02 2.442773245275020599e-02 -4.875200241804122925e-02 8.939792960882186890e-02 -9.333737939596176147e-02 6.378692388534545898e-02 -9.805364906787872314e-02 -2.505693957209587097e-02 -7.213576883077621460e-02 -2.821666188538074493e-02 -3.538171527907252312e-03 -3.169314190745353699e-02 4.944529756903648376e-02 6.215367931872606277e-03 1.887929253280162811e-02 2.977966330945491791e-02 1.246869936585426331e-01 3.526903456076979637e-03 -8.748448640108108521e-02 -8.790242671966552734e-02 9.515563026070594788e-03 -2.367256395518779755e-02 -1.037259623408317566e-01 -6.018271669745445251e-02 5.285586416721343994e-02 -7.179901748895645142e-02 -1.185717359185218811e-01 -9.541762992739677429e-03 1.530464924871921539e-02 -5.604496225714683533e-03 4.061099886894226074e-02 -7.300503551959991455e-02 2.971108071506023407e-02 4.952111095190048218e-02 -8.302341401576995850e-02 8.410398848354816437e-03 4.211024567484855652e-02 -2.989877946674823761e-02 -1.754797808825969696e-02 -4.008270800113677979e-02 7.047410309314727783e-02 8.577717840671539307e-02 -1.910571195185184479e-02 -2.741102315485477448e-02 1.469118427485227585e-02 6.322952359914779663e-02 3.780358820222318172e-04 -6.240110815269872546e-05 6.395749747753143311e-02 -7.160542905330657959e-02 7.151985913515090942e-02 -3.521588817238807678e-02 -2.761405892670154572e-03 2.170144766569137573e-02 -1.242116186767816544e-02 -8.023672550916671753e-02 1.052262168377637863e-02 8.751768618822097778e-02 -2.340875938534736633e-02 -3.419370576739311218e-02 2.363210357725620270e-02 9.508039802312850952e-02 -5.182796344161033630e-02 5.114984512329101562e-02 -6.358326226472854614e-02 8.092120289802551270e-03 -1.056131795048713684e-01
-1.419648993760347366e-02 -9.319077944383025169e-04 -1.952172443270683289e-02 -2.311623096466064453e-02 -8.518819510936737061e-02 3.528371825814247131e-02 -7.790236175060272217e-02 -3.915783390402793884e-02 5.028708279132843018e-02 -4.946504253894090652e-03 -1.330087333917617798e-02 -4.091497103217989206e-04 2.005752362310886383e-02 2.594209648668766022e-02 4.736033827066421509e-02 6.369385868310928345e-02 -7.323939353227615356e-02 1.718749292194843292e-02 3.584597632288932800e-02 3.777311649173498154e-03 -3.710374608635902405e-02 4.331677034497261047e-02 -2.453637309372425079e-02 6.648629903793334961e-02 -9.312663972377777100e-02 1.767799444496631622e-02 9.459899365901947021e-02 -3.026684746146202087e-02 1.490929443389177322e-02 4.244775325059890747e-02 -2.852161601185798645e-02 2.900887094438076019e-02 7.686594128608703613e-02 1.765226759016513824e-02 1.654056832194328308e-02 -2.185124158859252930e-02 -4.189075902104377747e-02 -9.490069746971130371e-02 -3.893067687749862671e-02 -8.562679588794708252e-02 -2.269616536796092987e-02 1.051682531833648682e-01 1.715255901217460632e-02 -6.765534728765487671e-02 8.679062128067016602e-03 -8.843526244163513184e-02 5.813782662153244019e-02 -7.242362201213836670e-02 8.871201425790786743e-02 5.377493798732757568e-02 9.655427187681198120e-02 2.029097639024257660e-02 5.647552013397216797e-02 -1.869493909180164337e-02 4.672979936003684998e-02 -5.190973356366157532e-02 8.045889437198638916e-02 6.524261087179183960e-02 7.573296781629323959e-03 -1.062581464648246765e-01 7.183580845594406128e-02 5.149835720658302307e-02 -5.483821779489517212e-02 5.530328676104545593e-02 -7.967854291200637817e-02 -6.140367686748504639e-02 -8.540243841707706451e-03 4.493647813796997070e-02 -7.054723333567380905e-03 -5.202565714716911316e-02 4.330264404416084290e-02 1.889032870531082153e-02 7.329015433788299561e-02 1.858629658818244934e-02 4.158262163400650024e-02 2.025477215647697449e-02 2.904051914811134338e-02 4.873207584023475647e-02 9.976104646921157837e-02 8.475355803966522217e-02 -1.187510788440704346e-02 5.753749608993530273e-02 4.855559766292572021e-02 7.453082501888275146e-02 1.090140491724014282e-01 -3.259187936782836914e-02 7.340945303440093994e-02 -4.953407868742942810e-02 6.959637254476547241e-02 -5.864780768752098083e-02 -3.273614123463630676e-02 -4.923964664340019226e-02 -4.681969434022903442e-02 4.186957329511642456e-02 2.400519885122776031e-02 -2.013890445232391357e-02 6.124106422066688538e-02 4.700447618961334229e-02 5.120137706398963928e-02 -1.493895351886749268e-01
5.336295813322067261e-02 -3.212738782167434692e-02 -1.019697263836860657e-01 5.832264199852943420e-02 -1.005587130784988403e-01 -1.173589676618576050e-01 -6.205318868160247803e-02 -8.864624798297882080e-02 -4.868490621447563171e-03 -6.099902465939521790e-02 -5.704510957002639771e-02 4.615385457873344421e-02 2.158926241099834442e-02 -4.189960658550262451e-02 -1.007498577237129211e-01 -3.938287124037742615e-02 1.109464466571807861e-01 3.034265711903572083e-02 2.148808911442756653e-02 -1.006167680025100708e-01 -9.226025640964508057e-02 2.934224158525466919e-02 3.444540500640869141e-02 -5.349671840667724609e-02 1.022183969616889954e-01 -8.907311409711837769e-02 -6.989347189664840698e-02 1.178503260016441345e-01 -9.944289922714233398e-02 -1.220050901174545288e-01 4.971287027001380920e-02 2.138530835509300232e-02 1.314629614353179932e-01 -6.231841444969177246e-02 -7.069809734821319580e-02 2.970227971673011780e-02 9.332466870546340942e-02 -1.565671898424625397e-02 4.091881588101387024e-02 4.068120941519737244e-02 -4.332197457551956177e-02 8.480523526668548584e-02 -4.000090807676315308e-02 -6.595862656831741333e-02 -2.938823588192462921e-02 -3.995705768465995789e-02 -4.080521315336227417e-02 3.569225221872329712e-02 7.705109566450119019e-02 8.386912941932678223e-02 3.778281062841415405e-02 1.734653115272521973e-02 2.523155324161052704e-02 4.266477376222610474e-02 -6.518535315990447998e-02 3.802501037716865540e-02 6.983442604541778564e-02 5.881113559007644653e-02 -6.896709650754928589e-02 -5.133378133177757263e-02 9.327448904514312744e-02 1.488939579576253891e-02 -1.354013532400131226e-01 -4.439491778612136841e-02 7.732299715280532837e-02 1.075719147920608521e-01 4.164706915616989136e-02 2.833605930209159851e-02 8.261536248028278351e-03 7.137849926948547363e-02 5.204232409596443176e-02 6.573587656021118164e-02 5.901785194873809814e-02 -7.802084088325500488e-02 -5.770267173647880554e-02 -4.565712437033653259e-02 -5.580118857324123383e-03 3.232302144169807434e-02 6.397736817598342896e-02 3.145355358719825745e-02 8.644328266382217407e-02 3.187302500009536743e-02 3.388304635882377625e-02 7.700245827436447144e-02 2.595967613160610199e-02 3.520957753062248230e-02 -1.524894312024116516e-02 5.331461504101753235e-02 -1.682448387145996094e-02 5.552413687109947205e-02 2.844357676804065704e-02 7.958364486694335938e-02 -1.606532186269760132e-02 -8.541985601186752319e-02 1.437703985720872879e-02 -1.182853709906339645e-02 5.508414283394813538e-02 4.916372895240783691e-02 4.378949524834752083e-04 -1.277260631322860718e-01
6.202090531587600708e-02 -3.617135807871818542e-03 8.395940996706485748e-03 -8.578883856534957886e-02 8.274623192846775055e-03 6.071915104985237122e-02 -6.959772855043411255e-02 5.687791854143142700e-02 -2.754417806863784790e-02 -3.549928590655326843e-02 5.455186124891042709e-03 -1.037940531969070435e-01 1.107276529073715210e-01 -7.476424425840377808e-02 -2.980346232652664185e-02 -7.706392556428909302e-02 1.925606862641870975e-03 -5.749767646193504333e-02 -7.744242250919342041e-02 -1.452915929257869720e-02 -6.629945244640111923e-03 -8.219425380229949951e-02 1.084916964173316956e-01 -3.740988031495362520e-04 -5.745891854166984558e-02 2.153900079429149628e-02 -3.153749182820320129e-02 2.404723688960075378e-02 -7.119394838809967041e-02 -1.067138761281967163e-01 -4.159564524888992310e-02 -7.620535790920257568e-02 -1.093391105532646179e-01 6.268820166587829590e-02 -5.297720432281494141e-02 -4.324991255998611450e-02 1.419770717620849609e-02 -8.629453368484973907e-03 -7.566645741462707520e-02 3.544864803552627563e-02 -9.187634103000164032e-03 -8.118378371000289917e-02 2.515931241214275360e-02 1.144248992204666138e-01 -5.278209596872329712e-02 7.262300699949264526e-02 -6.423824280500411987e-02 -6.124959141016006470e-02 -5.536999087780714035e-03 -7.995108515024185181e-02 4.393158480525016785e-03 -4.276492074131965637e-02 3.322318941354751587e-02 -6.263111531734466553e-02 1.920420676469802856e-02 3.419322147965431213e-02 -6.304281949996948242e-02 -1.274858042597770691e-02 -1.142209619283676147e-01 -3.620989993214607239e-02 -8.891725540161132812e-02 -7.868053764104843140e-02 5.524689331650733948e-02 -9.611609578132629395e-02 2.936906926333904266e-02 -1.187848579138517380e-02 -2.224719710648059845e-02 -5.615454912185668945e-02 7.848097383975982666e-02 4.091254249215126038e-02 2.952355891466140747e-03 -1.060368306934833527e-02 -4.994989559054374695e-02 -1.021466702222824097e-01 -7.648251950740814209e-02 -1.247476437129080296e-03 3.371292958036065102e-03 -9.398727561347186565e-04 4.065956547856330872e-02 -5.736236646771430969e-02 4.814284667372703552e-02 -7.089304924011230469e-02 -1.139432042837142944e-01 9.164516814053058624e-04 -1.094956248998641968e-01 6.996195018291473389e-02 8.536118268966674805e-02 -3.789138421416282654e-02 5.579585209488868713e-02 4.022821411490440369e-02 -6.124876672402024269e-04 -5.860428884625434875e-02 -4.397339373826980591e-02 -1.004084944725036621e-02 5.889223888516426086e-02 -8.981861919164657593e-02 -1.405535452067852020e-02 -4.571919888257980347e-02 5.620926991105079651e-02 -3.526978567242622375e-02
1.512994244694709778e-02 -1.391415763646364212e-02 1.079859286546707153e-01 -1.134892031550407410e-01 -5.114680528640747070e-02 -7.178211957216262817e-02 8.583187311887741089e-02 -5.350867286324501038e-04 -4.841592535376548767e-02 -3.038134984672069550e-02 -1.204557344317436218e-02 4.987001419067382812e-02 -5.655734241008758545e-02 9.285265207290649414e-02 -2.105500176548957825e-02 1.928942650556564331e-02 -4.014769196510314941e-02 -5.807161703705787659e-02 7.399921119213104248e-02 8.704006671905517578e-02 7.165426760911941528e-02 -1.974331215023994446e-02 3.310048207640647888e-02 -1.267010532319545746e-02 5.229605361819267273e-02 8.955740183591842651e-02 2.384089492261409760e-02 5.149714648723602295e-02 -1.194354146718978882e-02 5.947413295507431030e-02 2.059979364275932312e-02 3.244971856474876404e-02 -3.968222066760063171e-02 -5.168708041310310364e-02 4.846753925085067749e-02 1.803028583526611328e-02 -2.066845074295997620e-02 -8.910590410232543945e-02 -4.705118015408515930e-02 -3.497678786516189575e-02 -6.724677234888076782e-02 -2.782895043492317200e-02 9.352019988000392914e-03 1.021567080169916153e-02 -8.823972940444946289e-02 -7.009311765432357788e-02 -7.150550186634063721e-02 4.919427633285522461e-02 4.720665514469146729e-02 -1.024289950728416443e-01 5.074724927544593811e-02 1.982617191970348358e-02 -2.507944405078887939e-02 -1.831681653857231140e-02 -7.108089327812194824e-02 -7.355476729571819305e-03 -1.323107630014419556e-01 -8.821407705545425415e-02 8.514850586652755737e-02 -6.349036097526550293e-02 -4.757742211222648621e-02 -8.842036873102188110e-02 -7.303664833307266235e-02 1.445762347429990768e-02 9.201885014772415161e-02 4.697110876441001892e-02 -9.250260773114860058e-04 -1.435213442891836166e-02 6.285621970891952515e-02 7.148054987192153931e-02 8.925465494394302368e-02 -8.135248720645904541e-02 4.193991888314485550e-03 2.682966738939285278e-02 -2.063802070915699005e-02 5.530006438493728638e-02 4.380008578300476074e-02 7.506597787141799927e-02 -4.569194093346595764e-02 -5.026771873235702515e-02 -9.635493904352188110e-02 6.498929858207702637e-02 8.717377670109272003e-03 1.541177742183208466e-02 6.089821085333824158e-02 6.595103442668914795e-02 -7.379612326622009277e-02 6.446158885955810547e-02 -3.366680815815925598e-02 7.008199393749237061e-02 -1.471126265823841095e-02 -6.165890395641326904e-02 1.435554772615432739e-02 4.734488576650619507e-02 -9.622016549110412598e-02 -4.432606324553489685e-02 4.201307892799377441e-02 -1.493994425982236862e-02 -4.854016751050949097e-02 4.308708477765321732e-03
7.228475809097290039e-02 6.487841904163360596e-02 7.897840440273284912e-02 9.030404686927795410e-02 1.814017444849014282e-02 3.102296963334083557e-02 9.070413187146186829e-03 1.788420416414737701e-02 -3.411416662856936455e-03 -3.255788236856460571e-02 8.492127060890197754e-02 -8.091032505035400391e-02 9.946971386671066284e-02 1.150085404515266418e-01 -1.025680303573608398e-01 -8.259569853544235229e-02 -5.917862057685852051e-02 1.060828939080238342e-02 1.616274239495396614e-03 1.926690712571144104e-02 -6.994143128395080566e-02 1.919068023562431335e-02 -7.521716505289077759e-02 2.591408975422382355e-02 1.753561012446880341e-02 -1.065534353256225586e-01 2.783431299030780792e-02 -8.787110447883605957e-02 8.089730888605117798e-02 9.811003506183624268e-02 -5.315115302801132202e-02 9.866995364427566528e-02 -4.439309239387512207e-03 1.169760804623365402e-02 4.782427474856376648e-02 4.398723319172859192e-02 4.064865037798881531e-02 9.091044217348098755e-02 -1.664956100285053253e-02 -5.475558713078498840e-02 6.946350634098052979e-02 -4.195733368396759033e-02 2.490120567381381989e-02 6.085439771413803101e-02 -1.141507551074028015e-02 -1.194711253046989441e-01 -8.855351060628890991e-02 7.114656269550323486e-02 1.834813319146633148e-02 2.418450266122817993e-02 -1.632518507540225983e-02 4.198100045323371887e-02 5.366487056016921997e-02 1.880123093724250793e-02 2.021067077293992043e-03 7.662433385848999023e-02 -2.443237416446208954e-02 4.840362444519996643e-02 5.003836378455162048e-02 3.362366557121276855e-02 2.823618799448013306e-02 -8.865449577569961548e-02 -1.210115775465965271e-01 -4.098420590162277222e-02 -3.618657961487770081e-02 -8.377314545214176178e-03 -1.140652690082788467e-02 9.437276050448417664e-03 9.806010872125625610e-02 4.993054643273353577e-02 -4.270868375897407532e-02 6.337771564722061157e-02 -1.027419716119766235e-01 -3.826479613780975342e-02 1.385930459946393967e-02 7.768283039331436157e-02 1.183386892080307007e-02 9.002722799777984619e-02 -1.383615471422672272e-02 -3.194115310907363892e-02 -9.387519955635070801e-02 7.028637081384658813e-02 -1.357400976121425629e-02 6.975917518138885498e-02 1.642268709838390350e-02 -7.380919158458709717e-02 -5.985515192151069641e-02 5.884587019681930542e-02 3.917038440704345703e-03 1.497413590550422668e-02 -7.592373341321945190e-02 5.759569630026817322e-02 -1.187946926802396774e-02 -3.987688943743705750e-02 6.304824352264404297e-02 -1.742376014590263367e-02 -6.609988212585449219e-02 1.538781821727752686e-02 6.953512877225875854e-02 7.178544998168945312e-02
-8.241512626409530640e-02 5.446159839630126953e-02 5.584431439638137817e-02 6.474171578884124756e-02 -2.331012859940528870e-02 -2.101864106953144073e-02 1.520511694252490997e-02 -4.356856644153594971e-02 -2.275334671139717102e-02 -7.603826373815536499e-02 -1.293575111776590347e-02 9.413435310125350952e-02 -5.030368641018867493e-02 2.809567190706729889e-02 5.379545316100120544e-02 -1.154618933796882629e-01 6.017775833606719971e-02 6.264306604862213135e-02 2.598135545849800110e-02 -5.602992326021194458e-02 8.657265454530715942e-02 -3.744901716709136963e-02 -2.182188443839550018e-02 3.770773112773895264e-02 2.952554449439048767e-02 -2.187818288803100586e-02 2.049569785594940186e-02 -6.314437836408615112e-02 -4.595941305160522461e-02 -7.003530114889144897e-02 6.825949996709823608e-02 4.206413775682449341e-02 -6.217674538493156433e-02 -2.341409772634506226e-02 -6.638245284557342529e-02 1.372759509831666946e-02 2.748800674453377724e-03 1.700261235237121582e-02 8.219735696911811829e-03 4.380068555474281311e-02 -8.938897401094436646e-02 2.819582633674144745e-02 3.362694382667541504e-02 -8.982632309198379517e-02 6.762013584375381470e-02 2.979055233299732208e-02 -8.782041817903518677e-02 1.961453817784786224e-02 7.353882491588592529e-02 -1.237084157764911652e-02 5.470777302980422974e-02 -6.399552524089813232e-02 -1.683756895363330841e-02 4.857569187879562378e-02 -3.973705694079399109e-02 5.188097059726715088e-02 2.210678160190582275e-02 7.325611263513565063e-02 7.452819496393203735e-02 7.941221119835972786e-04 2.292648656293749809e-03 6.718007475137710571e-02 -1.382654812186956406e-02 -1.016096919775009155e-01 7.181837409734725952e-02 2.194157056510448456e-02 1.462679356336593628e-02 -1.026078872382640839e-02 -7.475954294204711914e-02 -6.575900316238403320e-02 -8.966144919395446777e-02 4.231242835521697998e-02 6.085535883903503418e-02 -4.844659566879272461e-02 -2.370929345488548279e-02 5.186470970511436462e-02 5.788970366120338440e-02 -3.040520474314689636e-02 -2.947742305696010590e-02 -1.060311421751976013e-01 -6.873699277639389038e-02 -5.180598422884941101e-02 1.312415581196546555e-02 -4.501453042030334473e-02 -2.421037526801228523e-03 -8.051201701164245605e-02 7.665467262268066406e-02 -7.688914984464645386e-02 6.991700828075408936e-02 5.666299536824226379e-02 -1.144464500248432159e-02 -4.258434474468231201e-02 -2.615916915237903595e-02 2.180929668247699738e-02 -6.455555558204650879e-02 -1.123200543224811554e-02 -1.943434216082096100e-02 -1.838197000324726105e-02 6.960909813642501831e-02 5.216129124164581299e-03
8.097935467958450317e-02 -5.828513577580451965e-02 -4.495400935411453247e-02 1.017311513423919678e-01 1.113080680370330811e-01 2.814083173871040344e-02 -4.146392643451690674e-02 -2.365496195852756500e-02 1.604696549475193024e-02 -3.279129043221473694e-02 7.533582299947738647e-02 8.426041901111602783e-02 4.313031677156686783e-03 -2.487470209598541260e-02 4.839425161480903625e-02 6.957393884658813477e-02 4.256073012948036194e-02 5.922815203666687012e-02 -8.658023923635482788e-02 1.812581159174442291e-02 9.038177132606506348e-02 -4.348728805780410767e-02 8.229876309633255005e-02 6.100080907344818115e-02 -4.968049004673957825e-02 -2.505676634609699249e-02 -2.940613403916358948e-02 3.548902273178100586e-02 1.033130735158920288e-01 -4.422848671674728394e-02 8.943591266870498657e-02 -4.944175109267234802e-02 6.047908216714859009e-02 7.424993813037872314e-02 -6.448468565940856934e-02 4.034478962421417236e-02 9.828352183103561401e-02 -2.607375383377075195e-02 -1.356484740972518921e-02 -5.787461251020431519e-02 -4.610654339194297791e-02 6.878003478050231934e-02 -9.840961545705795288e-02 7.811605930328369141e-02 1.719692163169384003e-02 -8.701247721910476685e-02 -9.627936780452728271e-02 -3.658821806311607361e-02 2.134110592305660248e-02 1.821091398596763611e-02 6.169359013438224792e-02 -6.817746441811323166e-03 -1.528706494718790054e-02 -1.269446965306997299e-02 -2.953441115096211433e-03 1.126312185078859329e-03 -9.641197323799133301e-02 -1.811365969479084015e-02 8.675163984298706055e-02 -3.366608172655105591e-02 5.894371122121810913e-02 7.998344302177429199e-02 -7.623193413019180298e-02 3.322195261716842651e-02 7.918484508991241455e-03 -1.439538598060607910e-02 -6.452511250972747803e-02 8.962357789278030396e-02 -5.461064726114273071e-02 -1.008509621024131775e-01 3.569733351469039917e-02 3.100157529115676880e-02 6.305097788572311401e-02 -4.274985194206237793e-02 -5.873768404126167297e-02 1.006833910942077637e-01 9.130456298589706421e-02 -2.526682429015636444e-02 8.041238039731979370e-02 -6.185296177864074707e-02 2.305185049772262573e-02 -7.305688224732875824e-03 2.251782454550266266e-02 4.262752458453178406e-02 6.605199724435806274e-02 8.668764680624008179e-02 9.558118134737014771e-02 -9.434673935174942017e-03 2.150318957865238190e-02 -8.147378265857696533e-02 7.164663821458816528e-02 3.988678380846977234e-02 6.147727370262145996e-02 -2.447187900543212891e-02 4.315382242202758789e-02 -2.201903983950614929e-02 -5.152109265327453613e-02 9.769441932439804077e-02 -3.810867667198181152e-02 -2.923026494681835175e-02
-3.189218044281005859e-02 3.918067365884780884e-02 1.901272311806678772e-02 1.349603198468685150e-02 -6.754190195351839066e-03 3.769951872527599335e-03 2.650262415409088135e-02 -8.498492091894149780e-02 9.111268818378448486e-02 4.250203724950551987e-03 4.871279001235961914e-03 -4.145991429686546326e-02 5.144545063376426697e-02 -1.399068087339401245e-01 5.144492164254188538e-02 9.132581204175949097e-02 -9.482111781835556030e-02 -6.727982312440872192e-02 2.921115793287754059e-02 -4.429686814546585083e-02 2.712237276136875153e-02 -4.434914141893386841e-02 4.633231088519096375e-02 -1.018097326159477234e-01 -8.717171102762222290e-02 1.301994360983371735e-02 1.874417439103126526e-02 9.400113672018051147e-02 4.922200739383697510e-02 3.778858855366706848e-02 7.581505458801984787e-03 1.866827160120010376e-02 -5.222943425178527832e-02 -5.029456689953804016e-02 -1.009086444973945618e-01 -8.717078715562820435e-02 -5.640872195363044739e-02 8.724644780158996582e-02 1.264027506113052368e-01 -9.125268459320068359e-02 -8.382811397314071655e-02 -1.553525477647781372e-01 -4.678941331803798676e-04 1.346870325505733490e-02 1.063049491494894028e-02 -1.168376728892326355e-01 9.900328516960144043e-02 1.503787841647863388e-02 7.807420939207077026e-02 3.823814168572425842e-02 -7.981049269437789917e-02 -8.916065096855163574e-02 5.536376684904098511e-02 -3.033234737813472748e-02 -1.131362617015838623e-01 5.012924596667289734e-02 -1.211003586649894714e-01 7.267717272043228149e-02 -8.104450255632400513e-02 -3.376571089029312134e-02 3.189943730831146240e-02 3.562501817941665649e-02 -8.455900102853775024e-02 5.251546576619148254e-02 2.994337491691112518e-02 1.348671223968267441e-02 -7.327120751142501831e-02 -9.088893234729766846e-02 -4.297560080885887146e-02 -5.330666154623031616e-02 6.351511180400848389e-02 -8.769168704748153687e-02 9.231862425804138184e-02 -7.671309262514114380e-02 -6.521217525005340576e-02 8.027514815330505371e-02 2.396533079445362091e-02 -6.496033072471618652e-02 -2.080116828437894583e-04 -6.136532500386238098e-02 2.596785873174667358e-02 -3.384238108992576599e-02 -5.470639839768409729e-02 7.799928635358810425e-02 6.057125329971313477e-02 -3.737238049507141113e-02 8.260194957256317139e-02 6.439630687236785889e-02 6.993719935417175293e-02 -8.759307861328125000e-02 -1.516885310411453247e-02 -5.227195471525192261e-02 3.679818287491798401e-02 -6.702956557273864746e-02 -9.159986674785614014e-02 1.338295266032218933e-02 1.208876222372055054e-01 -1.064955443143844604e-01 7.500664144754409790e-02 -3.633711859583854675e-02
-2.793888375163078308e-02 -1.252831984311342239e-02 4.920389503240585327e-03 -1.718232408165931702e-02 -7.414469122886657715e-02 3.022200241684913635e-02 8.776344358921051025e-02 8.536009490489959717e-02 9.257808327674865723e-03 5.130208656191825867e-02 -6.165143474936485291e-02 -1.324431877583265305e-02 2.361579611897468567e-02 9.796261787414550781e-02 5.620657280087471008e-02 5.553711205720901489e-02 4.902412369847297668e-02 -8.221118152141571045e-02 -5.364484619349241257e-03 -1.317007001489400864e-02 -6.963156908750534058e-02 -4.339850693941116333e-02 6.381540000438690186e-02 2.709838189184665680e-02 -1.012047827243804932e-01 -1.623316295444965363e-02 6.856285780668258667e-02 4.336538165807723999e-02 -7.317810505628585815e-02 2.590088406577706337e-03 3.179296478629112244e-02 2.802156470715999603e-02 9.288585186004638672e-02 5.514430254697799683e-02 2.836833894252777100e-02 5.531562957912683487e-03 8.898019790649414062e-02 -6.374045461416244507e-02 -7.747916132211685181e-02 3.359286859631538391e-02 -7.551655918359756470e-02 -1.101631857454776764e-02 -8.868387341499328613e-02 1.192113384604454041e-02 3.143704263493418694e-03 7.194413244724273682e-02 3.048564866185188293e-02 -1.992723718285560608e-02 -4.607742652297019958e-02 -4.641072824597358704e-03 -7.952883839607238770e-02 5.777709558606147766e-02 -1.018849164247512817e-01 1.470849849283695221e-02 -8.071126788854598999e-02 -7.407912053167819977e-03 -1.816381141543388367e-02 2.456014975905418396e-02 -2.062035165727138519e-02 6.511090695858001709e-02 -3.686484321951866150e-02 5.777922645211219788e-02 6.543052941560745239e-02 6.073124706745147705e-03 -4.987356439232826233e-02 -3.394224122166633606e-02 2.265131473541259766e-02 -5.972205474972724915e-02 8.808498084545135498e-02 -5.036900192499160767e-02 -6.472238898277282715e-02 -4.196089133620262146e-02 -9.560958482325077057e-03 -7.513318955898284912e-02 7.229329086840152740e-03 -6.922955065965652466e-02 8.585447818040847778e-02 -2.419343777000904083e-02 5.246106535196304321e-02 -6.491018086671829224e-02 2.280843444168567657e-02 3.597672283649444580e-02 -7.186965085566043854e-03 -3.792883362621068954e-03 2.806671708822250366e-02 1.189121790230274200e-02 -9.430814534425735474e-02 -1.619699038565158844e-02 9.644832462072372437e-03 1.670515164732933044e-02 9.344022721052169800e-02 -5.978932976722717285e-02 -1.173347234725952148e-02 2.668648213148117065e-02 -9.530540555715560913e-02 1.208612229675054550e-02 -2.448271028697490692e-02 -7.098261266946792603e-02 -1.987673342227935791e-02 8.162847161293029785e-02
-4.776394739747047424e-02 -1.441975589841604233e-02 9.754204191267490387e-03 7.507842034101486206e-02 9.196958690881729126e-02 -8.424957841634750366e-02 -6.544184684753417969e-02 4.203324019908905029e-02 4.892564564943313599e-02 9.385642409324645996e-02 -1.121510267257690430e-01 -4.803931340575218201e-02 6.763269752264022827e-02 2.616110816597938538e-02 -1.340565979480743408e-01 -4.541186243295669556e-02 -7.414169609546661377e-02 -1.194680482149124146e-02 -5.910866335034370422e-02 -7.821924984455108643e-02 -2.308063209056854248e-02 6.499461084604263306e-02 4.904593527317047119e-02 -7.459485530853271484e-02 2.411202155053615570e-02 4.782709851861000061e-02 3.352383896708488464e-02 1.095540169626474380e-02 1.301107108592987061e-01 -6.867080181837081909e-02 6.088437885046005249e-02 -1.009069830179214478e-01 -1.592070795595645905e-02 5.945239681750535965e-03 7.569613307714462280e-02 5.362146347761154175e-02 -8.834116160869598389e-02 6.950715184211730957e-02 -5.744463205337524414e-02 -2.832373976707458496e-02 4.381353408098220825e-02 -7.713475823402404785e-02 3.008171170949935913e-02 -3.944184631109237671e-02 2.284783683717250824e-02 3.258519247174263000e-02 -3.952856361865997314e-02 -5.992265418171882629e-02 8.377460390329360962e-02 2.580627985298633575e-02 1.670197956264019012e-02 8.513601124286651611e-02 -7.738283835351467133e-03 -2.856919728219509125e-02 -4.783423244953155518e-02 -7.573031634092330933e-02 -5.195480957627296448e-02 5.983615759760141373e-03 -1.050235182046890259e-01 6.664639804512262344e-03 -4.076864570379257202e-02 -5.844846367835998535e-02 3.755991160869598389e-02 -4.433649778366088867e-02 9.436253458261489868e-04 5.186663474887609482e-03 3.475081548094749451e-02 -9.168006479740142822e-02 8.910776674747467041e-02 8.872413635253906250e-02 -1.059086434543132782e-02 3.332047723233699799e-03 -9.454187005758285522e-02 -8.437076956033706665e-02 6.024039536714553833e-02 1.090431399643421173e-02 2.070942893624305725e-02 8.725885301828384399e-02 -5.043368041515350342e-02 1.344017311930656433e-02 -5.719889327883720398e-02 -1.835933327674865723e-02 -8.771681040525436401e-02 4.156859964132308960e-02 7.576873153448104858e-02 7.169148325920104980e-02 -4.282925650477409363e-02 -8.525678515434265137e-02 -4.861741140484809875e-02 -6.711646914482116699e-02 1.558355242013931274e-01 -1.015269011259078979e-01 -7.390829175710678101e-02 -2.711161971092224121e-03 -5.507498234510421753e-02 4.366030544042587280e-02 -3.278342634439468384e-02 -6.476268917322158813e-02 4.966843500733375549e-02 4.532709345221519470e-02
1.360894292593002319e-01 -4.353110119700431824e-02 -3.275465965270996094e-02 -7.343155890703201294e-02 5.320088565349578857e-02 1.695980317890644073e-02 -8.121957629919052124e-02 5.540335178375244141e-02 -9.873070567846298218e-02 -1.363724935799837112e-02 -4.713796824216842651e-02 7.706766575574874878e-02 7.685757428407669067e-02 -5.343258008360862732e-02 1.046388316899538040e-02 -3.361877053976058960e-02 1.767568406648933887e-03 4.941966012120246887e-02 -5.128644034266471863e-02 3.080486319959163666e-02 5.519912764430046082e-02 -6.475486326962709427e-03 -2.578441053628921509e-02 1.158190816640853882e-01 6.491933017969131470e-02 -4.245258495211601257e-02 3.128712624311447144e-02 -1.061962842941284180e-01 -9.252187609672546387e-02 -5.916504561901092529e-02 -8.520200848579406738e-02 5.344300717115402222e-02 7.257104665040969849e-02 8.915016055107116699e-02 7.296783477067947388e-02 -3.428396210074424744e-02 -1.010004431009292603e-01 4.710855334997177124e-02 4.442734643816947937e-02 2.182445488870143890e-03 3.027991391718387604e-02 -1.951881311833858490e-02 3.300284966826438904e-02 -2.982880175113677979e-02 -8.238855004310607910e-02 -2.444145269691944122e-02 9.304182976484298706e-02 3.167580813169479370e-02 3.703279420733451843e-02 -3.660761937499046326e-02 -9.079485386610031128e-02 1.003712713718414307e-01 -6.951333582401275635e-02 1.640486903488636017e-02 5.644894391298294067e-02 -7.463333010673522949e-02 -1.243331506848335266e-01 -8.645295351743698120e-02 -1.137392818927764893e-01 4.707852751016616821e-02 -4.784598946571350098e-03 3.764457628130912781e-02 3.300662338733673096e-02 -5.259726941585540771e-02 1.540142148733139038e-01 1.721558533608913422e-02 7.503963261842727661e-02 7.192441076040267944e-02 9.554155170917510986e-02 9.662063419818878174e-02 -6.627995520830154419e-02 9.001001715660095215e-02 1.163009479641914368e-01 -4.442462697625160217e-02 -6.688198447227478027e-02 -4.365277476608753204e-03 -3.352681547403335571e-02 3.820308297872543335e-02 7.930221408605575562e-02 1.980675011873245239e-02 2.668430469930171967e-02 -4.505014512687921524e-03 -9.506522119045257568e-02 6.913783401250839233e-02 6.143360957503318787e-02 -9.148666635155677795e-03 4.734956845641136169e-02 3.066441789269447327e-02 -7.373948395252227783e-02 -2.996516413986682892e-02 6.418181955814361572e-02 -7.233996409922838211e-03 -9.578850865364074707e-02 1.830628141760826111e-02 2.369283512234687805e-02 7.816765457391738892e-02 -7.625700533390045166e-02 7.388058304786682129e-02 -1.480673067271709442e-02 7.827141135931015015e-02
1.173822507262229919e-01 6.186277139931917191e-03 -2.394901365041732788e-01 -9.038240462541580200e-02 -7.062382251024246216e-02 6.724029034376144409e-02 -1.425147149711847305e-02 -1.721695661544799805e-01 8.840087801218032837e-02 -1.739564584568142891e-03 -1.142714768648147583e-01 9.196416474878787994e-03 1.495971530675888062e-01 5.507569387555122375e-02 -1.182960569858551025e-01 -1.184898912906646729e-01 3.025747276842594147e-02 3.874824033118784428e-04 -3.865505754947662354e-02 -4.834296647459268570e-03 -9.808824211359024048e-02 -1.101834047585725784e-02 -2.423381432890892029e-02 1.058322340250015259e-01 3.983720019459724426e-02 -1.114448010921478271e-01 6.425425410270690918e-02 1.148500442504882812e-01 -1.897832751274108887e-02 2.651917375624179840e-02 -1.348813027143478394e-01 8.336818218231201172e-02 2.473773509263992310e-01 -4.156434908509254456e-02 5.423972010612487793e-02 3.389304131269454956e-02 -3.130347654223442078e-02 -4.726819694042205811e-02 -2.271163091063499451e-02 3.674068674445152283e-02 7.875757664442062378e-02 1.322265863418579102e-01 9.516698122024536133e-02 4.497228562831878662e-02 -1.388438791036605835e-02 -1.368599385023117065e-01 5.551492050290107727e-02 -7.442215457558631897e-03 1.853303313255310059e-01 5.275726318359375000e-03 -9.490855038166046143e-02 -1.067417934536933899e-01 9.401533752679824829e-02 6.285359710454940796e-02 8.336281776428222656e-02 -8.791288733482360840e-02 1.151815354824066162e-01 -4.372330382466316223e-02 -4.230011999607086182e-02 4.033546149730682373e-02 2.067204862833023071e-01 1.129764094948768616e-01 2.073410898447036743e-02 -2.365096472203731537e-02 5.002592504024505615e-02 9.608706831932067871e-02 6.157461553812026978e-03 9.053177386522293091e-02 -9.238572418689727783e-02 -7.065673172473907471e-02 -8.330914378166198730e-02 -9.406149387359619141e-03 3.590331599116325378e-02 -7.378955930471420288e-02 8.386802673339843750e-02 -1.509523368440568447e-03 -3.410907462239265442e-02 -3.491757810115814209e-02 5.187882110476493835e-03 8.572449907660484314e-03 -6.624824163736775517e-05 5.939733237028121948e-03 2.822718583047389984e-02 -5.482384562492370605e-02 1.098102331161499023e-01 -7.509589195251464844e-02 -9.666384756565093994e-02 2.814397448673844337e-03 7.310288958251476288e-03 1.280006021261215210e-02 8.067811140790581703e-04 -1.450820174068212509e-02 -5.728234350681304932e-02 -4.016511514782905579e-02 -4.682049527764320374e-02 -7.217935472726821899e-02 9.323145449161529541e-02 4.489264264702796936e-02 2.498241141438484192e-03 1.631037294864654541e-01
6.430471688508987427e-02 5.785271897912025452e-02 6.035767495632171631e-02 5.211225524544715881e-02 -1.038175672292709351e-01 5.515392404049634933e-03 6.256478279829025269e-02 9.663656353950500488e-03 -5.843476951122283936e-02 5.432944372296333313e-02 5.544813349843025208e-02 2.488563209772109985e-02 -4.891586024314165115e-03 8.227071166038513184e-02 -3.455303236842155457e-02 7.332966662943363190e-03 -7.819305360317230225e-02 -3.781528025865554810e-02 1.425041258335113525e-02 4.193256795406341553e-02 5.345696955919265747e-02 -4.436016827821731567e-02 -1.979898847639560699e-02 1.617907732725143433e-02 8.621899783611297607e-02 2.730217203497886658e-02 -1.693166419863700867e-02 -7.621205598115921021e-02 -1.346848905086517334e-02 7.536764442920684814e-02 3.950126469135284424e-02 -1.322617847472429276e-02 -4.498283937573432922e-02 -2.018090896308422089e-02 -7.063192129135131836e-02 4.135002195835113525e-02 8.762441575527191162e-02 -9.041240811347961426e-02 -5.065744742751121521e-02 -4.680600482970476151e-03 -9.352960437536239624e-02 -9.534168988466262817e-02 1.072944626212120056e-01 -7.206492871046066284e-02 -2.104468829929828644e-02 -3.940071165561676025e-02 -8.710809797048568726e-02 -6.882841885089874268e-02 6.070029456168413162e-03 -4.883027821779251099e-02 -1.594937592744827271e-02 -2.267160452902317047e-02 -8.052439987659454346e-02 3.253516973927617073e-03 -9.250835329294204712e-02 4.250394180417060852e-02 3.649371117353439331e-02 1.876781811006367207e-03 2.304990217089653015e-02 -4.919401556253433228e-02 8.269352465867996216e-02 8.647377789020538330e-02 3.970156610012054443e-02 -7.205886393785476685e-02 -1.498332060873508453e-02 6.087093427777290344e-02 -5.083013325929641724e-02 -8.910065889358520508e-02 5.307712778449058533e-02 -6.778084486722946167e-02 -3.094706870615482330e-02 -5.884943157434463501e-02 -5.029551684856414795e-02 3.724326565861701965e-02 -4.267238825559616089e-02 -7.345238327980041504e-02 4.506832361221313477e-02 2.027070522308349609e-02 -1.001163423061370850e-01 -2.961452305316925049e-02 -8.211684972047805786e-02 -3.356778249144554138e-02 7.594335079193115234e-02 -1.478612143546342850e-02 -1.451661344617605209e-02 8.819895237684249878e-02 1.937078125774860382e-02 -9.231153875589370728e-02 7.790511101484298706e-02 3.988331556320190430e-02 -1.831338182091712952e-02 4.173750057816505432e-02 -4.189930483698844910e-02 1.012669503688812256e-01 7.515344023704528809e-02 6.243643537163734436e-02 -1.988924294710159302e-02 -4.665844608098268509e-03 -1.588620617985725403e-02 3.603197261691093445e-02
-5.345314368605613708e-02 2.262559719383716583e-02 9.313076734542846680e-02 1.391083747148513794e-02 1.700450293719768524e-02 7.328762672841548920e-03 5.620936676859855652e-02 1.407655701041221619e-02 1.348053105175495148e-02 1.104598119854927063e-02 -1.224713400006294250e-01 2.483564056456089020e-02 -3.864163160324096680e-02 -1.983906887471675873e-02 9.079582244157791138e-02 1.056526973843574524e-01 1.140888556838035583e-01 -1.206061765551567078e-01 4.124523699283599854e-02 6.189225614070892334e-02 -1.006081551313400269e-01 -5.929985269904136658e-02 1.073408052325248718e-01 -2.991885133087635040e-02 -8.337523043155670166e-02 -1.339074671268463135e-01 5.565488710999488831e-02 5.565074458718299866e-02 5.319676548242568970e-02 -3.290628641843795776e-02 1.094636544585227966e-01 -8.623165637254714966e-02 -1.949360407888889313e-02 8.405423909425735474e-02 -3.103160858154296875e-02 9.989490732550621033e-03 5.225614830851554871e-02 -1.609623059630393982e-02 -1.839886419475078583e-02 4.314642399549484253e-02 -2.823925763368606567e-02 9.884113073348999023e-02 -5.358725786209106445e-02 -1.674251072108745575e-02 8.013746142387390137e-02 -6.108523905277252197e-02 5.940386280417442322e-02 1.119417101144790649e-01 4.510252620093524456e-04 -1.061759516596794128e-01 8.327132463455200195e-02 4.278306290507316589e-02 -7.365851849317550659e-02 1.006433740258216858e-01 7.759693264961242676e-02 1.056929305195808411e-01 1.053279172629117966e-02 7.925144582986831665e-02 4.752487689256668091e-02 -7.883283495903015137e-02 1.849126666784286499e-01 -2.042977698147296906e-02 -1.885064691305160522e-02 -9.627354145050048828e-02 -1.883953996002674103e-02 9.396822005510330200e-02 6.497862190008163452e-02 -1.065806671977043152e-01 -4.152923077344894409e-02 -4.167952761054039001e-02 9.019038081169128418e-02 -3.815205022692680359e-02 8.389769122004508972e-03 9.756787866353988647e-02 -1.209943904541432858e-03 -8.331251144409179688e-02 2.842891775071620941e-02 -3.044110536575317383e-02 8.905584923923015594e-03 -2.491813898086547852e-02 -1.931027323007583618e-02 1.240931153297424316e-01 1.017958894371986389e-01 -8.110156655311584473e-02 -1.162281781435012817e-01 5.514060333371162415e-02 -1.058835349977016449e-02 7.626665383577346802e-02 -6.870165467262268066e-02 2.631242014467716217e-02 9.872996062040328979e-02 9.713888168334960938e-02 -5.753919482231140137e-02 1.154437661170959473e-02 -4.001629352569580078e-02 4.741830751299858093e-02 -2.374681085348129272e-02 -3.813814371824264526e-02 4.689411073923110962e-02 3.965305536985397339e-02
-8.046290278434753418e-02 -4.439541138708591461e-03 -1.567168533802032471e-02 -5.874060839414596558e-02 -1.496894508600234985e-01 1.301817744970321655e-01 -6.115541979670524597e-02 -4.520129784941673279e-02 -1.123938523232936859e-02 7.165300846099853516e-02 -1.125305145978927612e-01 -7.810900360345840454e-02 9.176498651504516602e-02 -8.104719966650009155e-02 -7.686480879783630371e-02 -3.178582340478897095e-02 -4.816725850105285645e-02 -1.155527085065841675e-01 9.803604334592819214e-02 5.627506598830223083e-02 8.200309425592422485e-02 -1.553843915462493896e-02 6.015026196837425232e-02 5.405959673225879669e-03 -5.367593839764595032e-02 2.425271552056074142e-03 -2.479448728263378143e-02 -1.360586378723382950e-02 3.958528116345405579e-02 2.565117739140987396e-02 -3.735020756721496582e-02 -8.328787982463836670e-02 -2.070915512740612030e-02 8.732355386018753052e-02 9.919425845146179199e-02 -2.038566209375858307e-02 -5.721950158476829529e-02 5.682497844099998474e-02 -1.290329545736312866e-01 6.199435889720916748e-02 8.783812075853347778e-02 -6.618678569793701172e-02 4.773814231157302856e-02 7.707116752862930298e-02 -7.467614859342575073e-02 3.258420154452323914e-02 -1.317302137613296509e-02 -8.353627473115921021e-02 -4.477992653846740723e-02 -1.413583988323807716e-03 -4.773414880037307739e-02 -3.838562592864036560e-02 4.776554927229881287e-02 -5.265206098556518555e-02 4.771158471703529358e-02 -1.614493876695632935e-02 9.908512979745864868e-02 -3.291679918766021729e-02 -4.609191417694091797e-02 7.246163208037614822e-03 4.267914965748786926e-02 4.810436815023422241e-02 -8.033350110054016113e-02 -5.924176052212715149e-02 5.633500218391418457e-02 8.076222240924835205e-02 -7.227469980716705322e-02 -7.975313812494277954e-02 -3.314702212810516357e-02 -3.552290797233581543e-02 -5.546952784061431885e-02 5.130507797002792358e-02 3.947155550122261047e-02 7.883850485086441040e-03 -9.777887165546417236e-02 -7.186712324619293213e-02 -9.603706002235412598e-02 5.651610344648361206e-02 -9.774272143840789795e-02 -9.561526775360107422e-02 3.305483981966972351e-02 -8.292800933122634888e-02 4.056543856859207153e-02 5.914438515901565552e-02 -3.433585911989212036e-02 1.059187110513448715e-02 -1.294140238314867020e-03 -6.813476979732513428e-02 -7.900743186473846436e-02 7.771010696887969971e-02 1.075407415628433228e-01 -6.152849271893501282e-02 8.857437223196029663e-02 8.961684256792068481e-02 -5.540316924452781677e-02 -2.437731623649597168e-02 -1.067359447479248047e-01 6.705662608146667480e-02 6.646404415369033813e-02 4.624212905764579773e-02
9.221217036247253418e-02 -2.556478045880794525e-02 2.793811634182929993e-02 4.229684919118881226e-02 -1.046446114778518677e-01 -8.684594929218292236e-02 8.798196166753768921e-02 8.341109752655029297e-02 -1.475142873823642731e-02 -8.630148135125637054e-03 8.421092480421066284e-02 -5.212702229619026184e-02 -6.939585506916046143e-02 9.254133701324462891e-02 5.021832138299942017e-02 5.004634708166122437e-02 -7.503157109022140503e-02 1.027349159121513367e-01 1.016631573438644409e-01 -4.677461460232734680e-02 -1.616826280951499939e-03 -6.572408019565045834e-04 -2.148046158254146576e-03 8.129253983497619629e-02 6.227608770132064819e-02 -9.780491888523101807e-02 5.604369938373565674e-02 5.795019492506980896e-02 -2.556370012462139130e-02 -2.016696147620677948e-02 5.579987168312072754e-02 -9.553121030330657959e-02 -6.546457856893539429e-02 1.405193749815225601e-02 5.608532577753067017e-02 1.069429740309715271e-01 -3.449488431215286255e-02 -1.850166916847229004e-02 -4.227116238325834274e-03 1.224048249423503876e-02 7.176177203655242920e-02 -3.634239733219146729e-02 7.712727040052413940e-02 -6.077839434146881104e-02 -6.984714418649673462e-02 -6.096309982240200043e-03 2.071384526789188385e-02 7.615222036838531494e-02 -1.522595155984163284e-02 -3.945471253246068954e-03 9.386972337961196899e-02 3.829708695411682129e-02 1.009002327919006348e-01 9.241364896297454834e-02 -5.953947082161903381e-02 2.003909461200237274e-02 6.800290942192077637e-02 7.763037830591201782e-02 -4.646872729063034058e-02 -2.828626520931720734e-02 -2.638944052159786224e-02 8.504569530487060547e-03 7.212116569280624390e-02 6.315679848194122314e-02 -4.253462702035903931e-02 5.883078649640083313e-02 -5.613832920789718628e-02 1.375700533390045166e-02 -6.019931286573410034e-02 5.284221470355987549e-02 2.335301600396633148e-02 3.358763409778475761e-03 7.071513682603836060e-02 8.247795701026916504e-02 1.024727243930101395e-02 7.621646393090486526e-03 -6.789249181747436523e-02 5.636954307556152344e-02 6.688216328620910645e-02 -1.370282378047704697e-03 8.475308120250701904e-02 5.100204423069953918e-02 1.397461257874965668e-02 5.703249573707580566e-02 3.617445006966590881e-02 1.164751872420310974e-01 -5.677337571978569031e-02 -8.520554006099700928e-02 -5.859752371907234192e-02 -7.436642795801162720e-02 3.381051495671272278e-02 -2.401104010641574860e-02 3.361852094531059265e-02 6.816497445106506348e-02 -2.388722449541091919e-02 -4.519222676753997803e-02 -7.977399975061416626e-02 -3.803185373544692993e-02 -6.687667220830917358e-03 -2.089091390371322632e-02
-7.555941492319107056e-02 7.519803941249847412e-02 4.770500119775533676e-03 1.023722514510154724e-01 2.122327312827110291e-02 -3.545918688178062439e-02 7.363072037696838379e-02 -7.656583562493324280e-03 -1.271536294370889664e-02 8.030233532190322876e-02 1.607830449938774109e-02 -8.396613411605358124e-03 3.675559908151626587e-02 5.978189408779144287e-02 -8.860612660646438599e-02 -3.864075243473052979e-02 -7.872623950242996216e-02 -4.386076331138610840e-02 -3.554200753569602966e-02 -5.052163451910018921e-02 1.176209561526775360e-02 4.129870235919952393e-02 5.667977780103683472e-02 1.040233820676803589e-01 8.471672236919403076e-02 2.876999415457248688e-02 5.309317633509635925e-02 1.288373954594135284e-02 -1.066996902227401733e-01 4.188343882560729980e-02 6.793401390314102173e-02 5.499497428536415100e-02 1.509154736995697021e-01 9.306520968675613403e-02 -1.831946335732936859e-02 -6.355161219835281372e-02 7.606983929872512817e-02 -3.399723023176193237e-02 -6.108289584517478943e-02 -7.268419023603200912e-03 7.890138775110244751e-02 5.916580185294151306e-02 2.659751102328300476e-02 2.243387699127197266e-02 8.365252614021301270e-02 7.237489521503448486e-02 -8.535155653953552246e-02 4.463929682970046997e-02 -4.413021728396415710e-02 1.037645637989044189e-01 2.702707052230834961e-02 6.552659720182418823e-02 1.152149215340614319e-01 7.774772495031356812e-02 -6.058151833713054657e-03 5.156210064888000488e-02 -8.334856480360031128e-03 -9.195975959300994873e-02 -7.019969820976257324e-02 5.859204009175300598e-02 3.482563421130180359e-02 -8.554712682962417603e-02 7.642283290624618530e-02 -9.818651527166366577e-02 -1.196441575884819031e-01 5.244242772459983826e-02 -9.904672205448150635e-02 -5.619908124208450317e-02 2.349170856177806854e-02 4.052699357271194458e-02 -6.453884392976760864e-02 2.023712359368801117e-02 7.646219432353973389e-02 9.078869223594665527e-02 -2.689055353403091431e-02 4.424220696091651917e-02 -4.543797671794891357e-02 3.919553011655807495e-02 -7.116279006004333496e-02 3.370682522654533386e-02 9.701725840568542480e-02 -4.511842504143714905e-02 -8.936831355094909668e-02 1.262572035193443298e-02 6.253004819154739380e-02 6.171211600303649902e-02 6.791587173938751221e-02 9.106068313121795654e-02 6.853614002466201782e-03 -4.634503647685050964e-02 -5.195974558591842651e-02 -6.574184447526931763e-02 -1.360492501407861710e-02 -7.637564092874526978e-02 -8.518501371145248413e-02 6.817928701639175415e-02 -2.030446007847785950e-02 1.311534922569990158e-02 7.080023735761642456e-02 -1.268758028745651245e-01
-1.280838996171951294e-01 8.056458830833435059e-02 -3.426631912589073181e-02 -1.079301536083221436e-01 -4.541324079036712646e-02 -6.628294289112091064e-02 -4.139516130089759827e-02 8.795051276683807373e-02 -2.763778716325759888e-02 -4.865615069866180420e-02 -9.284718893468379974e-03 5.528552085161209106e-02 6.557822972536087036e-02 8.823391795158386230e-02 5.450893193483352661e-03 -6.981405615806579590e-02 -7.016295939683914185e-02 -5.167895182967185974e-02 1.927002333104610443e-02 4.414930194616317749e-02 -7.159346248954534531e-03 3.025597333908081055e-02 -7.435239851474761963e-02 -3.005040064454078674e-02 4.575783759355545044e-02 4.516754299402236938e-03 8.529943227767944336e-02 9.402678906917572021e-02 -7.009994983673095703e-02 1.702921092510223389e-02 -1.041061654686927795e-01 8.421555161476135254e-02 5.240025464445352554e-03 -1.003065183758735657e-01 -8.840394765138626099e-02 -3.980670869350433350e-02 5.364845320582389832e-02 -8.136544376611709595e-03 7.386821508407592773e-02 -1.090184226632118225e-01 -1.194849237799644470e-01 3.604377806186676025e-02 5.451593548059463501e-02 -4.908121004700660706e-02 -1.712529547512531281e-02 1.481550629250705242e-03 -1.087393462657928467e-01 6.664054840803146362e-02 -8.944372087717056274e-02 -1.508764107711613178e-03 -3.173808008432388306e-02 -5.371017754077911377e-02 -8.247696608304977417e-02 4.210457950830459595e-02 -4.569523502141237259e-03 -8.288900554180145264e-02 -2.111661620438098907e-02 -6.992116570472717285e-03 2.227566577494144440e-02 -3.734689205884933472e-02 -2.114959061145782471e-03 -7.135497778654098511e-02 8.059887588024139404e-02 -8.855951577425003052e-02 -4.966591019183397293e-03 -8.082464337348937988e-03 2.893178723752498627e-02 -2.264375565573573112e-03 -2.971991710364818573e-02 6.458893418312072754e-02 3.129406645894050598e-02 6.106775626540184021e-02 2.281653508543968201e-02 -1.560849510133266449e-02 6.789850443601608276e-02 3.797349706292152405e-02 2.274102158844470978e-02 9.975125640630722046e-02 -5.916801840066909790e-02 1.697301678359508514e-02 -8.347015827894210815e-03 -8.507212251424789429e-02 3.950725868344306946e-02 7.073284685611724854e-02 7.413581013679504395e-02 -6.883998960256576538e-02 -5.306279286742210388e-02 1.041590943932533264e-01 2.589445002377033234e-02 -8.758237212896347046e-02 -7.005956023931503296e-02 8.212812244892120361e-02 -8.413722738623619080e-03 -4.116436094045639038e-02 -5.032151564955711365e-02 -2.964116819202899933e-02 -1.028069779276847839e-01 -3.520882874727249146e-02 7.306384295225143433e-02 6.964739412069320679e-02
-8.608202636241912842e-02 5.380699783563613892e-02 -6.727423518896102905e-02 8.374674245715141296e-03 -9.155031293630599976e-02 -8.455118536949157715e-02 1.393715199083089828e-02 -1.262060087174177170e-02 3.897655382752418518e-02 -7.624783366918563843e-02 -4.529223963618278503e-02 -1.027146279811859131e-01 4.057340323925018311e-02 5.392947793006896973e-02 2.100468613207340240e-02 5.058735236525535583e-02 7.101308554410934448e-02 5.102699622511863708e-02 -5.759780108928680420e-02 7.595513015985488892e-02 -4.103172197937965393e-02 5.838438495993614197e-02 -6.132087670266628265e-03 -5.799379199743270874e-02 -7.015407830476760864e-02 -8.239077776670455933e-02 6.033315882086753845e-02 -6.518461555242538452e-02 6.674466282129287720e-02 -2.511859685182571411e-02 -3.131734952330589294e-02 5.881526693701744080e-02 8.185995370149612427e-02 3.964261710643768311e-02 5.615441501140594482e-02 4.481178522109985352e-02 -9.189313650131225586e-02 4.323347657918930054e-02 -1.416454371064901352e-02 2.931002527475357056e-02 -1.739479787647724152e-02 -9.842082858085632324e-02 -3.671680763363838196e-02 -8.423905819654464722e-02 -3.962002694606781006e-02 5.220444407314062119e-03 -9.419918805360794067e-02 -2.508942596614360809e-02 -1.284646149724721909e-02 9.349835664033889771e-02 5.428213998675346375e-02 -4.783507809042930603e-02 2.400969527661800385e-02 5.200540646910667419e-02 -6.628378480672836304e-02 -8.777990005910396576e-03 8.181356638669967651e-02 -6.599862873554229736e-02 -2.060008421540260315e-02 -3.212453052401542664e-02 3.036516159772872925e-02 1.011817827820777893e-01 9.515956975519657135e-03 -5.972368270158767700e-02 2.526375837624073029e-02 3.247328102588653564e-02 -8.194828778505325317e-02 7.986429263837635517e-04 7.665282115340232849e-03 3.606523200869560242e-02 9.798412770032882690e-02 7.923178374767303467e-02 3.607203811407089233e-02 -5.954937636852264404e-02 6.936220824718475342e-02 -1.513097714632749557e-02 -3.880168497562408447e-02 -8.430776000022888184e-02 3.397926688194274902e-02 7.700807601213455200e-02 3.338740020990371704e-02 3.870864212512969971e-02 1.341402437537908554e-02 -2.695990912616252899e-02 -8.434069901704788208e-02 4.875348508358001709e-02 1.542644947767257690e-02 -8.737450093030929565e-02 3.598063439130783081e-02 4.517560079693794250e-02 6.435789167881011963e-02 -1.092335302382707596e-02 6.571063399314880371e-02 -4.482018202543258667e-02 -2.600194327533245087e-02 4.883888736367225647e-02 5.901101604104042053e-02 -5.723737552762031555e-02 -6.549232453107833862e-02 -6.145985051989555359e-02
-4.032746329903602600e-02 6.751163303852081299e-02 5.838761106133460999e-02 8.537908643484115601e-02 -1.466742716729640961e-02 -7.098772376775741577e-02 -8.379165828227996826e-02 4.353217408061027527e-02 9.407612681388854980e-02 -5.445333570241928101e-02 7.615338265895843506e-02 4.745018854737281799e-02 -7.492782175540924072e-02 -6.952845305204391479e-02 1.161667183041572571e-01 1.052377521991729736e-01 2.106971479952335358e-02 -4.741966258734464645e-03 -8.578423410654067993e-02 -1.219205930829048157e-01 8.594685047864913940e-02 4.492308944463729858e-03 7.898493111133575439e-02 -1.356667838990688324e-02 4.703013692051172256e-03 5.910153687000274658e-02 -7.728584110736846924e-03 5.187914147973060608e-02 -6.438690423965454102e-02 7.633538544178009033e-02 1.089657396078109741e-01 8.811224251985549927e-02 -7.722934335470199585e-02 8.058270439505577087e-03 -3.665652498602867126e-02 -1.867004856467247009e-02 -1.121730171144008636e-02 -1.202503126114606857e-02 7.698900997638702393e-02 6.755863875150680542e-02 -4.443834349513053894e-02 -7.892539724707603455e-03 6.378861516714096069e-02 8.378297835588455200e-02 -2.930295839905738831e-02 -1.189008634537458420e-02 -6.012136116623878479e-02 -9.697134792804718018e-02 1.044135615229606628e-01 5.855481326580047607e-02 4.150282219052314758e-02 -3.943747654557228088e-02 -2.106848731637001038e-02 -9.341612458229064941e-02 -1.429860442876815796e-01 -7.654739171266555786e-02 2.173098549246788025e-02 -8.103759028017520905e-04 1.733666211366653442e-01 2.044212771579623222e-03 -2.699139900505542755e-02 -5.035728588700294495e-02 -9.097715467214584351e-02 -2.466990612447261810e-02 1.316894590854644775e-01 -8.276192843914031982e-02 -4.333995655179023743e-02 1.468886882066726685e-01 -2.293639630079269409e-02 7.283625751733779907e-02 6.560366600751876831e-02 2.329551242291927338e-02 2.991882525384426117e-02 -1.155168190598487854e-01 -2.041212841868400574e-02 -4.584786668419837952e-02 -9.986895322799682617e-02 6.444700807332992554e-02 -1.678943820297718048e-02 -3.688725177198648453e-03 3.501084819436073303e-02 4.005751386284828186e-02 2.552700601518154144e-02 -9.203819930553436279e-02 -1.095491051673889160e-01 -7.015990465879440308e-02 -6.168083101511001587e-02 -4.306012019515037537e-02 3.342693671584129333e-02 -7.944491226226091385e-04 5.716936662793159485e-02 1.267635673284530640e-01 -4.531943704932928085e-03 1.284161359071731567e-01 -3.689618408679962158e-02 5.912050977349281311e-02 -5.789607390761375427e-02 4.981938377022743225e-02 7.511858642101287842e-02 1.285783946514129639e-01
-2.916941791772842407e-02 1.839408092200756073e-02 4.591691866517066956e-02 4.393194988369941711e-02 -1.020140200853347778e-01 4.845425859093666077e-02 7.803924381732940674e-02 1.694699935615062714e-02 6.527463346719741821e-02 5.493472516536712646e-02 -3.961697220802307129e-02 -3.427710384130477905e-02 -1.036339160054922104e-02 6.812625378370285034e-02 -3.967881575226783752e-02 1.184548158198595047e-02 -5.453746020793914795e-02 8.078827708959579468e-02 6.100863218307495117e-02 3.627627715468406677e-02 9.308667853474617004e-03 -9.080484509468078613e-02 -3.914148081094026566e-03 5.173173174262046814e-02 -9.368613362312316895e-02 3.039083909243345261e-03 2.148854359984397888e-02 -2.150961011648178101e-02 -1.062622889876365662e-01 3.293176367878913879e-02 -5.220201238989830017e-02 6.151769682765007019e-02 -4.892484471201896667e-02 4.276748746633529663e-03 -4.409488663077354431e-02 -8.978717774152755737e-02 7.074709981679916382e-02 -1.239399313926696777e-01 -1.063707843422889709e-01 -1.452516391873359680e-02 -9.341099858283996582e-02 -6.740378588438034058e-02 3.398092091083526611e-02 3.059111535549163818e-02 -1.165530905127525330e-01 -4.223598912358283997e-02 -7.164336740970611572e-02 6.235599517822265625e-03 -7.910504937171936035e-02 -4.354181140661239624e-02 1.217158585786819458e-01 2.583464980125427246e-02 5.168580682948231697e-04 4.701287299394607544e-02 -1.803983896970748901e-01 4.123086109757423401e-02 -4.043753817677497864e-02 4.730515927076339722e-02 1.145030651241540909e-02 -3.592143207788467407e-02 -1.906314305961132050e-02 9.055891074240207672e-03 -1.932367309927940369e-02 -7.979008555412292480e-02 5.363466963171958923e-02 -1.033498067408800125e-02 -6.655950844287872314e-02 3.101268038153648376e-02 -4.745373036712408066e-03 -1.137498915195465088e-01 9.798725694417953491e-02 -1.183021590113639832e-01 4.688232671469449997e-03 -3.810781240463256836e-02 -9.457271546125411987e-02 9.475683420896530151e-02 -8.598780632019042969e-02 6.964816898107528687e-02 -5.036881193518638611e-03 -7.861359417438507080e-02 3.302522003650665283e-02 7.666607201099395752e-02 1.230080425739288330e-01 -1.054244711995124817e-01 1.128237023949623108e-01 9.105006605386734009e-02 7.750274240970611572e-02 7.076416909694671631e-02 1.612554118037223816e-02 -1.038223505020141602e-01 5.895601585507392883e-02 8.027672767639160156e-03 -1.108024418354034424e-01 7.643231004476547241e-02 -5.522438511252403259e-02 -9.045385569334030151e-02 4.723970592021942139e-02 8.956519514322280884e-02 1.213200539350509644e-01 -2.365612983703613281e-02
-4.071592912077903748e-02 -9.886348992586135864e-02 1.411818265914916992e-01 -7.096508052200078964e-03 4.984826222062110901e-02 -6.713672727346420288e-02 -7.719297707080841064e-02 6.931938230991363525e-02 -7.604085654020309448e-02 -5.739575624465942383e-02 -3.130617737770080566e-02 2.219298295676708221e-02 4.614833742380142212e-02 -7.499599456787109375e-02 -3.685698658227920532e-02 -4.086155071854591370e-02 8.132436126470565796e-02 -5.076787620782852173e-02 6.085935980081558228e-02 1.287182420492172241e-01 5.064021050930023193e-02 -3.026599064469337463e-02 -4.418042674660682678e-02 -3.593162074685096741e-02 -3.664204850792884827e-02 7.354677468538284302e-02 5.693100858479738235e-03 -7.473917305469512939e-02 2.668437547981739044e-02 9.251053631305694580e-02 1.018075179308652878e-02 4.774384573101997375e-02 -8.810452371835708618e-02 2.451686188578605652e-02 -6.024413928389549255e-02 5.528149381279945374e-02 1.730050891637802124e-02 8.444117009639739990e-02 -7.609894871711730957e-02 -9.580548852682113647e-03 3.967711329460144043e-02 -7.985236123204231262e-03 -3.073597792536020279e-03 1.307801716029644012e-02 -5.642011016607284546e-02 -1.971665024757385254e-02 -3.339529410004615784e-02 -1.030321270227432251e-01 -1.862232200801372528e-02 -7.761513441801071167e-02 -6.637740135192871094e-02 3.360177576541900635e-02 -5.314553529024124146e-02 8.959739468991756439e-03 -2.005044184625148773e-02 -1.271611750125885010e-01 -1.116113662719726562e-01 2.992790192365646362e-03 7.596370577812194824e-02 7.662008702754974365e-02 3.864010423421859741e-02 -6.557665765285491943e-02 -5.051534622907638550e-02 -8.649462461471557617e-02 -5.292431637644767761e-02 -5.078868567943572998e-02 -9.866868145763874054e-03 5.607817694544792175e-02 9.398147463798522949e-02 6.986662745475769043e-02 5.307039618492126465e-02 -7.770526688545942307e-03 -1.087646000087261200e-02 7.149188220500946045e-02 -2.133086137473583221e-02 -4.569642618298530579e-02 -2.758987993001937866e-02 5.270142573863267899e-03 -1.076812744140625000e-01 -5.060989037156105042e-02 -6.563580245710909367e-04 -5.451340600848197937e-02 -1.445518527179956436e-02 -4.939020052552223206e-02 5.812155827879905701e-02 -1.495808828622102737e-03 4.589409753680229187e-02 4.645506292581558228e-02 5.312223359942436218e-02 -7.338197529315948486e-02 1.210820972919464111e-01 9.206461906433105469e-02 9.163705259561538696e-02 -2.630471438169479370e-02 -4.888676106929779053e-02 6.723291426897048950e-02 3.131828457117080688e-02 -7.391328364610671997e-02 -5.498607177287340164e-03 3.102994151413440704e-02
-1.271872315555810928e-02 -7.036931812763214111e-02 8.001814782619476318e-02 5.455065891146659851e-02 -8.184107393026351929e-02 -2.503303438425064087e-02 -2.606667019426822662e-02 2.851871959865093231e-02 2.844874560832977295e-02 -6.346427649259567261e-02 -1.013565529137849808e-02 3.245195606723427773e-03 -3.355209156870841980e-02 -4.323658533394336700e-03 -2.349752001464366913e-03 4.369455203413963318e-02 -7.470147311687469482e-02 4.258440434932708740e-02 -6.352046877145767212e-02 1.092739030718803406e-01 -8.402923122048377991e-03 5.166887119412422180e-02 7.561003323644399643e-03 4.103749617934226990e-02 -6.918785721063613892e-02 -2.567978575825691223e-02 -1.278307884931564331e-01 -3.769640997052192688e-02 -1.102970317006111145e-01 2.482611127197742462e-02 1.081935986876487732e-01 4.163059219717979431e-02 -3.437092155218124390e-02 5.075251311063766479e-02 6.076044589281082153e-02 -2.916625328361988068e-02 1.044206619262695312e-01 5.400983244180679321e-02 -3.744302550330758095e-03 -6.274899467825889587e-03 -2.781839855015277863e-02 9.001219272613525391e-02 7.583306729793548584e-02 -2.342474879696965218e-03 -6.816839426755905151e-02 -7.216450572013854980e-02 3.589496761560440063e-02 1.114472374320030212e-02 -5.318219214677810669e-02 4.868660867214202881e-02 9.055235981941223145e-02 2.052342332899570465e-02 -1.162073835730552673e-01 -4.132866859436035156e-02 1.884720847010612488e-02 -1.731538623571395874e-01 -1.356796622276306152e-01 3.720954060554504395e-02 -8.139441162347793579e-02 -6.057610735297203064e-02 -1.775185391306877136e-02 -1.946735661476850510e-03 -1.532232388854026794e-02 8.530129492282867432e-02 -8.735452592372894287e-02 -9.850876778364181519e-02 5.632268264889717102e-02 1.024611070752143860e-01 -4.448431730270385742e-02 -4.098371416330337524e-02 -2.248916402459144592e-02 -3.598932549357414246e-02 -1.222296282649040222e-01 3.739284351468086243e-02 -6.119090318679809570e-02 4.185800999402999878e-02 -6.605526059865951538e-02 8.162599056959152222e-02 7.020883262157440186e-02 -9.737201780080795288e-02 1.782715693116188049e-02 5.541689321398735046e-02 1.118747424334287643e-02 8.601040393114089966e-02 -6.962925940752029419e-02 7.276623696088790894e-02 1.917413249611854553e-02 -1.026525348424911499e-01 -7.276420295238494873e-02 -1.436884701251983643e-02 7.472585886716842651e-02 5.860849469900131226e-02 3.619037568569183350e-02 2.292804606258869171e-02 1.564831286668777466e-02 2.288781851530075073e-02 -5.788983404636383057e-02 -1.104503273963928223e-01 -8.764404803514480591e-02 1.465605646371841431e-01
-9.761977940797805786e-02 1.067951694130897522e-02 -1.155436933040618896e-01 1.118156909942626953e-01 -8.585335314273834229e-02 -5.953827872872352600e-02 1.476161647588014603e-02 5.926201865077018738e-02 -1.135632209479808807e-02 -5.165288969874382019e-02 8.239579200744628906e-02 -8.967989683151245117e-02 1.598937362432479858e-01 -1.005725096911191940e-02 -1.075000837445259094e-01 -1.452723443508148193e-01 -6.424373388290405273e-02 4.201122373342514038e-02 1.241547167301177979e-01 7.192192971706390381e-02 -2.837211079895496368e-02 -6.405701488256454468e-02 -5.387611687183380127e-02 -8.086080849170684814e-02 8.366429829038679600e-04 3.229431435465812683e-02 -9.911075979471206665e-02 -1.609182916581630707e-03 1.708865351974964142e-02 -3.546863049268722534e-02 -1.319326460361480713e-01 8.093874901533126831e-03 4.192283749580383301e-02 -1.006316691637039185e-01 2.308779954910278320e-02 8.761419355869293213e-02 -9.292337298393249512e-02 -8.425768464803695679e-02 7.667624950408935547e-02 1.235168613493442535e-02 6.945820152759552002e-02 -7.721092551946640015e-02 8.602901361882686615e-03 -3.412299975752830505e-02 8.041036128997802734e-02 -2.783468551933765411e-02 -5.616461485624313354e-02 -3.579976037144660950e-02 5.661451816558837891e-02 -4.083693772554397583e-02 -7.478880230337381363e-03 -4.916632547974586487e-02 -2.336685918271541595e-02 1.593232969753444195e-03 -9.780552983283996582e-02 -8.142980188131332397e-02 -9.332233667373657227e-02 2.953896671533584595e-02 -3.695515543222427368e-02 -6.720227748155593872e-02 -8.847663551568984985e-02 7.397276908159255981e-02 -2.335317805409431458e-02 -8.694990724325180054e-02 -6.669249385595321655e-02 -7.559245079755783081e-02 -3.712831065058708191e-02 2.901936508715152740e-02 4.511590674519538879e-02 7.606410235166549683e-02 7.802627980709075928e-02 -4.731123149394989014e-02 9.637887775897979736e-02 -5.641931295394897461e-02 6.546694319695234299e-03 -6.724095344543457031e-02 -8.804294280707836151e-03 -2.140471339225769043e-02 -5.520750302821397781e-03 9.707114845514297485e-02 7.255621999502182007e-02 -1.981871202588081360e-02 -4.288580641150474548e-02 8.084574341773986816e-02 1.142026633024215698e-01 -6.532166618853807449e-03 -9.535858780145645142e-02 2.477873489260673523e-02 4.049146547913551331e-02 -3.498869761824607849e-02 -5.633164197206497192e-02 -6.782815791666507721e-03 -1.679959148168563843e-02 5.483400821685791016e-02 -6.341044604778289795e-02 -4.588764905929565430e-02 -8.842461556196212769e-02 1.032582670450210571e-01 -3.084213286638259888e-02 -5.140584334731101990e-02
1.803378388285636902e-02 -4.873262252658605576e-03 1.031356602907180786e-01 3.811055421829223633e-02 -3.076099045574665070e-02 -3.368193283677101135e-02 -2.582619152963161469e-02 2.956165932118892670e-02 2.824867330491542816e-02 -1.921276561915874481e-02 -8.617931604385375977e-02 -1.713977195322513580e-03 -1.152045577764511108e-01 -6.784338038414716721e-03 6.133531033992767334e-02 7.057264447212219238e-02 9.079632908105850220e-02 -7.491294294595718384e-02 -9.580728597939014435e-03 -9.737244993448257446e-02 -6.380379199981689453e-02 6.047447398304939270e-02 -3.326743096113204956e-02 -5.062539596110582352e-03 -1.067193001508712769e-01 -8.430685102939605713e-02 -4.855305701494216919e-02 -1.357218921184539795e-01 5.663305521011352539e-02 -4.378246515989303589e-02 -8.945143967866897583e-02 6.082195043563842773e-02 1.586345732212066650e-01 1.173668168485164642e-02 4.965256154537200928e-02 7.630085200071334839e-02 6.257729232311248779e-02 6.611991673707962036e-02 -1.226208284497261047e-01 -5.734487995505332947e-02 3.513162955641746521e-02 8.058386296033859253e-02 1.898013800382614136e-02 7.806786894798278809e-02 -2.461162954568862915e-02 -1.876579411327838898e-02 -6.805682554841041565e-03 2.077358216047286987e-02 1.024281680583953857e-01 -2.444587275385856628e-02 -7.836294174194335938e-02 4.586985334753990173e-03 6.666690856218338013e-02 -7.845434546470642090e-02 -7.514780014753341675e-02 1.407826691865921021e-01 3.451896086335182190e-02 -8.061770349740982056e-02 -6.351949274539947510e-02 7.773710042238235474e-02 -1.252788603305816650e-01 6.079357862472534180e-02 9.976908564567565918e-02 -6.888943165540695190e-02 1.470789909362792969e-01 7.467613369226455688e-02 -3.916171938180923462e-02 -5.328886955976486206e-02 2.958870306611061096e-02 8.923155069351196289e-02 -6.407602876424789429e-02 -1.417142059653997421e-02 6.647906266152858734e-03 -5.269989743828773499e-02 8.842418342828750610e-02 9.998190402984619141e-02 5.855530127882957458e-02 1.028435081243515015e-01 -3.072614967823028564e-02 -2.929196460172533989e-03 7.147236913442611694e-02 6.804969906806945801e-02 -9.937034547328948975e-02 7.026621699333190918e-02 8.911215700209140778e-03 6.369092315435409546e-02 8.203662931919097900e-02 -3.769873082637786865e-02 3.085043467581272125e-02 -2.071087248623371124e-02 7.543098926544189453e-02 9.080775827169418335e-02 -1.040940061211585999e-01 3.618619963526725769e-02 -3.801043704152107239e-02 -8.616341650485992432e-02 -6.692076474428176880e-02 -7.876378297805786133e-02 4.964650422334671021e-02 -8.112841285765171051e-03
-1.298288851976394653e-01 7.087468355894088745e-02 9.816243499517440796e-02 2.762412652373313904e-02 -9.004658460617065430e-02 -8.600875735282897949e-02 5.902732163667678833e-02 -5.338384583592414856e-02 4.293134808540344238e-02 -6.153875961899757385e-02 7.177557051181793213e-02 7.363007962703704834e-02 4.227818921208381653e-02 -1.488038059324026108e-02 4.528173804283142090e-02 8.489847928285598755e-02 1.283048838376998901e-02 7.797881215810775757e-02 3.787199035286903381e-02 7.437466084957122803e-02 -6.318275351077318192e-03 -5.283758509904146194e-03 1.712637953460216522e-02 6.668316572904586792e-02 3.831058740615844727e-02 6.064109038561582565e-03 -7.128065079450607300e-02 4.533739387989044189e-02 3.817626088857650757e-02 -8.475556969642639160e-03 1.294879913330078125e-01 -1.060107648372650146e-01 7.777014374732971191e-02 -6.774617731571197510e-02 3.755016252398490906e-02 -8.754994720220565796e-03 -3.466943278908729553e-02 3.239542618393898010e-02 4.640897363424301147e-02 -7.755323499441146851e-02 -3.461795859038829803e-03 -6.105697527527809143e-02 -5.468558147549629211e-02 -9.829779714345932007e-02 5.550289899110794067e-02 -1.148923933506011963e-01 2.652144618332386017e-02 9.366441518068313599e-02 -3.873435035347938538e-02 7.558501511812210083e-02 -8.314835280179977417e-02 6.268279254436492920e-02 9.267834015190601349e-03 9.692562371492385864e-02 1.616577245295047760e-02 4.649589583277702332e-02 -3.130977600812911987e-02 -6.495661288499832153e-02 -1.109744459390640259e-01 3.236622735857963562e-02 1.437635160982608795e-02 -8.377753198146820068e-03 7.310905307531356812e-02 8.594610542058944702e-02 -9.558431059122085571e-02 7.876794785261154175e-02 7.130321115255355835e-02 -1.321271061897277832e-01 -8.830726891756057739e-02 -1.809721253812313080e-02 -2.390233613550662994e-02 -1.091878861188888550e-01 -5.875286087393760681e-02 -4.041766747832298279e-02 1.265276037156581879e-02 3.342206822708249092e-03 -9.186308830976486206e-02 7.364109158515930176e-02 -8.975984156131744385e-02 -5.336947739124298096e-02 6.232501193881034851e-02 -8.332388848066329956e-02 -8.200858719646930695e-03 8.702731877565383911e-02 -4.394041746854782104e-02 -1.063759252429008484e-01 1.297197043895721436e-01 1.921340264379978180e-02 -1.108463779091835022e-01 -4.194476455450057983e-02 -5.126061663031578064e-02 -2.054895088076591492e-02 -5.587776377797126770e-02 -1.100674644112586975e-01 2.170131914317607880e-02 -5.393759813159704208e-03 9.585542231798171997e-02 -3.104550391435623169e-02 -6.893907487392425537e-02 -1.412982344627380371e-01
-1.006699129939079285e-01 -3.796644508838653564e-02 -7.971984893083572388e-02 -2.048894204199314117e-02 -3.932966291904449463e-02 -6.924653798341751099e-02 -8.810382336378097534e-02 7.065939158201217651e-02 -5.778703838586807251e-02 4.017048329114913940e-02 -5.810569040477275848e-03 -7.805312424898147583e-02 6.461997330188751221e-02 8.529919385910034180e-02 -1.916807028464972973e-03 -3.257176280021667480e-02 2.490505017340183258e-02 8.814772963523864746e-02 -5.107376351952552795e-02 -3.611573204398155212e-02 2.029546722769737244e-02 -8.959904313087463379e-02 1.138001382350921631e-01 -5.887405946850776672e-02 5.494967848062515259e-02 -9.809661656618118286e-02 3.377579385414719582e-03 -1.405658293515443802e-02 -3.101335652172565460e-02 -1.154967471957206726e-01 -2.208794001489877701e-03 -7.131654769182205200e-02 -1.547518279403448105e-02 -6.983589380979537964e-02 5.284466315060853958e-03 1.285814642906188965e-01 4.155940935015678406e-02 -2.434416208416223526e-03 9.215768426656723022e-03 -1.008389666676521301e-01 2.221774496138095856e-02 -9.798368811607360840e-02 4.512971639633178711e-02 -7.919385097920894623e-03 -1.062443330883979797e-01 6.141376867890357971e-02 -4.340056702494621277e-02 1.693154568783938885e-03 -8.533027768135070801e-02 8.487088978290557861e-02 1.265662014484405518e-01 7.206831127405166626e-02 -9.606818854808807373e-02 7.685609161853790283e-03 -1.600455790758132935e-01 3.730535879731178284e-02 -3.843902423977851868e-02 -7.395553588867187500e-02 -4.333965107798576355e-02 3.277211263775825500e-02 -7.778888102620840073e-04 -6.163498852401971817e-03 7.161489129066467285e-02 -1.254324764013290405e-01 -5.641921982169151306e-02 6.142713828012347221e-04 -9.857476502656936646e-02 -2.264017239212989807e-02 -6.127995997667312622e-02 -1.557642500847578049e-02 4.485457763075828552e-02 -1.166976317763328552e-01 -5.106211453676223755e-02 -9.497807174921035767e-02 5.845691263675689697e-02 1.037701666355133057e-01 -8.924821019172668457e-02 1.227920725941658020e-01 -6.287472695112228394e-02 -3.238514298573136330e-03 -1.826490834355354309e-02 1.153802126646041870e-01 6.382600404322147369e-03 1.822891645133495331e-02 4.125444591045379639e-02 -4.214718565344810486e-02 -5.894574522972106934e-02 1.142941564321517944e-01 4.283306375145912170e-02 -7.594418525695800781e-02 6.944571435451507568e-02 4.796025902032852173e-02 4.828720539808273315e-02 8.738387376070022583e-02 5.038086324930191040e-02 -5.406784638762474060e-02 8.534704893827438354e-02 5.202664807438850403e-02 5.514344573020935059e-02 1.978421956300735474e-02
-6.174645945429801941e-02 -1.160496659576892853e-02 5.590295791625976562e-02 -4.226377606391906738e-02 -2.390871010720729828e-02 -6.480270624160766602e-02 -5.093967914581298828e-02 -4.972948692739009857e-03 -5.023805424571037292e-02 -5.744252726435661316e-02 -1.271972209215164185e-01 -6.280449032783508301e-02 1.582415029406547546e-02 4.497935995459556580e-02 2.290634810924530029e-02 8.207134087570011616e-04 4.100752621889114380e-02 -1.058756485581398010e-01 3.918048739433288574e-02 7.392161339521408081e-02 2.048472873866558075e-02 4.969231039285659790e-02 1.616398841142654419e-01 -1.428086310625076294e-01 -6.007025018334388733e-02 4.195785149931907654e-02 -6.955199688673019409e-02 -1.247757524251937866e-01 1.059856340289115906e-01 -8.796850591897964478e-02 -1.449339538812637329e-01 6.243519112467765808e-02 1.052194088697433472e-01 -4.376097023487091064e-02 -5.748923122882843018e-02 -2.322503738105297089e-02 3.346306830644607544e-02 -9.062591940164566040e-02 -9.819978848099708557e-03 7.080893963575363159e-02 -2.972788549959659576e-02 -1.204660236835479736e-01 9.789458662271499634e-02 -2.244297601282596588e-02 -1.598127186298370361e-02 -1.567243784666061401e-01 -1.768935844302177429e-02 -4.351144284009933472e-02 -7.393376436084508896e-03 1.089777126908302307e-01 -7.783838361501693726e-02 -5.088097602128982544e-02 -1.525464057922363281e-01 -5.379010736942291260e-02 1.790958642959594727e-01 2.977846190333366394e-02 1.500974874943494797e-02 3.219518065452575684e-02 1.012653112411499023e-01 -3.680065646767616272e-02 -9.534972161054611206e-02 -9.320921450853347778e-02 -3.808548673987388611e-02 -2.500028908252716064e-02 1.923926025629043579e-01 -4.896357655525207520e-02 2.855567820370197296e-02 1.391860246658325195e-01 -4.255152493715286255e-02 -7.026235759258270264e-02 6.761958450078964233e-02 -2.953528799116611481e-02 1.250038892030715942e-01 -7.406150549650192261e-02 5.604416504502296448e-02 -5.314113944768905640e-02 1.952250860631465912e-02 1.151805743575096130e-01 -3.920859191566705704e-03 3.158652782440185547e-02 -1.981071382761001587e-02 -1.046307533979415894e-01 2.639311552047729492e-02 2.730984799563884735e-02 4.462131112813949585e-02 -6.256126612424850464e-02 -2.287772484123706818e-02 3.665892779827117920e-02 -8.196754753589630127e-02 -4.193089902400970459e-02 1.302113980054855347e-01 -1.493149902671575546e-02 -1.002221032977104187e-01 -3.986076638102531433e-02 6.931853294372558594e-02 9.512917697429656982e-02 5.638938397169113159e-02 1.629175804555416107e-02 4.492845386266708374e-02 6.284692883491516113e-02
6.881244480609893799e-02 9.497623890638351440e-02 -5.118796601891517639e-02 3.385572507977485657e-02 5.699858814477920532e-02 -1.534189097583293915e-02 -1.592977717518806458e-02 -9.714947640895843506e-02 3.790497407317161560e-02 2.916540578007698059e-02 -4.687798023223876953e-02 -3.600345551967620850e-02 3.661747649312019348e-02 3.741710260510444641e-02 5.917692556977272034e-02 -7.220958173274993896e-02 -4.343810304999351501e-02 1.298203878104686737e-02 -5.764034390449523926e-02 -6.695009768009185791e-02 1.109363064169883728e-01 1.038376614451408386e-02 3.854942624457180500e-04 -4.641028121113777161e-02 -1.048501431941986084e-01 -4.265874251723289490e-02 1.398596726357936859e-02 -7.302867621183395386e-02 -1.024040579795837402e-01 -7.437418401241302490e-02 6.074123084545135498e-02 1.222261134535074234e-02 1.473744492977857590e-02 -1.492670737206935883e-02 -8.647347800433635712e-03 -8.631658740341663361e-03 9.381352365016937256e-02 -7.116723805665969849e-03 7.166762650012969971e-02 6.170292571187019348e-02 -1.023207977414131165e-01 -7.808486372232437134e-02 6.331882625818252563e-02 -7.967258244752883911e-02 4.967080056667327881e-02 4.397958889603614807e-02 -2.963297627866268158e-02 5.039404332637786865e-02 -2.581973187625408173e-02 2.810521051287651062e-02 -3.113726526498794556e-02 -6.041708588600158691e-02 -2.536632679402828217e-02 9.805149398744106293e-03 -8.813969045877456665e-02 2.328862249851226807e-02 1.143599860370159149e-02 7.996992021799087524e-02 -9.777703136205673218e-02 -1.338943000882863998e-02 -2.860348112881183624e-02 -6.555991619825363159e-02 7.974480837583541870e-02 -1.896738447248935699e-02 -3.817895799875259399e-02 5.899678170680999756e-02 9.253240376710891724e-02 2.005270682275295258e-02 7.823837548494338989e-02 -4.143802449107170105e-02 7.184639573097229004e-02 -1.968145370483398438e-02 3.051915206015110016e-02 6.847848743200302124e-02 -9.624698758125305176e-02 -5.308597907423973083e-02 -5.223290249705314636e-02 -7.805311679840087891e-02 4.759333562105894089e-03 -1.107962876558303833e-01 6.432490795850753784e-02 -1.148302629590034485e-01 6.274721771478652954e-02 2.230772003531455994e-02 5.399702116847038269e-02 -6.641963869333267212e-02 -8.412505686283111572e-02 2.485211007297039032e-02 -1.281689200550317764e-02 6.339976564049720764e-03 1.999375410377979279e-02 -8.229528367519378662e-02 6.034102663397789001e-02 4.783164709806442261e-02 3.469324484467506409e-02 -1.083951666951179504e-01 -5.108712986111640930e-02 5.915280431509017944e-02 -6.125798076391220093e-02 3.038272960111498833e-03
-5.583160743117332458e-02 -4.550727456808090210e-02 1.180531829595565796e-01 -5.698844045400619507e-02 -1.125102210789918900e-02 -1.339732087217271328e-03 -4.385793209075927734e-02 3.081663511693477631e-02 1.043188869953155518e-01 5.030374974012374878e-02 5.414190515875816345e-02 6.781645864248275757e-02 -5.008216947317123413e-02 -4.723414406180381775e-02 7.748129218816757202e-02 -9.913534671068191528e-02 8.351515978574752808e-02 -8.191675692796707153e-02 6.142871081829071045e-02 7.822300493717193604e-02 -5.614239349961280823e-02 -2.685994841158390045e-02 -3.406112641096115112e-02 -3.658864274621009827e-02 -3.685105219483375549e-02 -5.150318145751953125e-03 1.771790906786918640e-02 -9.059965377673506737e-04 -7.649212330579757690e-02 1.392319146543741226e-02 -4.609987884759902954e-02 -5.622329935431480408e-02 7.206750661134719849e-02 1.008921042084693909e-01 4.617904871702194214e-02 6.237828056327998638e-04 -4.308380186557769775e-02 3.983546793460845947e-02 -3.852091031149029732e-03 -4.584482684731483459e-02 -8.673490583896636963e-02 -3.245786204934120178e-02 -2.950611524283885956e-02 -8.735402673482894897e-02 2.214252017438411713e-02 1.910914480686187744e-02 1.706734672188758850e-02 -4.674399271607398987e-02 -3.687077388167381287e-02 -9.609737247228622437e-02 8.684971183538436890e-02 1.335442531853914261e-02 1.072843670845031738e-01 2.458567544817924500e-02 -4.569316748529672623e-03 2.100170589983463287e-03 -1.014447421766817570e-03 4.219407588243484497e-02 -7.728514075279235840e-02 -3.055569948628544807e-03 7.328747212886810303e-02 -6.097042560577392578e-02 -4.881438612937927246e-02 4.831872507929801941e-02 -3.184740245342254639e-02 -3.404857590794563293e-02 -6.905018538236618042e-02 -7.599382847547531128e-02 -7.558748126029968262e-02 -6.430818140506744385e-02 5.278754606842994690e-02 -6.876979768276214600e-02 -3.742102161049842834e-02 9.968228638172149658e-03 3.324718400835990906e-02 -3.479747567325830460e-03 1.494459901005029678e-02 3.387828543782234192e-02 1.298153679817914963e-02 7.600241154432296753e-02 1.055602729320526123e-01 3.376539563760161400e-03 3.339490294456481934e-02 3.975500166416168213e-02 4.938310012221336365e-02 -3.474181145429611206e-02 4.344847425818443298e-02 3.936781361699104309e-02 -6.940603256225585938e-02 6.136314012110233307e-03 7.422186434268951416e-02 1.566448062658309937e-02 -6.184782832860946655e-02 -1.268905028700828552e-02 -1.525484584271907806e-02 -4.908971861004829407e-02 3.858902677893638611e-02 2.921171300113201141e-02 -5.974187050014734268e-03 -5.161689594388008118e-02
-3.090089559555053711e-02 4.586809501051902771e-02 1.761552989482879639e-01 1.636693626642227173e-02 -2.697384450584650040e-03 9.639809280633926392e-02 1.490352302789688110e-02 8.361778408288955688e-02 -3.240116313099861145e-02 7.914280146360397339e-02 3.405977040529251099e-03 9.236567467451095581e-02 4.965987801551818848e-02 2.081327326595783234e-02 -1.501858234405517578e-01 6.744934618473052979e-02 1.329687088727951050e-01 -8.373823761940002441e-02 -2.492235042154788971e-02 4.930959269404411316e-02 1.016192212700843811e-01 8.211454004049301147e-02 5.058681592345237732e-02 -3.287799283862113953e-02 -4.319858923554420471e-02 -3.660284355282783508e-02 1.539856046438217163e-01 -1.067111417651176453e-01 -6.018348410725593567e-02 -1.980140060186386108e-01 -1.562954299151897430e-02 -2.760730683803558350e-02 1.734073460102081299e-02 7.809329777956008911e-02 -1.386699676513671875e-01 8.394551277160644531e-02 9.102268517017364502e-02 -2.471172809600830078e-02 -1.662206836044788361e-02 7.260268181562423706e-02 -7.891432940959930420e-02 -6.922741234302520752e-02 2.916869521141052246e-02 8.448141068220138550e-02 -7.928360998630523682e-02 -6.258043646812438965e-02 -8.335929363965988159e-03 -9.366343915462493896e-02 2.290304284542798996e-03 -4.242514446377754211e-02 -1.186509728431701660e-01 1.171964108943939209e-01 -9.959413670003414154e-03 2.450913656502962112e-03 3.937515243887901306e-02 -2.606846950948238373e-02 -2.630648016929626465e-02 -7.832314074039459229e-02 5.440824478864669800e-02 -9.035427868366241455e-02 4.152112640440464020e-03 -1.108737736940383911e-01 -1.134941261261701584e-02 -5.989961698651313782e-02 1.303608268499374390e-01 -2.512305509299039841e-03 2.108320780098438263e-02 1.407985538244247437e-01 -2.849795855581760406e-02 2.328585274517536163e-02 -3.049517236649990082e-02 8.979324251413345337e-02 1.312526292167603970e-03 -7.592232525348663330e-02 -7.488125562667846680e-02 1.544880121946334839e-01 -5.256617441773414612e-03 3.049422800540924072e-02 7.823983579874038696e-02 8.743141777813434601e-03 5.518390983343124390e-02 -4.896034672856330872e-02 7.103086262941360474e-02 -3.402318432927131653e-02 8.139511942863464355e-02 -7.946781069040298462e-02 1.379577070474624634e-01 -1.809186115860939026e-02 1.012769266963005066e-01 -1.956456340849399567e-02 4.282679781317710876e-02 3.204172244295477867e-04 3.275371715426445007e-02 7.095678895711898804e-02 6.228283047676086426e-02 1.079076677560806274e-01 -1.031405851244926453e-01 -1.310105528682470322e-02 6.972120702266693115e-02 4.698389396071434021e-02
