1.063725054264068604e-01 4.836039245128631592e-02 -1.659175753593444824e-02 -1.081013754010200500e-01 3.674143925309181213e-02 -9.828228503465652466e-02 -1.075567211955785751e-02 -2.183073386549949646e-02 -4.952098429203033447e-02 4.527920484542846680e-02 9.206508845090866089e-02 -1.014924421906471252e-02 -3.981201723217964172e-02 -5.753577128052711487e-02 4.697846248745918274e-02 -2.629946544766426086e-02 -7.511353492736816406e-02 4.392846021801233292e-03 -3.271681815385818481e-02 -1.355575677007436752e-02 4.679493606090545654e-02 3.623206913471221924e-02 7.357349991798400879e-02 -5.927288159728050232e-02 3.089921362698078156e-02 8.771421760320663452e-02 -3.108672797679901123e-02 -1.085984259843826294e-01 8.778884261846542358e-02 -8.025208860635757446e-02 -1.275010406970977783e-01 6.081716343760490417e-02 9.514328092336654663e-02 -3.778894990682601929e-02 2.888386696577072144e-02 -5.972146615386009216e-02 -3.209288045763969421e-02 9.028649330139160156e-02 6.888948380947113037e-02 6.554600596427917480e-02 1.830643974244594574e-02 5.523962527513504028e-02 -6.578885763883590698e-02 -5.305674672126770020e-02 8.286914974451065063e-02 2.732750028371810913e-02 3.777117654681205750e-02 4.093595966696739197e-02 -1.929332315921783447e-02 -9.819185733795166016e-02 4.096531495451927185e-02 9.375763684511184692e-02 -6.588437408208847046e-02 6.389285624027252197e-02 1.279026716947555542e-01 4.219986870884895325e-02 -9.193013608455657959e-02 -1.094597950577735901e-01 5.591207370162010193e-02 1.298827081918716431e-01 -1.155131310224533081e-02 8.457408286631107330e-03 -4.864349216222763062e-02 1.047602668404579163e-01 9.423315525054931641e-02 8.678094297647476196e-02 6.490021198987960815e-02 4.155894741415977478e-02 9.289633482694625854e-02 -4.336000606417655945e-02 -1.114482805132865906e-01 -3.394362283870577812e-03 9.063691645860671997e-02 5.605337675660848618e-03 8.752484619617462158e-02 -3.647371754050254822e-02 3.063637949526309967e-02 3.478656709194183350e-02 -6.294397264719009399e-02 4.843467473983764648e-02 -5.655745044350624084e-02 -9.893189370632171631e-02 -2.918296959251165390e-03 -7.175842672586441040e-02 -6.543594598770141602e-02 2.545452304184436798e-02 1.662277034483850002e-03 7.232325617223978043e-03 6.436710804700851440e-02 -3.055123426020145416e-02 5.114407837390899658e-02 8.017400652170181274e-02 -1.000140444375574589e-03 -7.403057813644409180e-02 -6.545054167509078979e-02 6.585559248924255371e-02 2.343549393117427826e-02 -4.689380154013633728e-02 8.231284469366073608e-02 1.036413758993148804e-01
9.640654921531677246e-02 8.419700711965560913e-02 -5.215472728013992310e-02 1.991752721369266510e-02 -3.696990385651588440e-02 3.215219452977180481e-02 -7.145808637142181396e-02 7.976718991994857788e-02 2.892467600759118795e-04 -8.059948682785034180e-02 9.349659830331802368e-02 6.396952271461486816e-02 -4.034665971994400024e-02 -1.216925401240587234e-02 1.248372811824083328e-02 -2.401284873485565186e-02 -3.361667320132255554e-02 1.024221703410148621e-01 3.719629347324371338e-02 -6.175832450389862061e-02 -1.040053647011518478e-02 -3.841090202331542969e-02 -4.405774548649787903e-02 1.720130257308483124e-02 4.921071231365203857e-03 -5.235029384493827820e-03 4.773304238915443420e-02 -4.413961246609687805e-02 6.126178056001663208e-02 -4.859264940023422241e-02 -3.995833173394203186e-02 -9.869319200515747070e-02 7.462409883737564087e-02 -3.168578445911407471e-02 4.577894881367683411e-02 8.115808479487895966e-03 -9.793474338948726654e-03 5.778560787439346313e-02 5.327521637082099915e-02 4.798374697566032410e-02 -3.339489921927452087e-02 9.107024967670440674e-02 -9.409564733505249023e-02 3.192371921613812447e-03 6.582560390233993530e-02 -7.726771384477615356e-02 5.449664965271949768e-02 6.372819188982248306e-03 -4.241273738443851471e-03 6.348334997892379761e-02 2.334789186716079712e-02 -1.018177159130573273e-02 8.346055448055267334e-02 -8.292347192764282227e-02 5.258418619632720947e-02 -5.313384160399436951e-02 6.211024895310401917e-02 2.906340360641479492e-02 2.277112798765301704e-03 -6.188551429659128189e-03 5.748053640127182007e-02 4.625700414180755615e-02 5.926120653748512268e-02 1.433284394443035126e-02 -4.777297377586364746e-02 -8.838585764169692993e-02 -2.901453152298927307e-02 9.037486463785171509e-02 5.136350542306900024e-02 5.183063820004463196e-02 -1.151423901319503784e-02 -7.249546796083450317e-02 -7.459630817174911499e-02 -7.751144468784332275e-02 -1.144417747855186462e-02 -1.090633589774370193e-02 -1.555600576102733612e-02 4.046513140201568604e-02 1.775542460381984711e-02 8.809190243482589722e-02 1.747805625200271606e-02 -9.810322523117065430e-02 -4.647934809327125549e-02 -7.618445158004760742e-02 -1.174690853804349899e-02 -1.361706107854843140e-01 -4.506645724177360535e-02 -4.980963841080665588e-02 6.813958287239074707e-02 -1.100189518183469772e-02 -3.349992260336875916e-02 7.482887804508209229e-02 2.345458418130874634e-02 -8.431313186883926392e-02 -7.148429285734891891e-04 -9.860262274742126465e-02 9.972089529037475586e-02 5.047801882028579712e-02 3.277484700083732605e-02 9.289219230413436890e-02
-4.226329177618026733e-02 2.649974077939987183e-02 7.791075855493545532e-02 -1.988166198134422302e-02 -1.306915935128927231e-02 -9.198073297739028931e-02 -7.688588649034500122e-02 -1.177713181823492050e-02 -2.390068955719470978e-02 7.220066338777542114e-02 -7.929726503789424896e-03 -9.457487612962722778e-02 6.378563493490219116e-02 -1.203492507338523865e-01 -3.179089352488517761e-02 -8.482621610164642334e-02 3.764532506465911865e-02 -8.875835686922073364e-02 -8.406946063041687012e-02 7.859977893531322479e-03 -6.865596026182174683e-02 -1.215008869767189026e-01 9.649163484573364258e-02 1.907319948077201843e-02 2.608183398842811584e-02 -5.530954338610172272e-03 -1.012874543666839600e-01 -1.047316379845142365e-02 1.124299764633178711e-01 -8.041518181562423706e-02 -8.475484326481819153e-03 3.046049550175666809e-02 4.969361796975135803e-02 -3.715468570590019226e-02 5.921348184347152710e-02 -2.582766488194465637e-02 -3.681690990924835205e-02 -1.726867258548736572e-02 -4.400510713458061218e-02 5.079506337642669678e-02 2.713679103180766106e-03 -4.229641519486904144e-03 1.008611992001533508e-01 8.563735522329807281e-03 5.547691509127616882e-02 -6.335273385047912598e-02 -8.986821770668029785e-02 5.431391671299934387e-02 -2.936596795916557312e-02 4.818411543965339661e-02 -3.215408325195312500e-02 -6.169559806585311890e-02 2.622197754681110382e-02 1.024969965219497681e-01 -8.796736598014831543e-02 3.277991339564323425e-02 -1.087851151823997498e-01 -6.892761588096618652e-02 -6.800290197134017944e-02 -6.581701338291168213e-02 7.238239794969558716e-02 -9.974379837512969971e-02 -7.184864580631256104e-02 4.680582880973815918e-02 6.033712532371282578e-03 2.096396498382091522e-02 -4.324391111731529236e-02 -1.001361981034278870e-01 -3.332397714257240295e-02 9.557548910379409790e-02 -4.157296568155288696e-02 -9.130241721868515015e-02 5.775875970721244812e-02 3.133429586887359619e-02 -3.053581900894641876e-02 -5.311483517289161682e-02 -4.162114486098289490e-02 -9.043737500905990601e-02 1.418502070009708405e-02 -4.607312753796577454e-02 4.959973506629467010e-03 4.787296801805496216e-02 4.130457341670989990e-02 2.488525025546550751e-02 -8.336336910724639893e-02 4.521968774497509003e-03 7.574258744716644287e-02 3.066303906962275505e-03 -8.483628928661346436e-02 -6.255116313695907593e-02 1.822097040712833405e-02 -1.814853516407310963e-03 8.095935732126235962e-02 1.006304621696472168e-01 -4.541753232479095459e-02 1.032677069306373596e-01 -7.008559256792068481e-02 7.651036232709884644e-02 5.105346813797950745e-02 -5.996730178594589233e-03
2.630502916872501373e-02 -3.116141632199287415e-02 -6.528773158788681030e-02 1.918468996882438660e-02 -6.025023013353347778e-02 -4.535797238349914551e-02 -8.053598552942276001e-02 3.541779471561312675e-03 9.513577818870544434e-02 9.426759183406829834e-02 -8.976259082555770874e-02 7.664602249860763550e-02 -6.813545525074005127e-02 -3.439468145370483398e-02 -8.724294602870941162e-02 -1.078045591711997986e-01 9.376993775367736816e-02 7.006993889808654785e-02 8.487871289253234863e-02 -6.987364590167999268e-02 -2.000174857676029205e-02 -8.597604185342788696e-02 -8.022215962409973145e-02 1.925860531628131866e-02 1.468409970402717590e-02 -1.570530235767364502e-02 -1.070727407932281494e-01 2.760180458426475525e-02 2.752944268286228180e-02 1.089693680405616760e-01 -9.196280688047409058e-02 -6.735102832317352295e-02 -3.552501276135444641e-02 2.044511958956718445e-02 -6.738881021738052368e-02 2.018627710640430450e-02 4.706010222434997559e-02 2.633145451545715332e-02 -6.065306067466735840e-02 7.293688505887985229e-02 1.030081585049629211e-01 9.718262404203414917e-02 3.862575441598892212e-02 2.729576267302036285e-02 2.601697854697704315e-02 -1.036360263824462891e-01 -1.100326701998710632e-02 -1.470975726842880249e-01 -6.406577304005622864e-03 3.853105753660202026e-02 5.770319700241088867e-02 -1.155709028244018555e-01 1.369848847389221191e-01 -7.775813341140747070e-02 -6.963191553950309753e-03 7.767201215028762817e-02 9.633741527795791626e-02 -3.851895406842231750e-02 -1.019796058535575867e-01 7.565405964851379395e-02 -8.162279427051544189e-02 7.356312125921249390e-03 6.364905089139938354e-02 -2.777766995131969452e-02 -1.350487321615219116e-01 -5.278458073735237122e-02 -7.052521407604217529e-02 7.906859368085861206e-02 1.112622907385230064e-03 -7.470198720693588257e-02 -6.048991158604621887e-02 5.869243666529655457e-02 -3.796766325831413269e-02 4.390653967857360840e-02 -5.100572109222412109e-02 -1.001162528991699219e-01 -6.975768506526947021e-02 5.449538677930831909e-02 1.199999526143074036e-01 -3.359182178974151611e-02 6.794354319572448730e-02 2.652152813971042633e-02 -4.066791757941246033e-02 -8.316750079393386841e-02 7.739785313606262207e-02 -4.736347869038581848e-02 3.074643388390541077e-02 -8.313094079494476318e-02 4.487932845950126648e-02 -1.221137959510087967e-02 -1.409285068511962891e-01 6.264100968837738037e-02 8.807314932346343994e-02 -6.031503528356552124e-02 6.659423559904098511e-02 7.128893584012985229e-02 -1.000506952404975891e-01 -8.432646840810775757e-02 -2.881512604653835297e-02 -1.070286631584167480e-01
-4.993502981960773468e-03 1.568369939923286438e-02 7.106225937604904175e-02 9.871836751699447632e-02 -3.953469544649124146e-02 -7.291655242443084717e-02 -1.257140655070543289e-02 5.714517831802368164e-02 -2.452411875128746033e-02 -7.172141969203948975e-02 8.933033794164657593e-02 1.414924394339323044e-02 6.930441595613956451e-03 5.738353356719017029e-02 6.167314201593399048e-02 -5.077189207077026367e-02 2.286775223910808563e-02 5.787106975913047791e-02 2.682084776461124420e-02 -2.033199928700923920e-02 1.389856934547424316e-01 -9.849998354911804199e-02 -6.018754094839096069e-02 -1.004177704453468323e-01 -2.383105456829071045e-02 5.996701866388320923e-02 -8.986308425664901733e-02 2.012091316282749176e-02 -2.823017537593841553e-02 -1.417337656021118164e-01 -7.870417088270187378e-03 2.521551959216594696e-02 1.567823626101016998e-02 -1.249311119318008423e-01 7.813625037670135498e-02 -1.152549460530281067e-01 3.896670043468475342e-02 -3.555122017860412598e-02 6.251347810029983521e-02 -3.459731489419937134e-02 -6.597888423129916191e-04 -8.695899695158004761e-02 -5.351952835917472839e-02 -2.760956063866615295e-02 -6.561065465211868286e-02 6.069602072238922119e-02 9.315117448568344116e-02 3.434217348694801331e-02 -5.778425559401512146e-02 1.189773902297019958e-01 -9.587787836790084839e-02 2.206762321293354034e-02 -1.943759769201278687e-01 -3.611687198281288147e-02 -1.883198507130146027e-02 -1.025506332516670227e-01 -4.405568167567253113e-02 8.949699811637401581e-03 -1.771987043321132660e-02 1.211485192179679871e-01 3.548160195350646973e-02 -4.574522376060485840e-02 4.721944034099578857e-02 6.334794312715530396e-02 4.402944073081016541e-02 -2.860068343579769135e-02 -7.055430114269256592e-02 -1.307049393653869629e-01 -5.227698013186454773e-02 -8.488690853118896484e-02 -2.107541263103485107e-02 2.551806159317493439e-02 -1.864753104746341705e-02 4.821745678782463074e-02 1.051652878522872925e-01 -6.620948016643524170e-02 8.008433878421783447e-02 -3.185040503740310669e-02 -6.075710058212280273e-02 -1.667243987321853638e-02 4.443051666021347046e-02 1.935848221182823181e-02 5.600500851869583130e-02 -1.958210021257400513e-02 7.077810913324356079e-02 -1.669623330235481262e-02 6.709913164377212524e-02 1.829129271209239960e-02 3.884007688611745834e-03 5.277077853679656982e-02 8.727761358022689819e-02 -5.128148570656776428e-02 -6.819782406091690063e-02 8.473159372806549072e-02 2.597594261169433594e-02 -7.611855119466781616e-02 4.673779010772705078e-02 -8.904181420803070068e-03 -1.027614697813987732e-01 4.338458552956581116e-02
-3.093733824789524078e-02 6.071775779128074646e-02 1.110056191682815552e-01 4.817265272140502930e-02 1.708677969872951508e-02 -2.349762991070747375e-02 -2.290253527462482452e-02 7.492180913686752319e-02 3.213037922978401184e-02 -5.755760893225669861e-02 1.078985929489135742e-01 -2.055615559220314026e-02 1.540907323360443115e-01 -1.807944290339946747e-02 -8.971764892339706421e-02 5.285964161157608032e-02 8.757056295871734619e-02 -2.817827335093170404e-04 9.674597531557083130e-02 1.568748801946640015e-02 -6.806973367929458618e-03 5.030355229973793030e-02 -8.583724498748779297e-02 -1.916749589145183563e-02 6.478318572044372559e-02 -1.188853383064270020e-01 2.489364519715309143e-02 2.892313525080680847e-02 9.309448651038110256e-04 -1.336936801671981812e-01 -3.009191248565912247e-03 -3.752437233924865723e-02 -6.611362844705581665e-02 2.380248857662081718e-03 -6.840517371892929077e-02 1.874099224805831909e-01 -4.172052443027496338e-02 -5.567623302340507507e-03 -2.690709382295608521e-02 -1.758964173495769501e-02 1.478285808116197586e-02 -8.448715507984161377e-02 -2.016338333487510681e-02 -4.833989962935447693e-02 -6.904455274343490601e-02 -4.627390205860137939e-02 -1.769985854625701904e-01 -1.054254546761512756e-01 -8.128159493207931519e-02 1.784373819828033447e-02 -4.063814505934715271e-02 4.271712899208068848e-02 3.947355225682258606e-02 -1.604850031435489655e-02 -3.357243165373802185e-02 9.020062536001205444e-02 3.596996888518333435e-02 3.274256363511085510e-02 6.800030171871185303e-02 -1.208583936095237732e-01 -6.354895234107971191e-02 -1.096802484244108200e-02 -1.113789062947034836e-02 -2.281066216528415680e-02 1.635616086423397064e-02 8.253794908523559570e-02 -8.712578564882278442e-02 -9.578705579042434692e-02 -6.908410042524337769e-02 -7.488341629505157471e-02 -3.299645613878965378e-03 4.800334200263023376e-02 -3.807637467980384827e-02 9.435198456048965454e-02 9.708329290151596069e-02 1.679309010505676270e-01 3.693437948822975159e-02 1.695046201348304749e-02 7.383239269256591797e-02 2.468339540064334869e-02 6.107812002301216125e-02 1.574010401964187622e-02 -3.808061406016349792e-02 -1.019543707370758057e-01 6.929474882781505585e-03 6.437803804874420166e-02 -8.736474066972732544e-02 -6.354708969593048096e-02 -9.531791321933269501e-03 -7.069644331932067871e-02 -2.817561291158199310e-02 -9.773788601160049438e-02 -1.594114489853382111e-02 -8.042366802692413330e-02 -2.204273082315921783e-02 8.385131508111953735e-02 -7.332031615078449249e-03 -2.403057925403118134e-02 3.304825350642204285e-02 -2.492653019726276398e-02
-5.926827713847160339e-02 1.006487905979156494e-01 2.333140186965465546e-02 4.696462303400039673e-02 1.341603137552738190e-02 -3.749011084437370300e-02 -1.511422079056501389e-02 -3.525115922093391418e-02 -2.955183759331703186e-02 -8.271150290966033936e-02 4.798556864261627197e-02 2.267846837639808655e-02 5.595906823873519897e-02 -4.605531692504882812e-02 5.051615461707115173e-02 -9.037205576896667480e-02 -6.555014848709106445e-02 5.833292379975318909e-02 -3.158999606966972351e-02 6.836177408695220947e-02 5.908878520131111145e-02 -4.369608685374259949e-02 -6.854610145092010498e-02 -1.598550193011760712e-02 -2.775669656693935394e-02 -7.085397839546203613e-02 -7.456920295953750610e-02 -4.684603214263916016e-02 -6.285177171230316162e-02 6.986840069293975830e-02 4.862134531140327454e-02 -9.872164577245712280e-02 6.526888161897659302e-02 5.887131765484809875e-02 6.483383476734161377e-02 5.985236167907714844e-02 -5.973063036799430847e-02 -7.143397629261016846e-02 8.132290095090866089e-02 -4.762805253267288208e-02 -8.192448318004608154e-02 -1.277571078389883041e-02 5.608438700437545776e-02 -1.066483333706855774e-01 -3.584188222885131836e-02 3.885169327259063721e-02 -3.100756183266639709e-02 9.063109755516052246e-02 4.537922795861959457e-03 -4.360053315758705139e-02 -5.473523959517478943e-02 -4.472387488931417465e-03 8.332458138465881348e-02 7.520933449268341064e-02 4.268350079655647278e-02 -7.106405496597290039e-02 7.607395201921463013e-02 2.863096259534358978e-02 7.689793128520250320e-03 -2.569388598203659058e-02 5.967190489172935486e-02 1.986638270318508148e-02 2.374543063342571259e-02 -8.938305824995040894e-02 -8.579271286725997925e-02 -9.494922310113906860e-02 2.398186549544334412e-02 5.543612316250801086e-02 -1.789131015539169312e-02 -7.227991521358489990e-02 -5.226906761527061462e-02 8.944016695022583008e-02 5.271738022565841675e-02 5.441205203533172607e-02 -1.020493283867835999e-01 -4.219945892691612244e-02 -2.885170653462409973e-02 -6.492908298969268799e-02 3.591351211071014404e-02 -1.084812730550765991e-01 -1.020468175411224365e-01 6.161891669034957886e-02 -6.141908094286918640e-02 -4.314551874995231628e-02 -6.665115803480148315e-02 4.821895435452461243e-02 7.474401593208312988e-02 -1.372415851801633835e-02 -5.592823401093482971e-02 -1.434749066829681396e-01 -8.217067271471023560e-02 9.199088811874389648e-02 6.230719015002250671e-02 -9.489673376083374023e-02 5.901292711496353149e-02 -8.845660835504531860e-02 6.203867867588996887e-02 3.948386758565902710e-02 -2.990742400288581848e-02 -1.481392234563827515e-02
4.352888464927673340e-02 1.026783883571624756e-02 7.178706675767898560e-02 -6.108727306127548218e-03 8.693287521600723267e-02 -6.168577075004577637e-02 -2.957294136285781860e-02 1.469918489456176758e-01 -1.650671809911727905e-01 -8.274500817060470581e-02 -1.091607846319675446e-02 -7.623346522450447083e-03 -1.521358042955398560e-01 -4.074962064623832703e-02 1.626109145581722260e-02 -1.119367126375436783e-02 5.714308843016624451e-02 -9.882771223783493042e-02 2.160171605646610260e-02 -7.111683487892150879e-02 -1.484423130750656128e-01 -7.728338241577148438e-03 2.033849246799945831e-03 -1.666807197034358978e-02 -6.955863535404205322e-02 3.612474352121353149e-02 9.160227328538894653e-02 7.144733518362045288e-02 7.666353136301040649e-02 6.251330487430095673e-03 -1.562577039003372192e-01 -7.541505247354507446e-02 2.818741463124752045e-02 9.699440561234951019e-03 1.458398345857858658e-02 -5.229685455560684204e-03 3.139872848987579346e-02 7.046464085578918457e-02 -7.175296545028686523e-02 -2.044801041483879089e-02 -4.169092699885368347e-02 -2.688621170818805695e-02 2.376854605972766876e-02 1.962424442172050476e-02 -6.411813944578170776e-02 -2.716302499175071716e-02 9.203633666038513184e-02 -3.394186496734619141e-02 3.984092175960540771e-02 1.017381027340888977e-01 -5.233165808022022247e-03 5.543388426303863525e-02 6.918082386255264282e-02 2.634759061038494110e-02 6.929401308298110962e-02 8.701275289058685303e-02 -1.948088780045509338e-02 -1.118256822228431702e-01 -3.611085005104541779e-03 1.178093031048774719e-01 7.420781999826431274e-02 -3.149353340268135071e-02 7.390690501779317856e-03 -3.970231115818023682e-02 -7.502807676792144775e-02 4.541508480906486511e-02 -1.137134656310081482e-01 8.522961288690567017e-03 -4.481581971049308777e-02 8.631318807601928711e-03 2.659856982063502073e-04 -8.958870172500610352e-02 6.957508623600006104e-02 -8.983433246612548828e-02 -6.009871885180473328e-02 1.075778454542160034e-01 -1.180693134665489197e-02 -6.709226965904235840e-02 -1.855887658894062042e-02 9.657931327819824219e-02 -5.777720361948013306e-02 5.549976229667663574e-02 3.040928542613983154e-01 -5.384702980518341064e-02 -2.079436369240283966e-02 -2.797177620232105255e-02 -1.386977359652519226e-02 5.443049222230911255e-02 9.556497633457183838e-02 -1.617412082850933075e-02 -6.587263196706771851e-02 -2.816116064786911011e-02 -8.200454711914062500e-02 4.713327810168266296e-02 7.835241407155990601e-02 -7.028643041849136353e-02 1.390297897160053253e-02 2.673581615090370178e-02 -9.207557886838912964e-02 6.822754442691802979e-02
2.938556019216775894e-03 5.232337862253189087e-02 -1.188350170850753784e-01 4.748542606830596924e-02 5.933371558785438538e-02 8.168014883995056152e-02 1.211256720125675201e-02 4.069542512297630310e-02 4.785575903952121735e-03 8.252966403961181641e-02 -6.040706112980842590e-02 4.120884090662002563e-02 -1.863609999418258667e-02 -4.231593385338783264e-02 -3.964953869581222534e-02 6.838885694742202759e-02 5.639063566923141479e-02 -9.592145681381225586e-02 -3.362476080656051636e-02 -1.263861358165740967e-01 -5.786077678203582764e-02 -1.308652851730585098e-02 -5.216808989644050598e-02 -8.262915164232254028e-02 -3.105654381215572357e-02 -6.709198653697967529e-02 -6.128761172294616699e-02 1.248518005013465881e-02 -3.700776770710945129e-02 -7.390781491994857788e-02 1.094704046845436096e-01 -6.965924054384231567e-02 -1.010504318401217461e-03 -1.405628491193056107e-02 7.130817323923110962e-02 -5.934201553463935852e-02 -4.238552972674369812e-02 -3.523349389433860779e-02 1.104696001857519150e-02 -5.843570083379745483e-02 2.904776670038700104e-02 -5.026739090681076050e-02 -3.132440848276019096e-03 6.615395098924636841e-02 -6.046323850750923157e-02 -1.053386330604553223e-01 4.149647057056427002e-02 -5.095118284225463867e-02 -1.515752635896205902e-02 -3.899765014648437500e-02 4.893263429403305054e-02 -2.504484541714191437e-02 1.599167473614215851e-02 -7.563984394073486328e-02 -7.498693466186523438e-02 6.391113996505737305e-02 -2.238922193646430969e-02 -8.207227289676666260e-02 6.709048151969909668e-02 -4.095721617341041565e-02 5.831171944737434387e-02 6.573817878961563110e-02 -4.968394339084625244e-02 8.198776096105575562e-02 6.322606652975082397e-02 8.824544399976730347e-02 -7.298070937395095825e-02 4.235452041029930115e-02 1.201632618904113770e-02 9.280619025230407715e-02 8.703840523958206177e-02 6.170880421996116638e-02 -7.472463697195053101e-02 -9.455730020999908447e-02 2.064399793744087219e-02 4.651774466037750244e-02 -1.027716845273971558e-01 -4.392905905842781067e-02 2.005541697144508362e-02 -1.020096540451049805e-01 -4.477697610855102539e-02 1.447197888046503067e-02 -6.970596313476562500e-02 -8.674874156713485718e-02 6.431502848863601685e-02 6.338727474212646484e-02 1.046307757496833801e-01 -7.741007022559642792e-03 7.584207504987716675e-02 4.174311459064483643e-02 -4.218498244881629944e-02 -5.822314321994781494e-02 -9.312218427658081055e-02 -2.953511895611882210e-03 -6.218809634447097778e-02 4.708612803369760513e-03 -4.609103873372077942e-02 6.102771311998367310e-02 1.130914036184549332e-02 -4.257247596979141235e-02
-1.715025864541530609e-04 -2.880897186696529388e-02 7.216503471136093140e-02 4.945901408791542053e-02 3.603950887918472290e-02 6.371907144784927368e-02 -7.231568545103073120e-02 -7.951760292053222656e-02 -3.822036460041999817e-02 7.895848900079727173e-02 1.133196353912353516e-01 -7.624257355928421021e-02 9.292567148804664612e-03 1.076465696096420288e-01 8.275859057903289795e-02 -9.957577288150787354e-02 4.620223492383956909e-02 6.020370125770568848e-02 5.631477013230323792e-02 9.917497634887695312e-02 -1.007412895560264587e-01 -1.520247291773557663e-02 1.391574554145336151e-02 8.017086982727050781e-02 -1.390432287007570267e-02 4.564944282174110413e-02 9.279952943325042725e-02 8.293438702821731567e-02 -1.216223463416099548e-03 1.204081401228904724e-01 -1.286879628896713257e-01 -8.056347072124481201e-02 4.839459806680679321e-02 -3.906181082129478455e-02 1.943945535458624363e-03 -1.011590287089347839e-01 1.229430064558982849e-01 1.847571320831775665e-02 -5.661101266741752625e-02 -5.052196979522705078e-02 -9.207198768854141235e-02 5.116679519414901733e-02 -9.133193641901016235e-02 -7.431671023368835449e-03 3.514163196086883545e-03 7.041545957326889038e-02 5.150985345244407654e-02 1.567040011286735535e-02 6.953214108943939209e-02 3.477329760789871216e-02 -5.139046907424926758e-02 -4.626358300447463989e-02 -6.700260937213897705e-02 3.844856470823287964e-02 5.806125700473785400e-02 -5.686482042074203491e-02 -6.335759907960891724e-02 5.939594656229019165e-02 8.487815409898757935e-02 2.117626555263996124e-02 -6.147536262869834900e-02 -9.765425324440002441e-02 3.392716124653816223e-02 1.162881124764680862e-02 4.885169118642807007e-02 -9.363818913698196411e-02 8.719374239444732666e-02 -2.215601317584514618e-02 -4.116512462496757507e-02 -7.949672639369964600e-02 -2.972042746841907501e-02 -3.798256814479827881e-02 2.302555367350578308e-04 -7.558758370578289032e-03 3.334723785519599915e-02 7.328310608863830566e-02 -8.372064679861068726e-02 -1.468954421579837799e-02 8.457437157630920410e-02 3.100745147094130516e-03 9.570853784680366516e-03 1.119567230343818665e-01 2.355051785707473755e-02 -5.298381298780441284e-02 -1.713670417666435242e-02 2.745545841753482819e-02 -8.590101450681686401e-02 4.110079631209373474e-02 -2.470113337039947510e-03 2.947980165481567383e-02 4.444387182593345642e-02 2.739861793816089630e-02 4.627553746104240417e-02 2.388852089643478394e-02 7.966465502977371216e-02 -1.800166629254817963e-02 4.435343667864799500e-02 5.378184467554092407e-02 -1.224388740956783295e-02 -1.105043143033981323e-01
-4.267657548189163208e-02 9.386016428470611572e-02 5.517040193080902100e-02 9.652874618768692017e-02 -3.668402880430221558e-02 -6.154074147343635559e-02 1.475584413856267929e-02 -5.568990856409072876e-02 1.574898697435855865e-02 4.409291595220565796e-02 -3.305678442120552063e-02 -2.425701543688774109e-02 -6.463874131441116333e-02 1.223842874169349670e-01 -6.490073353052139282e-02 9.634476900100708008e-02 3.476287424564361572e-02 8.384023606777191162e-02 2.983245253562927246e-02 3.369767963886260986e-02 -5.193158611655235291e-02 -9.270510077476501465e-02 -3.297275677323341370e-02 2.998676709830760956e-02 -1.014079004526138306e-01 -7.102546095848083496e-02 -3.750656917691230774e-02 -5.455904826521873474e-02 1.056642010807991028e-01 -4.817783832550048828e-02 -4.679356701672077179e-03 5.387827381491661072e-02 -5.197337642312049866e-02 8.081639558076858521e-02 -7.912836037576198578e-03 -7.531504333019256592e-02 -2.379880053922533989e-03 5.688068643212318420e-02 2.991114743053913116e-02 1.410433277487754822e-02 3.609760105609893799e-02 6.977655738592147827e-02 -6.378249078989028931e-02 4.800921678543090820e-02 -8.469947427511215210e-02 8.439704775810241699e-02 1.601178199052810669e-02 -7.336281239986419678e-02 -8.493638783693313599e-02 5.294839665293693542e-02 -1.464992668479681015e-02 8.558476716279983521e-02 5.983117222785949707e-02 3.253170102834701538e-02 -1.622308790683746338e-02 8.734823018312454224e-02 -1.149806752800941467e-01 -7.270795851945877075e-02 -1.533265924081206322e-03 8.837769925594329834e-02 9.972651489078998566e-03 -1.487686764448881149e-02 -6.302239000797271729e-02 -3.103497810661792755e-02 -5.470358580350875854e-02 9.754344075918197632e-02 -7.616434991359710693e-02 -5.843720212578773499e-02 -4.983262717723846436e-02 7.399579137563705444e-02 -2.497127093374729156e-02 -5.758335813879966736e-02 3.512186929583549500e-02 -5.697906762361526489e-02 6.412930786609649658e-02 -1.038874872028827667e-02 7.349490374326705933e-02 9.696304053068161011e-02 -9.902602434158325195e-02 -8.270106464624404907e-02 3.887756913900375366e-02 -4.711954295635223389e-02 4.169126972556114197e-02 -1.685235276818275452e-02 -4.772917367517948151e-03 -6.137087196111679077e-02 9.206125140190124512e-02 -7.347977906465530396e-02 -4.401192069053649902e-02 -5.141598731279373169e-02 -3.559665009379386902e-02 9.916581958532333374e-02 8.604788035154342651e-02 5.453728511929512024e-02 4.353456199169158936e-02 -7.017660140991210938e-02 -9.970679134130477905e-02 -6.152864545583724976e-02 -1.189711689949035645e-01 -2.457607537508010864e-02
2.413108944892883301e-02 9.083589166402816772e-02 3.691745176911354065e-02 3.785941004753112793e-02 -1.057038605213165283e-01 1.997731998562812805e-02 5.939506366848945618e-02 -5.204128473997116089e-02 -7.017748057842254639e-02 7.025721669197082520e-02 -7.401577383279800415e-02 5.742070078849792480e-02 -1.054501459002494812e-01 6.754259765148162842e-02 6.814014166593551636e-02 -1.106289699673652649e-01 -1.655201427638530731e-02 8.542893826961517334e-02 7.084757834672927856e-02 -5.696766823530197144e-02 1.745602674782276154e-02 -1.969475112855434418e-02 1.121392771601676941e-01 -5.102325230836868286e-02 2.047639712691307068e-02 -1.213009953498840332e-01 2.470415458083152771e-02 5.468247458338737488e-02 3.155717998743057251e-02 -9.075053781270980835e-02 -1.032335236668586731e-01 3.449845314025878906e-02 -7.484280318021774292e-02 -1.329624205827713013e-01 -6.610763072967529297e-02 -1.567126959562301636e-01 -1.073868293315172195e-02 -1.110408306121826172e-01 -1.865910552442073822e-02 -2.666837722063064575e-02 -5.340161547064781189e-02 2.424243278801441193e-02 -6.656895577907562256e-02 -6.483195349574089050e-03 5.741181224584579468e-02 -7.236040383577346802e-02 4.277626052498817444e-02 1.008073706179857254e-02 -3.395421430468559265e-02 -8.044683188199996948e-02 1.361890435218811035e-01 7.529575377702713013e-03 -5.845356360077857971e-02 -1.104038134217262268e-01 2.969770925119519234e-03 -9.777355939149856567e-03 2.262783423066139221e-02 1.911864243447780609e-02 1.222640648484230042e-01 1.613155379891395569e-02 1.024157032370567322e-01 -1.124902665615081787e-01 -2.035251073539257050e-02 7.147250324487686157e-02 1.048997938632965088e-01 -1.019375994801521301e-01 7.104452699422836304e-02 7.633526623249053955e-02 -9.919185191392898560e-02 9.876669384539127350e-03 1.015417873859405518e-01 -7.765486091375350952e-02 -7.219607941806316376e-03 -9.474499523639678955e-02 5.162594839930534363e-03 6.463146954774856567e-02 -1.156561356037855148e-02 2.659479901194572449e-02 2.590453810989856720e-02 1.947552524507045746e-02 -1.004318892955780029e-01 -2.021281048655509949e-02 1.388381272554397583e-01 -4.596280306577682495e-02 3.076895140111446381e-02 3.022437542676925659e-02 9.603670239448547363e-02 -1.182482764124870300e-02 6.690976023674011230e-02 7.718305289745330811e-02 3.906924650073051453e-02 1.505823433399200439e-02 2.997710928320884705e-02 -1.030699685215950012e-01 -4.545972123742103577e-02 -9.093347936868667603e-02 4.935594275593757629e-02 1.011514812707901001e-01 1.096930131316184998e-01 -1.517146229743957520e-01
-7.729780673980712891e-02 -7.547370344400405884e-02 -1.675298437476158142e-02 1.412475015968084335e-02 8.674904704093933105e-03 -3.354575112462043762e-02 -1.078382581472396851e-01 -1.233073323965072632e-01 -2.785373106598854065e-02 1.180435121059417725e-01 -1.765691675245761871e-02 -1.061031520366668701e-01 1.998180896043777466e-02 -2.638581395149230957e-02 -3.624599799513816833e-02 3.086663782596588135e-02 -8.294212818145751953e-02 4.316095635294914246e-02 -4.771922528743743896e-02 -4.062537848949432373e-02 9.450215101242065430e-02 6.091244518756866455e-03 -3.633709996938705444e-02 -4.323857277631759644e-02 6.739334762096405029e-02 -7.802362553775310516e-03 4.103104770183563232e-02 -6.504669785499572754e-03 -5.309404339641332626e-03 1.459831297397613525e-01 -1.668898947536945343e-02 -1.300677657127380371e-02 -3.626658767461776733e-02 8.615570515394210815e-02 -4.179284349083900452e-02 -4.400599375367164612e-02 -1.073203682899475098e-01 -9.661062806844711304e-02 -6.870893388986587524e-02 2.937674336135387421e-02 9.015340358018875122e-02 2.063016593456268311e-02 -4.151983559131622314e-02 -1.104775145649909973e-01 2.721709012985229492e-02 -2.049583569169044495e-02 3.657035157084465027e-02 -7.023393362760543823e-02 1.944175921380519867e-02 1.980818435549736023e-02 7.210448384284973145e-02 -7.650398463010787964e-02 8.285452425479888916e-02 -6.610573828220367432e-02 5.163564160466194153e-02 1.920906826853752136e-02 -6.791040766984224319e-03 -1.416679024696350098e-01 -1.003033667802810669e-01 7.075388729572296143e-02 -4.019983112812042236e-02 -4.892909154295921326e-02 3.603260964155197144e-02 -5.834526941180229187e-02 -1.586133614182472229e-02 -4.522057995200157166e-02 -8.065393567085266113e-02 5.359692871570587158e-02 -5.984604824334383011e-03 -2.575043588876724243e-02 1.007616221904754639e-01 -1.424012426286935806e-02 3.860324248671531677e-02 4.650490358471870422e-02 2.647498063743114471e-02 5.540691316127777100e-02 -6.508844345808029175e-02 8.576705306768417358e-02 -1.347196996212005615e-01 -7.897038757801055908e-02 4.686010256409645081e-02 4.083523154258728027e-02 1.202492713928222656e-01 -5.828435719013214111e-02 1.290345788002014160e-01 6.619600206613540649e-02 -4.863715264946222305e-03 8.755286782979965210e-02 -1.188524961471557617e-01 -3.445537015795707703e-02 -9.101603180170059204e-03 -5.645498633384704590e-02 -9.238566458225250244e-02 7.149490714073181152e-02 3.843399137258529663e-02 -6.083402410149574280e-02 -5.495133996009826660e-02 -1.354273594915866852e-02 -6.915933638811111450e-02 -1.789271086454391479e-01
8.718145638704299927e-02 -1.985285244882106781e-02 -4.377990216016769409e-02 9.463416785001754761e-02 2.542535215616226196e-02 4.730794951319694519e-02 6.401668488979339600e-02 2.447206352371722460e-04 -2.982075698673725128e-02 -1.053142249584197998e-01 8.991823531687259674e-03 4.276175051927566528e-02 2.679327502846717834e-02 1.219570487737655640e-01 1.107262796722352505e-03 6.822280585765838623e-02 -1.623792760074138641e-02 6.297592818737030029e-02 2.819927968084812164e-02 6.653827428817749023e-02 -5.338183417916297913e-02 3.872760385274887085e-02 -6.489262916147708893e-03 -2.300430275499820709e-02 -9.657343477010726929e-02 -5.521686002612113953e-02 -9.321918338537216187e-02 1.086439471691846848e-02 -8.924454450607299805e-03 8.401515334844589233e-02 1.161221116781234741e-01 -4.864196479320526123e-02 -6.832759361714124680e-03 8.189363777637481689e-02 1.217378005385398865e-01 1.372141540050506592e-01 -4.108255356550216675e-02 -8.074904233217239380e-02 9.459517896175384521e-02 5.552820488810539246e-02 1.014770567417144775e-01 8.196651004254817963e-03 -1.138961091637611389e-01 -5.754455178976058960e-02 -2.639041654765605927e-02 -4.864608868956565857e-02 7.623677700757980347e-02 -7.869365811347961426e-02 2.161217853426933289e-02 6.341200321912765503e-02 7.175606489181518555e-02 2.713245805352926254e-03 1.211812999099493027e-02 -6.587669998407363892e-02 7.816810160875320435e-03 -7.895869016647338867e-02 7.476762868463993073e-03 1.929985731840133667e-01 -2.992127090692520142e-02 -4.377997294068336487e-02 4.489079862833023071e-02 8.998488634824752808e-02 -9.865432977676391602e-03 -7.586806267499923706e-02 -5.247815698385238647e-02 -2.776698023080825806e-02 8.542835712432861328e-02 -9.731599688529968262e-02 5.027458071708679199e-02 -4.036056343466043472e-03 4.275902174413204193e-03 5.140290409326553345e-02 8.535283617675304413e-03 -3.887422382831573486e-02 4.259844869375228882e-02 6.258945167064666748e-02 -2.471619099378585815e-02 7.521476596593856812e-02 1.038735732436180115e-01 -7.833419740200042725e-02 -1.883096806704998016e-02 1.077658776193857193e-02 2.343783853575587273e-03 -6.380604952573776245e-02 -2.194969914853572845e-02 -6.951066851615905762e-02 7.367289066314697266e-02 -6.643341481685638428e-02 8.339828997850418091e-02 -2.371268346905708313e-02 5.205930769443511963e-02 6.532916426658630371e-02 9.447014331817626953e-02 1.992359384894371033e-02 8.181156963109970093e-02 5.042101442813873291e-02 -7.524210494011640549e-03 -4.623290151357650757e-03 6.380872428417205811e-02 -7.339207082986831665e-02
-7.632411271333694458e-02 -2.583094313740730286e-02 2.545011788606643677e-02 -3.174368059262633324e-03 2.620521374046802521e-02 -2.627924270927906036e-02 8.703668415546417236e-02 -1.007188018411397934e-02 -7.383792847394943237e-02 -4.855293408036231995e-02 2.222942002117633820e-02 2.418695203959941864e-02 -2.934814989566802979e-02 -1.142287850379943848e-01 6.243768706917762756e-02 1.078916117548942566e-01 4.172604903578758240e-02 -2.930380962789058685e-02 -1.035520955920219421e-01 7.544402778148651123e-02 -5.416340194642543793e-03 5.011572316288948059e-02 -4.148417338728904724e-02 -3.525208681821823120e-02 7.997530698776245117e-02 -8.323673158884048462e-02 -2.756841108202934265e-02 -5.389551073312759399e-02 -2.378849126398563385e-02 -7.448307424783706665e-02 -2.584322728216648102e-02 -2.043967368081212044e-03 9.276965260505676270e-02 -6.518736481666564941e-02 -6.915964931249618530e-02 -4.483414441347122192e-02 8.067079819738864899e-03 3.636893816292285919e-03 3.788862377405166626e-02 7.334869354963302612e-02 -2.394325844943523407e-02 2.123085409402847290e-02 8.285608142614364624e-02 2.373951300978660583e-02 -2.389724366366863251e-02 -1.113475766032934189e-02 6.278596818447113037e-02 1.249843910336494446e-01 -8.884181827306747437e-02 2.801724895834922791e-02 8.324264199472963810e-04 8.612250536680221558e-02 -7.232369482517242432e-02 -5.097661167383193970e-02 -5.378945171833038330e-02 -2.381870709359645844e-02 1.081250049173831940e-02 9.951506555080413818e-02 7.917887717485427856e-02 -6.336694210767745972e-02 -2.533627115190029144e-02 3.068643435835838318e-02 -2.716919779777526855e-02 4.817834496498107910e-02 -5.117094516754150391e-02 8.511410653591156006e-02 -3.184083476662635803e-02 -5.540100857615470886e-02 7.536805421113967896e-02 7.260849326848983765e-02 2.489077299833297729e-02 4.615347459912300110e-02 1.796765811741352081e-02 5.132630467414855957e-02 -4.646524786949157715e-02 -1.652781851589679718e-02 -5.796040222048759460e-02 6.494542211294174194e-02 -4.147117584943771362e-02 -1.074319407343864441e-01 8.036217093467712402e-02 -5.559285357594490051e-02 8.839886635541915894e-02 6.642984598875045776e-02 -1.140941753983497620e-01 -2.735556289553642273e-02 5.424416810274124146e-02 -9.110794961452484131e-02 7.863447815179824829e-02 -9.915715456008911133e-02 4.238216578960418701e-02 4.331617057323455811e-02 5.380414426326751709e-02 1.825811341404914856e-02 -4.085306450724601746e-02 -8.048102259635925293e-02 5.180203542113304138e-02 -6.073540821671485901e-02 -5.744435824453830719e-03 -2.533688768744468689e-02
9.773526340723037720e-02 -4.039072897285223007e-03 7.320296019315719604e-02 -2.592853829264640808e-02 -4.386903718113899231e-02 4.043821990489959717e-02 -2.331714704632759094e-02 -2.297164872288703918e-02 -8.188179880380630493e-02 7.578280568122863770e-02 -6.239972636103630066e-02 -2.420859597623348236e-02 5.243093520402908325e-02 -7.197141647338867188e-02 -1.157816406339406967e-02 -4.342135041952133179e-02 -1.142198070883750916e-01 3.052333556115627289e-02 -7.912979274988174438e-02 7.706074416637420654e-02 -2.165834978222846985e-02 1.194684207439422607e-02 -3.447839990258216858e-03 -8.969195932149887085e-02 5.889829248189926147e-02 4.239130392670631409e-02 -5.456394329667091370e-02 -3.669231757521629333e-02 4.638239368796348572e-02 -1.827502972446382046e-03 -6.919260323047637939e-02 7.429777830839157104e-02 6.937549263238906860e-02 5.543559417128562927e-02 -2.706857584416866302e-02 -3.137846291065216064e-02 -3.658319264650344849e-02 -3.388940356671810150e-03 3.310171514749526978e-02 -7.303675170987844467e-03 -8.728038519620895386e-02 1.804512180387973785e-02 -4.510020464658737183e-02 -6.932196021080017090e-02 -6.284350156784057617e-02 5.880596116185188293e-02 4.537860304117202759e-02 1.421868707984685898e-02 -3.950700163841247559e-02 -3.225856274366378784e-02 -8.751566708087921143e-02 -6.784478574991226196e-02 2.011121250689029694e-02 -3.427403420209884644e-02 -8.155554533004760742e-03 -7.296052761375904083e-03 1.435396168380975723e-02 2.023806795477867126e-02 1.115875318646430969e-01 -6.340265274047851562e-02 -6.737345457077026367e-02 8.239491283893585205e-02 -1.152169704437255859e-01 1.185991615056991577e-02 1.980101503431797028e-02 -1.688825339078903198e-02 3.176005929708480835e-02 8.745963126420974731e-02 -4.303774237632751465e-02 -5.363484472036361694e-02 -2.668023109436035156e-02 -5.694232136011123657e-02 -2.451003156602382660e-02 6.884729862213134766e-02 2.485882304608821869e-02 5.400533974170684814e-02 7.993577420711517334e-02 -6.018209829926490784e-02 -5.814171954989433289e-02 -1.019124165177345276e-01 6.357903778553009033e-02 9.027128666639328003e-02 9.753331542015075684e-03 -2.380866371095180511e-02 -1.797643490135669708e-02 -4.553233459591865540e-02 3.436482697725296021e-02 2.659899741411209106e-02 8.183345943689346313e-02 2.825015410780906677e-02 -6.087247654795646667e-02 -5.245623737573623657e-02 -7.434123009443283081e-02 -4.985959455370903015e-02 3.529579192399978638e-02 -9.299863874912261963e-02 -2.771915309131145477e-02 1.076935753226280212e-01 -9.019377827644348145e-02 -1.273022294044494629e-01
-6.287378817796707153e-02 -8.812174201011657715e-02 8.035487681627273560e-02 -1.621565409004688263e-02 5.106021091341972351e-02 -4.367322102189064026e-02 -3.126404806971549988e-02 7.158421725034713745e-02 -6.970215588808059692e-02 4.415222629904747009e-02 2.174812834709882736e-03 4.011502861976623535e-02 -2.424849383533000946e-02 -6.322947889566421509e-02 -3.538176417350769043e-02 -3.404219821095466614e-02 3.625000594183802605e-03 -7.003995776176452637e-02 -7.450594007968902588e-02 -2.222389727830886841e-02 -1.920239999890327454e-02 -7.587242871522903442e-02 -8.356778323650360107e-02 7.561511360108852386e-03 -7.141012698411941528e-02 -3.731802478432655334e-02 -6.884349137544631958e-02 -3.632900863885879517e-02 -5.863482877612113953e-02 -8.353900164365768433e-02 6.294813007116317749e-02 4.769167862832546234e-03 6.407243013381958008e-02 -4.632287472486495972e-02 3.946539759635925293e-02 -6.892208755016326904e-02 -6.216853111982345581e-02 -6.785176694393157959e-02 -1.349585503339767456e-02 1.446965895593166351e-02 -1.172126829624176025e-01 -7.671386748552322388e-02 -4.402272403240203857e-02 7.599913328886032104e-02 -5.897991359233856201e-02 8.041145280003547668e-03 -1.018241941928863525e-01 2.668333053588867188e-02 9.604064375162124634e-02 -3.132386133074760437e-02 -6.953883171081542969e-02 4.296221211552619934e-02 4.771390557289123535e-02 -1.009641960263252258e-01 1.584688317961990833e-03 6.694768369197845459e-02 -1.012428998947143555e-01 4.927244037389755249e-02 3.499684110283851624e-02 -8.591106534004211426e-02 7.315734028816223145e-02 8.707258105278015137e-02 -9.875812381505966187e-02 -1.629060134291648865e-02 -1.145931333303451538e-02 8.822405338287353516e-02 2.615586854517459869e-03 5.169135984033346176e-03 2.513627894222736359e-02 -7.621846348047256470e-02 7.507548667490482330e-03 3.185022249817848206e-02 9.962623007595539093e-03 -1.317138820886611938e-01 7.663608994334936142e-03 6.403055042028427124e-02 2.832648344337940216e-02 -8.024572394788265228e-03 -1.341997273266315460e-02 -1.405743807554244995e-01 -7.818950340151786804e-03 5.311140045523643494e-02 3.965808078646659851e-02 -7.296378910541534424e-02 3.890235722064971924e-02 3.429894894361495972e-02 -6.410329043865203857e-02 -4.652639105916023254e-02 -1.002564057707786560e-01 -3.491915017366409302e-02 9.571032971143722534e-02 2.086787112057209015e-02 4.177628457546234131e-02 4.146601259708404541e-02 6.567937135696411133e-02 4.089456796646118164e-02 -6.319642066955566406e-02 3.427249193191528320e-02 6.484253704547882080e-02 7.863211445510387421e-03
8.249929174780845642e-03 -7.169394940137863159e-02 3.509153425693511963e-02 -5.610686168074607849e-02 -7.917476445436477661e-02 -3.465570136904716492e-02 -2.260368876159191132e-02 8.789699524641036987e-02 -4.413832724094390869e-02 -8.979461342096328735e-02 7.630602270364761353e-02 6.822896003723144531e-02 -1.951949484646320343e-02 2.316342107951641083e-02 4.957902058959007263e-02 1.874825358390808105e-02 1.087530851364135742e-01 6.716948747634887695e-02 5.666505545377731323e-03 -3.900963440537452698e-02 8.500859886407852173e-02 -7.216542214155197144e-02 1.011468172073364258e-01 1.287943124771118164e-01 -1.593045331537723541e-02 3.846946731209754944e-02 3.813095390796661377e-02 7.077530026435852051e-02 -1.119880005717277527e-01 1.533467322587966919e-01 3.624768927693367004e-02 3.725649416446685791e-02 1.418441981077194214e-01 3.122565103694796562e-03 -2.011628448963165283e-02 -1.322840899229049683e-02 1.167802140116691589e-02 -8.077039569616317749e-02 -8.906941860914230347e-03 1.827213913202285767e-02 -1.268771886825561523e-01 -2.269902732223272324e-03 -2.079360745847225189e-02 -3.889235109090805054e-02 -7.550919055938720703e-02 -9.929752349853515625e-02 -1.074348464608192444e-01 4.499470070004463196e-02 1.385582536458969116e-01 -6.271309405565261841e-02 7.493133842945098877e-02 -1.105439960956573486e-01 1.179459914565086365e-01 2.925677457824349403e-03 -3.365836665034294128e-02 -2.463246881961822510e-02 1.007224991917610168e-02 5.180316977202892303e-03 -2.005851641297340393e-02 3.542195633053779602e-02 2.581664733588695526e-02 3.666215017437934875e-02 9.163098037242889404e-02 -7.163264602422714233e-02 -6.901507079601287842e-02 9.260709397494792938e-03 -1.098097488284111023e-01 -1.668548956513404846e-02 -2.317958138883113861e-02 -5.410349369049072266e-02 9.555938839912414551e-02 -4.297487437725067139e-02 9.573534876108169556e-02 3.375297645106911659e-03 2.439505606889724731e-02 3.596194833517074585e-02 1.690245606005191803e-02 2.685693837702274323e-02 3.678402304649353027e-02 3.774733096361160278e-02 7.747521251440048218e-02 -3.662556782364845276e-02 1.920104920864105225e-01 5.197986587882041931e-02 -2.034027315676212311e-02 -8.284272253513336182e-02 5.889917537569999695e-02 2.505548670887947083e-02 -8.761879801750183105e-02 -1.049648970365524292e-01 -6.177181378006935120e-02 -4.262932762503623962e-02 -2.880226529669016600e-04 -8.864963799715042114e-02 -2.201324142515659332e-02 1.435010228306055069e-02 2.810985967516899109e-02 -7.821158505976200104e-03 6.735780090093612671e-02 2.343980967998504639e-02
4.818708170205354691e-03 -1.074978783726692200e-01 -6.166747584939002991e-02 4.577040672302246094e-02 9.240938723087310791e-02 -2.469296753406524658e-02 -1.056961528956890106e-02 -3.477199375629425049e-02 1.008835807442665100e-01 -2.168319933116436005e-02 4.399447236210107803e-03 5.893591418862342834e-02 8.962488174438476562e-02 -7.794524729251861572e-02 -6.577205657958984375e-02 5.274068564176559448e-02 2.513473480939865112e-02 -6.192850321531295776e-02 -7.377155870199203491e-02 1.060453504323959351e-01 2.275554835796356201e-02 -8.321126550436019897e-02 7.545040920376777649e-03 9.708418697118759155e-02 3.698385134339332581e-02 6.096196174621582031e-02 1.251476164907217026e-02 -3.481460735201835632e-02 5.988809838891029358e-02 -7.523028552532196045e-02 8.399947732686996460e-02 7.718019187450408936e-02 -1.741166971623897552e-02 -6.670871283859014511e-03 -7.988370954990386963e-02 1.625243946909904480e-02 -3.107073344290256500e-02 9.342138469219207764e-02 8.403656631708145142e-02 1.132623944431543350e-02 -3.718370571732521057e-02 -6.467239558696746826e-02 9.920801222324371338e-02 6.021681800484657288e-02 5.606952309608459473e-02 6.085105612874031067e-02 -1.407168526202440262e-02 3.897092863917350769e-02 -1.249377802014350891e-01 6.174437329173088074e-02 7.634497433900833130e-02 5.276704207062721252e-02 -4.537985473871231079e-02 6.005075946450233459e-02 -1.462635770440101624e-02 -8.044751733541488647e-02 -7.037037611007690430e-02 -1.038800328969955444e-01 2.558997087180614471e-02 -2.090537361800670624e-02 -4.828343540430068970e-02 -2.045194804668426514e-02 4.439974576234817505e-02 4.951277002692222595e-02 6.917674094438552856e-02 -2.440201584249734879e-03 1.029288694262504578e-01 3.315922245383262634e-02 9.592712670564651489e-02 1.213308982551097870e-02 -1.098691746592521667e-01 -4.881382733583450317e-02 -4.117228090763092041e-02 4.917425685562193394e-04 -3.558235242962837219e-02 -5.492986738681793213e-02 -4.118815436959266663e-02 7.782784849405288696e-02 1.144217029213905334e-01 -3.921431675553321838e-02 8.797901123762130737e-02 -4.157318919897079468e-02 -7.272967696189880371e-02 -6.072680652141571045e-02 -7.372055947780609131e-02 -1.648568511009216309e-01 9.398410469293594360e-02 -9.250950813293457031e-02 -5.982558708637952805e-03 8.422517031431198120e-02 -2.545179240405559540e-02 4.326738789677619934e-02 -4.245954379439353943e-02 -5.438353121280670166e-02 -8.810909837484359741e-02 -8.259370177984237671e-02 1.048882529139518738e-01 -3.323830291628837585e-02 -7.732649892568588257e-02 -8.153941482305526733e-03
4.484438896179199219e-02 7.074461877346038818e-02 1.016572639346122742e-01 -9.403575211763381958e-02 5.072246491909027100e-02 -1.965611614286899567e-02 9.347786009311676025e-02 1.157757788896560669e-01 -4.767800867557525635e-02 -4.020959511399269104e-02 -8.026804029941558838e-02 -3.236579522490501404e-02 3.901580721139907837e-02 7.991062104701995850e-02 9.449610859155654907e-02 8.356679975986480713e-02 4.035733640193939209e-02 -9.030245989561080933e-02 6.070424988865852356e-02 -6.842874735593795776e-02 -3.815527632832527161e-02 -9.033090621232986450e-02 7.054833322763442993e-02 3.832595422863960266e-03 9.051904082298278809e-02 -6.990170478820800781e-02 2.580124419182538986e-03 -4.984276369214057922e-02 6.394970417022705078e-02 5.022844765335321426e-03 1.722460426390171051e-02 -3.902308270335197449e-02 -1.223053783178329468e-02 -7.666492462158203125e-02 -2.158612571656703949e-02 -6.653353571891784668e-02 -9.701653569936752319e-02 -1.506471168249845505e-02 5.939438566565513611e-02 -2.914886176586151123e-02 5.996317043900489807e-02 -1.139861941337585449e-01 6.267296522855758667e-02 -6.992876529693603516e-03 2.768420986831188202e-02 6.417418271303176880e-02 6.283014267683029175e-02 9.882652200758457184e-03 2.830274775624275208e-02 -2.947478368878364563e-02 2.676048502326011658e-02 1.049780622124671936e-01 -1.456707622855901718e-02 1.718946150504052639e-03 -2.760786376893520355e-02 6.453078240156173706e-02 -5.940471589565277100e-02 6.774077564477920532e-02 -6.445020437240600586e-02 9.223982691764831543e-03 6.249302066862583160e-03 4.646344855427742004e-02 3.089260682463645935e-02 6.911577284336090088e-02 -5.675081908702850342e-02 8.186401426792144775e-02 -5.263338238000869751e-02 -9.872521460056304932e-02 1.067016925662755966e-02 6.945198774337768555e-02 5.311229079961776733e-02 5.755599588155746460e-02 -9.908069856464862823e-03 -1.188496276736259460e-01 -8.272934705018997192e-02 -1.113645955920219421e-01 4.968973249197006226e-02 3.467564284801483154e-02 -8.083556592464447021e-02 2.098537981510162354e-02 -9.308866411447525024e-02 -2.082939073443412781e-02 6.574919074773788452e-02 -5.941237509250640869e-02 -1.939143426716327667e-02 6.226630136370658875e-02 1.810765080153942108e-02 3.168001305311918259e-03 3.237541764974594116e-02 -2.685056626796722412e-02 4.161890596151351929e-02 1.324461493641138077e-02 -3.201914578676223755e-02 6.599382311105728149e-02 -6.916458904743194580e-02 8.000430464744567871e-02 -1.962027139961719513e-02 2.904584445059299469e-02 -5.463629961013793945e-02 1.044291909784078598e-02
1.627759635448455811e-02 5.641356110572814941e-02 -4.283257946372032166e-02 -8.199259638786315918e-02 1.236628741025924683e-01 -2.841012738645076752e-02 -3.245421126484870911e-02 -6.777540594339370728e-02 4.986207559704780579e-02 7.063848525285720825e-02 -1.896589808166027069e-02 -7.912687212228775024e-02 1.010043397545814514e-01 -1.060714423656463623e-01 1.029161214828491211e-01 1.955926977097988129e-02 1.514150295406579971e-02 2.159685641527175903e-02 -9.399127215147018433e-02 -6.502284109592437744e-02 4.673633724451065063e-02 4.490966722369194031e-02 -5.328537896275520325e-02 9.332616627216339111e-02 5.796306952834129333e-02 8.343492448329925537e-02 2.963677793741226196e-02 1.378785353153944016e-02 -4.760099947452545166e-02 -4.153029620647430420e-02 1.731793582439422607e-02 -3.055698983371257782e-02 3.380760550498962402e-02 7.193500548601150513e-02 2.290592715144157410e-02 -6.458803266286849976e-02 2.509655058383941650e-02 8.589944243431091309e-02 7.519771158695220947e-02 -2.089158073067665100e-02 7.489180564880371094e-02 6.874001026153564453e-02 1.128896921873092651e-01 8.495455980300903320e-02 1.284868083894252777e-02 -4.988215491175651550e-02 -5.139500647783279419e-02 -5.969016626477241516e-02 5.732182785868644714e-02 -4.776962101459503174e-02 -5.111369863152503967e-02 -6.327326595783233643e-02 3.880339860916137695e-02 -7.961785793304443359e-02 -5.372293293476104736e-02 -6.868346780538558960e-02 -1.078814193606376648e-01 6.188536994159221649e-03 -1.803623884916305542e-02 -7.045990973711013794e-02 -9.758817031979560852e-03 -9.073774516582489014e-02 -3.870894759893417358e-02 -1.455861609429121017e-02 -7.299125194549560547e-02 9.209994226694107056e-02 6.669810414314270020e-02 -1.849740929901599884e-02 -1.756740920245647430e-02 -6.249787658452987671e-02 -8.556568622589111328e-02 -7.753221690654754639e-02 8.109457790851593018e-02 3.066313080489635468e-02 -2.227098681032657623e-02 3.020718134939670563e-02 -5.177410691976547241e-02 6.335748732089996338e-02 -1.731646992266178131e-02 -6.730767898261547089e-03 6.470450013875961304e-02 -5.451436340808868408e-02 9.765600785613059998e-03 -1.608615554869174957e-02 -4.298409447073936462e-02 1.693890839815139771e-01 -7.244332227855920792e-03 -1.098684128373861313e-02 -1.777493022382259369e-02 1.059860438108444214e-01 7.349742203950881958e-02 4.421097785234451294e-02 -5.814871983602643013e-04 1.113441959023475647e-02 -8.120775222778320312e-02 -3.570326417684555054e-02 1.361172832548618317e-02 -1.085871383547782898e-01 5.256026634015142918e-04 7.952305674552917480e-02
4.977748263627290726e-03 -4.751497134566307068e-02 8.919896185398101807e-02 -3.763445420190691948e-03 5.482881143689155579e-02 5.640478059649467468e-02 4.111414775252342224e-02 7.354956120252609253e-02 -7.324873656034469604e-02 -3.541385382413864136e-02 -1.444676667451858521e-01 1.361696235835552216e-02 2.546371333301067352e-02 -1.295902580022811890e-02 6.262178719043731689e-02 4.874458163976669312e-02 -5.713358893990516663e-02 -6.749857962131500244e-02 7.947333157062530518e-02 -6.909489631652832031e-02 3.142002969980239868e-02 1.254521310329437256e-01 2.932884916663169861e-02 -1.209545433521270752e-01 6.554946303367614746e-02 -9.188035130500793457e-02 5.421188473701477051e-02 2.448471449315547943e-02 -1.352845430374145508e-01 1.524046901613473892e-02 -1.939147524535655975e-02 -8.896240033209323883e-03 -6.805302202701568604e-02 8.621632307767868042e-02 -4.607575386762619019e-02 1.535607385449111462e-03 7.487794011831283569e-02 1.085661351680755615e-01 -9.623963385820388794e-02 7.734543085098266602e-02 -2.821206301450729370e-02 -1.950138621032238007e-02 -5.822742730379104614e-02 -3.308072313666343689e-02 -9.869182109832763672e-02 2.796107530593872070e-02 3.027372620999813080e-02 7.380917668342590332e-02 6.897984445095062256e-02 4.764799401164054871e-02 1.362660899758338928e-02 4.594059288501739502e-02 5.457885563373565674e-02 5.865923594683408737e-03 -7.734546903520822525e-03 -1.057979539036750793e-01 -1.029174551367759705e-01 -1.035246849060058594e-01 8.837548643350601196e-02 2.575347758829593658e-02 9.208434820175170898e-02 4.729428142309188843e-02 -5.917501077055931091e-02 -7.314547151327133179e-02 1.341916900128126144e-02 -5.469709262251853943e-02 -5.261975154280662537e-02 -4.006284475326538086e-02 2.511015348136425018e-02 2.332314290106296539e-02 -5.871176719665527344e-02 -4.142650589346885681e-02 2.769272401928901672e-02 3.995366021990776062e-02 6.457604467868804932e-02 -6.125443056225776672e-02 -3.586171567440032959e-02 -2.657573856413364410e-02 3.808033838868141174e-02 -9.887625277042388916e-02 7.800891035003587604e-05 -2.677139267325401306e-02 1.675618886947631836e-01 8.438631147146224976e-02 -4.321342566981911659e-04 6.383164227008819580e-02 4.993653669953346252e-02 -4.422354325652122498e-02 -4.295006021857261658e-02 -8.454433083534240723e-02 -3.682824969291687012e-02 4.945662617683410645e-02 1.032621338963508606e-01 8.810830116271972656e-02 -4.857204481959342957e-02 1.020300835371017456e-01 6.452441960573196411e-02 -4.847815260291099548e-02 5.260958895087242126e-02 4.459604248404502869e-02
6.125514628365635872e-04 5.811596289277076721e-03 1.202410459518432617e-01 -6.416645646095275879e-02 -2.959381381515413523e-04 7.579205185174942017e-02 8.667759597301483154e-02 -3.895264118909835815e-02 -3.349994122982025146e-02 7.357704639434814453e-02 -2.560404874384403229e-02 -6.053208559751510620e-02 -6.762699037790298462e-02 -1.163146421313285828e-01 7.179862260818481445e-02 -9.030052274465560913e-02 -4.828294366598129272e-02 -6.135356798768043518e-02 2.695369720458984375e-02 -6.752001494169235229e-02 -1.143709663301706314e-02 3.182557225227355957e-02 4.738429561257362366e-03 -7.489124685525894165e-02 -2.335216663777828217e-02 -3.851346671581268311e-02 6.422220915555953979e-02 8.213674277067184448e-02 -2.006136439740657806e-02 1.100853979587554932e-01 -5.166381970047950745e-02 -4.134431481361389160e-02 -1.036936566233634949e-01 -1.133632212877273560e-01 4.336828738451004028e-02 -5.804153159260749817e-03 8.335728198289871216e-02 4.413188248872756958e-02 3.805960342288017273e-02 -9.889918379485607147e-03 4.392295703291893005e-02 -5.750297382473945618e-02 7.748784869909286499e-02 -5.763405933976173401e-02 -3.036823496222496033e-02 6.964135915040969849e-02 6.138546764850616455e-02 -5.442034080624580383e-02 7.598193734884262085e-02 -5.408794432878494263e-02 6.069862842559814453e-02 -1.564590819180011749e-02 -2.166785486042499542e-02 -2.248409949243068695e-02 3.458083048462867737e-02 -1.100999563932418823e-01 2.419049665331840515e-02 -6.568254530429840088e-02 -1.152858957648277283e-01 9.834983199834823608e-02 -5.560090392827987671e-02 6.580506265163421631e-02 -9.501644968986511230e-02 8.226900547742843628e-02 -1.836841553449630737e-02 -6.895949691534042358e-02 -9.742788225412368774e-02 -3.689193725585937500e-02 -8.498083055019378662e-02 -2.391988597810268402e-02 -1.017975211143493652e-01 4.599141329526901245e-02 -2.861166000366210938e-02 1.531471759080886841e-01 -9.373342990875244141e-02 2.810375764966011047e-03 -4.477683827280998230e-02 -7.248909026384353638e-02 1.605703029781579971e-03 -1.414283215999603271e-01 1.235461677424609661e-03 -5.583716556429862976e-02 -5.061099305748939514e-02 2.112062834203243256e-02 8.597883582115173340e-02 2.536241114139556885e-01 -5.058435350656509399e-02 -7.240533828735351562e-02 -2.436217665672302246e-02 4.150700569152832031e-02 3.241620585322380066e-02 -3.051275387406349182e-02 -1.007280405610799789e-02 2.448615804314613342e-02 7.793729752302169800e-02 -4.431015998125076294e-02 -8.193407207727432251e-02 8.124838024377822876e-02 8.663457632064819336e-02 -2.696693316102027893e-02
-1.050339192152023315e-01 -1.048971191048622131e-01 -1.335714310407638550e-01 9.625552594661712646e-02 4.257143288850784302e-02 -8.729786425828933716e-02 1.050832215696573257e-02 -6.525234133005142212e-02 1.008979827165603638e-01 4.812184348702430725e-02 1.660807877779006958e-01 -6.576930731534957886e-02 2.212363928556442261e-01 1.003087833523750305e-01 -1.497553847730159760e-02 8.995858579874038696e-02 4.017269611358642578e-02 6.485153734683990479e-02 -2.016917429864406586e-02 -3.688568249344825745e-02 1.302453279495239258e-01 -1.923618614673614502e-01 8.142036944627761841e-02 2.246567793190479279e-02 -4.396263882517814636e-02 -7.249435037374496460e-02 -1.422428786754608154e-01 4.854049161076545715e-02 -4.187564924359321594e-02 -1.160895824432373047e-01 3.581785038113594055e-02 -5.808926001191139221e-02 -3.451344668865203857e-01 -1.172553896903991699e-01 1.947418749332427979e-01 -4.210219159722328186e-02 3.606058284640312195e-02 -6.151923444122076035e-04 8.577469736337661743e-02 8.969289064407348633e-02 8.249891549348831177e-02 -2.571805007755756378e-02 2.105453237891197205e-02 -3.138640522956848145e-02 -4.431018605828285217e-02 1.053320318460464478e-01 9.370400756597518921e-02 -5.592698976397514343e-02 -1.224802881479263306e-01 -7.306902855634689331e-02 4.929732158780097961e-02 1.143032964318990707e-02 -6.238284707069396973e-02 -8.980960398912429810e-02 -1.433459073305130005e-01 6.351830810308456421e-02 -3.491211216896772385e-03 -2.698615491390228271e-01 -9.680293500423431396e-02 -2.341678440570831299e-01 -7.696588523685932159e-03 -1.054755300283432007e-01 -2.825638279318809509e-02 -9.133339673280715942e-02 2.072351612150669098e-02 -5.356341972947120667e-02 -6.729303300380706787e-02 2.608029358088970184e-02 -6.511718034744262695e-02 -3.753764554858207703e-02 -1.849777437746524811e-02 -1.362578570842742920e-01 -1.702198535203933716e-01 1.472577452659606934e-01 -7.294558733701705933e-02 8.801046642474830151e-04 -2.730266936123371124e-02 -1.032433584332466125e-01 -3.516766801476478577e-02 -1.012926325201988220e-01 -8.132278174161911011e-02 -3.284969925880432129e-02 5.875226110219955444e-02 -1.235560998320579529e-01 6.145434826612472534e-02 3.637747168540954590e-01 1.042564865201711655e-02 1.468735374510288239e-02 3.924838453531265259e-02 1.339174956083297729e-01 1.028645709156990051e-01 -1.611206866800785065e-02 -5.343151092529296875e-02 -4.485820606350898743e-02 4.168022423982620239e-02 8.146996796131134033e-02 -9.452344477176666260e-02 -7.826611399650573730e-02 -7.163786888122558594e-02 -1.306171864271163940e-01
-3.824461996555328369e-02 7.815393805503845215e-02 -9.891994297504425049e-02 -7.433424144983291626e-02 -7.723382115364074707e-02 -6.698711961507797241e-02 7.617628574371337891e-02 6.185491755604743958e-02 9.350623190402984619e-02 1.166725438088178635e-02 -3.448143228888511658e-02 -8.822124451398849487e-02 -9.436845779418945312e-02 5.729366559535264969e-03 4.563546925783157349e-02 6.675697397440671921e-03 -6.056873127818107605e-02 8.879354596138000488e-02 -4.050606489181518555e-02 -1.247923672199249268e-01 -7.538875937461853027e-02 6.312510930001735687e-03 4.858250543475151062e-02 -3.300935402512550354e-02 5.055198818445205688e-02 -5.687652900815010071e-02 8.600709587335586548e-02 1.466131582856178284e-02 -8.078414946794509888e-02 1.424588821828365326e-02 8.802647143602371216e-02 -7.352544926106929779e-03 4.761667549610137939e-02 -8.012430369853973389e-02 -7.999384403228759766e-02 1.885180734097957611e-02 -3.371078521013259888e-03 3.130895271897315979e-02 6.781506538391113281e-02 -5.699833482503890991e-02 -3.665094450116157532e-02 1.771915890276432037e-02 5.957417190074920654e-02 9.225431829690933228e-02 8.369607478380203247e-02 5.912929400801658630e-02 4.250033944845199585e-02 8.590421080589294434e-02 2.937361970543861389e-02 8.149114996194839478e-02 -6.401267647743225098e-02 9.332963824272155762e-02 7.657757960259914398e-03 7.591773569583892822e-02 8.156070858240127563e-02 3.775402531027793884e-02 7.060638070106506348e-02 2.483562799170613289e-03 5.734657868742942810e-02 -1.127735152840614319e-02 9.079045802354812622e-02 1.889479346573352814e-02 7.935118675231933594e-02 -2.313441969454288483e-02 4.441295936703681946e-02 6.138145178556442261e-02 -1.135784760117530823e-01 2.383001707494258881e-02 -8.058946579694747925e-02 2.344245649874210358e-02 2.182287722826004028e-02 -7.482582237571477890e-03 -1.679984503425657749e-03 -5.918950214982032776e-02 1.536017749458551407e-02 9.032205492258071899e-02 5.777402780950069427e-03 1.178522501140832901e-02 1.012051571160554886e-02 4.445107653737068176e-02 5.465519428253173828e-02 -8.392340689897537231e-02 -5.427513644099235535e-02 3.378956811502575874e-03 8.925335109233856201e-02 -6.911421194672584534e-03 4.983161762356758118e-02 -3.447100147604942322e-02 1.752545684576034546e-02 -4.691116139292716980e-02 -5.298432335257530212e-02 -1.022241637110710144e-02 -7.313279807567596436e-02 5.056693777441978455e-02 -3.679860010743141174e-02 7.993023842573165894e-02 -7.649786304682493210e-03 -1.007291115820407867e-02 -8.664681017398834229e-02 7.312668114900588989e-02
-2.442028373479843140e-02 1.800421252846717834e-02 3.215121477842330933e-02 2.730019949376583099e-02 -6.088200584053993225e-02 -2.867269329726696014e-02 2.723757643252611160e-03 2.369720302522182465e-02 4.851469397544860840e-02 7.366289943456649780e-02 6.632617861032485962e-02 -5.877177789807319641e-02 -4.232297092676162720e-02 -9.464832395315170288e-02 9.839581698179244995e-02 -4.520063474774360657e-02 -8.128161728382110596e-02 -9.524777531623840332e-02 -6.747703999280929565e-02 -8.448904007673263550e-02 -3.453339263796806335e-02 -9.619494527578353882e-02 -6.767561286687850952e-02 5.980801954865455627e-02 6.655394285917282104e-02 -7.495210319757461548e-02 -3.974835202097892761e-02 3.335925564169883728e-02 4.703956469893455505e-02 -3.615186735987663269e-02 -2.164008282124996185e-02 4.470318183302879333e-02 7.054433971643447876e-02 1.872405782341957092e-02 4.206339269876480103e-02 1.092560514807701111e-01 -9.661814570426940918e-02 -2.365007437765598297e-02 -6.920933723449707031e-02 -5.742551386356353760e-02 -8.625075221061706543e-02 7.549750804901123047e-02 -3.247654810547828674e-02 4.483439400792121887e-02 -5.875273421406745911e-02 -5.441087856888771057e-02 4.919398576021194458e-02 -4.818015918135643005e-02 -3.178327903151512146e-02 -8.928932994604110718e-02 -1.317642722278833389e-02 5.372532457113265991e-02 6.584390997886657715e-02 3.650809451937675476e-02 -1.223638374358415604e-02 -4.809335246682167053e-02 -8.514322340488433838e-02 8.139825612306594849e-02 2.986714616417884827e-02 -3.429429233074188232e-02 -1.160718873143196106e-02 2.342555671930313110e-02 4.178979620337486267e-02 -2.505807206034660339e-03 -5.133066698908805847e-02 1.630664244294166565e-02 7.020673900842666626e-02 -2.319501712918281555e-02 5.162073299288749695e-03 -8.583606034517288208e-02 7.868566364049911499e-02 2.932159788906574249e-02 -2.136348513886332512e-03 -9.666684269905090332e-02 9.446020424365997314e-02 -7.825647294521331787e-02 6.102197989821434021e-02 -6.105561926960945129e-02 -1.462272554636001587e-02 -9.807541221380233765e-02 -4.707471653819084167e-02 -4.251348972320556641e-02 -8.585564792156219482e-02 -2.034749649465084076e-02 -1.636911183595657349e-02 4.625469073653221130e-02 6.991541385650634766e-02 -6.460221111774444580e-02 7.709505409002304077e-02 6.160879135131835938e-02 -8.638335764408111572e-02 3.616945445537567139e-02 1.895646192133426666e-02 4.698301851749420166e-02 6.624759733676910400e-02 4.922702163457870483e-02 3.904621303081512451e-02 4.029179736971855164e-02 -1.155129726976156235e-02 -9.858127683401107788e-02
6.659241765737533569e-02 6.922672688961029053e-02 1.154384240508079529e-01 9.235135279595851898e-03 4.848887771368026733e-02 -7.549533247947692871e-02 6.290771812200546265e-02 2.863380685448646545e-02 8.360821008682250977e-02 -7.930627465248107910e-02 -6.438219547271728516e-02 6.364636123180389404e-02 6.701383739709854126e-02 -8.094525337219238281e-02 6.638382375240325928e-02 9.262597814085893333e-06 -4.184012487530708313e-02 3.468686342239379883e-02 3.210489451885223389e-02 1.677472703158855438e-02 -1.070839986205101013e-01 5.455969274044036865e-02 -2.800657972693443298e-02 -8.022449910640716553e-03 3.662047162652015686e-02 9.221105277538299561e-02 -6.199009343981742859e-02 -2.572130039334297180e-02 9.908113628625869751e-02 -3.431719541549682617e-02 -4.517318680882453918e-02 5.743249133229255676e-02 -1.145470701158046722e-02 -4.679436981678009033e-02 -1.217370480298995972e-01 8.796115434961393476e-05 -7.599432021379470825e-02 9.415343403816223145e-02 -7.691486179828643799e-02 1.974810473620891571e-02 9.028586000204086304e-02 -6.205820664763450623e-02 -9.791433066129684448e-02 9.311727434396743774e-02 -9.736330807209014893e-02 1.118066906929016113e-02 7.622656226158142090e-02 2.522093988955020905e-02 8.830892620608210564e-04 -3.363104537129402161e-02 6.976107507944107056e-02 1.054900661110877991e-01 2.908587083220481873e-02 -5.517274886369705200e-02 -5.571739748120307922e-02 4.432537779211997986e-02 1.170600876212120056e-01 8.732012659311294556e-02 -1.068609021604061127e-02 -7.704943418502807617e-02 3.967322409152984619e-02 -3.134507685899734497e-02 1.908031664788722992e-02 -9.734632074832916260e-02 1.934813894331455231e-02 -2.478017471730709076e-02 -4.586168006062507629e-02 -2.092958241701126099e-02 4.289446398615837097e-02 -8.988865464925765991e-02 -8.693528920412063599e-02 -9.361150860786437988e-02 -5.942713841795921326e-02 7.797944545745849609e-02 2.021417208015918732e-02 4.646598920226097107e-02 -7.170666009187698364e-02 1.008498072624206543e-01 -1.033906452357769012e-02 8.467758446931838989e-02 2.822905592620372772e-02 5.156912375241518021e-03 -3.506790101528167725e-02 -7.191490381956100464e-02 8.052463084459304810e-02 -3.254863899201154709e-03 -6.269795447587966919e-02 8.803810924291610718e-02 4.242374002933502197e-02 6.817890703678131104e-02 8.138684928417205811e-02 7.348643243312835693e-02 -4.574920609593391418e-02 -2.803626656532287598e-02 7.963682524859905243e-03 1.025445833802223206e-01 -1.953682303428649902e-02 1.653672941029071808e-02 -3.962924238294363022e-03 2.223860006779432297e-03
-4.366897791624069214e-02 3.374021500349044800e-03 -2.514149434864521027e-02 2.718769945204257965e-02 4.083471000194549561e-02 1.637220196425914764e-02 8.371334522962570190e-03 -1.022892743349075317e-01 9.237352758646011353e-03 1.096648909151554108e-02 6.058955937623977661e-02 -4.655778035521507263e-02 -4.127662628889083862e-02 -1.203894540667533875e-01 1.111979223787784576e-02 3.280486166477203369e-02 -1.027778610587120056e-01 3.037932947336230427e-05 -5.543236061930656433e-02 -1.804933696985244751e-02 6.745222955942153931e-02 5.397240445017814636e-02 -2.857131697237491608e-02 6.927794218063354492e-02 3.143681958317756653e-02 -4.182894155383110046e-02 4.829805344343185425e-02 3.881360217928886414e-02 8.406681008636951447e-03 -1.797515451908111572e-01 -5.408027768135070801e-02 9.137353301048278809e-02 1.597255468368530273e-02 -4.892893135547637939e-03 -4.189397767186164856e-02 -3.756861016154289246e-02 5.382247641682624817e-02 -2.973943576216697693e-02 -6.362557411193847656e-02 3.516045957803726196e-02 -6.953364610671997070e-02 -4.785963892936706543e-02 -1.727182650938630104e-03 8.598732203245162964e-02 7.952994853258132935e-02 -3.644151240587234497e-02 1.029836684465408325e-01 2.288129366934299469e-02 1.461081057786941528e-01 1.160601228475570679e-01 3.513087704777717590e-02 -7.037118077278137207e-02 -3.805698454380035400e-02 -7.664287090301513672e-02 1.072972267866134644e-02 4.895821958780288696e-02 1.047121062874794006e-01 -7.445647567510604858e-02 8.626769483089447021e-02 -4.983028769493103027e-02 1.289661787450313568e-02 -5.977909895591437817e-04 7.231902331113815308e-02 -7.331280410289764404e-02 -1.382527053356170654e-01 5.679081380367279053e-02 -1.149394586682319641e-01 -8.711230941116809845e-03 -1.029640212655067444e-01 -4.800104722380638123e-02 -8.094584196805953979e-02 -3.353745862841606140e-02 2.271216362714767456e-02 -4.782212898135185242e-03 -9.221757203340530396e-02 -1.595557434484362602e-03 8.207488059997558594e-02 -8.508091419935226440e-02 -1.036671251058578491e-01 -7.443860918283462524e-02 -9.268950670957565308e-02 9.890467859804630280e-03 -3.906825557351112366e-02 7.865455001592636108e-03 -7.047763466835021973e-02 4.236171394586563110e-02 -1.110638212412595749e-02 -6.636293232440948486e-02 -5.555091053247451782e-02 9.826823323965072632e-02 -2.525155991315841675e-02 9.628763794898986816e-02 8.141777664422988892e-02 -9.499049931764602661e-02 9.850779548287391663e-03 -2.057144790887832642e-02 -1.042530760169029236e-01 8.162313699722290039e-02 2.953383885324001312e-02 -8.859074674546718597e-03
9.219174832105636597e-02 7.242286205291748047e-02 7.577488571405410767e-02 -3.594776242971420288e-02 -4.569925367832183838e-02 2.015350200235843658e-02 -9.823649376630783081e-02 1.008008420467376709e-01 5.635398253798484802e-02 -3.179591149091720581e-03 5.456381663680076599e-02 -6.554217636585235596e-02 1.989624463021755219e-02 -1.379692703485488892e-01 2.567455358803272247e-02 -8.634413778781890869e-02 -7.481700927019119263e-02 7.639337331056594849e-02 -4.430815577507019043e-02 -4.848616942763328552e-02 9.488936513662338257e-02 -7.619350403547286987e-02 -5.447276309132575989e-02 4.733118042349815369e-02 -9.478882700204849243e-02 7.292204350233078003e-02 -2.238689549267292023e-02 2.335412660613656044e-03 1.168018206954002380e-01 -1.049412786960601807e-01 -6.289661675691604614e-02 1.476826332509517670e-02 9.453517384827136993e-03 2.073150686919689178e-02 7.582835108041763306e-02 4.051503539085388184e-02 -4.717611894011497498e-02 1.009759493172168732e-03 7.806661725044250488e-02 7.636716961860656738e-02 7.905035465955734253e-02 -2.208651043474674225e-02 -9.663517586886882782e-03 5.952522158622741699e-02 -3.378176316618919373e-02 -8.058977127075195312e-02 -5.169293284416198730e-02 -7.750999182462692261e-02 7.903583347797393799e-02 -3.713754191994667053e-02 9.178352355957031250e-02 4.727861285209655762e-02 -2.624228131026029587e-03 1.213023066520690918e-02 -2.073552832007408142e-02 -9.228651970624923706e-02 3.540736809372901917e-02 -1.593980044126510620e-01 3.848413005471229553e-02 -3.696036338806152344e-02 1.446076016873121262e-02 7.956603169441223145e-02 -8.541966974735260010e-02 5.075919255614280701e-02 -9.834733605384826660e-02 -3.505819290876388550e-02 1.203253120183944702e-02 2.037439309060573578e-02 5.831743404269218445e-02 3.551177307963371277e-02 2.728051692247390747e-02 -4.390463605523109436e-02 3.322770074009895325e-02 -6.945563107728958130e-02 -6.030626222491264343e-02 -8.409550786018371582e-02 3.069931641221046448e-02 -8.104855567216873169e-02 6.466585397720336914e-02 1.067946627736091614e-01 1.843391684815287590e-03 -5.258235614746809006e-03 4.797029867768287659e-02 -8.023969829082489014e-02 -1.004105061292648315e-01 -1.034494489431381226e-01 5.430484190583229065e-02 1.221132744103670120e-02 -5.347960069775581360e-02 -2.660176903009414673e-02 5.712742358446121216e-02 -7.004749029874801636e-02 5.921023711562156677e-02 8.963056653738021851e-02 2.061891928315162659e-02 -9.449328482151031494e-02 1.465343963354825974e-02 -9.617564082145690918e-02 -3.364848718047142029e-02 2.814006293192505836e-03
-7.282610982656478882e-02 -4.049553722143173218e-02 -5.849318578839302063e-02 1.094367653131484985e-01 4.518729075789451599e-02 -1.665046997368335724e-02 6.083756312727928162e-02 -4.482023417949676514e-02 4.111054353415966034e-03 -9.466203302145004272e-02 -1.926719909533858299e-03 -3.476152196526527405e-02 -6.031452119350433350e-02 -3.655356587842106819e-03 3.035063482820987701e-02 3.265980631113052368e-02 6.084978953003883362e-02 7.486529648303985596e-02 -9.281874448060989380e-02 9.672901034355163574e-02 6.637786328792572021e-02 6.446053739637136459e-03 7.280049473047256470e-02 -8.286631107330322266e-02 6.864116340875625610e-02 7.631202042102813721e-02 -9.036950767040252686e-03 8.469288796186447144e-02 8.095867931842803955e-03 -9.988163411617279053e-02 6.616868078708648682e-02 1.523367408663034439e-02 2.952513284981250763e-03 -1.034711673855781555e-02 -2.265250496566295624e-02 1.136072576045989990e-01 -5.079661682248115540e-02 -2.111131511628627777e-02 6.817452609539031982e-02 5.703903362154960632e-02 2.514090621843934059e-03 -2.270018495619297028e-02 -4.171008989214897156e-02 4.896974191069602966e-02 -7.853829860687255859e-02 -6.426226347684860229e-02 -1.244492176920175552e-02 -7.611820846796035767e-02 7.543549686670303345e-02 -2.703760750591754913e-02 1.056566461920738220e-01 8.656029403209686279e-02 -4.227323457598686218e-02 1.599388569593429565e-02 -7.283049076795578003e-02 -3.897590935230255127e-02 3.505766391754150391e-02 1.749830693006515503e-02 8.659414947032928467e-02 6.736122071743011475e-02 -9.710169583559036255e-02 5.556183680891990662e-02 2.235348708927631378e-02 5.284217000007629395e-02 -7.413737475872039795e-03 4.734360426664352417e-02 4.048734158277511597e-02 2.174315229058265686e-02 -3.366985172033309937e-02 1.217585708945989609e-02 9.827670454978942871e-02 1.822501607239246368e-02 2.394355833530426025e-02 -3.556543029844760895e-03 9.485600143671035767e-02 -2.190175652503967285e-02 3.467642515897750854e-02 9.358955919742584229e-02 3.881923109292984009e-02 -3.471435606479644775e-02 7.138290256261825562e-02 -4.718316718935966492e-02 9.116090834140777588e-02 6.286154035478830338e-03 -4.332708939909934998e-02 6.872352957725524902e-02 5.582700297236442566e-02 -4.856597259640693665e-02 -7.085396349430084229e-02 -2.326845563948154449e-02 7.710643694736063480e-04 3.514542803168296814e-02 -1.013450231403112411e-02 5.757666751742362976e-02 8.817344903945922852e-02 6.770456582307815552e-02 -1.030605519190430641e-03 1.563998311758041382e-02 1.190054696053266525e-02 9.031098335981369019e-02
-5.207589268684387207e-02 -4.609652608633041382e-02 2.696475386619567871e-02 -1.643386785872280598e-03 4.147795587778091431e-02 -4.470025002956390381e-02 -6.685262173414230347e-02 7.862002588808536530e-03 8.763071149587631226e-02 6.601525004953145981e-03 9.540246427059173584e-02 -7.113367319107055664e-02 8.566093444824218750e-02 -5.856855958700180054e-02 6.715128570795059204e-02 1.177579909563064575e-01 3.131753578782081604e-02 3.177750483155250549e-02 -4.812375456094741821e-02 -5.764811765402555466e-03 3.617082163691520691e-02 -8.563588559627532959e-02 1.451555639505386353e-02 -6.675090640783309937e-02 4.589913412928581238e-03 3.530111908912658691e-02 -2.963547408580780029e-02 8.149828761816024780e-02 -3.405471146106719971e-02 3.546619042754173279e-02 4.829700663685798645e-02 -4.782744124531745911e-02 3.600551187992095947e-02 2.245078794658184052e-02 7.295434921979904175e-02 -4.133501648902893066e-02 -7.003164291381835938e-02 -3.545777872204780579e-02 9.258469939231872559e-02 -3.151160851120948792e-02 2.524533309042453766e-02 -4.130089282989501953e-02 -6.124245002865791321e-02 -6.720919162034988403e-02 -1.021266132593154907e-01 -6.417321413755416870e-02 -1.452777534723281860e-01 4.574279114603996277e-02 3.773576393723487854e-02 -1.054199784994125366e-01 1.879034563899040222e-02 -6.631999462842941284e-02 -8.381874859333038330e-02 -6.290428340435028076e-02 8.229776285588741302e-03 4.686440899968147278e-02 7.398355007171630859e-02 7.204308360815048218e-02 -1.114284619688987732e-01 -4.112295340746641159e-03 -1.125281378626823425e-01 1.170249562710523605e-02 -5.392906814813613892e-02 -5.858786404132843018e-02 4.197608307003974915e-02 9.718050062656402588e-02 -9.504514746367931366e-03 -6.339693069458007812e-02 -3.753673657774925232e-02 4.783305153250694275e-02 -6.590493023395538330e-02 -7.563585042953491211e-02 -5.094230175018310547e-02 -1.105001047253608704e-01 -1.104472298175096512e-02 4.524456337094306946e-02 4.881330579519271851e-02 -2.424326725304126740e-02 -1.686942577362060547e-02 1.890960708260536194e-02 1.292911730706691742e-02 8.384203910827636719e-02 -8.409426361322402954e-02 6.665700674057006836e-02 6.371936202049255371e-02 3.211418865248560905e-03 9.214008599519729614e-02 -8.318018913269042969e-02 -6.372652947902679443e-02 6.273479759693145752e-02 3.632085770368576050e-02 -6.656367331743240356e-02 -2.638471685349941254e-02 6.194628402590751648e-02 5.301754921674728394e-02 8.814303576946258545e-02 -5.650652572512626648e-02 9.336373955011367798e-02 3.293910622596740723e-02 4.383298009634017944e-02
5.756706371903419495e-02 7.872384041547775269e-02 1.870949007570743561e-02 -3.850957751274108887e-02 5.364014953374862671e-02 5.678878724575042725e-02 -8.348751068115234375e-02 -6.027749180793762207e-02 1.010158564895391464e-02 -4.434118419885635376e-02 -8.426213264465332031e-02 9.094117581844329834e-02 -3.915787860751152039e-02 -5.007867887616157532e-02 6.907399743795394897e-02 3.517391160130500793e-02 -1.108486577868461609e-02 3.950350731611251831e-02 -2.533286996185779572e-02 -2.178827486932277679e-02 2.070391736924648285e-02 -5.694934353232383728e-02 -2.489162422716617584e-02 -1.973142474889755249e-02 -9.364568442106246948e-02 -3.584043309092521667e-02 5.981625616550445557e-02 -2.064219862222671509e-02 -7.676424086093902588e-02 1.331121176481246948e-01 -1.274448335170745850e-01 -3.420248685870319605e-04 -4.549442976713180542e-02 -7.082667667418718338e-03 2.678301744163036346e-02 7.169559597969055176e-02 1.058674603700637817e-01 -9.811193495988845825e-02 -6.353451311588287354e-02 -2.459645830094814301e-02 7.688368856906890869e-02 -9.273886680603027344e-02 -6.224796175956726074e-02 -3.737737191841006279e-03 2.455141954123973846e-02 -7.435286045074462891e-02 -8.044295758008956909e-02 1.908653825521469116e-01 2.000202797353267670e-02 -2.269550226628780365e-02 1.893360354006290436e-02 -9.319798648357391357e-02 1.692407764494419098e-02 1.481628511101007462e-02 6.311683356761932373e-02 7.837345451116561890e-02 -1.650864444673061371e-02 -5.600245669484138489e-02 1.756024360656738281e-01 -9.629821032285690308e-02 5.204244703054428101e-02 -4.615344479680061340e-02 -1.023655682802200317e-01 4.646245762705802917e-02 -1.758928596973419189e-02 6.498459726572036743e-02 -2.458324283361434937e-02 1.088341549038887024e-01 -7.156091183423995972e-02 2.748534455895423889e-02 -8.474564552307128906e-02 1.022159904241561890e-01 7.501719892024993896e-02 -1.373685523867607117e-02 -7.098706811666488647e-02 8.702012896537780762e-02 3.210083022713661194e-02 -7.859822362661361694e-02 -5.759778618812561035e-02 4.392698872834444046e-03 1.655648835003376007e-02 -1.164505723863840103e-03 1.221165508031845093e-01 1.026029046624898911e-02 6.295059621334075928e-02 -6.208221614360809326e-02 -4.245158284902572632e-03 9.142606705427169800e-02 -9.052992612123489380e-02 1.080131158232688904e-02 8.255830407142639160e-02 -6.475512683391571045e-02 5.178093165159225464e-02 6.104478612542152405e-02 6.329058110713958740e-02 1.985207432880997658e-03 4.180468618869781494e-02 6.882601976394653320e-02 -1.139864791184663773e-02 2.774088457226753235e-02
-8.567795157432556152e-02 8.659683167934417725e-02 7.224071770906448364e-02 -1.467387676239013672e-01 2.858364582061767578e-02 7.172647863626480103e-03 -8.154214173555374146e-02 -2.197048068046569824e-02 1.860333234071731567e-02 -8.783736824989318848e-02 8.018051087856292725e-02 7.741972059011459351e-02 -1.089481636881828308e-01 -3.813057020306587219e-02 5.593844130635261536e-02 -2.323893085122108459e-02 -1.003804877400398254e-01 -4.768245294690132141e-02 6.561988592147827148e-02 2.575673535466194153e-02 1.719956099987030029e-02 1.113460585474967957e-01 -4.052780196070671082e-02 -1.151589676737785339e-01 1.672850362956523895e-02 -7.429467141628265381e-02 7.004022598266601562e-02 -9.205947071313858032e-02 2.636113576591014862e-02 -5.877567827701568604e-02 -2.210917510092258453e-02 7.728439755737781525e-03 1.006107497960329056e-02 6.019882485270500183e-02 -5.175566673278808594e-02 -1.006432473659515381e-01 -6.560364365577697754e-02 4.523595795035362244e-02 -4.391766618937253952e-03 5.616370588541030884e-03 -1.144540011882781982e-01 1.221046522259712219e-01 -7.754203677177429199e-02 6.135667115449905396e-02 6.089631468057632446e-02 -5.548366531729698181e-02 -4.957473650574684143e-02 1.689935661852359772e-02 1.047375705093145370e-02 1.327607482671737671e-01 -7.530459202826023102e-03 -7.669095695018768311e-02 -3.940565139055252075e-02 -1.072973087430000305e-01 4.729716107249259949e-03 -1.036135032773017883e-01 -6.446186453104019165e-02 -4.636584222316741943e-02 1.443044282495975494e-03 5.821724981069564819e-02 8.402290940284729004e-02 1.699829287827014923e-02 -4.853619262576103210e-02 7.066427916288375854e-02 5.775015801191329956e-02 -6.878010928630828857e-02 6.493227928876876831e-02 2.818702720105648041e-02 -1.337023265659809113e-02 -4.667681641876697540e-03 -5.057465657591819763e-02 -3.468597680330276489e-02 7.089040428400039673e-02 -3.211040515452623367e-03 3.840002790093421936e-02 -3.426436707377433777e-02 -1.130263954401016235e-01 3.419568017125129700e-02 -1.769176870584487915e-02 -5.999850481748580933e-02 -1.039831414818763733e-01 5.228753387928009033e-02 7.780721783638000488e-02 -5.409960821270942688e-02 2.648807130753993988e-02 -4.161107819527387619e-03 -2.437663823366165161e-02 9.013931453227996826e-02 8.045794069766998291e-02 2.911754325032234192e-02 -5.406247451901435852e-02 -6.960520148277282715e-02 -4.046785458922386169e-02 -9.207642078399658203e-02 6.176470592617988586e-02 2.887630835175514221e-02 6.092510372400283813e-02 -7.017318904399871826e-02 8.287943899631500244e-02 5.326453596353530884e-03
8.552167564630508423e-03 5.984105914831161499e-02 1.137926280498504639e-01 9.438161551952362061e-02 3.743342310190200806e-02 -9.426055848598480225e-02 -5.666735395789146423e-02 1.010664477944374084e-01 8.033386617898941040e-02 -1.091828010976314545e-02 1.122617796063423157e-01 -9.672177582979202271e-02 -5.199249088764190674e-02 -3.391875699162483215e-02 -6.074156146496534348e-03 6.599942594766616821e-02 -2.721646986901760101e-02 -3.623000532388687134e-02 7.851473242044448853e-02 -6.033231317996978760e-02 -6.519512832164764404e-02 -8.367574959993362427e-02 -3.926549106836318970e-02 -1.432504951953887939e-01 1.169345155358314514e-01 -6.944819539785385132e-02 4.184501245617866516e-03 -6.187754869461059570e-02 -8.925058692693710327e-02 3.495746478438377380e-02 3.507471084594726562e-02 8.536949008703231812e-02 1.490748301148414612e-02 5.667469277977943420e-02 8.009538799524307251e-02 4.941527731716632843e-03 -9.083860367536544800e-02 3.217854350805282593e-02 -1.252444386482238770e-01 4.157060757279396057e-02 7.230150699615478516e-02 3.380414471030235291e-02 -4.762191325426101685e-02 3.118429146707057953e-02 -2.160630375146865845e-02 -4.964479431509971619e-02 4.817856475710868835e-02 4.300462082028388977e-02 1.281895190477371216e-01 2.720564231276512146e-02 -1.817006804049015045e-02 9.633219242095947266e-02 8.314907550811767578e-02 -6.192712113261222839e-02 -3.578875213861465454e-02 -9.780880808830261230e-02 -8.510489016771316528e-02 -6.866218894720077515e-02 -5.910845100879669189e-02 -6.014358252286911011e-02 -1.044700574129819870e-02 -2.130764722824096680e-02 2.501610293984413147e-02 -1.263493299484252930e-02 3.189326450228691101e-02 -4.078022204339504242e-03 -3.206077218055725098e-02 3.095839172601699829e-02 1.828426867723464966e-02 2.398142591118812561e-02 -7.314021140336990356e-02 -3.304730728268623352e-02 -7.811783254146575928e-02 1.338694095611572266e-01 2.523927763104438782e-02 -7.630000356584787369e-03 5.254991725087165833e-02 3.377232328057289124e-02 -1.056401878595352173e-01 -1.001561582088470459e-01 9.441064670681953430e-03 -3.601295873522758484e-02 -8.888047188520431519e-02 -1.038405150175094604e-01 7.047512382268905640e-02 -2.383591607213020325e-02 -8.440144360065460205e-02 8.750844746828079224e-02 2.135900408029556274e-02 6.832528859376907349e-02 2.422240749001502991e-02 4.133330285549163818e-02 -9.234961122274398804e-02 -4.089079424738883972e-02 1.903267204761505127e-02 4.679962620139122009e-02 4.733952134847640991e-02 -5.015955120325088501e-02 -6.289944052696228027e-02 -5.467198416590690613e-02
2.426190488040447235e-02 8.915578573942184448e-02 -3.936966508626937866e-02 -1.087082922458648682e-02 -1.119857802987098694e-01 8.350560814142227173e-02 -2.760032191872596741e-02 -4.140686616301536560e-02 -5.372215807437896729e-02 1.251578330993652344e-02 6.020866706967353821e-02 1.630648039281368256e-02 -1.236752495169639587e-01 2.455474436283111572e-02 -3.991954401135444641e-02 -6.775209307670593262e-02 -1.008702516555786133e-01 -2.711683697998523712e-02 8.825076371431350708e-02 -2.806507609784603119e-02 2.990083396434783936e-02 -5.941747501492500305e-02 -2.767903544008731842e-02 7.014685869216918945e-02 -3.029137849807739258e-02 3.390482452232390642e-04 -1.421170588582754135e-02 1.944300159811973572e-02 -4.065092187374830246e-03 5.293680727481842041e-02 -2.222711592912673950e-02 3.096722625195980072e-02 6.454383581876754761e-02 -8.475191891193389893e-02 -7.701952010393142700e-02 8.800631761550903320e-02 7.492190599441528320e-02 -9.065390564501285553e-03 -4.974801465868949890e-02 2.884387411177158356e-02 -5.148962140083312988e-02 -3.202437236905097961e-02 7.158060179790481925e-05 7.638905942440032959e-02 1.424206793308258057e-02 -6.408801674842834473e-02 1.967008225619792938e-02 -6.033632159233093262e-02 1.122294440865516663e-01 8.299691230058670044e-02 5.444752797484397888e-02 5.706987902522087097e-02 -5.479030683636665344e-02 9.363017231225967407e-02 -5.206829681992530823e-02 5.156655982136726379e-02 -3.694792464375495911e-02 -9.844873845577239990e-02 -1.906626299023628235e-02 -7.619827985763549805e-02 -8.156203478574752808e-02 8.306261897087097168e-02 6.710653007030487061e-02 -7.900764793157577515e-02 4.880994930863380432e-02 3.482692316174507141e-02 -1.219957917928695679e-01 2.939528971910476685e-02 -5.879826843738555908e-02 -5.327057838439941406e-02 -2.061955817043781281e-02 6.879395991563796997e-02 -3.583336994051933289e-02 -8.956793695688247681e-02 -6.948100775480270386e-02 -1.041303798556327820e-01 -6.813159584999084473e-02 1.848756894469261169e-02 -3.902024822309613228e-03 -7.892099022865295410e-02 -8.817255496978759766e-02 -5.828698724508285522e-02 1.303864456713199615e-02 -1.535706128925085068e-02 -1.171704232692718506e-01 3.563250601291656494e-02 7.646266021765768528e-04 3.627953678369522095e-02 1.576984114944934845e-02 3.774413838982582092e-02 -4.823875799775123596e-02 8.731073886156082153e-02 2.829405851662158966e-02 -3.753587603569030762e-03 -5.880370363593101501e-02 6.997468322515487671e-02 6.300456821918487549e-02 -3.018411807715892792e-02 8.899259567260742188e-02 1.138906031847000122e-01
3.694609552621841431e-02 3.257947787642478943e-02 -5.926433205604553223e-02 -8.702082931995391846e-02 7.186984270811080933e-02 1.105741132050752640e-02 6.471451371908187866e-02 -4.161965474486351013e-02 7.168090902268886566e-03 3.380046784877777100e-02 8.762082457542419434e-02 9.087621420621871948e-02 -9.401454031467437744e-02 2.081261482089757919e-03 3.482821211218833923e-02 -1.963140815496444702e-02 4.015840590000152588e-02 -2.438405901193618774e-02 6.616324186325073242e-02 -3.137110173702239990e-02 1.062629558145999908e-02 1.378393266350030899e-02 -4.497374221682548523e-02 -9.860623627901077271e-02 2.014347724616527557e-02 8.257625624537467957e-03 2.040301449596881866e-02 -1.015714332461357117e-01 5.935197696089744568e-02 3.885106369853019714e-02 -7.064065337181091309e-02 8.513239771127700806e-02 -5.813524872064590454e-02 7.906619459390640259e-03 -6.568121910095214844e-02 -2.556891366839408875e-02 -7.392954826354980469e-02 2.056359872221946716e-02 -4.832001402974128723e-02 -8.166953176259994507e-02 -8.594574779272079468e-02 -7.119288295507431030e-02 -5.760809406638145447e-02 1.968866959214210510e-02 4.178772121667861938e-02 9.058322757482528687e-02 7.022556662559509277e-02 -5.397279933094978333e-02 3.743246197700500488e-02 -2.160131407435983419e-04 1.175761297345161438e-01 5.157592147588729858e-02 5.295566469430923462e-02 -6.013936828821897507e-03 6.550971418619155884e-02 -1.042575463652610779e-01 5.848597362637519836e-02 -2.069789730012416840e-02 -1.896170154213905334e-02 6.097924429923295975e-03 -4.129511490464210510e-02 1.385277789086103439e-02 9.703110903501510620e-02 -6.367214769124984741e-02 -9.752599895000457764e-02 8.778473734855651855e-02 1.808554492890834808e-02 -8.711463958024978638e-02 4.614481702446937561e-02 3.633987624198198318e-03 -7.350269705057144165e-02 6.309306621551513672e-02 -9.615501016378402710e-02 2.376171201467514038e-02 -6.524690240621566772e-02 7.814340293407440186e-02 -7.195346802473068237e-02 8.033674955368041992e-02 9.574857354164123535e-02 -1.085002422332763672e-01 -2.304725116118788719e-03 -4.540618881583213806e-02 -2.646071836352348328e-02 -8.788996189832687378e-02 -6.383052095770835876e-03 -5.450135096907615662e-02 -1.131213530898094177e-01 7.811114937067031860e-02 -9.548203647136688232e-02 -1.698771864175796509e-02 3.741159662604331970e-02 -3.632318228483200073e-02 -2.374538453295826912e-03 -6.251193583011627197e-02 -5.059474334120750427e-02 6.533228605985641479e-02 -8.939776569604873657e-02 -4.097676277160644531e-02 -1.388214342296123505e-02 1.083682104945182800e-02
-2.149523422122001648e-02 -4.383337870240211487e-02 3.580895066261291504e-02 7.676228880882263184e-02 1.364685036242008209e-02 3.610000759363174438e-02 6.481338292360305786e-02 -7.979843020439147949e-02 -7.626272737979888916e-03 3.929020464420318604e-02 -2.303179726004600525e-02 -7.820100337266921997e-02 5.535453185439109802e-02 -4.106665402650833130e-02 -1.812511868774890900e-02 -3.298242390155792236e-02 5.518858507275581360e-02 2.854831330478191376e-02 1.891553029417991638e-02 3.735515056177973747e-03 -3.535257279872894287e-02 1.349532604217529297e-01 3.823141381144523621e-02 -8.668440580368041992e-02 -1.157490015029907227e-01 -9.384559094905853271e-02 -1.870970427989959717e-02 4.093933850526809692e-02 -8.957795798778533936e-03 -3.556891530752182007e-02 -2.950980560854077339e-03 -5.566542223095893860e-02 -9.725470095872879028e-02 -7.366458326578140259e-02 5.357884615659713745e-02 9.648882783949375153e-03 8.713337033987045288e-02 7.212538272142410278e-02 -2.300759963691234589e-02 -3.576417639851570129e-02 2.439671568572521210e-02 1.151213869452476501e-01 -2.752802707254886627e-02 1.000322028994560242e-01 6.215289235115051270e-02 2.194585837423801422e-02 -1.055627390742301941e-01 -8.508760482072830200e-03 1.637223213911056519e-01 -3.723796084523200989e-02 1.038181483745574951e-01 4.437718167901039124e-02 -3.598229261115193367e-03 -6.553484499454498291e-02 6.101672071963548660e-03 2.300125360488891602e-02 6.803343445062637329e-02 -1.601580083370208740e-01 -3.394743055105209351e-02 8.259980380535125732e-02 -5.443655699491500854e-02 1.615939103066921234e-02 3.970688953995704651e-02 -9.794253110885620117e-02 1.552042900584638119e-03 3.152596578001976013e-02 1.241625868715345860e-03 4.385377839207649231e-02 6.127949804067611694e-02 7.973530888557434082e-02 4.400977492332458496e-02 9.078725427389144897e-02 -4.865574836730957031e-02 -6.400679051876068115e-02 -1.062626242637634277e-01 -6.091842078603804111e-04 -4.374938458204269409e-02 -1.342073641717433929e-02 -6.136978045105934143e-02 5.807247385382652283e-02 -1.156305149197578430e-02 -9.576670080423355103e-02 7.419329136610031128e-02 -9.456417709589004517e-02 3.802699595689773560e-02 6.663723289966583252e-02 6.332107633352279663e-02 1.003412455320358276e-01 3.241171315312385559e-02 7.486245036125183105e-02 -2.176008559763431549e-02 -4.583773016929626465e-02 -1.137870699167251587e-01 8.104385435581207275e-02 4.794548824429512024e-02 -2.869486575946211815e-03 4.175420850515365601e-02 -4.218769818544387817e-02 5.254378542304039001e-02 -1.225930824875831604e-01
6.555537879467010498e-02 -2.941774018108844757e-02 -4.052247852087020874e-02 7.034105807542800903e-02 -5.228005349636077881e-02 -7.052338123321533203e-02 -1.220866143703460693e-01 6.354280561208724976e-02 7.939903438091278076e-02 -6.635994464159011841e-02 -7.803776860237121582e-02 -7.284250855445861816e-02 5.825484916567802429e-02 -1.368885161355137825e-03 1.014707386493682861e-01 -2.985638938844203949e-02 7.610452920198440552e-02 9.255114942789077759e-02 9.742862731218338013e-02 -2.346886135637760162e-02 -5.273625254631042480e-02 -8.183965459465980530e-03 -7.058715820312500000e-02 1.264427136629819870e-02 -3.521883487701416016e-02 1.006423160433769226e-01 -7.637307792901992798e-02 2.918663376476615667e-04 -7.456885185092687607e-03 -3.681692853569984436e-02 3.431665524840354919e-02 4.872399941086769104e-02 -4.914665222167968750e-02 -8.132304251194000244e-02 5.747799202799797058e-02 -8.167193830013275146e-02 2.518109604716300964e-02 -5.456234514713287354e-02 -5.660553462803363800e-03 -8.677387982606887817e-02 -8.158066123723983765e-02 -5.606182664632797241e-02 -7.036294043064117432e-02 -2.703196555376052856e-02 6.571118533611297607e-02 -9.726130217313766479e-02 -6.884896755218505859e-02 7.598311174660921097e-03 1.429574377834796906e-02 4.205636680126190186e-02 1.339345127344131470e-01 -5.705808848142623901e-02 7.807341217994689941e-02 -6.439800560474395752e-02 -9.868314862251281738e-02 -1.770634204149246216e-02 -1.257281154394149780e-01 -2.801519259810447693e-02 -3.385124728083610535e-02 -6.129558011889457703e-02 2.647017873823642731e-02 4.148429725319147110e-03 4.420065507292747498e-02 -3.926113247871398926e-02 -4.125130921602249146e-02 -6.220117956399917603e-02 3.289498761296272278e-02 2.736771106719970703e-02 7.034403830766677856e-02 4.662256315350532532e-02 4.599935561418533325e-02 8.335279673337936401e-02 -9.159255027770996094e-02 -4.786469042301177979e-02 -7.184417545795440674e-02 -2.426823414862155914e-02 5.871609598398208618e-02 4.737599939107894897e-02 -5.377053841948509216e-02 2.648660168051719666e-02 -5.377918854355812073e-02 3.695233538746833801e-02 -8.046168833971023560e-02 8.646240085363388062e-02 4.163856804370880127e-02 -2.754890359938144684e-02 -7.152192294597625732e-02 -7.022000104188919067e-02 -8.284764771815389395e-05 6.453917175531387329e-02 3.320889547467231750e-02 4.045365378260612488e-02 2.859481377527117729e-03 6.759606301784515381e-02 -1.918455958366394043e-02 4.872612655162811279e-03 5.716139078140258789e-02 5.226522684097290039e-02 -2.360774949193000793e-02 3.217061236500740051e-02
-2.641359530389308929e-02 -6.188202649354934692e-02 3.744437918066978455e-02 3.850788623094558716e-02 6.807646155357360840e-02 -2.602037042379379272e-02 9.230054914951324463e-02 5.535235628485679626e-02 -2.171345241367816925e-02 -1.489451969973742962e-03 5.724466219544410706e-02 -9.111454337835311890e-02 4.547711834311485291e-02 4.809622466564178467e-02 -3.315250575542449951e-02 -8.817365020513534546e-02 8.758354187011718750e-02 3.495513647794723511e-02 6.836707890033721924e-02 -6.335829943418502808e-02 -3.805669397115707397e-02 7.188703119754791260e-02 1.061843782663345337e-01 5.022199079394340515e-02 7.126474380493164062e-02 -8.761651813983917236e-02 -4.696239903569221497e-02 -2.031217329204082489e-03 -5.980446934700012207e-02 -5.756796151399612427e-02 8.111068606376647949e-02 -7.205221336334943771e-03 1.111824810504913330e-02 7.937561720609664917e-02 6.394859403371810913e-02 9.554918110370635986e-02 -7.918950915336608887e-02 -8.346386998891830444e-02 -3.579900413751602173e-02 -4.814863577485084534e-02 5.149618722498416901e-03 3.923403099179267883e-02 5.179619416594505310e-02 8.743345737457275391e-02 -8.442638441920280457e-03 -1.359234284609556198e-02 2.232563681900501251e-02 -4.876974970102310181e-02 9.905841946601867676e-02 -2.502379007637500763e-02 -9.652612358331680298e-02 2.584413811564445496e-02 -7.670491188764572144e-02 3.812014311552047729e-02 -1.246836408972740173e-01 -2.778190560638904572e-02 -6.469536572694778442e-02 -6.728596240282058716e-02 -5.634025484323501587e-02 3.762812539935112000e-02 -6.516525149345397949e-02 5.776567384600639343e-02 -6.563641130924224854e-02 -3.983987495303153992e-02 2.414588630199432373e-02 -1.602085307240486145e-02 -6.839986145496368408e-02 1.043951734900474548e-01 -9.161264449357986450e-02 -4.132810980081558228e-02 1.903159730136394501e-02 -2.536587789654731750e-02 5.694618076086044312e-02 4.378822073340415955e-02 4.929785057902336121e-02 -4.308069869875907898e-02 8.328599482774734497e-02 9.709465503692626953e-02 4.749468062072992325e-04 1.411928050220012665e-02 6.668972223997116089e-02 -9.684757143259048462e-02 -3.552928566932678223e-02 2.578774839639663696e-02 3.405693173408508301e-02 -1.898388192057609558e-02 -1.443765778094530106e-02 -9.897215664386749268e-02 -6.971216946840286255e-02 8.571875095367431641e-02 1.444381289184093475e-02 -3.869139775633811951e-02 -9.823901951313018799e-02 2.625486440956592560e-02 -6.970639526844024658e-02 -7.689969241619110107e-02 -1.190876215696334839e-02 1.651531271636486053e-02 -3.072633780539035797e-02 -6.236133631318807602e-03
-8.520741760730743408e-02 -2.747200615704059601e-02 1.047733128070831299e-01 6.606577336788177490e-02 8.021403849124908447e-02 -1.904053613543510437e-02 -8.652681112289428711e-02 8.866108953952789307e-02 -6.864620954729616642e-04 7.884464412927627563e-02 -1.020916551351547241e-01 4.137700051069259644e-02 9.541192650794982910e-02 6.297586858272552490e-02 -8.718986064195632935e-02 -2.824316546320915222e-02 -3.334084525704383850e-02 1.006933003664016724e-01 7.986476272344589233e-02 5.353519320487976074e-02 1.089114174246788025e-01 -2.676486968994140625e-02 8.904984593391418457e-02 -8.513315021991729736e-02 5.399840697646141052e-02 -8.354713767766952515e-02 -6.142806634306907654e-02 -7.417633384466171265e-02 -3.533469885587692261e-02 -4.935846850275993347e-02 5.396071076393127441e-02 2.963982149958610535e-02 1.027586162090301514e-01 1.488590147346258163e-02 -5.749682337045669556e-02 9.346258640289306641e-02 4.738673940300941467e-02 -8.999757468700408936e-02 -1.148234680294990540e-01 -3.518081828951835632e-02 6.435419432818889618e-03 -7.261163741350173950e-02 2.428897842764854431e-02 -7.874866575002670288e-02 7.963848114013671875e-02 4.822434484958648682e-02 3.328844532370567322e-02 1.433716062456369400e-02 -1.265911478549242020e-02 -7.033721357583999634e-02 -7.648902386426925659e-02 -1.059929504990577698e-01 -2.321239002048969269e-02 8.228431642055511475e-02 -6.824517250061035156e-02 -8.498501777648925781e-02 -1.058733742684125900e-02 1.031727902591228485e-02 -1.057533398270606995e-01 -8.203890919685363770e-02 7.564860582351684570e-02 -8.976772427558898926e-02 -4.303631186485290527e-02 -7.779638469219207764e-02 2.758842892944812775e-03 5.032679066061973572e-02 -6.844028085470199585e-02 -5.363866686820983887e-02 -8.462329953908920288e-02 5.273670703172683716e-02 -1.870718225836753845e-02 5.157968401908874512e-02 9.141439944505691528e-02 -1.032849028706550598e-01 -6.477452116087079048e-04 6.298933178186416626e-02 -1.383122988045215607e-02 -8.190862834453582764e-02 4.931953921914100647e-02 1.041647270321846008e-01 1.346489880234003067e-02 -1.022064127027988434e-03 -7.351463660597801208e-03 2.677462436258792877e-02 -2.582711912691593170e-02 -5.099620670080184937e-02 5.400643218308687210e-03 8.189699053764343262e-02 -4.154940601438283920e-03 -1.339720636606216431e-01 1.021384298801422119e-01 9.005102515220642090e-02 -2.475684508681297302e-02 7.864283770322799683e-02 -6.242391653358936310e-03 7.139873504638671875e-02 -2.080160193145275116e-02 5.162870511412620544e-02 4.436151310801506042e-02 2.714893198572099209e-04
-5.064591020345687866e-02 6.823720782995223999e-02 -7.722692564129829407e-03 5.710280314087867737e-02 -2.837805636227130890e-02 -2.619133889675140381e-02 9.224233031272888184e-02 -3.514822572469711304e-02 1.018726378679275513e-01 2.148523181676864624e-02 -7.291853427886962891e-02 3.090859623625874519e-03 -2.884431369602680206e-02 -2.204233082011342049e-03 1.113879866898059845e-02 -3.244424611330032349e-02 -1.016213223338127136e-01 -6.969518959522247314e-02 -2.782901935279369354e-02 -4.323876276612281799e-02 -3.145128861069679260e-02 1.486597233451902866e-03 5.197982862591743469e-02 -1.214660331606864929e-02 -6.722807884216308594e-02 -5.387961864471435547e-02 5.015103146433830261e-02 8.081552386283874512e-02 -8.903509937226772308e-03 4.955111816525459290e-02 5.906040593981742859e-02 1.404285896569490433e-02 2.332735806703567505e-02 4.114211723208427429e-02 -2.181174419820308685e-02 2.914276346564292908e-02 -2.104893140494823456e-02 1.048456132411956787e-02 -4.483749624341726303e-03 -8.682507276535034180e-02 3.998792171478271484e-02 3.212339058518409729e-02 -7.079381495714187622e-02 6.018245220184326172e-02 4.893962666392326355e-02 -2.284017577767372131e-02 6.307241320610046387e-02 -6.575864553451538086e-02 1.015826314687728882e-01 1.002514958381652832e-01 -4.451588913798332214e-02 8.586055785417556763e-02 -1.664734072983264923e-02 -2.323153056204319000e-02 -1.090891957283020020e-01 -1.915278472006320953e-02 -2.352480217814445496e-02 -6.439018249511718750e-02 5.118529871106147766e-02 8.531772345304489136e-02 -6.978521496057510376e-02 -1.075432896614074707e-01 4.225911200046539307e-02 1.893637888133525848e-02 -3.731444012373685837e-03 5.958590283989906311e-02 -7.738418877124786377e-02 2.225974015891551971e-02 8.321757614612579346e-02 -1.104554533958435059e-02 7.561487704515457153e-02 -4.395785555243492126e-02 1.019546110183000565e-02 6.143388152122497559e-02 7.903932780027389526e-02 2.725643478333950043e-02 8.578734472393989563e-03 7.408025860786437988e-02 -8.390086144208908081e-02 8.054815977811813354e-02 6.826308090239763260e-03 -1.190134063363075256e-01 -9.526211023330688477e-02 1.391313970088958740e-02 4.424908664077520370e-03 7.688096165657043457e-02 -3.610068932175636292e-02 1.382717210799455643e-02 -8.542783558368682861e-02 9.428838640451431274e-02 5.103621631860733032e-02 5.670231580734252930e-02 8.067381381988525391e-02 1.729771681129932404e-02 8.831133693456649780e-02 6.941595673561096191e-02 -1.054458022117614746e-01 3.455309942364692688e-02 -4.406206309795379639e-02 6.664474308490753174e-02
-6.782867759466171265e-02 4.812471196055412292e-02 5.210837721824645996e-02 -6.868235766887664795e-02 8.653133362531661987e-02 1.616191677749156952e-02 9.491688758134841919e-02 6.990835070610046387e-02 -1.084177941083908081e-02 8.688173256814479828e-03 -6.765119731426239014e-02 -2.572503313422203064e-02 9.506148844957351685e-02 1.010746732354164124e-01 8.502742648124694824e-02 -1.185800656676292419e-01 1.062387600541114807e-02 -2.293022163212299347e-02 1.115514244884252548e-02 -1.102766841650009155e-01 3.694726154208183289e-02 -1.660357043147087097e-02 -4.098886623978614807e-02 -7.506395131349563599e-02 8.835547417402267456e-02 7.125744223594665527e-02 7.558310776948928833e-02 4.865422099828720093e-02 -9.679058194160461426e-02 4.119863361120223999e-02 5.899608880281448364e-02 -9.235941618680953979e-02 1.309681832790374756e-01 -6.644546985626220703e-02 -1.129749417304992676e-01 -6.181925907731056213e-02 -1.652814634144306183e-02 5.809132009744644165e-02 -8.155818283557891846e-02 8.732904493808746338e-02 -9.793010354042053223e-02 -7.773102819919586182e-02 -2.202810905873775482e-02 1.826321473345160484e-03 4.983015824109315872e-03 9.602715075016021729e-02 -1.431525405496358871e-02 -6.621378473937511444e-03 1.154854148626327515e-01 4.962456412613391876e-03 -5.649149790406227112e-02 -2.653102576732635498e-02 -1.008837223052978516e-01 3.952871263027191162e-02 7.590731978416442871e-02 1.656904816627502441e-02 8.878298103809356689e-02 6.808252632617950439e-02 -4.597303271293640137e-02 1.458529829978942871e-01 -8.876523375511169434e-02 4.675783962011337280e-02 4.966658353805541992e-02 -1.045724935829639435e-02 1.308410800993442535e-02 2.712105773389339447e-02 1.050550788640975952e-01 -9.575921576470136642e-04 5.247352179139852524e-03 4.504585266113281250e-02 -4.345338419079780579e-02 7.469005882740020752e-02 -9.463890641927719116e-02 -1.380596160888671875e-01 -3.515664860606193542e-02 5.245058983564376831e-02 6.825836608186364174e-04 1.512058661319315434e-04 9.059393405914306641e-02 -5.300169065594673157e-02 -9.876667708158493042e-02 -1.500326325185596943e-03 5.275269225239753723e-02 7.265934348106384277e-02 1.158751267939805984e-02 -3.666711598634719849e-02 3.856625035405158997e-02 -4.388743638992309570e-02 6.438669562339782715e-02 -4.979722201824188232e-02 9.749924391508102417e-02 2.806270495057106018e-02 7.004971057176589966e-02 -2.912195771932601929e-02 2.828468009829521179e-02 6.271529197692871094e-02 -4.509611800312995911e-02 -5.041017755866050720e-02 -2.774948067963123322e-02 -3.385208174586296082e-02
-5.808174982666969299e-02 -3.249527886509895325e-02 -4.764477536082267761e-02 7.422206550836563110e-02 3.895492479205131531e-02 -3.566807508468627930e-02 -8.328671753406524658e-02 1.598351448774337769e-02 -6.014081835746765137e-02 1.118197292089462280e-01 -1.403364632278680801e-02 -4.214477725327014923e-03 -6.800640374422073364e-02 -4.595655575394630432e-02 5.060778930783271790e-02 6.424690037965774536e-02 9.064309298992156982e-02 -5.288618803024291992e-02 7.703531533479690552e-02 -1.586186327040195465e-02 6.300413608551025391e-02 5.458046868443489075e-02 1.230499446392059326e-01 -1.739055290818214417e-02 -2.303563058376312256e-02 2.936513163149356842e-02 2.751687727868556976e-02 3.532698005437850952e-02 5.989217013120651245e-02 -6.496220827102661133e-02 -4.736752063035964966e-02 6.470406800508499146e-02 2.233382314443588257e-03 -1.119770407676696777e-01 5.984796211123466492e-02 -7.445683330297470093e-02 -1.154090538620948792e-01 -5.243288725614547729e-02 -3.309516469016671181e-04 -6.961286067962646484e-02 -1.053233072161674500e-01 -3.573615103960037231e-02 4.583299160003662109e-02 5.859819427132606506e-02 5.956334620714187622e-02 5.177355930209159851e-02 7.773187756538391113e-02 -1.287817209959030151e-02 3.117812983691692352e-02 9.670765697956085205e-02 -7.553575187921524048e-02 -9.733199328184127808e-02 -4.186558723449707031e-02 -4.952535778284072876e-02 -2.295554429292678833e-01 -1.147906556725502014e-01 -1.191870719194412231e-01 1.027546264231204987e-02 -1.222664043307304382e-01 -4.174957424402236938e-02 -1.273274142295122147e-02 3.089136816561222076e-02 -6.873282790184020996e-02 8.058869093656539917e-02 3.422030806541442871e-02 6.491582840681076050e-02 1.022915393114089966e-01 -6.710354238748550415e-02 -7.864398509263992310e-02 -1.116829812526702881e-01 1.023520678281784058e-01 -2.337798103690147400e-02 -8.322281390428543091e-02 -8.714016526937484741e-02 -3.012411668896675110e-02 8.088313043117523193e-02 1.622958853840827942e-02 3.950108960270881653e-02 6.786774098873138428e-02 2.584285661578178406e-02 5.877643451094627380e-02 -1.788604818284511566e-02 -7.146911323070526123e-02 -2.053059451282024384e-02 -1.366357319056987762e-03 1.509059336967766285e-03 -7.587684690952301025e-02 -6.458684802055358887e-02 1.800468936562538147e-02 1.333281211555004120e-02 -5.615255981683731079e-02 9.922642260789871216e-02 -7.676942646503448486e-02 8.809725195169448853e-02 6.688301265239715576e-02 -4.775609448552131653e-02 6.035556551069021225e-03 1.074364483356475830e-01 1.249395217746496201e-02 -1.467523872852325439e-01
2.173187211155891418e-02 6.460478901863098145e-02 5.201321467757225037e-02 -1.308133304119110107e-01 1.101345121860504150e-01 -3.163707256317138672e-02 -4.429229721426963806e-02 4.492358118295669556e-02 1.165645495057106018e-01 -5.648885667324066162e-02 4.523147642612457275e-02 -5.937848985195159912e-02 -5.357136577367782593e-02 1.246412247419357300e-01 9.550935029983520508e-02 3.780535608530044556e-02 -9.290853142738342285e-02 -4.008603841066360474e-02 6.900951266288757324e-02 -1.932686427608132362e-03 -1.471315696835517883e-02 1.213494986295700073e-01 -7.840304821729660034e-02 4.185347631573677063e-02 3.506027394905686378e-03 -5.042095109820365906e-02 -1.072937250137329102e-01 -3.589351847767829895e-02 -8.518024533987045288e-02 -7.300935685634613037e-02 -3.164502605795860291e-02 9.889512322843074799e-03 -1.039638929069042206e-02 -3.516815230250358582e-02 -5.256048403680324554e-03 1.302543580532073975e-01 -5.742208100855350494e-03 7.385154068470001221e-02 3.298755502328276634e-03 2.351249009370803833e-02 -8.299345523118972778e-02 9.789027273654937744e-02 -9.618338197469711304e-02 1.003335788846015930e-01 -6.883309036493301392e-02 8.134061098098754883e-02 -6.563763320446014404e-02 -3.329267725348472595e-02 -1.074574813246726990e-01 -1.401599496603012085e-02 -1.048390343785285950e-01 7.572160661220550537e-02 -8.373506367206573486e-02 -5.759063735604286194e-02 2.866632677614688873e-02 9.407600015401840210e-02 -3.751807659864425659e-02 -1.451956927776336670e-01 1.752558052539825439e-01 -1.219414919614791870e-01 -1.156886108219623566e-02 -9.572988748550415039e-02 3.583267331123352051e-02 -6.424198299646377563e-02 -7.441622018814086914e-02 -4.812791198492050171e-02 -2.168991789221763611e-02 3.008576110005378723e-02 -5.498941987752914429e-02 -1.993443630635738373e-02 1.832919940352439880e-02 7.104889303445816040e-02 1.391522702760994434e-03 -4.816908389329910278e-02 -6.373664736747741699e-02 2.023881822824478149e-01 1.356627140194177628e-02 -2.485096268355846405e-02 -7.420038804411888123e-03 -2.289514243602752686e-02 4.837109707295894623e-03 7.902045547962188721e-02 -3.323993459343910217e-02 -2.498065121471881866e-02 -9.330576658248901367e-02 8.010787516832351685e-02 -8.258265256881713867e-02 8.757390826940536499e-02 -1.829883083701133728e-02 -4.224429279565811157e-02 2.312266826629638672e-02 5.762516520917415619e-03 -1.058191955089569092e-01 -6.409312039613723755e-02 5.709016323089599609e-02 -4.530846700072288513e-02 -8.188772201538085938e-02 -5.059912055730819702e-02 -1.076935604214668274e-01 6.545478850603103638e-02
3.251107037067413330e-02 -5.677941441535949707e-02 -1.603306643664836884e-02 8.843195438385009766e-02 -3.213224932551383972e-02 -2.725060097873210907e-02 5.283729359507560730e-02 -4.198216646909713745e-02 8.843407034873962402e-02 -6.864674389362335205e-02 2.341795712709426880e-03 7.129123900085687637e-03 4.385125357657670975e-03 1.003787219524383545e-01 1.786843687295913696e-02 -5.805319547653198242e-02 -7.033918052911758423e-02 6.743063684552907944e-03 2.825395576655864716e-02 2.449342608451843262e-02 -2.747972123324871063e-02 -6.669931113719940186e-02 -4.045001789927482605e-02 4.338450729846954346e-02 5.386456847190856934e-02 1.946205087006092072e-02 -5.124657228589057922e-02 -5.077384784817695618e-02 -1.746388338506221771e-02 -3.013054467737674713e-02 -9.575355798006057739e-02 -7.225954532623291016e-02 5.058445036411285400e-02 -1.730480929836630821e-03 5.571832880377769470e-02 1.866188645362854004e-02 -5.564986541867256165e-02 3.060827963054180145e-02 -5.568827688694000244e-02 -5.811033397912979126e-02 4.565642401576042175e-02 -6.275022029876708984e-02 -7.788849622011184692e-02 -5.993596464395523071e-02 -6.054692342877388000e-02 -1.054395139217376709e-01 7.904664427042007446e-02 -8.070114254951477051e-02 3.854418545961380005e-02 1.154838427901268005e-01 7.711146026849746704e-02 5.856028199195861816e-02 1.190017536282539368e-01 7.140249758958816528e-02 -5.608120933175086975e-02 3.744278103113174438e-02 1.184721663594245911e-02 2.259435690939426422e-02 2.421770710498094559e-03 1.183205470442771912e-02 -5.657752975821495056e-02 -3.183559328317642212e-02 -1.008254885673522949e-01 -8.378247171640396118e-02 -5.098005384206771851e-02 3.975002840161323547e-02 -7.208814471960067749e-02 -2.340412884950637817e-02 -1.085700541734695435e-01 -2.885119058191776276e-02 1.080808192491531372e-01 9.161077439785003662e-03 -1.007331758737564087e-01 -5.889425426721572876e-02 -1.550733670592308044e-02 4.098165407776832581e-02 4.063469916582107544e-02 -5.509329214692115784e-02 6.312104314565658569e-02 -3.243426606059074402e-02 -1.110863089561462402e-01 -3.359455242753028870e-02 1.402805559337139130e-02 6.775783002376556396e-02 6.440874189138412476e-02 -1.212483178824186325e-02 7.016854826360940933e-03 2.378424443304538727e-02 -7.543580234050750732e-02 4.281127452850341797e-02 5.898339301347732544e-02 5.262722074985504150e-02 -8.871502429246902466e-02 5.759864673018455505e-02 9.057522565126419067e-02 3.332005813717842102e-02 -1.187792606651782990e-02 -3.394610481336712837e-03 3.187215328216552734e-02 3.040415979921817780e-02
4.495029523968696594e-02 1.281623691320419312e-01 -2.455160580575466156e-02 2.318208664655685425e-02 -4.127380624413490295e-02 1.118453219532966614e-01 -3.263159096240997314e-02 5.196994170546531677e-02 4.146375879645347595e-02 4.690894484519958496e-02 1.559892743825912476e-01 4.120836034417152405e-02 -5.640939623117446899e-02 1.124841347336769104e-02 -9.011955559253692627e-02 -1.551510542631149292e-01 6.535924226045608521e-02 1.141687203198671341e-02 1.775811612606048584e-02 1.946750730276107788e-01 -7.455271668732166290e-03 -4.972294718027114868e-02 5.394900217652320862e-02 1.052153185009956360e-01 -7.452467083930969238e-02 2.186708338558673859e-02 9.545762091875076294e-02 -4.222357645630836487e-02 1.105154976248741150e-01 2.122478559613227844e-02 3.434102982282638550e-02 -6.461911648511886597e-02 2.140981703996658325e-02 -5.359972640872001648e-02 -2.917524613440036774e-02 1.423618756234645844e-02 -5.307704210281372070e-02 -3.773575276136398315e-02 7.543705403804779053e-02 8.926409482955932617e-02 4.340743646025657654e-02 -7.431269437074661255e-02 -5.603442713618278503e-02 1.654048077762126923e-02 2.700990997254848480e-02 -2.304409258067607880e-02 3.891561552882194519e-02 -7.559293508529663086e-02 6.705597788095474243e-02 8.660414069890975952e-02 1.152075156569480896e-01 -3.777575120329856873e-02 2.049718424677848816e-02 5.617252737283706665e-02 6.021491810679435730e-02 -7.348520308732986450e-02 -1.258983165025711060e-01 5.035892874002456665e-02 -1.206184830516576767e-02 -1.337981373071670532e-01 6.081996485590934753e-03 -9.479887783527374268e-02 -7.088306546211242676e-02 -1.001733839511871338e-01 1.329832673072814941e-01 -9.150283038616180420e-02 -7.326616346836090088e-02 -6.702692061662673950e-02 -1.132387146353721619e-01 4.959475994110107422e-02 1.126000583171844482e-01 -8.382689207792282104e-02 -9.713026136159896851e-02 1.276975423097610474e-01 1.927321031689643860e-02 -3.378301626071333885e-03 7.841823250055313110e-02 -5.040481686592102051e-03 -8.378583192825317383e-02 4.778996855020523071e-02 -1.038375049829483032e-01 1.574101857841014862e-02 -1.048557683825492859e-01 -2.750767208635807037e-02 -5.389356240630149841e-02 4.132754355669021606e-02 3.354902565479278564e-02 5.642384290695190430e-02 3.934494405984878540e-02 -1.596517860889434814e-02 1.830772962421178818e-03 -6.796067580580711365e-03 -3.355676680803298950e-02 4.047298803925514221e-02 9.824383258819580078e-02 -9.818693250417709351e-02 -3.219469264149665833e-02 1.858085580170154572e-02 1.012168452143669128e-01 1.218878924846649170e-01
-4.625690355896949768e-02 -4.229517653584480286e-02 2.591754309833049774e-02 -6.093630567193031311e-02 6.617582589387893677e-02 9.522934257984161377e-02 9.069870412349700928e-02 9.619943797588348389e-02 -5.630824714899063110e-02 4.626391083002090454e-02 7.539965212345123291e-02 -7.187034934759140015e-03 1.066527739167213440e-01 -8.198823034763336182e-02 -8.104006946086883545e-02 3.253679824410937726e-05 6.574090570211410522e-02 2.268564142286777496e-02 -1.075438782572746277e-01 -5.468160286545753479e-02 -2.506870403885841370e-02 -1.420886665582656860e-01 3.859397396445274353e-02 4.657411947846412659e-02 -7.316442579030990601e-02 -6.165739521384239197e-02 -2.959846705198287964e-02 -2.073960565030574799e-02 1.127093657851219177e-01 -1.724403910338878632e-02 6.467365473508834839e-02 -4.361335188150405884e-02 3.570190072059631348e-02 6.509430706501007080e-02 9.270798414945602417e-02 1.128430664539337158e-02 -3.460340574383735657e-02 -2.920769900083541870e-02 6.062958855181932449e-03 -4.946462437510490417e-02 -5.547383055090904236e-02 -7.136768847703933716e-02 -2.201761677861213684e-02 2.566043101251125336e-02 -6.444439291954040527e-02 -7.376356050372123718e-03 -1.738644577562808990e-02 1.231940649449825287e-02 6.204436719417572021e-02 -7.562996353954076767e-03 -2.895964309573173523e-02 -3.510648384690284729e-03 2.169056795537471771e-02 -1.014365553855895996e-01 2.411574684083461761e-02 6.854720413684844971e-02 8.281939662992954254e-03 7.429145276546478271e-02 -8.329682052135467529e-02 -1.014294009655714035e-02 -7.513776421546936035e-02 6.925527006387710571e-02 6.330799311399459839e-02 7.460307329893112183e-02 -2.530620992183685303e-02 -1.378607377409934998e-02 -3.370279446244239807e-02 7.773441821336746216e-02 3.533251211047172546e-02 7.835414260625839233e-02 -2.515774965286254883e-02 -7.993450015783309937e-02 7.010009884834289551e-02 -1.588919945061206818e-02 -6.337894499301910400e-02 -3.728131204843521118e-02 1.907249726355075836e-02 -5.845874547958374023e-02 4.377481341361999512e-02 8.131299912929534912e-02 -6.688152998685836792e-02 6.760978698730468750e-02 4.562781006097793579e-02 3.268221765756607056e-02 -1.972319185733795166e-02 9.131146222352981567e-02 -6.267589330673217773e-02 8.430562913417816162e-02 -3.910364210605621338e-02 -9.797249367693439126e-05 -6.307557225227355957e-02 -1.013176143169403076e-01 -4.455247148871421814e-02 -9.119706600904464722e-02 -3.469812870025634766e-02 2.611129917204380035e-02 3.841510042548179626e-02 -1.060908287763595581e-01 2.220917865633964539e-02 -6.430787593126296997e-02
5.920575931668281555e-02 5.322604253888130188e-02 1.234335154294967651e-01 -5.964414775371551514e-02 6.558854877948760986e-02 -3.387225046753883362e-02 -8.527793735265731812e-02 -8.007545769214630127e-02 -6.277181953191757202e-02 2.251757867634296417e-02 -7.220906764268875122e-02 7.042798399925231934e-02 1.011898964643478394e-01 1.561309490352869034e-02 -4.140156507492065430e-02 -3.686559945344924927e-02 7.170779258012771606e-02 4.077281802892684937e-02 -2.224751003086566925e-02 -6.952643394470214844e-02 1.005136370658874512e-01 7.618775963783264160e-02 7.670763880014419556e-02 -2.237464534118771553e-03 1.054665595293045044e-01 8.838914334774017334e-02 -1.027799621224403381e-01 1.175928637385368347e-01 -4.425534978508949280e-02 9.905901551246643066e-02 -2.312783710658550262e-02 -7.816044986248016357e-02 1.033231802284717560e-02 8.592273108661174774e-03 5.148345232009887695e-02 -6.895519793033599854e-02 -9.183666855096817017e-02 4.681817255914211273e-03 8.223801851272583008e-02 8.594549447298049927e-02 8.300916291773319244e-03 4.448441043496131897e-02 -7.640543393790721893e-03 2.618990652263164520e-02 -9.320969134569168091e-02 5.471732839941978455e-02 6.407751888036727905e-02 -4.588540643453598022e-02 1.051591560244560242e-01 -4.928972572088241577e-02 -3.838343545794487000e-02 -9.730786830186843872e-02 2.664469555020332336e-02 4.115047305822372437e-02 5.446198862046003342e-03 3.372484073042869568e-02 -3.510314971208572388e-02 -1.474500168114900589e-02 -4.047759249806404114e-02 -1.742134243249893188e-02 8.823318639770150185e-04 2.682754024863243103e-02 -2.991885878145694733e-02 -9.400187432765960693e-02 -3.202600032091140747e-02 3.399299830198287964e-02 -5.283313337713479996e-03 -9.551525115966796875e-02 7.100082933902740479e-02 5.532876029610633850e-02 -5.642074719071388245e-02 3.800458833575248718e-02 1.485751592554152012e-03 -8.709524571895599365e-02 -9.156830608844757080e-02 3.597452864050865173e-02 -7.804696261882781982e-02 7.053773105144500732e-02 -8.164927363395690918e-02 -3.308185189962387085e-02 9.408351778984069824e-02 7.220376282930374146e-03 -6.740881502628326416e-02 1.023814547806978226e-02 1.102067157626152039e-01 1.628014743328094482e-01 1.559359859675168991e-02 -3.282278031110763550e-02 -2.207496576011180878e-02 2.729402296245098114e-02 2.834314852952957153e-02 -1.193642336875200272e-02 1.703798584640026093e-02 1.280145160853862762e-02 -4.257579799741506577e-03 -9.129030257463455200e-02 4.622282832860946655e-02 1.097978800535202026e-01 1.604050770401954651e-02 -8.994960784912109375e-02
5.183820426464080811e-02 -2.074017102131620049e-04 -1.042810529470443726e-01 -9.928935021162033081e-02 -7.696332037448883057e-02 -1.114739105105400085e-01 -3.076730063185095787e-03 9.010720066726207733e-03 3.340703994035720825e-02 -2.679919591173529625e-03 -7.206719368696212769e-02 6.137320771813392639e-03 -8.426517993211746216e-02 -7.111483067274093628e-02 6.897792965173721313e-02 2.821369655430316925e-02 -3.072711639106273651e-02 1.019923761487007141e-01 7.036595488898456097e-04 4.486253485083580017e-03 -8.651995658874511719e-02 -1.694802381098270416e-02 -1.055246368050575256e-01 3.871992602944374084e-02 2.617532387375831604e-02 -3.459998220205307007e-02 -8.373322337865829468e-02 5.722655355930328369e-02 1.018365938216447830e-02 -5.873885005712509155e-02 5.292301252484321594e-02 -6.424141582101583481e-03 -4.070948809385299683e-03 -4.450866021215915680e-03 -5.065754801034927368e-02 -5.933713912963867188e-02 2.985437959432601929e-02 1.577545143663883209e-02 7.444063201546669006e-03 6.803999841213226318e-02 -1.844094134867191315e-02 7.534585148096084595e-02 4.430095478892326355e-02 1.027990505099296570e-01 3.874465078115463257e-02 1.654369384050369263e-02 -5.857094377279281616e-02 -5.216589197516441345e-02 1.099001616239547729e-01 8.187234401702880859e-02 2.626622654497623444e-02 -7.842876017093658447e-02 2.499261684715747833e-02 6.859436631202697754e-02 9.638349711894989014e-02 -5.810807459056377411e-03 2.544122375547885895e-02 6.852348148822784424e-02 -3.154975920915603638e-02 2.109482185915112495e-03 -5.627660453319549561e-02 3.601654618978500366e-02 -4.837857186794281006e-02 4.767459258437156677e-02 -6.554867327213287354e-02 -4.640695825219154358e-02 3.673777356743812561e-02 9.571541100740432739e-02 -5.527823418378829956e-02 2.970724552869796753e-02 8.971470594406127930e-02 -3.538899123668670654e-03 -2.747110277414321899e-02 8.238539844751358032e-02 3.298734501004219055e-02 -2.046206966042518616e-02 7.156796008348464966e-02 -3.427487239241600037e-02 4.683041479438543320e-03 4.553962126374244690e-02 -1.531420368701219559e-02 2.401592768728733063e-02 -4.555280879139900208e-02 -9.613058716058731079e-02 2.110669389367103577e-03 -3.731280565261840820e-02 -9.711321443319320679e-02 8.221782743930816650e-02 -8.094465732574462891e-02 3.244624659419059753e-02 -3.657227382063865662e-02 1.733272522687911987e-02 -1.626745797693729401e-02 -4.963978379964828491e-02 4.879903793334960938e-02 2.273520827293395996e-02 5.896573886275291443e-02 -5.728092417120933533e-02 -1.977544464170932770e-02 -9.499967098236083984e-02
-4.916173964738845825e-02 8.436612784862518311e-03 1.818158430978655815e-03 1.627604593522846699e-03 4.733815044164657593e-02 -9.264006279408931732e-03 -5.333234369754791260e-02 3.928053751587867737e-02 -3.889640420675277710e-02 8.243530243635177612e-02 -8.328240364789962769e-03 -6.573171820491552353e-03 -4.126749932765960693e-02 7.941143214702606201e-02 -1.791701279580593109e-02 9.964998066425323486e-02 -3.999260812997817993e-02 9.182570874691009521e-02 -7.982660830020904541e-02 -8.174454420804977417e-02 -4.151034634560346603e-03 6.279996037483215332e-02 -7.631483674049377441e-02 1.091391071677207947e-01 -6.968682259321212769e-02 -8.685596287250518799e-02 4.486506059765815735e-02 9.108765423297882080e-02 -1.034167632460594177e-01 -7.124480605125427246e-02 9.713377058506011963e-02 4.343596473336219788e-02 -6.753423064947128296e-02 -6.806144863367080688e-02 3.223982080817222595e-02 -1.708985865116119385e-02 6.114812567830085754e-02 -3.329192474484443665e-02 1.118454262614250183e-01 6.919100880622863770e-02 6.656563282012939453e-02 1.250743567943572998e-01 -5.160504207015037537e-02 5.816622823476791382e-02 2.909933030605316162e-02 -9.774299710988998413e-02 -8.481057733297348022e-02 2.235601283609867096e-02 3.502322733402252197e-02 -6.569750141352415085e-03 -3.492625430226325989e-02 8.016983047127723694e-03 1.099304631352424622e-01 1.162968389689922333e-02 -9.301361441612243652e-02 7.415328174829483032e-02 -9.420792339369654655e-04 1.773677021265029907e-01 -6.760717928409576416e-02 5.786187574267387390e-02 6.545559503138065338e-03 -1.427255664020776749e-02 -1.064938157796859741e-01 2.952842786908149719e-02 -6.785557419061660767e-02 -5.104998871684074402e-02 -6.618489325046539307e-02 -1.368910726159811020e-02 5.602472648024559021e-02 -6.606040894985198975e-02 1.174056250602006912e-02 -4.948202520608901978e-02 -4.986882209777832031e-02 -5.648705735802650452e-02 -1.826263964176177979e-02 1.754564791917800903e-02 1.819896325469017029e-02 4.075011610984802246e-02 -3.574404120445251465e-02 -6.360811740159988403e-02 8.639600872993469238e-02 -1.201193220913410187e-02 -7.701850682497024536e-02 -9.397970139980316162e-02 -3.822479769587516785e-02 -1.064458582550287247e-02 -5.196527764201164246e-02 1.029036706313490868e-03 3.395746648311614990e-02 6.440144497901201248e-03 5.099760368466377258e-02 -1.713276468217372894e-02 -7.304929196834564209e-02 5.525897815823554993e-02 1.610444672405719757e-02 -1.047309935092926025e-01 1.500986143946647644e-02 6.742771714925765991e-02 5.140843614935874939e-02 9.998125024139881134e-03
2.273635752499103546e-02 -6.165852397680282593e-02 4.289209097623825073e-02 -7.022516429424285889e-02 -3.478814661502838135e-02 1.402560435235500336e-02 -1.377498637884855270e-02 1.090457066893577576e-01 -4.190450906753540039e-02 5.464259162545204163e-02 4.947926476597785950e-02 6.400485336780548096e-02 -8.443398773670196533e-02 6.999901682138442993e-02 1.663728244602680206e-02 -6.795876473188400269e-02 -8.768182247877120972e-02 3.910537809133529663e-02 1.138019934296607971e-01 1.339224427938461304e-01 -7.825323939323425293e-02 -1.799636892974376678e-02 -1.266514323651790619e-02 6.511237006634473801e-03 -3.288657963275909424e-02 -1.975118182599544525e-02 1.417328417301177979e-02 1.597512811422348022e-01 -4.945754259824752808e-02 1.065491512417793274e-01 1.600792445242404938e-02 -3.925558179616928101e-02 4.079656675457954407e-02 -3.979229927062988281e-02 -4.978057742118835449e-02 6.833855807781219482e-02 -6.926185637712478638e-02 -3.591318801045417786e-02 1.472658384591341019e-02 -8.683720231056213379e-02 1.519112847745418549e-02 8.588185906410217285e-02 -5.872685834765434265e-02 -2.831128612160682678e-02 -6.408321112394332886e-02 4.119901359081268311e-02 6.528767943382263184e-02 3.422005474567413330e-02 4.745808616280555725e-02 2.873880416154861450e-02 1.443603038787841797e-01 5.911405384540557861e-02 1.402752548456192017e-01 -5.050473660230636597e-02 -6.928338203579187393e-03 7.917280495166778564e-02 -5.179112404584884644e-02 6.766605190932750702e-03 1.814022287726402283e-02 6.098571047186851501e-02 8.938819169998168945e-02 -3.715537488460540771e-02 -7.918768376111984253e-02 7.219365797936916351e-03 5.997635424137115479e-03 -8.696355670690536499e-02 4.032057523727416992e-02 -1.096801459789276123e-01 -1.166104599833488464e-01 -6.757266819477081299e-03 8.501667529344558716e-02 -2.185667492449283600e-02 -5.873998627066612244e-03 1.126001123338937759e-02 4.435219988226890564e-02 -3.102105855941772461e-02 7.732243090867996216e-02 -3.239516541361808777e-02 2.807341329753398895e-02 1.498895138502120972e-02 -6.029200553894042969e-02 -3.451417386531829834e-02 -1.757702790200710297e-02 -9.056240320205688477e-02 -3.376799449324607849e-02 -4.439350217580795288e-03 5.822659004479646683e-03 4.529870301485061646e-02 -1.037712097167968750e-01 5.744266137480735779e-02 7.975538074970245361e-02 1.012936383485794067e-01 -1.032319143414497375e-01 -9.912459552288055420e-02 -2.746534068137407303e-03 -1.944381278008222580e-03 4.827354103326797485e-02 1.772791519761085510e-02 8.031421154737472534e-02 1.985977776348590851e-02
-2.746527455747127533e-02 -2.688426896929740906e-02 8.783952891826629639e-02 -6.400665640830993652e-02 -2.024906128644943237e-02 -4.111980274319648743e-02 -1.706841215491294861e-02 -6.956776976585388184e-02 -2.226014994084835052e-02 5.201235413551330566e-02 -8.282393217086791992e-02 -4.822194576263427734e-02 -1.547633297741413116e-02 3.837952017784118652e-02 -7.745494693517684937e-02 -7.487212866544723511e-02 -1.100163720548152924e-02 -4.800287261605262756e-02 4.990867525339126587e-02 -3.356081247329711914e-02 -4.083775356411933899e-02 -1.762846298515796661e-02 -1.237968876957893372e-01 -1.218736637383699417e-02 5.852048471570014954e-02 -4.900354892015457153e-02 -3.547478467226028442e-02 -6.541676074266433716e-02 1.080047488212585449e-01 -1.455583125352859497e-01 -5.568102374672889709e-02 3.933760151267051697e-02 4.206863418221473694e-02 6.224692799150943756e-03 1.732060611248016357e-01 1.279692500829696655e-01 2.489126473665237427e-02 -6.271987687796354294e-03 6.990449130535125732e-02 1.109786257147789001e-01 -4.890296608209609985e-02 -2.291631512343883514e-02 -3.489770367741584778e-02 -3.932996839284896851e-02 -7.031544297933578491e-02 -7.599913049489259720e-03 -8.253647387027740479e-02 -2.735133655369281769e-02 7.002182304859161377e-02 -9.599988162517547607e-02 1.127970591187477112e-02 1.178499683737754822e-01 -9.823088534176349640e-03 5.549854412674903870e-02 -4.766238480806350708e-02 -1.535034243715927005e-04 -1.318069361150264740e-02 -1.455956548452377319e-01 7.414044439792633057e-02 -6.280546635389328003e-02 9.675671905279159546e-02 7.612805068492889404e-02 -2.958723809570074081e-03 3.337807580828666687e-02 1.994629763066768646e-02 -2.562134899199008942e-02 -4.800219833850860596e-02 -7.335986942052841187e-03 -1.161473989486694336e-02 8.772776345722377300e-04 9.217811375856399536e-02 6.072437763214111328e-02 3.240435943007469177e-02 -4.034080728888511658e-02 1.034952253103256226e-01 6.037996709346771240e-02 7.634018361568450928e-02 6.246716529130935669e-02 -6.468493025749921799e-03 7.574094831943511963e-02 1.132299937307834625e-02 1.166397333145141602e-02 9.031818807125091553e-02 -1.150202844291925430e-02 -1.256353221833705902e-02 -1.300843954086303711e-01 -6.226278096437454224e-02 -4.108022898435592651e-02 9.957047551870346069e-02 1.978274621069431305e-02 -3.632029145956039429e-02 -9.379378706216812134e-02 1.760522462427616119e-02 -2.169095724821090698e-02 4.771557170897722244e-03 -2.401884458959102631e-02 -9.647225588560104370e-02 9.250350296497344971e-02 -8.678721636533737183e-02 -3.063555620610713959e-02
-3.769487887620925903e-02 -6.465035676956176758e-02 2.482805401086807251e-02 7.435684651136398315e-02 -9.982814639806747437e-02 -1.833672635257244110e-03 5.396374315023422241e-02 1.599337905645370483e-02 3.130678460001945496e-02 3.401344874873757362e-04 -6.001710891723632812e-02 -2.252596803009510040e-02 4.352770373225212097e-02 -9.540030360221862793e-02 6.707979738712310791e-02 -1.811383105814456940e-02 -6.571277976036071777e-02 1.006573066115379333e-02 7.117028534412384033e-02 -7.997143268585205078e-02 -3.903985768556594849e-02 -3.460783511400222778e-02 1.038247570395469666e-01 1.185901314020156860e-01 2.691282704472541809e-02 8.158236742019653320e-02 -7.213225960731506348e-02 1.460031867027282715e-01 -1.080525964498519897e-01 -2.249144017696380615e-02 2.398578636348247528e-02 3.542016074061393738e-02 5.215779691934585571e-02 -6.559906899929046631e-02 -3.607537597417831421e-02 -3.817738592624664307e-02 -7.470597326755523682e-02 3.792703524231910706e-02 -1.775670982897281647e-02 1.016872748732566833e-02 4.145758599042892456e-02 7.861825078725814819e-02 -2.054600231349468231e-02 -5.744701717048883438e-03 8.180192112922668457e-02 -7.226641476154327393e-02 -4.941506683826446533e-02 -9.788668155670166016e-02 -2.931227721273899078e-02 -1.007851138710975647e-01 6.729482207447290421e-03 4.882115125656127930e-02 9.648387134075164795e-02 -6.741321831941604614e-02 8.095560222864151001e-02 -1.545726042240858078e-02 -5.561472382396459579e-03 -1.363176405429840088e-01 -2.130723558366298676e-02 8.562275767326354980e-02 -3.124485164880752563e-02 5.111835524439811707e-02 3.380258381366729736e-02 7.285038381814956665e-02 -1.058109104633331299e-02 2.305029192939400673e-03 -3.051793389022350311e-02 1.039183977991342545e-02 -6.970772147178649902e-02 9.543539024889469147e-03 -6.726110726594924927e-02 1.230065748095512390e-01 1.053131073713302612e-01 -9.020292013883590698e-02 9.343522787094116211e-02 -8.716741949319839478e-02 -7.325851172208786011e-02 -1.078492775559425354e-02 -2.265226468443870544e-02 2.514665946364402771e-02 -9.695346467196941376e-03 -8.307998627424240112e-02 -3.489277791231870651e-03 -6.193316355347633362e-02 -8.558785915374755859e-02 1.159230098128318787e-01 7.069242745637893677e-02 6.307332310825586319e-03 -2.023373916745185852e-02 -9.956795722246170044e-02 -4.863028973340988159e-02 5.468736216425895691e-02 1.034961193799972534e-01 2.781763486564159393e-02 1.016109366901218891e-03 -3.521504625678062439e-02 4.245543479919433594e-02 5.934091657400131226e-02 -7.616553455591201782e-02 6.549087166786193848e-02
-2.076017297804355621e-02 5.534320138394832611e-03 2.419934794306755066e-02 -2.351582422852516174e-02 1.267394125461578369e-01 4.867792874574661255e-02 -1.328380499035120010e-02 -6.064211204648017883e-02 5.590516328811645508e-02 -5.169843882322311401e-02 -1.369085162878036499e-01 -9.583753347396850586e-02 1.524001072539249435e-05 3.869407996535301208e-02 4.019242525100708008e-02 -1.016035303473472595e-01 8.165794610977172852e-02 1.058266405016183853e-02 -2.796397730708122253e-02 -1.268343478441238403e-01 -1.102074906229972839e-01 -7.636212557554244995e-02 9.279719740152359009e-02 -9.528861194849014282e-02 -2.222027070820331573e-02 -3.688687086105346680e-02 -6.449835002422332764e-02 3.708650544285774231e-02 -1.679791957139968872e-01 -9.649809449911117554e-02 5.599940940737724304e-02 -1.560488939285278320e-01 -1.056726500391960144e-01 -1.078617051243782043e-01 -2.956390194594860077e-02 -1.404378283768892288e-02 -2.844826318323612213e-02 8.386993780732154846e-03 -3.079191967844963074e-02 -1.071209460496902466e-02 -6.255910545587539673e-02 -6.582730915397405624e-03 -1.260191318579018116e-03 -5.511382222175598145e-02 -9.646127372980117798e-02 -4.435865953564643860e-02 -9.256288409233093262e-02 -6.228019017726182938e-03 -4.028153140097856522e-03 1.143635213375091553e-01 2.970939129590988159e-02 1.113681048154830933e-01 9.163409471511840820e-03 1.897494494915008545e-02 8.633712679147720337e-02 -1.088127270340919495e-01 1.594493538141250610e-01 9.646399877965450287e-03 7.304058969020843506e-02 -4.156309366226196289e-02 -5.806482955813407898e-02 2.717835083603858948e-02 4.832953587174415588e-02 -6.466969102621078491e-02 6.575965881347656250e-02 -2.926391735672950745e-02 -2.128398045897483826e-02 5.277348682284355164e-02 2.961259335279464722e-03 2.426103129982948303e-02 -4.412626847624778748e-03 5.675827711820602417e-02 -4.319474101066589355e-02 1.208944618701934814e-01 -7.553935796022415161e-02 7.235291600227355957e-02 -5.348227545619010925e-02 9.852591902017593384e-02 -1.135464981198310852e-01 -3.702983958646655083e-03 8.157546073198318481e-02 1.039378792047500610e-01 1.016681268811225891e-01 1.644582115113735199e-02 -3.717197850346565247e-02 -3.888196870684623718e-02 -5.785549432039260864e-02 1.060989946126937866e-01 -3.673196956515312195e-02 -8.661680668592453003e-02 -8.072657138109207153e-02 -6.707019358873367310e-02 5.948825273662805557e-03 -1.166481822729110718e-01 -3.419130295515060425e-02 -1.193132475018501282e-01 -9.366815537214279175e-02 2.742326818406581879e-02 7.978171855211257935e-02 -1.478891670703887939e-01
-4.028661921620368958e-02 6.410212069749832153e-02 8.442385122179985046e-03 1.289877761155366898e-02 2.128449268639087677e-02 -1.229577139019966125e-01 4.010166600346565247e-02 -2.968280576169490814e-02 -4.947604611515998840e-02 -8.515457063913345337e-02 3.795206919312477112e-02 3.049418516457080841e-02 -1.385091163683682680e-04 3.099126368761062622e-02 -6.310515105724334717e-02 9.129173122346401215e-03 9.155235439538955688e-02 -9.317979216575622559e-02 -2.916032448410987854e-02 -3.802156308665871620e-03 -4.569724202156066895e-02 8.691144734621047974e-02 2.221851237118244171e-02 1.014053449034690857e-01 -1.425303705036640167e-02 -7.743681967258453369e-02 4.585568979382514954e-02 -9.996996074914932251e-02 8.509073406457901001e-02 7.201612740755081177e-02 7.932317256927490234e-02 -3.666747733950614929e-02 -3.777107456699013710e-03 7.196392118930816650e-02 1.229425594210624695e-01 -9.540662914514541626e-02 -1.193366721272468567e-01 7.745599839836359024e-03 1.064009219408035278e-02 4.660259466618299484e-03 -8.573559671640396118e-02 9.181063622236251831e-02 5.390445236116647720e-03 -1.498752366751432419e-02 9.833861142396926880e-02 -1.322532165795564651e-02 -8.253424614667892456e-02 -6.543749570846557617e-02 -4.503440484404563904e-02 1.271307375282049179e-02 5.470170453190803528e-02 -7.015792280435562134e-02 6.688810884952545166e-02 6.066862121224403381e-02 1.995589025318622589e-02 -5.545753613114356995e-02 7.919898629188537598e-02 1.048436164855957031e-01 -9.183260798454284668e-02 4.644868522882461548e-02 7.833397388458251953e-02 1.032386794686317444e-01 1.090513914823532104e-01 2.583682537078857422e-02 -1.141711231321096420e-02 -4.375541955232620239e-02 -8.329349011182785034e-02 7.420960068702697754e-02 3.454508632421493530e-02 1.136869564652442932e-02 7.459184527397155762e-02 7.351914793252944946e-02 -1.139831915497779846e-01 5.954964086413383484e-02 -7.575247436761856079e-03 -7.401901483535766602e-02 -8.593661710619926453e-03 2.479551546275615692e-02 1.565132476389408112e-02 3.306514117866754532e-03 -4.632532969117164612e-02 -5.968712642788887024e-02 -2.751963213086128235e-02 -1.349780987948179245e-02 -5.293919518589973450e-02 -3.826698660850524902e-02 9.086377918720245361e-02 -1.900269463658332825e-02 2.526734583079814911e-02 -8.548510074615478516e-02 -3.522612154483795166e-02 3.449400141835212708e-02 -5.432724207639694214e-02 1.113518839702010155e-03 5.114713683724403381e-02 8.093007653951644897e-02 -9.233675152063369751e-02 5.910941585898399353e-02 -5.583557486534118652e-02 -4.127689823508262634e-02
-5.189864337444305420e-02 -5.801913514733314514e-02 9.775023907423019409e-02 5.309032648801803589e-02 -1.610690504312515259e-01 -1.844556070864200592e-02 9.701971709728240967e-02 -1.288257986307144165e-01 -4.348228499293327332e-02 -3.054944425821304321e-02 1.496616168878972530e-03 -6.674502044916152954e-02 6.005572900176048279e-02 -4.812575504183769226e-02 5.780284106731414795e-02 2.499809861183166504e-02 -6.277048587799072266e-02 1.113053038716316223e-01 5.373888835310935974e-02 1.308917906135320663e-02 6.915215402841567993e-02 -3.348715975880622864e-02 6.047936901450157166e-02 9.142664819955825806e-02 -7.273483276367187500e-02 -1.051693111658096313e-01 1.133286803960800171e-01 -8.854229748249053955e-02 3.216655552387237549e-02 -4.858107119798660278e-02 1.553007960319519043e-01 -6.170237809419631958e-02 -5.728969350457191467e-02 4.358432069420814514e-02 2.841536514461040497e-02 1.337546706199645996e-01 2.780017815530300140e-02 -8.952071517705917358e-02 1.182519048452377319e-01 2.623633481562137604e-03 7.569051533937454224e-02 -5.141738429665565491e-02 8.343231678009033203e-02 -7.844787091016769409e-02 -9.431088715791702271e-02 7.014892995357513428e-02 -1.166404485702514648e-01 4.780836775898933411e-02 -6.797058135271072388e-02 5.913097411394119263e-02 1.888941079378128052e-01 -5.801435559988021851e-02 1.394690480083227158e-02 -4.838983342051506042e-02 -5.627954006195068359e-02 -7.648427784442901611e-02 -3.505036467686295509e-03 -1.758087612688541412e-02 -1.058121211826801300e-02 -1.021069735288619995e-01 -8.632997982203960419e-03 8.090615272521972656e-02 4.736706987023353577e-02 5.822406709194183350e-02 -7.579662650823593140e-02 -7.843473553657531738e-02 6.836818903684616089e-02 9.589733183383941650e-02 -7.655259966850280762e-02 5.557185783982276917e-02 1.178847998380661011e-02 -6.450776010751724243e-02 -1.203743219375610352e-01 4.550820961594581604e-02 -6.634326279163360596e-02 1.873840927146375179e-03 1.860060170292854309e-02 6.148960068821907043e-02 -9.293154627084732056e-02 1.164279654622077942e-01 9.544242173433303833e-02 8.698488771915435791e-02 6.089182570576667786e-03 -8.857834339141845703e-02 7.752942293882369995e-02 -1.441368311643600464e-01 7.786526530981063843e-02 -5.661204457283020020e-02 9.315806673839688301e-04 -1.540334373712539673e-01 -2.279335819184780121e-02 9.229136258363723755e-02 2.956312708556652069e-02 -3.011452406644821167e-02 8.114686608314514160e-02 -1.115701496601104736e-01 -3.823566064238548279e-02 5.654831975698471069e-02 9.552586078643798828e-02 -1.643028855323791504e-02
8.538295328617095947e-02 3.461553205852396786e-05 1.065094769001007080e-01 7.921233773231506348e-02 -1.458036899566650391e-01 2.828390151262283325e-02 -8.406855911016464233e-02 6.408271938562393188e-02 1.043220311403274536e-01 7.097786664962768555e-02 5.849207565188407898e-02 6.404639035463333130e-02 -2.752002514898777008e-02 -3.174117207527160645e-02 -4.896391928195953369e-02 -3.075616434216499329e-02 2.536224946379661560e-02 2.239824086427688599e-02 -4.734142869710922241e-02 1.528512965887784958e-02 6.404415518045425415e-02 7.446219772100448608e-02 1.008323654532432556e-01 9.470196068286895752e-02 -3.341156244277954102e-02 7.755783945322036743e-02 7.319612894207239151e-03 2.186233364045619965e-02 9.233167022466659546e-02 -1.370982825756072998e-01 1.068244129419326782e-01 -3.194907307624816895e-02 -5.808387324213981628e-02 -3.037976473569869995e-02 2.176412846893072128e-03 -2.608493715524673462e-02 -1.731587015092372894e-02 7.238439470529556274e-02 -7.738146185874938965e-02 1.530426461249589920e-02 -1.731412857770919800e-02 -4.980472847819328308e-02 8.806568803265690804e-05 -4.925409331917762756e-02 -8.543259650468826294e-02 2.267020754516124725e-02 -8.780498057603836060e-02 1.030632387846708298e-02 6.618626415729522705e-02 -4.223959520459175110e-02 6.001716852188110352e-02 1.118345484137535095e-01 4.353569820523262024e-02 5.358748510479927063e-02 2.196594141423702240e-02 4.352334141731262207e-02 -2.707939967513084412e-02 -5.106873810291290283e-02 8.413083851337432861e-03 7.819477468729019165e-02 3.459846973419189453e-02 7.799137383699417114e-02 1.699860207736492157e-02 6.758264452219009399e-02 -5.572548136115074158e-02 4.499820061028003693e-03 4.617485404014587402e-02 5.408705677837133408e-03 3.394577279686927795e-02 4.230029508471488953e-02 -1.277748495340347290e-02 7.476823776960372925e-02 7.682498544454574585e-02 -9.691242128610610962e-02 -9.606391936540603638e-02 -1.862950623035430908e-02 2.697895281016826630e-02 -9.359659999608993530e-02 -3.783877193927764893e-02 -1.145844720304012299e-02 -1.653679646551609039e-02 3.179277479648590088e-02 -9.527465701103210449e-02 -1.645802287384867668e-03 -2.647612430155277252e-02 7.265490293502807617e-02 -8.086184412240982056e-02 -9.885622560977935791e-02 -4.164429381489753723e-02 -7.340320851653814316e-03 6.253612786531448364e-02 -7.460468262434005737e-02 3.806015476584434509e-02 -3.388750925660133362e-02 2.610691823065280914e-02 -4.639864340424537659e-02 6.119177863001823425e-02 5.444660037755966187e-02 -3.118327260017395020e-02 -1.248388141393661499e-01
-6.006144732236862183e-02 3.423932567238807678e-02 -1.578855328261852264e-02 3.523578867316246033e-02 -2.331858128309249878e-02 8.736243098974227905e-02 1.344753354787826538e-01 8.030103147029876709e-02 8.981089293956756592e-02 -3.364601731300354004e-02 1.174082886427640915e-02 5.321029946208000183e-02 -3.791581466794013977e-02 -1.499006003141403198e-01 -7.919098436832427979e-02 1.930326223373413086e-01 -3.993378579616546631e-02 -7.262210547924041748e-02 1.281464006751775742e-02 1.406337134540081024e-02 8.499898016452789307e-03 -7.529968023300170898e-02 -3.238243237137794495e-02 -1.148858573287725449e-02 1.345013231039047241e-01 5.913275107741355896e-02 -1.154837571084499359e-02 -3.889719024300575256e-02 -4.851569421589374542e-03 2.489583343267440796e-01 1.256820261478424072e-01 -3.583185747265815735e-02 -4.181238636374473572e-02 -8.139180392026901245e-02 -9.628444910049438477e-03 3.848698735237121582e-02 -6.716145575046539307e-02 -3.553946316242218018e-02 6.922207772731781006e-02 -3.022724390029907227e-02 -4.605888575315475464e-02 -4.349949583411216736e-02 6.834989786148071289e-02 -6.681659072637557983e-02 -3.555506840348243713e-02 -4.675327986478805542e-02 -1.274785995483398438e-01 -1.288903690874576569e-02 -2.572886459529399872e-02 -5.757781490683555603e-02 -9.222734719514846802e-03 7.120786607265472412e-02 -2.763828262686729431e-02 1.070001497864723206e-01 5.523305013775825500e-02 9.815540909767150879e-02 1.159457396715879440e-02 2.196492254734039307e-01 1.127652898430824280e-01 -1.095148082822561264e-02 -3.928269818425178528e-02 -5.126050487160682678e-02 3.981629386544227600e-02 5.163455754518508911e-02 5.937192589044570923e-02 -4.556494578719139099e-02 2.972554229199886322e-02 -5.199415143579244614e-03 -6.139004230499267578e-02 7.875043898820877075e-02 6.102818995714187622e-02 8.256891369819641113e-02 4.214408621191978455e-02 2.975244633853435516e-02 7.108817994594573975e-02 -3.137251362204551697e-02 -5.442861001938581467e-04 3.864799067378044128e-02 9.125231206417083740e-02 -7.083299569785594940e-03 6.524501740932464600e-02 3.944480791687965393e-02 -1.801011897623538971e-02 -6.608658283948898315e-02 -1.277400273829698563e-02 8.408035337924957275e-02 8.558393269777297974e-02 5.838680267333984375e-02 7.884770631790161133e-02 4.195883125066757202e-02 -9.021073579788208008e-02 7.279941439628601074e-02 7.580436021089553833e-02 -9.448180347681045532e-02 -1.081753987818956375e-02 -7.870633900165557861e-02 1.160692796111106873e-02 6.428257375955581665e-02 1.136706769466400146e-02 2.032925374805927277e-02
6.538737565279006958e-02 -6.262857466936111450e-02 -5.977375805377960205e-02 -2.419813536107540131e-02 1.289066713070496917e-04 6.175449863076210022e-02 -4.511636495590209961e-02 -2.817737404257059097e-03 -2.822966687381267548e-02 -9.465599060058593750e-02 9.323459863662719727e-02 8.577065169811248779e-02 -6.300412863492965698e-02 -1.241211146116256714e-01 -7.471255213022232056e-02 1.663672626018524170e-01 -5.056084692478179932e-02 -1.370812952518463135e-01 -7.794953137636184692e-02 -7.837436348199844360e-02 7.084572315216064453e-02 1.379374600946903229e-02 2.302427164977416396e-04 1.361696422100067139e-02 -4.582281038165092468e-02 -4.644180834293365479e-02 -3.286513686180114746e-02 -6.461083143949508667e-02 5.675330292433500290e-03 7.199541665613651276e-03 5.684927478432655334e-02 -7.751356810331344604e-02 9.440265595912933350e-02 5.080149695277214050e-02 -5.995365977287292480e-02 1.539339870214462280e-01 7.116279564797878265e-03 3.530493751168251038e-02 -2.289047650992870331e-02 -8.041011169552803040e-03 -4.234528541564941406e-02 2.279198542237281799e-02 -7.105827331542968750e-02 4.886072874069213867e-02 7.050559669733047485e-02 -8.387174457311630249e-02 -8.723941445350646973e-02 3.252522274851799011e-02 -1.064853742718696594e-01 -5.403762217611074448e-03 -5.152009800076484680e-02 -7.976214587688446045e-02 4.704795032739639282e-02 -4.385901987552642822e-02 -1.011287868022918701e-01 9.598259627819061279e-02 -2.859210828319191933e-03 -4.341980069875717163e-02 2.172436378896236420e-02 -7.147703319787979126e-02 4.171434789896011353e-02 5.136797204613685608e-02 -7.839444279670715332e-02 8.982902765274047852e-02 1.450845040380954742e-02 -8.797643333673477173e-02 -6.672047078609466553e-02 4.229766130447387695e-02 -3.449362143874168396e-02 -7.214222103357315063e-02 -1.073583681136369705e-02 4.007925093173980713e-02 -1.586059667170047760e-02 -6.377790868282318115e-02 -7.032012939453125000e-02 5.188829731196165085e-03 -9.036773815751075745e-03 -3.345358744263648987e-02 -9.698867797851562500e-02 -8.322903886437416077e-03 8.714284002780914307e-02 3.769813477993011475e-02 -7.375154644250869751e-03 2.432433702051639557e-02 1.583048701286315918e-02 7.354433834552764893e-02 5.686388164758682251e-02 -9.934735298156738281e-02 -5.279552936553955078e-02 9.138796478509902954e-03 1.172931864857673645e-02 5.819987505674362183e-02 2.238593995571136475e-02 -3.787939250469207764e-02 9.354626759886741638e-03 5.148551240563392639e-02 -2.832464314997196198e-02 -7.160702347755432129e-02 -3.989577665925025940e-02 -2.086529135704040527e-02
-2.607811614871025085e-02 9.459219872951507568e-02 3.505782410502433777e-02 2.323971316218376160e-02 -2.977865934371948242e-02 2.739019133150577545e-02 4.726636782288551331e-02 1.051750928163528442e-01 -6.606316566467285156e-02 1.011294052004814148e-01 1.684931814670562744e-01 6.276726722717285156e-02 1.543599218130111694e-01 1.929599940776824951e-01 2.552486024796962738e-02 -9.924212843179702759e-02 -5.751335993409156799e-02 3.079324774444103241e-02 1.089706737548112869e-02 2.554034292697906494e-01 4.166688770055770874e-02 5.935835465788841248e-02 4.469731077551841736e-02 -2.953490056097507477e-02 1.436547469347715378e-02 -6.003644783049821854e-03 5.608803033828735352e-02 8.028145879507064819e-02 2.639283658936619759e-03 -1.606079936027526855e-01 -9.959776652976870537e-04 -5.685037001967430115e-02 2.509011141955852509e-02 2.850768156349658966e-02 7.934669405221939087e-02 -7.742124050855636597e-02 5.081377923488616943e-02 -7.991636171936988831e-03 -4.388235881924629211e-02 -2.374984091147780418e-03 -7.694078981876373291e-02 -1.128918230533599854e-01 9.221412241458892822e-02 3.175563737750053406e-02 -6.173329427838325500e-02 7.303744554519653320e-02 -1.086308993399143219e-02 -1.208323016762733459e-01 -1.007778421044349670e-01 9.212616831064224243e-03 4.201229661703109741e-02 -3.616692498326301575e-02 5.101009272038936615e-03 -1.027558818459510803e-01 1.606888324022293091e-02 -2.018354646861553192e-02 8.161530643701553345e-02 1.292649060487747192e-01 -3.187654167413711548e-02 -1.471932679414749146e-01 -8.009260892868041992e-02 8.302405476570129395e-02 -8.479508757591247559e-02 5.638651549816131592e-02 -8.609034121036529541e-02 -6.814509630203247070e-02 -1.040504314005374908e-02 -5.202942341566085815e-02 3.212492167949676514e-02 -6.468196865171194077e-03 9.860470890998840332e-02 -8.869207464158535004e-03 -1.151813790202140808e-01 -3.067706525325775146e-02 4.780085012316703796e-02 -9.386394172906875610e-02 1.201165318489074707e-01 9.094119071960449219e-02 4.111258685588836670e-02 3.211161494255065918e-02 -2.511157281696796417e-02 9.823825955390930176e-02 -8.731422573328018188e-02 -4.435481503605842590e-02 -1.166289821267127991e-01 -9.333242475986480713e-02 -4.956915043294429779e-03 -2.311935462057590485e-02 -3.477881848812103271e-02 -6.113141775131225586e-02 1.442258805036544800e-02 -4.212556034326553345e-02 4.343239590525627136e-02 5.846034735441207886e-02 -9.746422618627548218e-02 3.492226451635360718e-02 9.765946865081787109e-02 6.389766931533813477e-02 2.470397204160690308e-02 1.266753822565078735e-01
3.754990920424461365e-02 3.556014224886894226e-02 -1.193330213427543640e-01 -8.916623890399932861e-02 5.730348825454711914e-02 -7.754319906234741211e-02 6.751940399408340454e-02 -2.633818611502647400e-02 4.163366928696632385e-02 -3.201543912291526794e-02 -7.409562822431325912e-03 -1.049087196588516235e-01 -7.097362726926803589e-02 -8.462428115308284760e-03 -6.946719437837600708e-02 6.438890844583511353e-02 3.610261902213096619e-02 -9.499018639326095581e-02 -5.789569020271301270e-02 -1.159703955054283142e-01 5.210271105170249939e-02 4.974539950489997864e-02 -1.465220749378204346e-01 4.764407128095626831e-02 -1.530020963400602341e-02 -3.632357344031333923e-02 7.866636849939823151e-03 1.255899015814065933e-02 -1.800945550203323364e-01 -9.124927967786788940e-02 -9.144339710474014282e-03 9.201794862747192383e-02 -1.017497852444648743e-01 -1.049876958131790161e-01 -3.350758925080299377e-02 -6.844530254602432251e-02 4.528179392218589783e-02 -9.886667877435684204e-02 1.470587681978940964e-02 -1.008734032511711121e-01 -2.973218262195587158e-02 1.488200668245553970e-02 9.072005748748779297e-03 1.445181667804718018e-02 8.978147059679031372e-03 -7.143909484148025513e-02 -9.662940353155136108e-02 1.040871739387512207e-01 5.789718776941299438e-02 -1.135778203606605530e-01 -1.055406332015991211e-01 9.881656616926193237e-03 -3.211546689271926880e-02 8.693785220384597778e-02 8.225180208683013916e-02 -5.260102078318595886e-02 4.010872170329093933e-02 -1.014599576592445374e-02 -7.843886315822601318e-02 -4.329332616180181503e-03 -2.395204827189445496e-02 -6.251266598701477051e-02 4.071645438671112061e-02 -8.161409944295883179e-02 -9.432182647287845612e-03 -1.246429234743118286e-02 -9.409159421920776367e-02 6.440737098455429077e-02 9.033259004354476929e-02 1.367058698087930679e-02 -2.901110053062438965e-02 -7.413097470998764038e-02 -1.171703543514013290e-02 6.470731645822525024e-02 9.944045543670654297e-02 -6.472714990377426147e-02 1.543495152145624161e-02 -4.417138639837503433e-03 3.196083009243011475e-02 1.166866067796945572e-02 -5.075848847627639771e-02 -6.097749248147010803e-02 -3.000509366393089294e-02 -1.153684780001640320e-02 3.920556232333183289e-02 8.154896646738052368e-02 3.844183310866355896e-02 -4.705126956105232239e-02 -4.194499552249908447e-02 3.517820313572883606e-02 -6.393726170063018799e-02 -1.030666306614875793e-01 -6.903059035539627075e-02 4.858352988958358765e-02 3.089985065162181854e-02 -4.367567133158445358e-03 2.309882268309593201e-02 -7.724826037883758545e-02 5.728053301572799683e-02 4.355364292860031128e-02
6.973737478256225586e-02 8.684735745191574097e-02 -9.182023257017135620e-02 -1.214374750852584839e-01 3.741085901856422424e-02 -5.736115947365760803e-02 -1.223803386092185974e-01 4.056794568896293640e-02 -3.063490241765975952e-02 3.452534228563308716e-02 -5.933696776628494263e-02 1.507420465350151062e-02 6.624474376440048218e-02 1.032191794365644455e-04 -8.075553923845291138e-02 -5.942781269550323486e-02 -1.234035100787878036e-02 5.303756892681121826e-02 -2.050940692424774170e-02 1.597938500344753265e-02 -6.606146693229675293e-02 1.905425824224948883e-02 -4.464202746748924255e-02 7.711195200681686401e-02 3.651019558310508728e-02 -9.259919635951519012e-03 -6.182681024074554443e-02 6.693636626005172729e-02 -9.077210724353790283e-02 3.487099707126617432e-02 -4.484951868653297424e-02 4.165641218423843384e-02 -3.273484483361244202e-02 -4.472175985574722290e-02 -8.500600606203079224e-02 -7.188810408115386963e-02 3.179936436936259270e-03 -7.344043999910354614e-02 -7.254362851381301880e-02 1.773795485496520996e-02 -6.615000218152999878e-02 -6.850624829530715942e-02 -2.607012912631034851e-02 8.949899347499012947e-04 9.095018729567527771e-03 -9.491708874702453613e-02 -1.917434856295585632e-02 -2.925433032214641571e-02 -4.035666584968566895e-02 9.925019741058349609e-02 3.736845403909683228e-02 8.794832229614257812e-02 -8.052557706832885742e-03 -1.576332375407218933e-02 5.873153358697891235e-02 -1.370177138596773148e-02 1.167932301759719849e-01 -2.521665953099727631e-02 6.036991719156503677e-03 -7.154936343431472778e-02 2.921440452337265015e-02 6.835340708494186401e-02 1.836388837546110153e-03 7.440330088138580322e-02 8.234743028879165649e-02 -9.535352140665054321e-02 4.721672460436820984e-02 4.970664530992507935e-02 3.199658542871475220e-02 8.142896741628646851e-02 5.200204253196716309e-02 -9.754779189825057983e-02 -6.640388816595077515e-02 -8.052566647529602051e-02 -5.008592456579208374e-02 8.800612390041351318e-02 -8.321620989590883255e-04 -6.094837561249732971e-02 8.387627452611923218e-02 4.076653346419334412e-02 -5.097393412142992020e-03 8.902741828933358192e-04 1.180335432291030884e-01 6.984747946262359619e-02 7.435663789510726929e-02 -8.119507879018783569e-02 -1.219500154256820679e-01 1.038195043802261353e-01 7.232878357172012329e-02 -2.525590918958187103e-02 8.928758651018142700e-02 3.982398286461830139e-02 -1.119264438748359680e-01 2.663643844425678253e-02 -5.291616916656494141e-02 -6.668410450220108032e-02 9.339888393878936768e-02 2.433930896222591400e-02 7.631321903318166733e-03 -4.729625210165977478e-02
-5.232767388224601746e-02 3.023277036845684052e-02 3.627811744809150696e-02 3.726934641599655151e-02 5.001020152121782303e-03 -1.708686351776123047e-02 -1.840235851705074310e-02 7.622468471527099609e-02 -4.188624396920204163e-02 1.739845052361488342e-02 1.746595092117786407e-02 6.965963542461395264e-02 -1.866208948194980621e-02 9.819706901907920837e-03 -6.232408806681632996e-02 3.589089959859848022e-02 -3.023546375334262848e-02 -3.026502206921577454e-02 6.137649342417716980e-02 1.212158650159835815e-01 -5.325793102383613586e-02 4.287778586149215698e-02 1.799240149557590485e-02 -3.072322811931371689e-03 8.837119489908218384e-02 8.986701257526874542e-03 -8.298188447952270508e-02 9.427853673696517944e-02 -2.273622155189514160e-02 -9.895955026149749756e-02 2.692125970497727394e-03 -9.327738732099533081e-02 -8.381284773349761963e-02 6.398189067840576172e-02 6.070169806480407715e-02 1.294984072446823120e-01 -6.170655786991119385e-02 7.015841454267501831e-02 -8.676265925168991089e-02 5.564040690660476685e-02 -8.471101522445678711e-02 -8.483899384737014771e-02 8.554516732692718506e-02 3.153999894857406616e-02 -5.745896324515342712e-02 -7.080385088920593262e-02 -1.363218277692794800e-01 1.180978789925575256e-01 4.953820258378982544e-02 9.104225784540176392e-03 8.091382682323455811e-02 3.254242613911628723e-02 -3.285967558622360229e-02 -4.001826047897338867e-02 -1.314095705747604370e-01 9.917760640382766724e-02 1.116085946559906006e-01 4.004981741309165955e-02 5.147079005837440491e-02 -2.834999188780784607e-02 -9.060385823249816895e-02 -9.017661958932876587e-02 4.318816587328910828e-02 -6.575305014848709106e-02 2.225927449762821198e-02 2.025271952152252197e-02 -5.538131669163703918e-02 9.524503722786903381e-03 9.092365391552448273e-03 -1.272643357515335083e-01 7.534085214138031006e-02 2.202266082167625427e-02 6.129337474703788757e-02 -1.043491996824741364e-02 -8.178109675645828247e-02 5.643063038587570190e-02 7.443968206644058228e-04 1.130334660410881042e-01 4.278140608221292496e-03 -8.048495650291442871e-02 -9.356304258108139038e-02 -1.022265409119427204e-03 -3.853572532534599304e-03 3.085344657301902771e-02 5.229577049612998962e-02 1.278539001941680908e-01 -8.522544056177139282e-02 7.503194361925125122e-02 5.993908271193504333e-02 -1.192480474710464478e-01 -9.289794601500034332e-03 -6.524384021759033203e-02 -1.010420247912406921e-01 -8.575449138879776001e-02 -3.128426149487495422e-02 -1.025563254952430725e-01 -7.373298052698373795e-03 5.883472040295600891e-02 4.722133651375770569e-02 -9.788253903388977051e-02
3.974502533674240112e-02 5.163843184709548950e-02 -2.151438780128955841e-02 -8.043195307254791260e-02 6.394013762474060059e-02 2.829165430739521980e-03 -4.826642572879791260e-02 3.121611103415489197e-02 3.316614776849746704e-02 -9.519631974399089813e-03 2.595544420182704926e-02 -9.009048342704772949e-02 -3.274347260594367981e-02 7.918089628219604492e-02 9.639180451631546021e-02 8.042152971029281616e-02 1.619394309818744659e-02 -9.471376426517963409e-03 3.967162687331438065e-03 -3.532092645764350891e-02 -7.571160793304443359e-02 3.358543384820222855e-03 -7.666046172380447388e-02 5.107301101088523865e-02 5.980703234672546387e-02 6.560066342353820801e-02 -1.395241124555468559e-03 -7.439512014389038086e-02 -7.236840575933456421e-02 5.744653567671775818e-02 -6.010387465357780457e-02 1.605654507875442505e-02 8.281008899211883545e-02 -5.322247743606567383e-02 8.291259407997131348e-02 5.218168720602989197e-02 -4.181102290749549866e-02 2.775095961987972260e-02 8.946882188320159912e-02 3.771712258458137512e-02 -8.829265832901000977e-02 1.386873889714479446e-02 1.196318492293357849e-02 8.575937896966934204e-02 6.098033860325813293e-02 9.026616811752319336e-02 4.775767773389816284e-02 1.968496665358543396e-02 -8.295598439872264862e-03 -1.092892438173294067e-01 -6.374589353799819946e-02 -1.912902295589447021e-02 -7.855045795440673828e-02 3.992172703146934509e-02 -8.882067352533340454e-02 4.870416224002838135e-02 -4.570852220058441162e-02 1.154628545045852661e-01 7.696787267923355103e-02 7.040397077798843384e-02 3.237131983041763306e-02 -7.531705498695373535e-02 1.383076794445514679e-02 -2.006733976304531097e-02 -1.067711412906646729e-01 -1.417721621692180634e-02 -8.908198028802871704e-02 -4.458922520279884338e-02 2.053987234830856323e-02 -1.672201324254274368e-04 -1.147137116640806198e-02 3.134828060865402222e-02 3.252726420760154724e-02 -7.341177016496658325e-02 -3.050984814763069153e-03 -6.636899709701538086e-02 5.495599657297134399e-02 2.952312305569648743e-02 5.997714027762413025e-02 8.491149544715881348e-02 -8.894252777099609375e-02 -4.172429069876670837e-02 -1.036823540925979614e-01 -5.773349478840827942e-02 -7.884797640144824982e-03 -6.816308945417404175e-02 8.344113826751708984e-02 -5.557683482766151428e-02 2.647139877080917358e-02 -3.693002462387084961e-02 -5.461181700229644775e-02 -7.398452609777450562e-02 -8.251262456178665161e-02 2.752212807536125183e-02 -8.981952816247940063e-02 -1.640676148235797882e-02 1.107806488871574402e-01 3.685683477669954300e-04 1.045349240303039551e-01 5.004582181572914124e-02
3.402679786086082458e-02 2.442100271582603455e-02 -7.712482661008834839e-02 -1.581716164946556091e-02 1.722962781786918640e-02 5.533214285969734192e-02 8.154755085706710815e-02 2.159700170159339905e-02 8.787146955728530884e-02 -5.017932504415512085e-02 5.544710531830787659e-02 3.813258931040763855e-02 -1.674880273640155792e-02 5.823106318712234497e-02 1.857460290193557739e-02 -6.072029471397399902e-02 3.119033947587013245e-02 5.650155991315841675e-02 -8.101502805948257446e-02 -4.225981538183987141e-04 -3.116635233163833618e-02 7.386423647403717041e-02 -4.442419111728668213e-02 -8.368044160306453705e-03 -9.925870597362518311e-02 -8.081401884555816650e-02 -2.339830622076988220e-02 -8.850463479757308960e-02 -3.928669914603233337e-02 9.175458550453186035e-02 -7.877893745899200439e-02 -1.394585520029067993e-02 -7.475659996271133423e-02 8.171726763248443604e-02 4.186801239848136902e-02 -1.011341586709022522e-01 -2.818791568279266357e-02 -5.090402066707611084e-02 -1.082010418176651001e-01 -7.797156274318695068e-02 -1.087735518813133240e-01 -4.868028312921524048e-02 -3.804577887058258057e-02 -1.260606013238430023e-02 2.945415116846561432e-02 5.809861421585083008e-02 -9.494964033365249634e-02 -9.219338744878768921e-02 -2.130402065813541412e-02 6.314129382371902466e-02 -9.865985810756683350e-02 2.962074056267738342e-02 -6.136626005172729492e-02 -8.892374485731124878e-02 -3.093345649540424347e-02 -3.964996710419654846e-02 8.019947260618209839e-02 3.538838028907775879e-02 8.731224387884140015e-02 2.312252297997474670e-02 9.882436133921146393e-03 -1.090710833668708801e-01 -8.928065001964569092e-02 3.734488412737846375e-02 1.557577252388000488e-01 -1.014328896999359131e-01 -3.040033392608165741e-02 2.504119463264942169e-02 -4.642485454678535461e-02 2.124002389609813690e-02 -4.020095244050025940e-02 5.472685769200325012e-02 4.805568978190422058e-02 -3.332903608679771423e-03 5.198064073920249939e-02 2.818922512233257294e-02 7.085964828729629517e-02 -2.499714028090238571e-04 -5.528086051344871521e-02 -4.800759255886077881e-02 -2.350524999201297760e-02 -8.531668782234191895e-02 -2.565878815948963165e-02 8.649356663227081299e-02 2.361546270549297333e-03 9.757541865110397339e-02 -1.266432460397481918e-02 6.322375684976577759e-02 1.619078591465950012e-02 7.846347242593765259e-02 7.806767523288726807e-02 -8.874900639057159424e-02 -2.672823332250118256e-02 7.307147979736328125e-02 7.911417633295059204e-02 -2.503552846610546112e-02 8.536453545093536377e-02 -1.786642521619796753e-02 2.812927030026912689e-02 2.676752768456935883e-02
-8.569418452680110931e-03 2.771368436515331268e-02 -5.247161909937858582e-02 6.211826205253601074e-02 -4.269624501466751099e-02 -5.311874300241470337e-02 3.263016790151596069e-02 -1.698462478816509247e-02 -6.970622390508651733e-02 -1.240648888051509857e-02 6.815733015537261963e-02 1.243428699672222137e-02 -8.861775696277618408e-02 -5.051623284816741943e-02 -7.716612517833709717e-02 2.062887884676456451e-02 -4.534365609288215637e-02 6.902874261140823364e-02 1.489426568150520325e-02 -8.668569475412368774e-02 8.620265871286392212e-02 2.825378999114036560e-02 -2.116894163191318512e-02 -7.445575296878814697e-02 -9.964516013860702515e-02 -7.979430258274078369e-02 5.768083035945892334e-02 -4.982734471559524536e-02 6.699133664369583130e-02 2.558571752160787582e-03 3.250951319932937622e-02 -1.996720395982265472e-02 -4.069481417536735535e-02 5.124504864215850830e-02 3.492843359708786011e-02 -4.200295358896255493e-02 -6.261514127254486084e-02 1.451624557375907898e-02 3.761089965701103210e-02 -8.993146941065788269e-03 -6.498760730028152466e-02 -5.853123590350151062e-02 4.918618500232696533e-02 1.279642619192600250e-02 -9.371261298656463623e-02 -9.231775999069213867e-02 -6.464418768882751465e-02 6.181407254189252853e-03 -2.965185418725013733e-02 9.931649081408977509e-03 -6.609343737363815308e-02 -5.299650132656097412e-02 4.612594842910766602e-02 1.609690301120281219e-02 -6.917946785688400269e-02 -1.023132205009460449e-01 9.627805650234222412e-02 -4.996023327112197876e-02 -8.473688364028930664e-02 -1.008559465408325195e-01 2.393883839249610901e-02 6.165460683405399323e-03 -5.843836441636085510e-02 -4.805821180343627930e-02 -5.537856742739677429e-02 -4.503637924790382385e-02 -1.422439068555831909e-01 2.028662711381912231e-02 3.787503764033317566e-02 -1.270345784723758698e-02 -6.663254648447036743e-02 -2.359820716083049774e-02 -2.409919910132884979e-02 -5.529456585645675659e-02 3.907544072717428207e-03 1.002307832241058350e-01 4.854518175125122070e-02 6.396683398634195328e-03 8.205336332321166992e-02 -4.292167350649833679e-02 -4.026449844241142273e-02 -4.323211964219808578e-03 -2.966425754129886627e-02 -4.145497083663940430e-02 8.185499161481857300e-02 9.861062467098236084e-02 -4.313971847295761108e-02 -4.787890613079071045e-02 -9.482122212648391724e-02 -3.911818843334913254e-03 -2.377809956669807434e-03 -6.174694001674652100e-02 -3.653343021869659424e-02 3.612554073333740234e-02 7.347633596509695053e-03 6.321148574352264404e-02 -4.131220653653144836e-02 9.662447869777679443e-02 7.644053548574447632e-02 -1.191488429903984070e-01
6.766021251678466797e-02 4.445285722613334656e-02 4.081799834966659546e-02 9.186511160805821419e-04 -2.060650289058685303e-02 3.198331966996192932e-02 -3.790845721960067749e-02 -1.874559372663497925e-02 -3.259627893567085266e-02 4.190190136432647705e-02 1.326846629381179810e-01 -8.916663378477096558e-02 -3.358673304319381714e-02 2.915530279278755188e-02 8.020547777414321899e-02 -1.869056932628154755e-02 9.138160943984985352e-02 -1.175046488642692566e-01 -8.014892786741256714e-02 -7.717351615428924561e-02 -2.527542598545551300e-02 6.591536104679107666e-02 7.393468171358108521e-02 -3.655406832695007324e-02 -8.041015267372131348e-02 1.158800628036260605e-02 4.888754338026046753e-02 -1.691220444627106190e-03 -1.008650362491607666e-01 3.415833413600921631e-02 2.877581678330898285e-02 6.463170051574707031e-03 -2.935072407126426697e-02 -3.679805621504783630e-02 -4.042217507958412170e-03 1.412168797105550766e-02 -1.076534986495971680e-01 -2.468315884470939636e-02 5.235187709331512451e-02 -5.150273069739341736e-02 2.113085240125656128e-02 -9.574950486421585083e-02 -3.779841586947441101e-02 5.061586946249008179e-02 -7.621620595455169678e-02 7.535433769226074219e-02 -4.916296154260635376e-02 3.008012101054191589e-02 -1.031293813139200211e-02 -9.498600661754608154e-02 -1.868431828916072845e-02 7.824838161468505859e-02 -1.585301607847213745e-01 -5.056324228644371033e-02 -3.995002433657646179e-02 -5.314824730157852173e-02 -1.155258789658546448e-01 2.446454316377639771e-01 -1.528086699545383453e-02 -5.789352208375930786e-02 8.501673489809036255e-02 2.341221272945404053e-02 8.950177580118179321e-02 -5.703828483819961548e-02 4.187600314617156982e-02 -1.189048774540424347e-02 1.891832798719406128e-02 -1.028146743774414062e-01 -2.928995899856090546e-02 1.387537363916635513e-02 7.410283386707305908e-02 -3.758235275745391846e-02 8.201219141483306885e-02 -8.646482974290847778e-02 -6.001714989542961121e-02 1.587313041090965271e-02 2.809116151183843613e-03 4.768917337059974670e-02 -8.156112581491470337e-02 5.524526908993721008e-02 -9.052542038261890411e-03 -6.033990159630775452e-02 -7.739844918251037598e-02 -4.069990292191505432e-02 -8.802559226751327515e-02 -1.678323186933994293e-02 -5.840113386511802673e-02 2.913205511868000031e-02 -4.708307981491088867e-02 -6.132250279188156128e-02 -5.885211378335952759e-02 -1.818954385817050934e-02 -4.077282547950744629e-02 1.566561870276927948e-02 -8.987850695848464966e-02 1.105331033468246460e-01 -1.076798886060714722e-02 9.769012033939361572e-02 1.854819804430007935e-02 4.654324427247047424e-02
4.866057261824607849e-02 4.249965306371450424e-03 -1.200881227850914001e-02 8.988846093416213989e-02 -2.094877697527408600e-02 2.138411253690719604e-02 2.847003517672419548e-03 -4.513189941644668579e-02 9.278714656829833984e-03 3.203735500574111938e-02 4.780564829707145691e-02 7.974739372730255127e-02 7.679998874664306641e-02 6.466792430728673935e-03 2.939572744071483612e-02 4.393994063138961792e-02 -7.214705925434827805e-03 9.729445725679397583e-02 -5.111046507954597473e-02 -5.883968994021415710e-02 -8.834448456764221191e-02 8.563341200351715088e-02 6.701532751321792603e-02 -1.054958179593086243e-01 7.813589274883270264e-02 9.793894737958908081e-02 -6.501973420381546021e-02 -3.321892023086547852e-02 5.263988301157951355e-02 -4.426528885960578918e-02 8.017819374799728394e-02 1.311696041375398636e-02 6.333878636360168457e-02 3.639083728194236755e-02 2.296146191656589508e-02 2.049048058688640594e-02 -5.411322787404060364e-02 4.592641070485115051e-02 5.265373364090919495e-02 7.690896093845367432e-02 1.621982827782630920e-02 -7.234097272157669067e-02 7.230329513549804688e-02 -9.775114804506301880e-02 3.867743909358978271e-02 -1.101047359406948090e-02 -2.202901616692543030e-02 -1.021090969443321228e-01 1.217307895421981812e-01 5.611060187220573425e-02 -3.419543057680130005e-02 -6.909060291945934296e-03 -1.398772560060024261e-02 3.087103180587291718e-02 -5.929687619209289551e-02 -3.782315179705619812e-02 -6.059087440371513367e-02 -1.973368823528289795e-01 1.017966046929359436e-01 5.395010858774185181e-02 -8.296170830726623535e-02 -6.953666452318429947e-03 6.887748837471008301e-02 7.698531448841094971e-02 8.137632161378860474e-02 2.656803838908672333e-02 7.646921277046203613e-02 -2.514245919883251190e-02 2.143948525190353394e-02 1.322667580097913742e-03 8.707725256681442261e-02 -4.475175868719816208e-03 -7.202396541833877563e-02 -4.962927103042602539e-02 -9.374393522739410400e-02 2.410032972693443298e-02 -5.769762396812438965e-02 1.273827627301216125e-02 5.962166190147399902e-02 2.262150682508945465e-02 3.919591382145881653e-02 6.315076351165771484e-02 -2.161830198019742966e-03 -2.007708139717578888e-02 1.296956278383731842e-02 7.726903259754180908e-02 5.983647331595420837e-02 9.235459566116333008e-02 3.266583755612373352e-02 4.209218919277191162e-02 3.629121556878089905e-02 6.032156944274902344e-02 1.889291405677795410e-02 -2.700191177427768707e-02 4.809694364666938782e-03 -8.215574920177459717e-02 1.515924092382192612e-02 6.907016783952713013e-02 1.069726869463920593e-01 -2.547866478562355042e-02
5.933425575494766235e-02 -5.866872612386941910e-03 7.522232085466384888e-02 7.674206793308258057e-02 -6.758995819836854935e-03 -5.568437650799751282e-02 8.110737055540084839e-02 1.302090138196945190e-01 -1.465698927640914917e-01 1.310062110424041748e-01 -2.250317484140396118e-02 1.534641813486814499e-02 -3.030140511691570282e-02 1.087318267673254013e-02 2.451517991721630096e-02 2.988521568477153778e-02 -6.115628406405448914e-02 -9.173535555601119995e-02 -7.049110531806945801e-02 1.125608757138252258e-02 -6.838609278202056885e-02 -1.152586936950683594e-01 5.849090963602066040e-02 5.826262384653091431e-02 8.363256603479385376e-02 9.406387060880661011e-02 -1.653804257512092590e-02 9.979454427957534790e-02 1.152883917093276978e-01 5.131650716066360474e-02 -1.290888488292694092e-01 -7.053785771131515503e-02 -6.884034723043441772e-02 9.617893397808074951e-02 7.834093272686004639e-02 -7.680633570998907089e-03 2.697327174246311188e-02 9.986321441829204559e-03 -1.106460243463516235e-01 -8.601079881191253662e-02 3.856506198644638062e-02 4.132922738790512085e-02 6.076677888631820679e-02 5.253981798887252808e-02 -8.287650346755981445e-02 -8.561547845602035522e-02 4.654793441295623779e-02 -8.670538663864135742e-02 5.177781730890274048e-02 -3.486486896872520447e-02 1.187617853283882141e-01 3.574824891984462738e-03 1.801252365112304688e-02 4.504844173789024353e-02 -1.692432612180709839e-01 4.044803604483604431e-02 -5.773768946528434753e-02 -4.617343842983245850e-02 5.567380040884017944e-02 -9.204383939504623413e-02 -4.179909825325012207e-02 -3.006028942763805389e-02 -1.315029710531234741e-01 7.709514349699020386e-02 -2.227432653307914734e-02 6.568600982427597046e-02 -9.838443249464035034e-02 7.022517919540405273e-02 1.079608034342527390e-02 3.678165376186370850e-02 6.053714081645011902e-02 -9.078636020421981812e-02 -6.197167187929153442e-02 8.008407801389694214e-02 8.371568401344120502e-04 1.040492877364158630e-01 -4.875799175351858139e-03 -3.028529323637485504e-02 -1.265488415956497192e-01 -1.385488919913768768e-02 9.631111472845077515e-02 4.427709430456161499e-02 -5.664270743727684021e-02 1.081996932625770569e-01 -7.660506665706634521e-02 3.398091718554496765e-02 4.226039629429578781e-03 1.028890162706375122e-01 9.855332970619201660e-02 6.146334111690521240e-02 -5.820097401738166809e-02 9.622191637754440308e-02 -6.457506120204925537e-02 -7.213306613266468048e-03 -3.849884495139122009e-02 -4.762307181954383850e-02 -1.014889124780893326e-02 -2.724589593708515167e-02 8.501943200826644897e-02 -6.858510524034500122e-02
-3.116568736732006073e-02 4.529523849487304688e-02 1.766051538288593292e-02 3.845204785466194153e-02 2.630484104156494141e-02 3.468051552772521973e-02 7.095860689878463745e-02 6.666447222232818604e-02 -9.213282167911529541e-02 3.011499531567096710e-02 8.511132746934890747e-02 3.401003405451774597e-02 1.984991878271102905e-02 9.480254352092742920e-02 9.282841347157955170e-03 -6.907775998115539551e-02 -8.775999397039413452e-02 -9.539897739887237549e-02 8.085874468088150024e-02 -6.792633235454559326e-02 8.147779107093811035e-02 -5.506582185626029968e-02 7.331283390522003174e-02 4.365277290344238281e-02 -6.403650343418121338e-02 4.715000465512275696e-02 7.094230502843856812e-02 -1.142729888670146465e-03 -3.937806189060211182e-02 -9.968824684619903564e-02 -1.613656617701053619e-02 4.474777355790138245e-02 -3.945245221257209778e-02 -1.845672726631164551e-02 1.069935336709022522e-01 4.013894498348236084e-02 -6.037401035428047180e-02 2.893499843776226044e-02 6.264185160398483276e-02 -6.864257156848907471e-02 8.568992465734481812e-02 6.066669523715972900e-02 -9.533696621656417847e-02 -2.142968587577342987e-02 -5.210258811712265015e-02 6.685484200716018677e-02 2.729652449488639832e-02 -8.652506768703460693e-02 9.502877295017242432e-02 3.480017930269241333e-02 5.917454883456230164e-02 1.155920848250389099e-01 4.347061365842819214e-02 -1.460976805537939072e-02 -1.733062602579593658e-02 -6.002857163548469543e-02 -5.533810332417488098e-02 1.278817206621170044e-01 -8.793333545327186584e-03 1.527061685919761658e-02 7.938420772552490234e-02 3.062861599028110504e-02 3.138421475887298584e-02 -5.398824065923690796e-02 -5.105949193239212036e-02 -8.297674357891082764e-02 4.027216136455535889e-02 -8.222620934247970581e-02 3.931497409939765930e-02 1.129975542426109314e-02 -3.621539473533630371e-02 2.906133793294429779e-02 3.583221882581710815e-02 -1.248054057359695435e-01 -8.205538243055343628e-02 3.799639269709587097e-02 7.353995740413665771e-02 -7.056138664484024048e-02 -7.069367170333862305e-02 3.018900752067565918e-02 -1.846766099333763123e-02 -4.592026397585868835e-02 9.674761444330215454e-02 -5.784191936254501343e-02 1.614294759929180145e-02 4.569647461175918579e-02 -2.698234049603343010e-03 2.962582744657993317e-02 8.041182160377502441e-02 6.839326024055480957e-02 2.581647038459777832e-02 -5.890233069658279419e-02 -8.354078978300094604e-02 -6.773235648870468140e-02 4.238510504364967346e-02 -2.247033081948757172e-02 3.403238579630851746e-02 1.082219704985618591e-01 3.972256556153297424e-02 -6.172307953238487244e-02
4.007129371166229248e-02 -7.470217347145080566e-02 -3.037969954311847687e-02 -6.557190418243408203e-02 1.672246865928173065e-02 6.950979679822921753e-02 -2.734073810279369354e-02 -8.266090415418148041e-03 -8.445002604275941849e-04 -4.968365281820297241e-02 1.439280807971954346e-01 4.827163182199001312e-03 -7.176106330007314682e-03 -3.353808447718620300e-02 -7.705859094858169556e-02 1.282752305269241333e-01 5.522663518786430359e-02 4.257088154554367065e-02 -2.624504454433917999e-02 2.982000634074211121e-02 6.749337166547775269e-02 -6.330386549234390259e-02 -6.000102683901786804e-02 -2.883973764255642891e-03 -8.274457603693008423e-02 7.566343992948532104e-02 -8.658888190984725952e-02 -1.664486899971961975e-02 -9.756921231746673584e-02 3.968825936317443848e-02 -1.284603029489517212e-01 8.239234238862991333e-02 2.322059869766235352e-02 -4.473143443465232849e-02 1.733425855636596680e-01 1.014436855912208557e-01 1.564244367182254791e-02 3.070381842553615570e-02 1.623737998306751251e-02 -9.231948852539062500e-02 1.627379283308982849e-02 -1.219402104616165161e-01 4.692295566201210022e-02 1.452708896249532700e-02 8.347064256668090820e-02 7.981985062360763550e-02 -7.316764444112777710e-02 -2.594465017318725586e-02 1.624739915132522583e-02 -8.927481621503829956e-02 -1.803078502416610718e-02 6.483770161867141724e-02 -2.792417444288730621e-02 -7.346305251121520996e-02 -4.049698263406753540e-02 4.235696420073509216e-02 -1.546499785035848618e-02 -2.192068845033645630e-03 -9.151237457990646362e-02 -1.254460513591766357e-01 5.487123504281044006e-02 1.961394026875495911e-02 6.728546321392059326e-02 -7.876283675432205200e-02 -7.343257218599319458e-02 4.546648263931274414e-02 -1.796512678265571594e-02 -1.044949050992727280e-02 6.254928559064865112e-02 -1.735546253621578217e-02 -3.415298089385032654e-02 -1.918389578349888325e-03 -7.232698053121566772e-02 -1.280268281698226929e-01 7.445172220468521118e-02 2.398055233061313629e-02 -1.211527641862630844e-02 -1.015410125255584717e-01 -8.664219826459884644e-02 -8.495657891035079956e-02 1.882426254451274872e-02 4.291614145040512085e-02 4.990169778466224670e-02 -1.716313138604164124e-02 -2.246339991688728333e-02 -7.735416293144226074e-02 8.155903965234756470e-02 -3.796409443020820618e-02 -9.257485507987439632e-04 1.113440543413162231e-01 -1.261973753571510315e-02 3.957094252109527588e-02 -6.609011441469192505e-02 -8.354388922452926636e-02 -4.748968407511711121e-02 8.522576838731765747e-02 -8.111037313938140869e-02 1.901147700846195221e-02 8.643868565559387207e-02 5.021595209836959839e-02
4.285224154591560364e-02 7.332592457532882690e-02 1.372413933277130127e-01 1.409139391034841537e-02 -3.709014970809221268e-03 -3.646239265799522400e-02 3.726614266633987427e-02 4.427396878600120544e-02 -5.502847954630851746e-02 -1.142847239971160889e-01 6.430422514677047729e-02 -2.436983771622180939e-02 4.644704516977071762e-03 -2.647816948592662811e-02 9.261365234851837158e-02 -4.609131440520286560e-02 -8.577828109264373779e-02 2.517272159457206726e-02 -8.826579153537750244e-02 -3.892551362514495850e-02 5.077271535992622375e-02 -1.105005964636802673e-01 -4.291294887661933899e-02 -2.139539457857608795e-02 -7.432811707258224487e-02 -6.074723787605762482e-03 -6.060568988323211670e-02 1.050221454352140427e-02 1.250810027122497559e-01 -1.101902723312377930e-01 -1.171321868896484375e-01 -9.171126037836074829e-02 3.414370864629745483e-02 2.140226215124130249e-02 1.192023307085037231e-01 3.215261385776102543e-04 -9.957722574472427368e-02 -5.016082897782325745e-02 -6.945110112428665161e-02 -1.889862120151519775e-02 -2.057358436286449432e-02 -3.210775554180145264e-02 3.146543167531490326e-03 8.127956837415695190e-02 -9.277895092964172363e-02 2.940012142062187195e-02 -4.582719132304191589e-02 -1.037964150309562683e-01 -6.677417457103729248e-02 3.233222290873527527e-02 -4.609369859099388123e-02 4.865945875644683838e-02 -7.651400566101074219e-02 -7.190701365470886230e-02 -1.500331759452819824e-01 -8.494898676872253418e-02 -2.452918142080307007e-02 -7.272721081972122192e-02 1.993868686258792877e-02 -8.640670776367187500e-02 9.239560365676879883e-02 3.638406097888946533e-02 -4.176253080368041992e-02 -3.241666033864021301e-02 8.777248114347457886e-02 -5.521329492330551147e-02 -1.412724405527114868e-01 8.305012434720993042e-02 -1.033765524625778198e-01 -3.094183653593063354e-02 6.539092957973480225e-02 -4.949165508151054382e-02 -6.512798368930816650e-02 3.602798655629158020e-02 -2.281972393393516541e-02 1.262066606432199478e-02 -2.550834603607654572e-02 -3.389509394764900208e-02 -9.428098052740097046e-02 9.299378842115402222e-02 -1.168334670364856720e-02 -7.835598289966583252e-02 5.605377256870269775e-02 -1.272643357515335083e-01 -3.643349185585975647e-02 8.630146086215972900e-02 6.917802244424819946e-02 4.987277463078498840e-02 6.128938123583793640e-02 8.254663646221160889e-02 -3.565961122512817383e-02 -6.121975556015968323e-02 9.562279097735881805e-03 1.223269104957580566e-02 -6.762681063264608383e-03 -8.634604513645172119e-02 -2.482944540679454803e-02 7.514114677906036377e-02 4.676455259323120117e-02 1.182439737021923065e-02
5.523354746401309967e-03 1.084325537085533142e-01 2.618483826518058777e-02 -2.823413535952568054e-02 4.943555593490600586e-02 3.253027051687240601e-02 2.717425674200057983e-02 4.228170216083526611e-02 -4.980332776904106140e-02 -1.174547243863344193e-02 -4.046295583248138428e-02 -1.010596528649330139e-01 6.398363411426544189e-02 5.896203964948654175e-02 7.756209373474121094e-02 -6.731937825679779053e-02 1.329088490456342697e-02 1.699863187968730927e-02 5.346130207180976868e-02 1.349413301795721054e-02 1.089508235454559326e-01 -7.003651559352874756e-02 2.494219876825809479e-02 -9.742891043424606323e-02 5.814018845558166504e-02 -2.849311195313930511e-02 8.929706364870071411e-02 3.383573517203330994e-02 2.447664923965930939e-02 1.158702373504638672e-01 3.030695766210556030e-02 -5.900320038199424744e-02 -2.367725363001227379e-03 -8.025842159986495972e-02 4.618040099740028381e-02 -3.160713613033294678e-02 -8.513107895851135254e-02 8.363760262727737427e-02 4.828830435872077942e-02 8.768359571695327759e-02 -9.411988430656492710e-04 2.240023575723171234e-02 -1.219240296632051468e-02 -8.847935497760772705e-02 4.233847185969352722e-02 4.612988978624343872e-02 4.580044746398925781e-02 -1.538546681404113770e-01 -4.051437973976135254e-02 1.296005696058273315e-01 6.587540358304977417e-02 4.473015666007995605e-02 -4.992890357971191406e-02 -7.736303657293319702e-02 3.847905620932579041e-02 -1.063588112592697144e-01 -8.929710090160369873e-02 -8.137752115726470947e-02 -6.000305339694023132e-02 7.424627989530563354e-02 9.531491994857788086e-02 3.930141776800155640e-02 -3.000369854271411896e-02 -9.979027509689331055e-02 1.175137832760810852e-01 -2.644873410463333130e-02 -6.443388015031814575e-02 -4.513342678546905518e-02 1.049525290727615356e-02 4.792248457670211792e-02 -8.480801433324813843e-02 1.353723369538784027e-02 -9.044361114501953125e-02 1.030097380280494690e-01 -7.035214803181588650e-04 1.041683927178382874e-01 -1.144495829939842224e-01 7.453295588493347168e-02 -9.063305705785751343e-02 -3.933133184909820557e-02 -8.794803917407989502e-02 8.312443271279335022e-03 5.860877037048339844e-02 -7.291799038648605347e-02 5.574510619044303894e-02 7.249806076288223267e-02 -1.159410551190376282e-01 -5.704647302627563477e-02 -6.944231688976287842e-02 3.164283186197280884e-02 -1.683970354497432709e-02 -2.666974440217018127e-02 -1.544395554810762405e-02 5.848857387900352478e-02 4.551902413368225098e-02 2.526200748980045319e-02 1.138431672006845474e-02 -4.073098674416542053e-02 -2.625538781285285950e-02 -1.861062943935394287e-01
6.925632804632186890e-02 8.248201012611389160e-02 -7.785563915967941284e-02 9.626870602369308472e-02 2.912216586992144585e-03 -9.283913299441337585e-03 6.808833032846450806e-02 -7.666049152612686157e-02 2.006095647811889648e-02 -8.238304406404495239e-03 7.055434584617614746e-02 6.776889413595199585e-02 -2.074138075113296509e-02 -8.213382959365844727e-02 8.995043486356735229e-02 5.236055701971054077e-02 -6.562849972397089005e-03 9.419336915016174316e-02 1.829290576279163361e-02 -4.473035782575607300e-02 -8.263545483350753784e-02 -6.263863295316696167e-02 -9.958131611347198486e-02 -5.906113237142562866e-02 -8.402440696954727173e-03 7.908812165260314941e-02 7.620019465684890747e-02 -8.921775221824645996e-02 -2.544744499027729034e-02 1.249958500266075134e-01 6.658606976270675659e-02 1.547381188720464706e-02 -2.355512790381908417e-02 7.785183377563953400e-03 -5.729069933295249939e-02 4.600869119167327881e-02 5.364251509308815002e-02 9.219398349523544312e-02 -3.820175305008888245e-02 -8.300983905792236328e-02 1.235582157969474792e-01 -9.964422136545181274e-02 8.138253539800643921e-02 -9.517893195152282715e-02 7.400953024625778198e-02 7.886531949043273926e-02 -1.232175454497337341e-01 9.214151650667190552e-02 -7.759746164083480835e-02 -3.609113767743110657e-02 -8.534853346645832062e-03 1.759145595133304596e-02 1.056876704096794128e-01 -4.003602266311645508e-02 4.936735704541206360e-02 -6.430216878652572632e-02 8.679644763469696045e-02 2.067503146827220917e-02 -4.683238267898559570e-02 -9.751313924789428711e-02 -4.891291260719299316e-02 -1.003384366631507874e-01 -3.655089437961578369e-02 1.048468146473169327e-02 1.390082109719514847e-02 -2.845920063555240631e-02 9.646195173263549805e-02 5.309578776359558105e-02 6.414782255887985229e-02 8.249718695878982544e-02 -1.106179282069206238e-01 8.911211974918842316e-03 -5.070774629712104797e-02 1.030919700860977173e-01 -7.629715651273727417e-02 3.408460319042205811e-02 6.088586524128913879e-02 -1.174800191074609756e-02 4.892207309603691101e-02 -1.149449869990348816e-01 3.640885278582572937e-02 -1.299660354852676392e-01 9.354349225759506226e-02 -6.388074159622192383e-02 -3.082477487623691559e-02 8.592036366462707520e-02 7.713619619607925415e-02 -9.861797839403152466e-02 -1.716831885278224945e-02 5.295051634311676025e-02 -4.879260063171386719e-02 3.787947073578834534e-02 9.160888195037841797e-02 -1.885981298983097076e-02 -8.281162381172180176e-02 1.592385768890380859e-02 -1.970513351261615753e-02 -7.609024643898010254e-02 7.135727256536483765e-02 3.489911556243896484e-03
4.313459619879722595e-02 8.965016156435012817e-02 -4.738013818860054016e-02 -1.814704015851020813e-02 6.875829398632049561e-02 8.821707963943481445e-02 7.530732452869415283e-02 4.715837910771369934e-02 -1.414004154503345490e-02 8.885055780410766602e-02 5.543975625187158585e-03 -1.067872866988182068e-01 1.275687851011753082e-02 -6.781068444252014160e-02 6.304488517343997955e-03 -5.105195567011833191e-02 -1.123429983854293823e-01 -5.885428283363580704e-03 -7.403166592121124268e-02 -1.181835979223251343e-01 1.041308715939521790e-01 -1.719508320093154907e-02 -8.574567735195159912e-03 -4.957887157797813416e-02 -2.900343388319015503e-02 -2.965020202100276947e-02 -8.864587545394897461e-02 1.093625873327255249e-01 2.944940514862537384e-02 -1.555929309688508511e-03 4.919949918985366821e-02 -6.941530108451843262e-02 1.120199542492628098e-02 -6.765746325254440308e-02 7.817850261926651001e-02 1.654573716223239899e-02 -9.897253662347793579e-02 -1.034281700849533081e-01 -4.977355152368545532e-02 -2.486653625965118408e-02 3.122537769377231598e-02 -5.273576825857162476e-02 -9.167994558811187744e-02 8.323423564434051514e-02 -7.728978991508483887e-02 -4.969514161348342896e-02 -7.796409726142883301e-02 1.054805815219879150e-01 1.218084339052438736e-02 6.414384581148624420e-03 -5.414148420095443726e-02 -4.517029598355293274e-02 1.243169754743576050e-01 7.021082192659378052e-02 -4.000793397426605225e-02 -7.750705629587173462e-02 -6.611292064189910889e-02 -1.464248169213533401e-02 -5.388703569769859314e-02 -1.317611709237098694e-02 -9.812918491661548615e-03 9.441528469324111938e-02 1.427703257650136948e-02 -4.090794548392295837e-02 -2.434782497584819794e-02 -8.502499759197235107e-02 4.543590173125267029e-02 -5.381860211491584778e-02 -5.481240898370742798e-02 5.071301013231277466e-02 9.751866757869720459e-02 8.306086063385009766e-02 -4.127405211329460144e-02 -4.712502658367156982e-02 -9.815385192632675171e-02 -1.664123870432376862e-02 6.290769670158624649e-03 4.870544746518135071e-02 -7.908651977777481079e-02 5.755623057484626770e-02 3.184050694108009338e-02 -8.653751760721206665e-02 4.681264609098434448e-02 -7.362510263919830322e-02 -3.679331392049789429e-02 8.728307485580444336e-02 -5.810876563191413879e-02 5.879401788115501404e-02 3.168183192610740662e-02 -8.626499772071838379e-02 3.371194750070571899e-02 -7.658826559782028198e-02 -6.397008150815963745e-02 -7.050332427024841309e-02 -8.845792710781097412e-02 -1.671148277819156647e-02 -9.031947702169418335e-02 -3.616036474704742432e-02 -8.322054892778396606e-02 7.964467629790306091e-03
9.538060426712036133e-02 8.336304686963558197e-03 -1.077998280525207520e-01 7.575283944606781006e-02 5.521391332149505615e-02 6.186200771480798721e-04 -5.811240151524543762e-02 -3.512269258499145508e-02 -5.322885513305664062e-02 -6.443935632705688477e-02 -7.662096619606018066e-02 1.645999401807785034e-02 -4.965642467141151428e-02 -1.055690869688987732e-01 6.790777295827865601e-02 6.539326161146163940e-02 -9.677557647228240967e-02 -3.265328332781791687e-02 3.025714866816997528e-02 4.519402235746383667e-02 1.052402183413505554e-01 9.710855782032012939e-03 3.397282585501670837e-02 8.084084838628768921e-03 -2.269940637052059174e-02 1.249963138252496719e-02 8.307237178087234497e-03 1.878227479755878448e-02 5.506706610321998596e-02 2.776674553751945496e-02 6.149058416485786438e-02 -1.040221378207206726e-01 -6.483209133148193359e-02 2.031219378113746643e-02 3.788047656416893005e-02 6.837595254182815552e-02 1.517184358090162277e-02 3.403771296143531799e-02 -3.775423392653465271e-02 -1.916274079121649265e-03 -6.753111630678176880e-02 -5.526816844940185547e-02 -1.443449780344963074e-02 -4.071982577443122864e-02 -8.593319356441497803e-02 -1.029782518744468689e-01 -1.834924519062042236e-02 3.333880007266998291e-02 1.675447262823581696e-02 -4.466884955763816833e-02 -3.812343999743461609e-02 -5.539822578430175781e-02 -5.974481347948312759e-03 4.173032939434051514e-02 -6.925685703754425049e-02 7.892540097236633301e-02 -7.133226841688156128e-02 -1.672234535217285156e-01 -3.839704021811485291e-02 1.475846488028764725e-02 6.304921954870223999e-02 3.233787138015031815e-03 -4.577265307307243347e-02 -5.470435693860054016e-02 6.748096644878387451e-02 4.516505077481269836e-02 3.233471140265464783e-02 3.504471853375434875e-02 -9.022827446460723877e-02 2.699656970798969269e-02 3.337897732853889465e-02 4.236026108264923096e-02 -6.990275532007217407e-02 -1.438777707517147064e-02 -5.587789788842201233e-02 4.710772261023521423e-02 1.880546100437641144e-02 -9.550482779741287231e-02 -1.103714015334844589e-02 4.734787158668041229e-03 -7.174998056143522263e-03 -2.686630375683307648e-02 -2.631867863237857819e-02 4.281928762793540955e-02 -2.496793866157531738e-02 4.877528175711631775e-02 -8.649983257055282593e-02 1.062888875603675842e-01 -7.495069503784179688e-02 5.543290823698043823e-02 -6.983921676874160767e-02 -8.796114474534988403e-03 9.818083047866821289e-02 8.995649963617324829e-02 8.254133909940719604e-02 4.750736057758331299e-02 -5.457447841763496399e-02 -8.836998045444488525e-02 -7.353217899799346924e-02 -5.211903154850006104e-02
6.972215324640274048e-02 -7.088876515626907349e-02 -6.208609044551849365e-02 8.255494385957717896e-02 9.283941984176635742e-02 4.705371800810098648e-03 9.608048945665359497e-02 1.194229423999786377e-01 1.375311613082885742e-02 6.118657439947128296e-02 -2.360803447663784027e-02 5.868737027049064636e-02 5.787773802876472473e-02 6.217898055911064148e-02 -9.032267332077026367e-02 1.642274670302867889e-02 -8.969040960073471069e-02 2.993436530232429504e-02 -9.083691239356994629e-02 -9.707938879728317261e-02 4.330398142337799072e-02 -3.605496883392333984e-02 2.128490433096885681e-02 -7.780367136001586914e-02 4.772427305579185486e-02 -1.126934867352247238e-02 6.493599712848663330e-02 -4.855684190988540649e-02 9.080725163221359253e-02 1.010166257619857788e-01 -4.947129637002944946e-02 -4.600013792514801025e-02 4.439840465784072876e-02 -8.309897780418395996e-02 -1.047829762101173401e-01 1.634599640965461731e-02 -6.737496703863143921e-02 -1.015174388885498047e-01 -7.817762903869152069e-03 4.174862056970596313e-02 -2.623789943754673004e-03 5.730515718460083008e-02 4.560912400484085083e-02 -1.545763760805130005e-02 5.307903140783309937e-02 9.505804628133773804e-02 3.344681486487388611e-02 -1.663821004331111908e-02 9.680277854204177856e-02 -5.913209542632102966e-02 -2.117584645748138428e-02 8.963353186845779419e-02 6.656800955533981323e-02 9.144507348537445068e-03 -8.365914970636367798e-02 -1.875557377934455872e-02 7.990465313196182251e-02 1.228786706924438477e-01 -7.406817376613616943e-02 -2.353937923908233643e-02 7.753499597311019897e-02 -6.449244171380996704e-02 4.214704036712646484e-02 -8.663885295391082764e-02 9.435708075761795044e-02 -8.213777840137481689e-02 2.153708413243293762e-02 2.453985391184687614e-03 8.236834406852722168e-02 3.885653987526893616e-02 6.996799260377883911e-03 -7.265757024288177490e-02 -1.150817349553108215e-01 -9.622601419687271118e-02 -5.470307543873786926e-03 -8.065551519393920898e-02 4.353652894496917725e-02 -1.811748603358864784e-03 -1.818950846791267395e-02 1.215944718569517136e-02 -1.039027585648000240e-03 -1.813273876905441284e-02 1.001125499606132507e-01 3.406097739934921265e-02 -4.544474557042121887e-02 5.235258862376213074e-02 -3.086917847394943237e-02 7.805536687374114990e-02 1.104870997369289398e-02 -2.543737925589084625e-02 9.406460821628570557e-02 -6.913420557975769043e-02 3.053767420351505280e-02 4.511477798223495483e-02 -6.159605830907821655e-02 -1.005365550518035889e-01 1.453863177448511124e-02 3.539263270795345306e-04 -7.268553227186203003e-02 2.051719091832637787e-02
5.254799965769052505e-03 1.036184746772050858e-02 1.230592057108879089e-01 -4.275473579764366150e-02 -1.013390123844146729e-01 -4.096020385622978210e-02 5.165807902812957764e-02 -1.064387988299131393e-02 6.512784957885742188e-02 3.408166393637657166e-02 6.567140109837055206e-03 -6.409996002912521362e-02 -2.276086062192916870e-02 1.918501593172550201e-02 5.717938765883445740e-02 2.599307708442211151e-02 -2.937628515064716339e-02 8.215385675430297852e-02 -3.554316982626914978e-02 -3.322771564126014709e-02 6.356213986873626709e-02 -2.602793276309967041e-02 7.457151514245197177e-05 -7.842564582824707031e-02 -9.393531829118728638e-02 -4.009478911757469177e-02 2.245608251541852951e-03 2.367798052728176117e-02 6.641874462366104126e-02 2.542322501540184021e-02 -6.914614886045455933e-02 -4.675783962011337280e-02 7.252142578363418579e-02 -2.167151123285293579e-02 -7.465075701475143433e-02 -2.145509235560894012e-03 -7.947495579719543457e-02 -1.035255268216133118e-01 -9.680705517530441284e-02 2.667352929711341858e-02 -8.845916017889976501e-03 2.893733046948909760e-02 -9.107784926891326904e-02 5.706746876239776611e-02 5.854093655943870544e-02 -7.153637707233428955e-02 -6.575796008110046387e-02 7.527174055576324463e-02 -4.743956029415130615e-03 1.148788258433341980e-01 -6.442860234528779984e-03 -4.049863293766975403e-02 -7.825403660535812378e-02 4.257586970925331116e-02 -1.054574847221374512e-01 7.300100475549697876e-02 4.368062689900398254e-02 -1.134406216442584991e-02 5.817519966512918472e-03 6.450098007917404175e-02 3.603396564722061157e-02 -7.614883035421371460e-02 -2.218325436115264893e-02 2.176005207002162933e-02 1.207648739218711853e-01 -1.137052848935127258e-01 9.491808712482452393e-02 -8.479814277961850166e-04 -5.682955309748649597e-02 -6.098797544836997986e-02 1.588239148259162903e-02 -3.196107968688011169e-02 -7.484752684831619263e-02 -2.517432346940040588e-02 6.212017312645912170e-02 1.048217760398983955e-03 5.618155747652053833e-02 -4.959634691476821899e-02 -1.044309958815574646e-01 -7.735920697450637817e-02 7.733240723609924316e-02 -1.500012818723917007e-02 5.840031430125236511e-02 4.890391230583190918e-02 8.787760883569717407e-02 8.680994808673858643e-02 8.242622017860412598e-02 1.163677312433719635e-03 -2.372216247022151947e-02 -6.775831431150436401e-02 -1.413320098072290421e-02 2.122591994702816010e-02 -6.880023330450057983e-02 -1.051957160234451294e-01 7.829147577285766602e-02 -1.605712692253291607e-03 -3.766127303242683411e-02 9.976253658533096313e-02 1.605663332156836987e-03 -2.669055759906768799e-02
-3.613458573818206787e-02 1.038760319352149963e-01 2.809371612966060638e-02 1.030972320586442947e-02 5.910775437951087952e-02 -7.380790263414382935e-02 1.060120537877082825e-01 -3.126709163188934326e-02 -3.069610521197319031e-02 -9.891010075807571411e-02 -8.121531456708908081e-02 4.151780376560054719e-05 5.220172554254531860e-02 1.050988137722015381e-01 -5.888533964753150940e-02 6.435868144035339355e-02 8.899272233247756958e-02 7.860257476568222046e-02 8.176262676715850830e-02 2.462608739733695984e-02 -8.982523530721664429e-02 7.058239728212356567e-02 -6.979946792125701904e-02 -1.607123017311096191e-02 -7.700694724917411804e-03 4.873191064689308405e-04 -8.258003741502761841e-02 1.038447245955467224e-01 -5.880868062376976013e-02 -7.963550835847854614e-02 -9.460808336734771729e-02 -4.916207492351531982e-02 -7.822477072477340698e-02 -9.799965471029281616e-02 -1.798441074788570404e-02 9.971491992473602295e-03 1.820736005902290344e-02 -2.733935602009296417e-02 3.851098939776420593e-02 6.347134709358215332e-02 -4.027834534645080566e-02 5.089224874973297119e-02 4.658306017518043518e-02 -5.497684702277183533e-02 7.588821649551391602e-02 5.235886201262474060e-02 6.231214851140975952e-03 1.156064718961715698e-01 6.169173493981361389e-02 -3.365932777523994446e-02 -9.830430895090103149e-02 9.639102965593338013e-02 7.481729984283447266e-02 -1.014992743730545044e-01 -5.642716586589813232e-02 -1.220459714531898499e-01 -7.473362982273101807e-02 1.163438707590103149e-01 6.861031055450439453e-02 1.476084999740123749e-02 -8.825996518135070801e-02 7.822511717677116394e-03 -4.163172841072082520e-02 9.603947401046752930e-02 4.654593765735626221e-02 -5.525186285376548767e-02 -9.429819136857986450e-02 6.434562057256698608e-02 -1.531890942715108395e-03 -1.891317032277584076e-02 -3.377551212906837463e-02 -6.667508184909820557e-02 -3.236445412039756775e-02 5.396569147706031799e-02 -5.448467284440994263e-02 -6.245877966284751892e-02 -2.102091349661350250e-02 7.222683727741241455e-02 4.786360263824462891e-02 -5.234097316861152649e-02 -8.379200100898742676e-02 1.687563024461269379e-02 1.154058724641799927e-01 -3.800314152613282204e-03 2.969180420041084290e-02 2.162605151534080505e-02 -8.428321033716201782e-02 5.537457764148712158e-02 -9.997915476560592651e-03 -2.526615560054779053e-02 1.067327484488487244e-01 6.075556948781013489e-02 6.427615880966186523e-02 5.942814797163009644e-02 -3.804981708526611328e-02 6.090679392218589783e-02 -9.685794264078140259e-02 -2.433950267732143402e-02 -7.920257002115249634e-02 -5.579761415719985962e-02
4.063343256711959839e-02 1.404868252575397491e-02 4.032032564282417297e-02 -1.301495730876922607e-02 -2.768096141517162323e-02 9.141708910465240479e-02 -5.692928284406661987e-02 1.049719937145709991e-02 1.067700460553169250e-01 -1.276985742151737213e-02 -1.533051859587430954e-02 -9.364724159240722656e-02 -1.080105602741241455e-01 2.508315257728099823e-02 -4.362458735704421997e-02 -3.760177642107009888e-02 -9.550426900386810303e-02 -7.595063745975494385e-02 6.487084925174713135e-02 1.040213108062744141e-01 -2.657107077538967133e-02 2.374842017889022827e-02 -6.330455094575881958e-02 1.019245758652687073e-01 -8.557540178298950195e-02 -2.438935451209545135e-02 7.038553804159164429e-02 9.271603077650070190e-03 8.859688788652420044e-02 4.203075543045997620e-02 -8.982624858617782593e-02 -6.055228412151336670e-02 3.128489106893539429e-02 -2.839305251836776733e-02 5.075676739215850830e-02 -3.590859100222587585e-02 -4.354392364621162415e-02 -2.579874126240611076e-03 8.201604336500167847e-02 1.426601503044366837e-02 -6.187590956687927246e-02 -2.413308992981910706e-02 1.319616660475730896e-02 4.361760616302490234e-02 4.405409563332796097e-03 7.953587919473648071e-02 -5.166779458522796631e-02 -8.723993599414825439e-02 -1.030813977122306824e-01 3.013280406594276428e-02 1.465846877545118332e-02 9.889134764671325684e-02 -6.974371522665023804e-02 -2.388579957187175751e-02 1.927894912660121918e-02 9.697377681732177734e-02 -5.810277536511421204e-02 -1.934890821576118469e-02 -7.370820641517639160e-02 -2.357140369713306427e-02 7.713616639375686646e-02 -2.600212115794420242e-03 8.148618787527084351e-02 1.493509579449892044e-02 6.734709604643285275e-04 -1.358343753963708878e-02 -2.205400541424751282e-02 -6.779205054044723511e-02 7.186368852853775024e-02 5.006771907210350037e-02 2.787395380437374115e-02 1.833381690084934235e-02 -6.238131970167160034e-02 -1.148905754089355469e-01 6.613792479038238525e-02 7.058946788311004639e-02 2.502818219363689423e-02 -5.634096264839172363e-02 9.907814860343933105e-02 -6.287335604429244995e-02 -4.321383312344551086e-02 6.092878431081771851e-02 -9.650962054729461670e-02 9.889425709843635559e-03 1.050953194499015808e-01 5.448802933096885681e-02 -8.144702762365341187e-03 -2.868570946156978607e-02 -1.518106739968061447e-02 5.729424953460693359e-02 -7.483995705842971802e-02 1.210614666342735291e-02 -9.063700586557388306e-02 -8.562127500772476196e-02 -1.503426674753427505e-02 4.318905621767044067e-02 -2.173220552504062653e-02 -6.252650171518325806e-02 2.202266827225685120e-02 2.613449655473232269e-02
4.714593291282653809e-03 -6.398471444845199585e-02 -8.067817986011505127e-02 4.499328508973121643e-02 -4.035122320055961609e-02 1.233742665499448776e-02 4.562017321586608887e-02 -8.851744979619979858e-02 4.312159121036529541e-02 -7.866749167442321777e-02 9.150395542383193970e-02 3.599557653069496155e-02 -8.956436067819595337e-02 2.585589513182640076e-02 -5.474433675408363342e-02 6.724341213703155518e-02 -4.497569054365158081e-02 5.484532937407493591e-02 -7.368000596761703491e-02 -1.161166206002235413e-01 3.121392801403999329e-02 3.421643003821372986e-02 -3.401121124625205994e-02 -7.242786139249801636e-02 -3.408315405249595642e-02 4.911438375711441040e-02 6.627370417118072510e-02 7.455718517303466797e-02 4.998709261417388916e-02 6.058666110038757324e-02 9.214567951858043671e-03 -8.297624439001083374e-02 -6.573585420846939087e-02 8.315140008926391602e-02 1.127498503774404526e-02 -7.733955979347229004e-02 -1.018318906426429749e-01 -6.269477307796478271e-02 9.546199440956115723e-02 -3.644905984401702881e-02 -4.003719612956047058e-02 -1.646973565220832825e-02 -4.987340420484542847e-02 -1.023572385311126709e-01 -1.002674400806427002e-01 -5.577258393168449402e-02 -4.183366894721984863e-02 -2.454113774001598358e-02 -6.670730561017990112e-02 5.952747538685798645e-02 -6.168926507234573364e-02 7.248370908200740814e-03 -4.635440930724143982e-02 8.639013022184371948e-02 -9.748491644859313965e-02 -1.268489006906747818e-02 -4.544298723340034485e-02 8.969621360301971436e-02 -5.894626304507255554e-02 -5.657223239541053772e-02 1.874454319477081299e-02 -1.039256080985069275e-01 -5.608471855521202087e-02 -4.745123162865638733e-02 1.781362481415271759e-02 5.577039346098899841e-02 -7.762075215578079224e-02 2.080338448286056519e-02 -8.258408308029174805e-02 -4.749486222863197327e-02 -7.240268588066101074e-02 9.285476058721542358e-03 5.240154266357421875e-02 6.314174085855484009e-02 -6.099338643252849579e-03 -7.912283390760421753e-02 -3.360728546977043152e-02 -3.842068463563919067e-02 2.581337466835975647e-02 7.385792583227157593e-02 -9.772554039955139160e-02 -1.954694278538227081e-02 8.644498139619827271e-02 4.915534332394599915e-02 3.960506990551948547e-02 3.186321631073951721e-02 8.697950094938278198e-02 8.219810575246810913e-02 -1.032487973570823669e-01 -4.860224947333335876e-02 4.550972580909729004e-02 5.904819443821907043e-02 -7.944269478321075439e-02 -5.211367085576057434e-02 4.844867158681154251e-03 6.519150733947753906e-02 9.121467173099517822e-02 7.588696479797363281e-02 3.479759022593498230e-02 -7.272835820913314819e-02
9.099239856004714966e-02 -5.007803067564964294e-02 -8.549622446298599243e-02 -6.717020273208618164e-02 1.699472032487392426e-02 -8.973427861928939819e-02 -9.150458872318267822e-02 -1.041977107524871826e-01 -6.722934544086456299e-02 -1.146929338574409485e-02 -4.991040751338005066e-02 7.581722736358642578e-02 -3.251660987734794617e-02 -1.678501255810260773e-02 1.934288255870342255e-02 -7.049902342259883881e-03 -6.217915192246437073e-02 1.132342033088207245e-02 -1.101166941225528717e-02 5.491756647825241089e-02 -3.837958723306655884e-02 1.047888323664665222e-01 -8.150317519903182983e-02 -3.016023151576519012e-02 -8.115845173597335815e-02 -1.010544598102569580e-02 -3.353950008749961853e-02 1.491274237632751465e-01 5.581541731953620911e-02 -1.069460138678550720e-01 -4.063198715448379517e-02 9.083212167024612427e-02 4.858985543251037598e-02 -4.381751641631126404e-02 -6.864795833826065063e-02 -7.844677567481994629e-02 -2.440261654555797577e-02 8.009763062000274658e-02 8.963670581579208374e-02 6.321504712104797363e-02 -1.929532364010810852e-02 7.058361917734146118e-02 -7.204563170671463013e-02 -2.674469351768493652e-02 7.471004873514175415e-02 -2.265862189233303070e-02 -1.061954442411661148e-02 -1.433411240577697754e-01 2.038790844380855560e-02 8.604594320058822632e-02 6.584911793470382690e-02 -1.478367112576961517e-02 1.650159060955047607e-02 1.038880199193954468e-01 4.189712181687355042e-02 -3.814105316996574402e-02 -7.874131947755813599e-02 -2.927499823272228241e-02 7.772240042686462402e-02 1.411079615354537964e-02 -3.708660230040550232e-02 -3.750579059123992920e-02 -8.781521767377853394e-02 9.868666529655456543e-03 5.991128087043762207e-02 6.825738400220870972e-02 -3.591291606426239014e-02 -8.836736530065536499e-02 -7.915888726711273193e-02 -1.576253958046436310e-02 9.609159827232360840e-02 -9.394862502813339233e-02 3.155739232897758484e-02 2.546082809567451477e-02 1.008686348795890808e-01 -1.005809456110000610e-01 -4.127512499690055847e-02 6.913567334413528442e-02 5.354057624936103821e-02 1.242021992802619934e-01 -8.228970319032669067e-02 6.048114970326423645e-03 9.064234793186187744e-02 4.436367005109786987e-02 -9.426906704902648926e-02 -8.693087846040725708e-02 8.179118484258651733e-02 -3.866602201014757156e-03 -3.817493841052055359e-02 1.081506256014108658e-02 1.059879362583160400e-01 -6.605529040098190308e-02 -6.080744042992591858e-02 -4.241201281547546387e-02 2.182896807789802551e-02 6.623516231775283813e-02 -5.799362808465957642e-02 8.362897485494613647e-02 -2.865742892026901245e-02 1.537091098725795746e-02
-8.448270708322525024e-02 -9.864188730716705322e-02 -9.250826202332973480e-03 -1.793709024786949158e-02 -9.395015239715576172e-02 -3.993581514805555344e-03 3.306083381175994873e-02 -1.845781877636909485e-02 -2.437110617756843567e-02 1.239508739672601223e-03 -1.085108146071434021e-01 -6.626868993043899536e-02 8.574409037828445435e-02 1.616109348833560944e-02 -7.331447303295135498e-02 -8.861099928617477417e-02 5.366529524326324463e-02 -8.888671547174453735e-02 4.817988350987434387e-02 4.295166581869125366e-02 -5.642757192254066467e-02 -8.759882301092147827e-02 -4.787989426404237747e-03 -2.073119021952152252e-02 -3.002129495143890381e-02 3.190870396792888641e-03 -4.640922322869300842e-02 -8.997614681720733643e-02 -2.822793275117874146e-02 -7.168341893702745438e-03 8.427320048213005066e-03 -2.874683216214179993e-02 4.868257045745849609e-02 -3.672120347619056702e-02 2.661255747079849243e-02 -3.556043375283479691e-03 9.689680486917495728e-02 8.742334693670272827e-02 -1.950461976230144501e-02 4.078729078173637390e-02 6.496465206146240234e-02 -8.458777517080307007e-02 -1.083116512745618820e-02 5.105475708842277527e-02 -5.115786567330360413e-02 -9.295216202735900879e-02 -4.902168363332748413e-02 -5.523996427655220032e-02 1.972748711705207825e-02 5.037676542997360229e-02 -2.077770233154296875e-02 -2.362765930593013763e-02 5.409244075417518616e-02 -9.558454155921936035e-03 1.282153744250535965e-02 -3.609682619571685791e-02 9.112512320280075073e-02 -7.980643771588802338e-03 -6.919311732053756714e-02 -6.858538836240768433e-02 -8.507084846496582031e-02 2.956672571599483490e-02 -7.192106544971466064e-02 1.506420038640499115e-02 4.246313124895095825e-02 -5.026235431432723999e-02 2.259783446788787842e-02 9.614410810172557831e-03 2.089281752705574036e-02 -3.964098915457725525e-02 6.618278101086616516e-03 4.985017329454421997e-02 5.770617723464965820e-02 -1.079688072204589844e-01 8.913092315196990967e-02 7.343556731939315796e-02 6.025695428252220154e-02 -5.199315492063760757e-04 7.344273477792739868e-02 -4.716564435511827469e-03 4.514333326369524002e-03 8.071067929267883301e-02 -2.552064368501305580e-03 -6.276839971542358398e-02 -8.520366996526718140e-02 1.207731962203979492e-01 8.224719017744064331e-02 3.873007744550704956e-02 1.682807318866252899e-02 4.751989617943763733e-02 6.928449124097824097e-02 -9.550961107015609741e-02 -1.373531948775053024e-02 -7.708897814154624939e-03 -7.371972501277923584e-02 -6.509879976511001587e-02 5.374516546726226807e-02 -9.861923009157180786e-02 5.492908135056495667e-02 1.598160946741700172e-03
5.232769995927810669e-02 2.692903205752372742e-02 2.902254275977611542e-02 3.995386511087417603e-02 1.973951794207096100e-02 -5.450370162725448608e-02 -8.794149011373519897e-02 2.035670541226863861e-02 -6.707533448934555054e-02 -6.572108715772628784e-02 -2.513082884252071381e-02 2.004312537610530853e-02 9.764503687620162964e-03 -4.546118900179862976e-03 -2.100358717143535614e-02 5.896471068263053894e-02 -2.554210089147090912e-02 7.034204900264739990e-02 -7.576533826068043709e-04 4.513370618224143982e-02 -6.035915389657020569e-02 2.334903459995985031e-03 5.359223112463951111e-02 -9.973615407943725586e-02 -8.406197279691696167e-02 6.410894542932510376e-02 5.139667540788650513e-02 1.194954589009284973e-01 3.155140206217765808e-02 -2.376789227128028870e-02 6.512397527694702148e-02 9.951574029400944710e-04 -5.768125131726264954e-02 -3.490482643246650696e-02 3.250602632761001587e-02 7.445302605628967285e-02 5.204280465841293335e-02 1.683818176388740540e-02 -5.371903628110885620e-02 2.965828217566013336e-02 -1.727615296840667725e-02 8.516404032707214355e-02 4.480680450797080994e-02 9.011442959308624268e-02 5.109204351902008057e-02 -8.548724465072154999e-03 -8.870061486959457397e-02 -6.162625551223754883e-02 7.247358560562133789e-02 4.097425192594528198e-02 -2.240449888631701469e-03 4.862507060170173645e-02 -2.101934514939785004e-02 -1.058982014656066895e-01 4.438909888267517090e-02 -1.044840365648269653e-02 2.730447985231876373e-02 1.327635198831558228e-01 -9.800214320421218872e-02 5.603972822427749634e-03 -3.683737944811582565e-03 -6.152001768350601196e-02 -3.167266771197319031e-02 -3.391478210687637329e-02 -1.025363802909851074e-01 6.037969887256622314e-02 5.079960078001022339e-02 6.045930460095405579e-02 1.934363879263401031e-02 -7.190714776515960693e-02 -6.117029488086700439e-02 -7.205519825220108032e-02 -2.337622642517089844e-02 3.620955348014831543e-02 5.926016718149185181e-02 -8.576262742280960083e-03 -7.605824619531631470e-03 5.367711931467056274e-02 3.398037701845169067e-02 -6.950551271438598633e-02 -2.441576123237609863e-02 -8.442136459052562714e-03 3.144584968686103821e-02 7.101252209395170212e-03 -1.099605392664670944e-02 -8.130136877298355103e-02 7.489998638629913330e-02 6.087627261877059937e-02 -4.152096807956695557e-02 2.664205618202686310e-02 -1.017659977078437805e-01 -5.128251388669013977e-02 2.791451476514339447e-02 -1.029673516750335693e-01 -8.486186712980270386e-02 3.084314055740833282e-02 3.238634765148162842e-02 -7.456810772418975830e-02 -1.050112694501876831e-01 -9.122570045292377472e-03
-3.086972981691360474e-02 -9.842433035373687744e-02 1.080444157123565674e-01 1.998911798000335693e-02 4.120963066816329956e-02 9.963579475879669189e-02 6.226332858204841614e-02 -7.375959772616624832e-03 -4.221897572278976440e-02 4.284834116697311401e-02 -9.160567820072174072e-02 3.601491078734397888e-02 8.087696135044097900e-02 9.876517951488494873e-02 -2.488758787512779236e-02 -2.043122611939907074e-02 1.281680166721343994e-02 -8.690300583839416504e-02 -3.745875880122184753e-02 1.680492758750915527e-01 -1.715810736641287804e-03 1.274092793464660645e-01 -2.947777882218360901e-02 -7.625730335712432861e-02 -4.943076148629188538e-02 1.972903683781623840e-02 -5.049398168921470642e-03 -9.987598657608032227e-02 4.055081307888031006e-02 -1.651666127145290375e-03 -1.035092547535896301e-01 -2.670489437878131866e-02 -7.509572803974151611e-02 -1.372639741748571396e-02 -1.017758101224899292e-01 1.980222016572952271e-02 5.074018612504005432e-03 1.028992682695388794e-01 -1.136214882135391235e-01 -2.876198850572109222e-02 6.632777303457260132e-02 -3.299878537654876709e-02 -6.759708374738693237e-02 3.121408075094223022e-02 2.386623062193393707e-03 -9.859189391136169434e-03 7.029490917921066284e-02 4.457098897546529770e-03 -1.040369644761085510e-01 -2.594839036464691162e-02 9.739738889038562775e-03 5.609015002846717834e-02 -2.357222326099872589e-02 4.044379293918609619e-02 -4.010627791285514832e-02 -2.328953891992568970e-02 -1.069087758660316467e-01 -9.517227858304977417e-02 -3.881172835826873779e-02 9.325657039880752563e-02 -3.169637173414230347e-02 -4.565429314970970154e-02 1.025825291872024536e-01 -7.919285446405410767e-02 6.620409898459911346e-03 -1.810913160443305969e-02 -2.018553763628005981e-02 -3.898954018950462341e-02 -1.271955668926239014e-02 -6.448779255151748657e-02 -7.139211148023605347e-02 2.448132261633872986e-02 4.306174814701080322e-02 5.242243036627769470e-02 7.839826494455337524e-02 -6.466113030910491943e-02 1.132102459669113159e-01 -4.877694323658943176e-02 -8.623178303241729736e-02 -6.038602069020271301e-02 -1.129250135272741318e-02 -6.162437796592712402e-02 2.996962144970893860e-02 -5.631157755851745605e-02 -4.773000627756118774e-02 -2.090262249112129211e-02 3.511468321084976196e-02 -1.015273705124855042e-01 6.598088890314102173e-02 -6.371871381998062134e-02 -3.178491443395614624e-02 1.704016886651515961e-02 -5.043958500027656555e-02 8.769527822732925415e-02 7.890069857239723206e-03 4.513661563396453857e-02 9.447889029979705811e-02 -7.279714196920394897e-02 -4.523169249296188354e-02 -6.550803314894437790e-03
2.454953454434871674e-02 5.825254600495100021e-03 4.853868391364812851e-03 2.952433377504348755e-02 -3.688566014170646667e-02 1.095511317253112793e-01 -1.435542572289705276e-02 -4.616628400981426239e-03 -2.444292791187763214e-02 -3.624426573514938354e-02 3.015498630702495575e-02 -8.966283500194549561e-02 4.570652171969413757e-02 1.050782948732376099e-01 2.179845795035362244e-02 9.562709927558898926e-02 -9.128774702548980713e-02 -8.588144183158874512e-02 9.499382227659225464e-02 -5.792914330959320068e-02 -2.491210354492068291e-03 -9.750114381313323975e-02 -9.875433146953582764e-02 3.975542262196540833e-02 -1.267689932137727737e-02 6.721297651529312134e-02 8.357510715723037720e-02 -1.123527996242046356e-03 -1.444054841995239258e-01 9.183436632156372070e-02 2.926135784946382046e-04 -2.790449373424053192e-02 -9.595523774623870850e-02 -4.389758035540580750e-02 -1.682633608579635620e-01 -3.633648157119750977e-02 7.749593257904052734e-02 -9.546902030706405640e-02 7.404020428657531738e-02 -5.868657026439905167e-03 5.348008498549461365e-02 -3.820109367370605469e-02 5.892843753099441528e-02 -9.464722871780395508e-02 9.067920036613941193e-03 -7.985170185565948486e-02 -5.421432852745056152e-02 8.792195469141006470e-03 7.179755717515945435e-02 9.828548878431320190e-03 2.368118148297071457e-03 -1.308574341237545013e-03 -7.871226221323013306e-02 -2.062350884079933167e-02 8.789011277258396149e-03 -7.759676873683929443e-02 7.621551305055618286e-02 -1.795039139688014984e-02 -3.143390640616416931e-02 -2.687863633036613464e-02 7.659161090850830078e-02 -1.004165187478065491e-01 -1.168606802821159363e-01 2.828007750213146210e-02 1.358503997325897217e-01 -8.229071646928787231e-02 -2.794600278139114380e-02 -7.390313595533370972e-02 -2.858291845768690109e-03 2.005962468683719635e-02 6.164884939789772034e-02 1.826054975390434265e-02 3.659224137663841248e-02 4.215094819664955139e-02 -1.245217993855476379e-01 -1.617996394634246826e-02 -8.677364140748977661e-02 3.523940965533256531e-02 -5.292799323797225952e-02 -1.380539238452911377e-01 -5.779468268156051636e-02 -8.442807197570800781e-02 -1.071246415376663208e-01 2.792155370116233826e-03 -8.694133907556533813e-02 1.378408372402191162e-01 -1.457665394991636276e-02 -7.667571306228637695e-03 -4.953631386160850525e-02 5.662859417498111725e-03 3.928688820451498032e-03 -7.813735306262969971e-02 -1.181970164179801941e-01 3.477142006158828735e-02 5.916490405797958374e-02 3.139556571841239929e-02 -6.451524794101715088e-02 7.923261076211929321e-02 -4.294335842132568359e-03 -2.729749120771884918e-02
9.698246419429779053e-02 6.594301015138626099e-02 -5.558823049068450928e-02 9.673737734556198120e-02 -2.946867607533931732e-02 -9.587187319993972778e-02 5.930574238300323486e-02 -8.226736448705196381e-03 -1.445925049483776093e-02 -3.149696812033653259e-02 1.778876408934593201e-02 1.939194649457931519e-02 -1.337984763085842133e-02 -3.175789490342140198e-02 1.032106578350067139e-01 -9.863281995058059692e-02 -9.068733453750610352e-02 6.032155454158782959e-02 -3.447626531124114990e-02 -5.047245416790246964e-03 1.054975949227809906e-02 1.232051551342010498e-01 1.357720196247100830e-01 -1.689874567091464996e-02 -6.205642595887184143e-02 1.144771743565797806e-02 5.870696622878313065e-03 -7.340229931287467480e-04 6.737074255943298340e-02 -4.025475680828094482e-02 7.527731359004974365e-02 -6.916426867246627808e-02 -9.546750038862228394e-02 -1.247317902743816376e-02 -1.396264880895614624e-01 -6.766080856323242188e-02 1.322296634316444397e-02 -2.156388945877552032e-02 -7.387011498212814331e-02 -1.920844055712223053e-02 9.447120875120162964e-02 8.216359466314315796e-02 -4.880301281809806824e-02 -3.720600903034210205e-02 5.695268511772155762e-02 -2.528270892798900604e-02 4.373696073889732361e-02 4.659535363316535950e-02 -7.630129903554916382e-02 -8.301493525505065918e-02 -1.006731167435646057e-01 -2.118303673341870308e-03 8.972717076539993286e-02 6.646937876939773560e-02 -3.764997050166130066e-02 -6.711241602897644043e-02 -6.547091901302337646e-02 -1.529183890670537949e-02 1.910040155053138733e-02 -1.078965514898300171e-02 -3.391967155039310455e-03 1.017231643199920654e-01 6.170774996280670166e-02 3.973068669438362122e-02 -1.940383575856685638e-03 5.655780807137489319e-02 2.002198621630668640e-02 -4.338744282722473145e-02 -7.512509822845458984e-02 -4.551002010703086853e-02 5.384694412350654602e-02 -7.214535027742385864e-02 5.304417386651039124e-02 -1.261189929209649563e-03 -2.966598235070705414e-02 -6.171658262610435486e-02 2.778103388845920563e-02 8.144909143447875977e-02 -7.870960980653762817e-02 9.330505132675170898e-02 -9.153457731008529663e-02 -3.011517925187945366e-03 3.139244765043258667e-02 -6.326956301927566528e-02 -9.151301532983779907e-02 5.549537390470504761e-02 1.159560009837150574e-01 2.554479800164699554e-02 -6.972055137157440186e-02 -4.330054670572280884e-02 3.721796348690986633e-02 3.162288293242454529e-02 9.140086174011230469e-02 -2.471532858908176422e-02 3.828508779406547546e-02 -5.289746820926666260e-02 -1.434693764895200729e-02 6.773573160171508789e-02 7.916296273469924927e-02 -2.574133872985839844e-02
2.149183116853237152e-02 -1.758439652621746063e-02 -5.125157907605171204e-02 9.090405702590942383e-02 -1.865775207988917828e-03 4.259609431028366089e-02 -6.674713641405105591e-02 1.933015510439872742e-02 8.737263083457946777e-02 5.381667613983154297e-02 8.970221132040023804e-02 -6.540641933679580688e-02 8.161194622516632080e-02 7.287373393774032593e-02 5.671861767768859863e-02 -6.636652350425720215e-02 5.770627409219741821e-02 7.215869426727294922e-02 8.354834467172622681e-02 1.234792172908782959e-01 -9.496290236711502075e-02 -1.595265418291091919e-02 4.943046346306800842e-02 4.893723409622907639e-03 1.749774813652038574e-02 -4.393341019749641418e-02 8.971998840570449829e-02 2.485254593193531036e-02 6.135342177003622055e-03 8.989422768354415894e-02 8.729925751686096191e-02 -9.639560431241989136e-02 5.057627707719802856e-02 3.307249397039413452e-02 7.099392265081405640e-02 -6.768168509006500244e-02 -1.521605439484119415e-02 3.285196423530578613e-02 5.822281166911125183e-02 7.002491503953933716e-02 4.660211130976676941e-02 7.539426535367965698e-02 -8.841275423765182495e-02 -9.603392332792282104e-03 1.527228951454162598e-02 9.054191410541534424e-02 -9.738827496767044067e-02 5.387846753001213074e-02 4.585410654544830322e-02 2.656852640211582184e-02 -2.823590068146586418e-03 -2.767540328204631805e-02 -2.194444462656974792e-02 6.211546063423156738e-02 -3.812846913933753967e-02 -1.449122838675975800e-02 -8.577122539281845093e-02 2.145615965127944946e-02 5.708641186356544495e-02 -2.052174136042594910e-02 -6.849293410778045654e-02 -5.471925437450408936e-02 -3.491266444325447083e-02 9.565436094999313354e-02 6.190257146954536438e-02 -1.896694675087928772e-02 1.184011995792388916e-01 1.671468652784824371e-02 -8.386889100074768066e-02 -5.677327141165733337e-02 5.411837995052337646e-02 8.009091019630432129e-02 7.873573899269104004e-02 8.502085693180561066e-03 4.149464890360832214e-02 -1.563018560409545898e-02 3.294986858963966370e-02 8.238597959280014038e-02 2.488886006176471710e-02 8.421070128679275513e-02 -3.926977142691612244e-02 4.071988165378570557e-02 2.611290290951728821e-02 3.088745288550853729e-02 1.010717228055000305e-01 3.138826042413711548e-02 6.769756320863962173e-03 9.352465718984603882e-02 -7.865801453590393066e-02 8.129348047077655792e-03 -1.273271162062883377e-02 1.302287913858890533e-02 -8.106319000944495201e-04 -9.631796181201934814e-02 -5.553893744945526123e-02 -6.611385941505432129e-02 -2.827791497111320496e-02 -2.733720839023590088e-02 7.716897130012512207e-02 7.184985280036926270e-02
-3.165005519986152649e-02 1.043830364942550659e-01 3.448335826396942139e-02 -1.351186307147145271e-03 6.839387863874435425e-02 -3.542452678084373474e-02 7.156437635421752930e-02 -6.177005544304847717e-02 5.281319096684455872e-02 4.185378924012184143e-02 -9.763588756322860718e-02 -9.706456214189529419e-02 -6.515814363956451416e-02 6.371666491031646729e-02 7.627046108245849609e-02 -4.770798236131668091e-02 7.261926680803298950e-02 -1.165331155061721802e-02 -2.702577970921993256e-02 -1.015375554561614990e-01 5.284380540251731873e-02 3.674561530351638794e-02 2.417714707553386688e-02 -2.133095869794487953e-03 -5.138750001788139343e-02 -1.869513094425201416e-02 6.160976365208625793e-02 -4.761495813727378845e-02 -1.245966702699661255e-01 8.641441911458969116e-02 8.225218951702117920e-02 3.075583465397357941e-02 -5.868181213736534119e-02 2.243752405047416687e-02 -2.516063302755355835e-02 4.946117103099822998e-02 6.386560946702957153e-02 6.947221606969833374e-02 -5.714071914553642273e-02 2.259853668510913849e-02 -5.582758039236068726e-02 -1.002284288406372070e-01 3.670042008161544800e-02 1.065356377512216568e-02 2.177337929606437683e-02 4.667534679174423218e-02 7.941315323114395142e-02 1.141012459993362427e-02 -3.998303785920143127e-02 1.243339926004409790e-01 8.487707376480102539e-02 -3.722809627652168274e-02 -2.907834947109222412e-03 -7.140338420867919922e-02 -4.873338714241981506e-02 -7.410696148872375488e-02 1.185253709554672241e-01 3.564751148223876953e-02 3.847580775618553162e-02 6.737241894006729126e-02 4.495288059115409851e-02 7.713128626346588135e-02 6.733103096485137939e-02 -1.157024409621953964e-03 2.271092869341373444e-02 -6.294467300176620483e-02 -4.359189793467521667e-02 -5.313173681497573853e-02 -7.321702688932418823e-02 -5.512177199125289917e-02 9.407444740645587444e-04 -7.590111345052719116e-02 2.913781208917498589e-03 -1.321154832839965820e-01 5.884945020079612732e-02 -8.266617357730865479e-02 -1.681414619088172913e-02 1.340102124959230423e-02 -9.378244727849960327e-02 8.561325073242187500e-02 -2.357580699026584625e-02 3.396643698215484619e-02 9.097919613122940063e-02 -8.216121047735214233e-02 9.456132352352142334e-02 4.131527990102767944e-02 -2.140506170690059662e-02 -2.157297357916831970e-02 -7.086735218763351440e-02 2.041957154870033264e-02 -1.882264949381351471e-02 -5.700256675481796265e-02 -7.594039291143417358e-02 2.935004606842994690e-02 -8.681380189955234528e-03 -3.555755689740180969e-02 5.085116252303123474e-02 4.993782937526702881e-02 4.720943421125411987e-02 -8.036842197179794312e-02
-7.260578870773315430e-02 9.289725869894027710e-02 -1.093488559126853943e-01 -6.407605111598968506e-02 5.343142151832580566e-02 6.068380549550056458e-03 5.566088482737541199e-02 -1.511175744235515594e-02 -5.168622359633445740e-02 4.893556982278823853e-02 -1.183450408279895782e-02 7.444471120834350586e-02 -5.526805669069290161e-02 5.535078793764114380e-02 -4.998234286904335022e-02 1.936393789947032928e-02 -4.916533827781677246e-02 1.076039969921112061e-01 -1.015974879264831543e-01 -7.555962353944778442e-02 -3.478555008769035339e-02 7.247971743345260620e-02 -1.171826049685478210e-01 7.105448842048645020e-02 2.311470918357372284e-02 -4.972562566399574280e-02 -1.120811402797698975e-01 -4.909728839993476868e-02 1.293060276657342911e-02 1.167491916567087173e-02 7.940547913312911987e-02 -8.912409096956253052e-02 -5.705137923359870911e-02 7.229429483413696289e-02 -8.656437695026397705e-02 7.610566914081573486e-02 -2.000296860933303833e-02 -1.574210450053215027e-02 -1.233218796551227570e-02 -2.804487384855747223e-02 -4.905770719051361084e-02 -3.694288432598114014e-02 -3.589804843068122864e-02 8.727852255105972290e-02 9.248361736536026001e-02 4.936916008591651917e-02 -6.444973498582839966e-02 -5.430030077695846558e-02 -6.102638691663742065e-02 -1.433752756565809250e-02 -5.298374965786933899e-02 9.040290117263793945e-02 8.008984476327896118e-02 -8.855237625539302826e-03 -1.869466900825500488e-02 -9.760598093271255493e-02 -2.346816658973693848e-02 -5.982261896133422852e-02 3.952537849545478821e-02 8.156365156173706055e-02 -3.402635455131530762e-02 1.197549887001514435e-02 2.516009099781513214e-02 7.412730157375335693e-02 -9.309675544500350952e-02 5.233179405331611633e-02 6.979465484619140625e-03 -8.229039609432220459e-02 -6.369213014841079712e-02 -3.172268718481063843e-02 -1.980710402131080627e-02 6.291424483060836792e-02 -5.071938782930374146e-02 1.049672067165374756e-01 -1.012420132756233215e-01 1.175235360860824585e-01 1.264264248311519623e-02 -1.984253339469432831e-02 2.370650693774223328e-02 -1.584429666399955750e-02 2.468568040058016777e-03 8.993471041321754456e-03 -5.004616454243659973e-02 -9.152699261903762817e-02 -4.816811531782150269e-02 1.260053068399429321e-01 -8.325526490807533264e-03 5.121451616287231445e-02 -8.078421652317047119e-02 -1.049957145005464554e-02 -6.961508095264434814e-02 -4.690328240394592285e-02 6.577683985233306885e-02 -3.535917773842811584e-02 8.799175173044204712e-02 4.441581666469573975e-02 -4.454689472913742065e-02 -5.351300537586212158e-02 -1.017705798149108887e-01 -6.496597826480865479e-02
-5.518688354641199112e-03 -1.062455102801322937e-01 -9.187288582324981689e-02 -7.200800627470016479e-02 1.858508400619029999e-02 -6.163286790251731873e-02 8.573615550994873047e-02 -5.762670654803514481e-03 -6.202124059200286865e-03 -7.540351245552301407e-03 -1.975306076928973198e-03 4.575703293085098267e-02 -6.992183625698089600e-02 1.045855693519115448e-02 -4.757907986640930176e-02 -8.595602959394454956e-02 2.603118866682052612e-02 2.755957469344139099e-02 -5.213727429509162903e-02 7.136549055576324463e-02 -4.291700199246406555e-02 -1.297073364257812500e-01 9.093211963772773743e-03 -9.899170696735382080e-02 5.598642304539680481e-02 -8.241523802280426025e-02 1.259245574474334717e-01 7.150337845087051392e-02 -5.126532167196273804e-02 2.577363885939121246e-02 -4.714499041438102722e-02 8.999755978584289551e-02 -8.123376220464706421e-02 -4.653194919228553772e-03 8.283987641334533691e-02 -9.973709285259246826e-02 -5.152459815144538879e-02 -6.261708587408065796e-02 -9.197360277175903320e-02 -2.154505252838134766e-02 -3.089141333475708961e-03 1.478981785476207733e-02 -6.344275176525115967e-02 3.798972442746162415e-02 -4.176940023899078369e-02 6.734596937894821167e-02 1.245131157338619232e-02 -7.667847722768783569e-02 -6.965078413486480713e-02 1.417385973036289215e-02 4.585618898272514343e-02 -6.471519917249679565e-02 1.196978427469730377e-02 -6.679766625165939331e-02 -6.389053165912628174e-02 -4.378685727715492249e-03 -5.018250644207000732e-02 -1.281143426895141602e-01 -7.186788134276866913e-03 -5.522699654102325439e-02 -4.816830158233642578e-02 7.176855206489562988e-02 9.151462465524673462e-02 7.546097040176391602e-02 -6.107993423938751221e-03 -6.045482680201530457e-02 1.833327300846576691e-02 2.915060333907604218e-02 3.847244754433631897e-02 -1.779198646545410156e-02 -8.317478746175765991e-02 1.988867297768592834e-02 4.677040874958038330e-02 1.449298709630966187e-01 -4.715429618954658508e-02 2.784763835370540619e-02 -4.948402568697929382e-02 1.781312935054302216e-02 -4.667685180902481079e-02 3.043508157134056091e-02 -3.298493474721908569e-02 -2.669793739914894104e-02 -3.033897466957569122e-02 -2.374805137515068054e-02 1.203219220042228699e-02 -2.102409489452838898e-02 7.909657061100006104e-02 -2.797967754304409027e-02 -4.580170661211013794e-02 4.500124230980873108e-02 1.883291825652122498e-02 -4.417919740080833435e-02 3.907447680830955505e-02 4.509979486465454102e-02 -4.401271045207977295e-02 -1.121611446142196655e-01 5.204238463193178177e-03 5.104451999068260193e-02 1.193146705627441406e-01 5.088478699326515198e-02
-8.791415393352508545e-02 -9.310318529605865479e-02 -6.472799926996231079e-02 -6.465572863817214966e-02 -2.284494461491703987e-03 1.021501123905181885e-01 7.379295676946640015e-02 -3.072049841284751892e-02 5.119311623275279999e-03 -7.229599356651306152e-02 1.060521323233842850e-02 -2.236497029662132263e-02 6.268097460269927979e-02 5.820619314908981323e-02 -2.213732898235321045e-02 -7.015781849622726440e-02 2.641744725406169891e-02 -9.502410143613815308e-02 8.648184686899185181e-02 7.543212920427322388e-02 7.378962356597185135e-03 3.520436957478523254e-02 -4.214884713292121887e-02 -5.784318223595619202e-02 -5.743533745408058167e-02 1.006199866533279419e-01 -2.015170268714427948e-02 2.552466839551925659e-02 -4.247795045375823975e-02 6.082105915993452072e-03 -2.624321170151233673e-02 -5.550511181354522705e-02 -4.660634323954582214e-02 -8.850573748350143433e-02 -2.818262204527854919e-02 -1.550396159291267395e-02 1.900518871843814850e-02 -8.511054515838623047e-02 -6.877166777849197388e-02 1.101754885166883469e-02 9.218987077474594116e-02 -5.666317790746688843e-02 -4.183053970336914062e-02 -1.950555481016635895e-02 -7.249621301889419556e-02 -4.141551256179809570e-02 1.043623220175504684e-02 -5.156343430280685425e-02 5.895202234387397766e-02 -8.505921810865402222e-02 4.647898301482200623e-02 3.199342265725135803e-02 4.169000312685966492e-02 8.159994333982467651e-02 -4.532651975750923157e-02 1.418608520179986954e-02 -3.281121701002120972e-02 1.037478679791092873e-03 8.803100883960723877e-02 8.234248310327529907e-02 -1.002343185245990753e-02 7.333275675773620605e-02 -3.537116199731826782e-02 9.517744928598403931e-02 7.030902802944183350e-02 -8.858144283294677734e-02 7.743761688470840454e-02 -9.288294613361358643e-02 5.873601138591766357e-02 7.222927361726760864e-02 -1.624785363674163818e-02 -5.484604090452194214e-02 7.244682312011718750e-02 -7.916871458292007446e-02 3.594011440873146057e-02 2.449701912701129913e-02 1.409897580742835999e-02 8.949822187423706055e-02 3.464760258793830872e-02 6.630686670541763306e-02 3.435413911938667297e-02 9.841252863407135010e-02 -1.311277691274881363e-02 -4.372144117951393127e-02 -5.300873890519142151e-02 -2.020581625401973724e-02 -5.338066816329956055e-02 -7.125490158796310425e-02 5.207689478993415833e-02 -6.491027027368545532e-02 3.837134689092636108e-03 9.629470109939575195e-02 9.165444970130920410e-02 3.489733114838600159e-02 -3.785892575979232788e-02 2.953543886542320251e-02 3.385138511657714844e-02 -8.995617926120758057e-02 3.946348279714584351e-02 -1.119070425629615784e-01
6.431324034929275513e-02 -3.143790876492857933e-03 1.014598682522773743e-01 1.915124477818608284e-03 7.923964411020278931e-02 -6.436224281787872314e-02 -3.952398896217346191e-02 1.906358078122138977e-02 -9.629528969526290894e-02 9.661104530096054077e-02 -6.399518251419067383e-02 8.086957037448883057e-02 -9.532360732555389404e-02 3.357224911451339722e-02 1.728095486760139465e-02 3.149031102657318115e-02 -2.335888519883155823e-02 -7.755610346794128418e-02 8.529805392026901245e-02 2.620881237089633942e-02 -4.472152888774871826e-02 -1.399972885847091675e-01 1.004526093602180481e-01 -1.315021514892578125e-01 3.427483513951301575e-02 -3.321051970124244690e-02 1.587168127298355103e-02 9.398119524121284485e-03 5.139031447470188141e-03 1.238005515187978745e-02 9.490363299846649170e-02 -1.598638296127319336e-02 -7.088226079940795898e-02 3.228504583239555359e-02 8.254421874880790710e-03 -3.980281576514244080e-02 -5.276296287775039673e-02 -1.081156805157661438e-01 -4.613033682107925415e-02 6.662742048501968384e-02 -7.768267393112182617e-02 7.410608977079391479e-02 5.688383430242538452e-02 -5.234749987721443176e-02 -1.039018407464027405e-01 3.243437781929969788e-02 2.975032478570938110e-02 1.058618798851966858e-01 -5.725052207708358765e-03 2.161494642496109009e-02 7.149915397167205811e-02 6.809553503990173340e-02 -6.764058768749237061e-02 8.913462609052658081e-02 -6.809817999601364136e-02 -9.526588022708892822e-02 -5.374289304018020630e-02 -1.121874004602432251e-01 1.855288073420524597e-02 -8.240839466452598572e-03 -2.494582347571849823e-02 -3.946764022111892700e-02 -4.086046665906906128e-02 -1.022325977683067322e-01 -9.182329475879669189e-02 1.283541508018970490e-02 5.851433053612709045e-02 8.993554860353469849e-02 -5.573816969990730286e-02 8.129613846540451050e-02 2.549041993916034698e-02 -2.767639001831412315e-03 -1.934067346155643463e-02 4.398325458168983459e-02 -1.102629229426383972e-01 7.249736785888671875e-02 -6.156197562813758850e-02 1.002097036689519882e-02 -4.650897160172462463e-02 -5.829808115959167480e-02 -6.287885457277297974e-02 -6.422378867864608765e-02 -7.001200225204229355e-03 -5.544026196002960205e-02 -2.851024828851222992e-02 -2.069019526243209839e-02 6.333583593368530273e-02 4.538892209529876709e-02 -1.092206537723541260e-01 3.972795978188514709e-02 -4.459859803318977356e-02 4.454261809587478638e-02 7.746472209692001343e-02 -2.833241969347000122e-02 -7.448045164346694946e-02 -1.045327931642532349e-01 6.041615083813667297e-02 1.357788965106010437e-02 -8.045448362827301025e-02 6.002162117511034012e-03
5.109062418341636658e-02 -3.581447899341583252e-02 9.860640764236450195e-02 -1.078588142991065979e-02 6.049914285540580750e-02 7.617146521806716919e-02 -1.704837009310722351e-02 -5.175205878913402557e-03 3.939999267458915710e-03 -1.782219484448432922e-02 -1.090749911963939667e-02 -6.564087420701980591e-02 4.412224516272544861e-02 1.018390953540802002e-01 -2.362681925296783447e-02 5.459937825798988342e-02 7.169055286794900894e-03 4.296808037906885147e-03 5.986589193344116211e-02 -7.922483235597610474e-02 -3.729028254747390747e-02 -3.044983930885791779e-02 8.151227235794067383e-02 -1.211201027035713196e-01 3.712665289640426636e-03 -6.814734637737274170e-02 -3.098373115062713623e-02 -3.737881407141685486e-02 5.183923989534378052e-02 -7.339143776334822178e-04 -1.452160328626632690e-01 2.646218426525592804e-02 -9.235291741788387299e-03 -9.121570736169815063e-02 5.481369048357009888e-02 -4.180281981825828552e-02 -9.017659723758697510e-02 2.279246598482131958e-02 8.445483446121215820e-02 3.625403344631195068e-02 8.772663027048110962e-02 3.906907513737678528e-02 -5.036950856447219849e-02 2.193826995790004730e-02 -2.367715723812580109e-02 4.525763541460037231e-02 1.059630215167999268e-01 1.576395146548748016e-02 1.169079989194869995e-01 2.016423968598246574e-04 8.879236131906509399e-02 3.940556943416595459e-02 -1.055973768234252930e-02 -9.906711429357528687e-02 4.946363717317581177e-02 3.835206851363182068e-02 -3.204236924648284912e-02 3.182053193449974060e-02 -2.446656301617622375e-02 9.452290087938308716e-02 6.541407201439142227e-03 -5.000490695238113403e-02 -1.128900349140167236e-01 1.629820652306079865e-02 8.801943063735961914e-02 1.248791441321372986e-02 1.412334945052862167e-02 1.380630880594253540e-01 4.914407059550285339e-02 -1.018285229802131653e-01 1.041590198874473572e-01 -1.017940342426300049e-01 -4.181479662656784058e-02 6.500131636857986450e-02 -5.667033046483993530e-02 -7.060468196868896484e-02 4.825056716799736023e-02 4.070978984236717224e-02 -2.241392619907855988e-03 -1.749716140329837799e-02 -1.244877558201551437e-02 -4.173467680811882019e-02 -4.668122529983520508e-02 7.274249196052551270e-02 9.894075989723205566e-02 -1.511311084032058716e-01 -7.209588587284088135e-02 1.492218859493732452e-02 2.116426452994346619e-02 -6.808215379714965820e-02 -1.191377290524542332e-03 5.852136388421058655e-02 -6.577925384044647217e-02 9.335649758577346802e-02 -5.305457860231399536e-02 -6.625600904226303101e-02 1.051557809114456177e-01 6.044895201921463013e-02 6.748955696821212769e-02 -9.340742230415344238e-02
7.052405923604965210e-02 -4.878147318959236145e-02 -8.594052493572235107e-02 7.813329994678497314e-02 1.013451889157295227e-01 9.223625995218753815e-03 -6.166853010654449463e-02 -1.795140095055103302e-02 -4.832723736763000488e-02 -3.625819087028503418e-02 1.069413311779499054e-02 8.617331087589263916e-02 6.447459757328033447e-02 2.375703118741512299e-02 -5.088232457637786865e-02 5.826003104448318481e-02 1.063442789018154144e-02 -4.542147368192672729e-02 -4.839515313506126404e-02 -8.911557495594024658e-02 4.347062204033136368e-03 -2.492578700184822083e-02 8.504262566566467285e-02 -5.590721964836120605e-02 8.454990386962890625e-02 7.979166507720947266e-02 -2.923661470413208008e-02 -3.935694321990013123e-02 1.099675544537603855e-03 4.623900353908538818e-02 5.695396661758422852e-02 9.940767288208007812e-02 -8.878981694579124451e-03 8.444369584321975708e-02 9.491993486881256104e-02 2.649130672216415405e-02 -6.107430160045623779e-02 7.922494411468505859e-02 -6.701852381229400635e-02 -6.964045111089944839e-03 -1.000107452273368835e-01 4.974875226616859436e-02 7.196144014596939087e-02 9.693033248186111450e-02 -6.191151589155197144e-02 9.015236794948577881e-02 -7.534070312976837158e-02 -4.111937806010246277e-02 -1.269512623548507690e-02 -2.140514925122261047e-02 4.786347597837448120e-02 6.897754222154617310e-02 2.263264544308185577e-02 9.812169522047042847e-02 2.387825399637222290e-02 -5.567627958953380585e-03 -3.649428114295005798e-02 3.344202414155006409e-02 -3.481366112828254700e-02 1.093044579029083252e-01 8.125053346157073975e-02 5.415208265185356140e-02 5.498847365379333496e-02 4.678251221776008606e-02 -5.850526317954063416e-02 -5.228951945900917053e-02 1.099487915635108948e-01 8.113095909357070923e-02 7.125901430845260620e-02 8.840681985020637512e-03 2.063779346644878387e-02 2.585796453058719635e-02 8.127199858427047729e-02 9.631471335887908936e-02 8.318187296390533447e-02 -6.405626982450485229e-02 -1.636861450970172882e-02 6.021412461996078491e-02 4.426768422126770020e-02 -4.485839605331420898e-02 4.355269484221935272e-03 -1.805813424289226532e-02 -9.950628876686096191e-02 3.898431779816746712e-03 6.441292911767959595e-02 -7.672123610973358154e-04 1.595560833811759949e-02 -4.364432301372289658e-03 -6.898432970046997070e-02 -4.750515893101692200e-02 8.639187365770339966e-02 5.122814700007438660e-02 -5.858872830867767334e-02 5.691531114280223846e-03 2.002751082181930542e-02 -2.534922957420349121e-02 -1.490523479878902435e-02 5.960000213235616684e-03 7.755724340677261353e-02 1.251462008804082870e-02
-4.306635633111000061e-02 1.590471528470516205e-02 7.766685634851455688e-02 6.894159317016601562e-02 4.524406418204307556e-02 -3.871560096740722656e-03 -8.958014845848083496e-02 4.173412919044494629e-02 6.265567988157272339e-02 -4.759198054671287537e-02 -8.027586340904235840e-02 -9.859631955623626709e-02 7.894963957369327545e-03 5.008607357740402222e-02 -1.207016780972480774e-02 6.331692636013031006e-02 -1.030743494629859924e-01 -2.364470623433589935e-03 8.047934621572494507e-02 -6.315413396805524826e-03 -4.452232643961906433e-02 -3.529129922389984131e-02 -7.692319899797439575e-02 9.473733603954315186e-02 7.902905344963073730e-02 -4.571622610092163086e-02 6.141749769449234009e-02 -7.331767678260803223e-02 -2.343687415122985840e-02 -7.765830308198928833e-02 1.191749610006809235e-02 2.900987863540649414e-02 6.564632058143615723e-02 -1.947026140987873077e-02 1.272927597165107727e-02 1.035394296050071716e-01 7.062480319291353226e-03 4.755840450525283813e-02 -1.067002862691879272e-01 -7.768809329718351364e-03 9.904135018587112427e-02 1.409496646374464035e-02 -2.095408923923969269e-02 -6.555643677711486816e-02 2.484265342354774475e-02 -3.978366032242774963e-02 9.390184283256530762e-02 -1.103980839252471924e-01 4.894276335835456848e-02 5.974038690328598022e-02 6.307160854339599609e-02 -2.854008413851261139e-02 -8.388836868107318878e-03 -6.441828608512878418e-02 8.978149294853210449e-02 -5.231797695159912109e-02 -6.273169536143541336e-03 -1.183067169040441513e-02 1.234251633286476135e-01 -2.233936078846454620e-02 -7.999840378761291504e-02 5.840282142162322998e-02 -8.328728377819061279e-02 -4.004706442356109619e-02 5.668150261044502258e-02 4.431201517581939697e-02 -7.719660643488168716e-03 6.125079840421676636e-02 -4.282516613602638245e-02 -6.906878203153610229e-03 -6.261755526065826416e-02 2.205332182347774506e-02 7.393337041139602661e-02 -6.117963045835494995e-02 -1.615175715414807200e-04 9.225223213434219360e-02 5.770393088459968567e-02 -2.793870493769645691e-02 4.681617021560668945e-02 -5.356271192431449890e-02 7.131329178810119629e-02 8.738911151885986328e-02 4.005839675664901733e-02 -6.106143444776535034e-02 -8.185838907957077026e-02 -4.633006080985069275e-02 5.673081800341606140e-02 -4.142566397786140442e-02 5.424231057986617088e-04 4.860418383032083511e-03 7.908734679222106934e-02 -5.260904785245656967e-03 -5.407115444540977478e-02 -7.262736558914184570e-02 8.078251779079437256e-02 -3.173485025763511658e-02 -6.778133660554885864e-02 -7.292754203081130981e-02 -2.491072565317153931e-02 3.317467868328094482e-02
8.206719905138015747e-02 -8.999075740575790405e-02 -5.709477886557579041e-02 -9.045311808586120605e-02 -6.801524758338928223e-02 2.450508251786231995e-02 -7.407128810882568359e-02 -9.362763166427612305e-02 -5.005198344588279724e-02 1.906884461641311646e-02 2.748738974332809448e-02 2.733770757913589478e-02 -7.027567923069000244e-02 -1.311070173978805542e-01 2.426067134365439415e-03 5.557015538215637207e-02 9.630832821130752563e-02 -4.309454560279846191e-02 8.540400862693786621e-02 -3.062187135219573975e-02 -1.184909418225288391e-02 -8.226194232702255249e-02 -1.027925312519073486e-02 -7.960395514965057373e-02 4.784459248185157776e-02 -5.658269673585891724e-02 -4.461426287889480591e-02 -9.501644223928451538e-02 1.445082202553749084e-02 7.168479263782501221e-02 -6.346610188484191895e-02 3.330371528863906860e-02 -8.595732599496841431e-02 -5.010509490966796875e-02 1.646507531404495239e-01 2.759419940412044525e-02 -3.210247680544853210e-02 -3.567133098840713501e-02 -7.785741705447435379e-03 -7.626697421073913574e-02 3.731630742549896240e-02 6.029195711016654968e-02 -1.010402143001556396e-01 3.394276136532425880e-03 9.648411720991134644e-02 4.986984655261039734e-02 -2.267218567430973053e-02 4.812101274728775024e-02 3.263685107231140137e-02 6.333288550376892090e-02 1.464730408042669296e-02 -7.013669610023498535e-02 2.230101265013217926e-02 -5.557676032185554504e-02 -4.096987843513488770e-02 4.633335024118423462e-02 3.405490424484014511e-03 4.567747190594673157e-02 -4.322168231010437012e-02 -6.540783494710922241e-02 4.012460261583328247e-02 -5.750792101025581360e-02 -6.783971935510635376e-02 1.148425042629241943e-03 -3.539177402853965759e-02 -5.018123611807823181e-02 -8.219304727390408516e-04 -8.722505532205104828e-03 7.077078521251678467e-02 3.694635257124900818e-02 -1.224967651069164276e-02 7.902889698743820190e-02 7.656715810298919678e-02 3.617805615067481995e-02 -7.452953606843948364e-02 6.744708120822906494e-02 -9.127526730298995972e-02 -5.549262091517448425e-02 -6.605703383684158325e-02 -8.120193332433700562e-02 3.432610630989074707e-02 -3.733247891068458557e-02 1.271457672119140625e-01 4.865005239844322205e-02 2.132984250783920288e-02 -1.051042694598436356e-02 -3.820774331688880920e-02 4.596878215670585632e-02 -7.671968638896942139e-02 8.386023342609405518e-03 -5.183798726648092270e-03 8.590422570705413818e-02 2.211932837963104248e-02 -7.030758261680603027e-02 -1.646408438682556152e-02 -4.857614636421203613e-02 -4.352710396051406860e-02 -4.376609250903129578e-02 -6.086976081132888794e-02 -9.033053368330001831e-02
7.301716506481170654e-02 2.669065445661544800e-02 -4.093636944890022278e-02 -9.576386958360671997e-02 -1.553245005197823048e-03 5.841169506311416626e-02 -7.676402479410171509e-02 1.358834840357303619e-02 7.295355945825576782e-02 -4.905319213867187500e-02 -1.054285001009702682e-02 8.934973925352096558e-02 -6.891455501317977905e-02 7.379519194364547729e-02 -4.305127635598182678e-02 6.565075367689132690e-02 -3.602692857384681702e-02 8.573723584413528442e-02 7.545099407434463501e-02 9.520910680294036865e-02 -3.645859658718109131e-02 9.740029461681842804e-03 4.827718064188957214e-02 -6.405071169137954712e-02 -9.552521258592605591e-02 1.084497272968292236e-01 -9.778194129467010498e-02 -5.643820390105247498e-02 -7.904938608407974243e-02 -5.352023988962173462e-02 8.312362432479858398e-02 -8.786908537149429321e-02 -1.142336148768663406e-02 -7.783473283052444458e-02 -7.318429648876190186e-02 -8.541065268218517303e-03 2.285602129995822906e-02 -4.470390453934669495e-02 8.609718829393386841e-02 4.571703821420669556e-02 -6.900031864643096924e-02 -2.321143075823783875e-02 -1.863638870418071747e-02 -9.689528495073318481e-02 6.956615298986434937e-02 -5.770892649888992310e-02 -6.680390238761901855e-02 -6.090382486581802368e-02 7.842719554901123047e-02 -1.422091014683246613e-02 9.436934441328048706e-02 6.185064092278480530e-02 -5.867860838770866394e-02 -7.627701759338378906e-02 -9.299755096435546875e-02 -1.547469198703765869e-02 3.179297596216201782e-02 -1.707328110933303833e-02 1.558281853795051575e-02 5.001099407672882080e-02 -8.677698671817779541e-02 -3.648242354393005371e-02 9.019280970096588135e-02 9.301771968603134155e-02 9.822440333664417267e-03 4.789189901202917099e-03 -3.207283467054367065e-02 -2.554646693170070648e-02 7.945932447910308838e-02 4.505860432982444763e-02 -1.052080094814300537e-01 -5.322081968188285828e-02 4.516809061169624329e-02 -1.007101219147443771e-02 -8.039486594498157501e-03 3.950380906462669373e-02 -7.477042824029922485e-02 8.458970487117767334e-02 -4.469302669167518616e-02 -5.910191684961318970e-02 4.045650735497474670e-02 9.874956309795379639e-02 2.854348719120025635e-02 -1.502676028758287430e-02 -8.127923309803009033e-02 4.967597126960754395e-02 9.831976145505905151e-02 7.736315950751304626e-03 5.353079177439212799e-03 4.817899316549301147e-02 8.717585355043411255e-02 -8.592732250690460205e-02 7.860601693391799927e-02 -4.975483566522598267e-02 7.769925892353057861e-02 8.442992717027664185e-02 6.425782293081283569e-02 -5.122843012213706970e-02 -9.491606615483760834e-03 3.200401784852147102e-03
-5.135782063007354736e-02 -1.829473301768302917e-02 -3.436226397752761841e-02 -8.471164107322692871e-02 6.668898276984691620e-03 1.827393472194671631e-02 -3.457747399806976318e-02 -2.074377052485942841e-02 1.053651329129934311e-02 8.919071406126022339e-02 7.923197746276855469e-02 -7.679049670696258545e-02 2.832019329071044922e-02 -3.456816822290420532e-02 -7.780086994171142578e-02 8.114241808652877808e-02 -6.627591699361801147e-02 -3.820447996258735657e-02 6.460845470428466797e-02 8.912383019924163818e-02 2.133755199611186981e-02 -8.032583445310592651e-02 7.726567238569259644e-02 -9.341605007648468018e-03 -1.186102479696273804e-01 4.142190515995025635e-02 1.585122570395469666e-02 1.066901460289955139e-01 1.384052634239196777e-01 8.880144357681274414e-02 -7.142289727926254272e-02 -2.309738472104072571e-02 -1.984059810638427734e-03 -4.860493540763854980e-02 6.511898338794708252e-02 5.135313421487808228e-02 4.225606564432382584e-03 8.855342119932174683e-02 -5.007478222250938416e-02 -5.743829533457756042e-03 -3.851769119501113892e-02 9.645556658506393433e-02 -8.432463556528091431e-02 -7.205691508715972304e-05 1.802764646708965302e-02 -7.928685285151004791e-03 -3.251244127750396729e-02 1.053884550929069519e-01 3.660037741065025330e-02 3.037234023213386536e-02 -2.370388619601726532e-02 -7.968723028898239136e-02 3.975768014788627625e-02 -1.068430468440055847e-01 1.917597651481628418e-02 -7.418505847454071045e-02 4.540358856320381165e-02 -5.412418860942125320e-03 -5.544607341289520264e-02 1.184135954827070236e-02 -1.792307198047637939e-02 6.505084037780761719e-02 8.973269909620285034e-02 -5.942208692431449890e-02 9.863882325589656830e-03 -4.416145384311676025e-02 -3.945887833833694458e-02 2.058461867272853851e-02 -6.032515689730644226e-02 1.712976954877376556e-02 -6.203399226069450378e-02 -5.304873920977115631e-03 -6.695870310068130493e-02 -1.728868857026100159e-02 -8.155077695846557617e-02 -4.330125451087951660e-02 -1.030695214867591858e-01 -2.758593857288360596e-02 -1.025716494768857956e-02 7.905705831944942474e-03 -1.080441325902938843e-01 1.094045490026473999e-01 3.226444870233535767e-02 -4.586689174175262451e-02 -8.839156478643417358e-02 -4.026692360639572144e-02 2.778428420424461365e-02 7.458660751581192017e-02 6.730010360479354858e-02 -6.620359420776367188e-02 -7.147341221570968628e-02 5.792803317308425903e-02 -2.388050965964794159e-02 -6.760026514530181885e-02 5.047145485877990723e-02 -1.904388703405857086e-02 -5.652407556772232056e-02 -2.273892425000667572e-02 1.720743067562580109e-02 -7.709530740976333618e-02
-3.123135678470134735e-02 7.525879144668579102e-02 -7.868121378123760223e-03 -6.663195043802261353e-02 -2.018339559435844421e-02 3.197055310010910034e-02 5.442279204726219177e-02 1.009084954857826233e-01 -1.360808312892913818e-01 5.072994902729988098e-02 7.447473704814910889e-02 -6.425673514604568481e-02 1.061296984553337097e-01 -2.710486762225627899e-03 -7.483564317226409912e-02 8.141259104013442993e-02 1.079448033124208450e-02 -3.406088054180145264e-02 3.502187877893447876e-02 6.331027299165725708e-02 5.361154675483703613e-02 -3.515375405550003052e-02 3.749874606728553772e-02 1.266861520707607269e-02 6.640635430812835693e-02 9.905845858156681061e-03 -4.644518345594406128e-02 -4.551352187991142273e-02 1.931467652320861816e-02 9.379535168409347534e-02 -9.410401433706283569e-02 2.050952240824699402e-02 -1.111217439174652100e-01 6.087797507643699646e-02 5.562696978449821472e-02 -9.214534424245357513e-03 7.282274216413497925e-02 -9.709327667951583862e-02 6.911256909370422363e-02 -8.826844394207000732e-02 2.673543291166424751e-03 7.346752285957336426e-02 1.073660105466842651e-01 5.302439257502555847e-02 -7.903527468442916870e-02 2.367282519116997719e-03 7.524444907903671265e-02 1.110999435186386108e-01 8.573736995458602905e-02 -1.590011827647686005e-02 -2.998831495642662048e-02 5.902995169162750244e-02 4.889386519789695740e-02 -3.720922628417611122e-03 5.786189809441566467e-02 1.278103212825953960e-03 1.370466798543930054e-01 -7.434456795454025269e-02 8.012746274471282959e-02 1.012065932154655457e-01 -1.540147233754396439e-02 -1.562450267374515533e-02 -6.852437276393175125e-03 7.169139105826616287e-03 -1.222895551472902298e-02 1.344198710285127163e-03 -1.838703989051282406e-03 1.158375814557075500e-01 -4.506614059209823608e-02 -3.216562420129776001e-02 7.279937714338302612e-02 -1.162731871008872986e-01 -6.717026978731155396e-02 2.560172416269779205e-02 -7.442916929721832275e-02 4.502688348293304443e-02 7.505793124437332153e-02 -4.362494498491287231e-02 -5.983278900384902954e-02 -2.561355195939540863e-02 2.416335977613925934e-02 7.105202972888946533e-02 6.699921190738677979e-02 -2.174967667087912560e-03 -7.706508040428161621e-02 -5.491761863231658936e-02 8.775763213634490967e-02 7.370138913393020630e-02 8.211181312799453735e-02 -2.750437520444393158e-02 6.050992384552955627e-02 4.299900308251380920e-02 -9.701591730117797852e-02 2.476514689624309540e-02 3.094022162258625031e-02 -4.256703332066535950e-02 6.512118875980377197e-02 3.227803623303771019e-03 -4.233063012361526489e-02 2.127808704972267151e-02
