-8.578724414110183716e-02 5.692072957754135132e-02 -2.519142925739288330e-01 -2.463318407535552979e-02 1.543081086128950119e-02 2.922406201832927763e-05 -4.624690860509872437e-02 4.290658235549926758e-02 -2.309407666325569153e-02 2.920256368815898895e-02 -1.087765023112297058e-01 -1.182784233242273331e-02 -3.707667067646980286e-02 -1.049598306417465210e-01 1.323057413101196289e-01 -5.702385678887367249e-02 -9.593024849891662598e-02 -4.572772234678268433e-02 2.970481105148792267e-02 4.590169340372085571e-02 -5.819473415613174438e-02 8.482541888952255249e-02 1.856613904237747192e-02 1.926666154759004712e-04 -2.911881543695926666e-02 -1.050516311079263687e-02 2.840316481888294220e-02 1.223182678222656250e-01 -1.095961332321166992e-01 1.846826751716434956e-03 9.230304509401321411e-02 -6.217311695218086243e-02 -7.706857752054929733e-03 1.504705473780632019e-02 -1.050138100981712341e-02 -2.735303528606891632e-02 9.496261179447174072e-02 -5.075025931000709534e-02 3.088692901656031609e-03 -3.373484313488006592e-02 -2.992787584662437439e-02 -3.619901463389396667e-02 -4.683480784296989441e-02 1.809842437505722046e-01 8.894226700067520142e-02 -1.232153996825218201e-01 7.094281166791915894e-02 -2.055208571255207062e-02 8.219838142395019531e-02 9.262299537658691406e-02 1.062564477324485779e-01 -8.321806788444519043e-02 3.559192642569541931e-02 4.884073138236999512e-02 -1.030252687633037567e-02 4.558398853987455368e-03 1.314415186643600464e-01 1.768462657928466797e-01 -3.101937845349311829e-02 -1.425993815064430237e-02 2.436847984790802002e-02 -1.378714106976985931e-03 -2.416067384183406830e-02 2.198939910158514977e-03 2.976873219013214111e-01 4.698135703802108765e-02 4.781806468963623047e-02 -5.646074563264846802e-02 -4.380434006452560425e-02 1.510652620345354080e-02 -3.592579066753387451e-02 -8.137831836938858032e-02 3.283428028225898743e-02 1.594531536102294922e-01 1.069236770272254944e-01 6.650914251804351807e-02 2.036593668162822723e-02 -7.787968963384628296e-02 1.709436438977718353e-02 -5.444334819912910461e-02 -8.482945710420608521e-02 -3.233369812369346619e-02 1.224791165441274643e-03 -2.563302814960479736e-01 5.942729860544204712e-02 2.554329670965671539e-02 7.814133167266845703e-02 4.524091258645057678e-02 -5.621095374226570129e-02 2.562322020530700684e-01 1.639754176139831543e-01 -1.478090602904558182e-02 -1.205392647534608841e-02 7.989227771759033203e-02 -2.302225679159164429e-02 1.169471964240074158e-01 1.631977222859859467e-02 9.652940928936004639e-02 -1.439975351095199585e-01 1.451083421707153320e-01
-5.354104936122894287e-02 5.280548334121704102e-02 -1.237848103046417236e-01 -2.198083698749542236e-02 2.221528440713882446e-02 -3.775016963481903076e-02 -6.947359442710876465e-02 1.053284481167793274e-01 -7.470314204692840576e-02 4.667844623327255249e-02 -2.542191930115222931e-02 -9.098014980554580688e-02 1.207171753048896790e-01 -7.480285316705703735e-02 1.329404711723327637e-01 1.687200553715229034e-02 5.193446204066276550e-02 -4.185086116194725037e-02 -6.601066142320632935e-02 -7.061644457280635834e-03 -5.090118944644927979e-02 1.182060223072767258e-02 1.289309412240982056e-01 -8.773479610681533813e-02 5.444061011075973511e-02 8.936896920204162598e-02 -2.926285937428474426e-02 3.483443334698677063e-02 -8.087506890296936035e-02 5.695519223809242249e-02 6.060846149921417236e-02 -2.465557865798473358e-02 9.911286830902099609e-02 -6.913051754236221313e-02 -9.954252839088439941e-02 -1.653783139772713184e-03 -9.757255762815475464e-02 -3.668390586972236633e-02 -7.483721524477005005e-02 -9.741395711898803711e-02 -8.564080297946929932e-02 1.836558058857917786e-02 -6.287393718957901001e-02 -5.779770016670227051e-02 -1.948615722358226776e-02 7.476537674665451050e-02 1.352987252175807953e-02 5.436438322067260742e-02 -5.042017251253128052e-02 -1.028638891875743866e-02 -6.497608125209808350e-02 8.691392093896865845e-02 -4.026527330279350281e-02 -1.117386966943740845e-01 1.820123009383678436e-02 3.128746896982192993e-02 -8.598687127232551575e-03 8.664032071828842163e-02 -7.112857699394226074e-02 -8.919011056423187256e-02 -4.729310516268014908e-03 -2.342863939702510834e-02 -7.613008469343185425e-02 -5.570592731237411499e-02 -2.642809227108955383e-02 3.948547411710023880e-03 -1.048514693975448608e-01 5.198239907622337341e-02 -1.049221679568290710e-01 -5.357935279607772827e-02 -4.684285074472427368e-02 -7.475443184375762939e-02 7.526200264692306519e-02 -6.844589114189147949e-02 -1.032862588763237000e-01 -7.114128768444061279e-02 6.680319458246231079e-02 -1.079161651432514191e-02 7.769473642110824585e-02 -1.451250463724136353e-01 -5.250976979732513428e-02 -3.880342841148376465e-02 5.382696911692619324e-02 -5.793813243508338928e-02 2.894128672778606415e-02 8.122906833887100220e-02 -9.600750356912612915e-02 7.474207878112792969e-02 1.124796420335769653e-01 -2.392398938536643982e-02 -4.294679313898086548e-02 -3.266683593392372131e-02 5.547010153532028198e-02 6.404345482587814331e-02 -9.723475575447082520e-02 -7.683739066123962402e-02 -1.090039387345314026e-01 -3.259962424635887146e-02 -1.050345376133918762e-01 -9.238005429506301880e-02
-9.793012589216232300e-02 6.074521318078041077e-02 -6.100649386644363403e-02 -5.318393930792808533e-02 1.959444396197795868e-02 -9.046204388141632080e-02 -2.565384842455387115e-02 -1.194850075989961624e-02 5.445908755064010620e-03 -1.162670552730560303e-01 3.458242490887641907e-02 1.485942602157592773e-01 -5.543294548988342285e-02 -8.466778695583343506e-02 1.244328450411558151e-02 -6.523119658231735229e-02 2.002493850886821747e-02 -2.731874026358127594e-02 -6.550613790750503540e-02 -3.424566611647605896e-02 -4.111183434724807739e-02 1.047870218753814697e-01 -1.217602938413619995e-01 1.048395112156867981e-01 -3.301465511322021484e-02 -1.479097902774810791e-01 -7.163207512348890305e-03 1.324919015169143677e-01 -1.071458384394645691e-01 -1.014430541545152664e-02 2.739386446774005890e-02 2.451410051435232162e-03 -1.388524770736694336e-01 1.066274046897888184e-01 1.269619911909103394e-01 4.357955977320671082e-02 7.258207350969314575e-02 -1.517525166273117065e-01 1.089789718389511108e-01 7.416555285453796387e-02 2.137317508459091187e-02 1.267668418586254120e-02 8.656568825244903564e-02 1.193073838949203491e-01 1.089826151728630066e-01 -1.025325879454612732e-01 9.376786649227142334e-02 -7.116624712944030762e-02 6.579332798719406128e-02 3.065436333417892456e-02 -2.780244871973991394e-02 -3.035542182624340057e-02 -7.915871590375900269e-02 1.240525394678115845e-02 4.984944686293601990e-02 2.016167715191841125e-02 7.800906896591186523e-02 8.111197501420974731e-02 1.480204332619905472e-02 -1.521296147257089615e-02 9.922804683446884155e-02 1.229781284928321838e-01 4.265347670298069715e-04 -1.511952579021453857e-01 5.861534550786018372e-02 -2.299287170171737671e-02 4.444316774606704712e-02 -1.557388901710510254e-01 3.382922336459159851e-02 -1.370349675416946411e-01 1.066453456878662109e-01 1.432801336050033569e-01 -3.375255316495895386e-02 5.808841437101364136e-02 6.684988737106323242e-02 -1.320153325796127319e-01 4.087901860475540161e-02 -1.310874968767166138e-01 -2.976762829348444939e-03 -1.074870079755783081e-01 4.761879518628120422e-02 -7.516306638717651367e-02 -1.468495130538940430e-01 -1.567951217293739319e-02 -2.986829727888107300e-03 -3.791445866227149963e-02 6.991719454526901245e-02 -1.114121004939079285e-01 -9.533867239952087402e-02 8.145438134670257568e-02 1.380452066659927368e-01 1.390146166086196899e-01 -1.094920933246612549e-01 -1.691699586808681488e-02 9.858516603708267212e-02 1.423792354762554169e-02 5.993048474192619324e-02 1.003144681453704834e-01 6.896059215068817139e-02 7.620874047279357910e-02
-1.004871204495429993e-01 1.215545982122421265e-01 -1.430712342262268066e-01 -1.369063109159469604e-01 1.892803795635700226e-02 -1.640720069408416748e-01 -2.947084233164787292e-02 -1.080986186861991882e-01 -1.054863408207893372e-01 -1.529737263917922974e-01 7.013064622879028320e-02 8.016977459192276001e-02 -1.448085010051727295e-01 -5.771059170365333557e-02 -7.956691086292266846e-02 -6.331473588943481445e-02 6.023266818374395370e-03 1.690885871648788452e-01 -4.348598793148994446e-02 1.353723853826522827e-01 7.909449934959411621e-02 1.082006245851516724e-01 -9.981295466423034668e-02 3.447000682353973389e-02 -5.381108447909355164e-02 8.805073797702789307e-02 2.280003018677234650e-02 9.319148957729339600e-02 7.213601842522621155e-03 7.386654615402221680e-02 4.803120158612728119e-03 1.086239144206047058e-01 -1.036977022886276245e-01 6.486091017723083496e-02 1.963851740583777428e-03 3.199349716305732727e-02 1.357014030218124390e-01 -9.022773057222366333e-02 1.421605329960584641e-02 6.682115793228149414e-02 -1.309254169464111328e-01 -5.770323425531387329e-02 4.526190087199211121e-02 -1.251640766859054565e-01 8.732408285140991211e-02 -1.172285676002502441e-01 1.566308438777923584e-01 4.370794165879487991e-03 1.048272028565406799e-01 5.452782660722732544e-02 -1.443706545978784561e-02 8.309449069201946259e-03 -2.236575074493885040e-02 1.328077018260955811e-01 -8.597566187381744385e-02 -1.196239292621612549e-01 -2.674488537013530731e-02 7.906530052423477173e-03 3.592247888445854187e-02 8.387374877929687500e-02 6.094015762209892273e-02 7.378862798213958740e-02 1.143720583058893681e-03 1.598308235406875610e-02 -1.636485904455184937e-01 1.473184674978256226e-02 1.546106636524200439e-01 -5.102804861962795258e-03 2.973482571542263031e-02 -1.647015810012817383e-01 1.336212605237960815e-01 6.103507056832313538e-02 4.509823024272918701e-02 6.437770277261734009e-02 6.224500760436058044e-02 -1.133100390434265137e-01 5.905160307884216309e-02 -1.108892112970352173e-01 9.616319835186004639e-02 -1.507870256900787354e-01 1.032898128032684326e-01 -3.235539793968200684e-02 -1.634636521339416504e-01 9.192761965095996857e-03 1.557584404945373535e-01 -1.638810038566589355e-01 1.567566990852355957e-01 -1.118808910250663757e-01 -8.931005001068115234e-02 9.736839681863784790e-02 1.407752484083175659e-01 1.389703303575515747e-01 -1.015195176005363464e-01 7.384954486042261124e-03 3.861112892627716064e-02 6.682473234832286835e-03 7.834625244140625000e-02 1.371280103921890259e-01 1.074763461947441101e-01 5.962750688195228577e-02
1.422525662928819656e-02 -6.756193190813064575e-02 -1.628555357456207275e-02 -9.344765543937683105e-02 1.650958694517612457e-02 -4.711693897843360901e-02 -8.983223140239715576e-02 8.678986132144927979e-02 7.041402906179428101e-02 -1.408894825726747513e-02 -6.501388549804687500e-02 -4.135079216212034225e-03 7.850526273250579834e-02 2.592806145548820496e-02 9.403914213180541992e-02 1.298206392675638199e-02 4.149333015084266663e-02 6.128297373652458191e-02 3.579840809106826782e-02 1.201541163027286530e-02 -8.213984221220016479e-02 5.438170582056045532e-02 -3.573644533753395081e-02 -3.327079489827156067e-02 5.970288068056106567e-02 4.995513334870338440e-02 1.362487580627202988e-02 1.480457093566656113e-02 -1.452114135026931763e-01 9.600159246474504471e-04 1.039630025625228882e-01 6.658820062875747681e-02 3.872950747609138489e-02 9.125769138336181641e-02 2.892668731510639191e-02 2.760820649564266205e-02 5.821453407406806946e-02 4.721314460039138794e-02 -4.324180260300636292e-02 1.246146392077207565e-02 -4.958170652389526367e-02 -8.794838190078735352e-02 4.150868952274322510e-02 8.465754985809326172e-02 -3.871565684676170349e-02 5.968494340777397156e-02 -8.370395004749298096e-02 -9.861798584461212158e-02 -7.320959866046905518e-02 4.681922867894172668e-02 5.555661022663116455e-02 -2.348349057137966156e-02 9.056098759174346924e-02 7.153002172708511353e-02 2.985564246773719788e-02 5.746905133128166199e-02 9.120602905750274658e-02 4.371249303221702576e-02 5.082926526665687561e-02 -4.875627905130386353e-02 -3.048401698470115662e-02 2.280112542212009430e-02 -1.236304733902215958e-02 5.215115845203399658e-02 -3.269443288445472717e-02 -6.392424553632736206e-02 3.903269395232200623e-02 -8.408058434724807739e-02 2.745050750672817230e-02 -5.602433532476425171e-02 -2.836412936449050903e-02 -5.753079056739807129e-02 2.696673385798931122e-02 1.083581298589706421e-01 -8.619002252817153931e-02 4.712986946105957031e-02 -6.388637702912092209e-03 6.165124475955963135e-02 -2.656290307641029358e-02 -1.363498419523239136e-01 6.511357426643371582e-02 3.082808665931224823e-02 8.890961855649948120e-02 5.187461525201797485e-02 -3.250371664762496948e-02 4.389702528715133667e-02 -6.091617792844772339e-02 7.117443531751632690e-02 -8.424170315265655518e-02 -8.153180778026580811e-02 -4.066248424351215363e-03 3.038591332733631134e-02 -9.844691306352615356e-02 9.183753281831741333e-02 1.236594631336629391e-03 9.242734313011169434e-02 -2.317265048623085022e-02 2.756487019360065460e-02 5.512157082557678223e-02 1.370398979634046555e-02
-9.205781668424606323e-02 6.076356396079063416e-03 3.549827379174530506e-04 -1.024900563061237335e-02 -2.577140554785728455e-02 -1.389552354812622070e-01 -8.723174780607223511e-02 2.514466643333435059e-02 -7.107930630445480347e-02 -5.275228247046470642e-02 1.632521748542785645e-01 1.108386889100074768e-01 -1.721440851688385010e-01 -2.962343208491802216e-02 -8.292271196842193604e-02 -6.251347810029983521e-02 5.060894042253494263e-02 1.263670623302459717e-02 -9.902651607990264893e-02 4.342570900917053223e-02 1.654463559389114380e-01 6.590437144041061401e-02 -6.024440750479698181e-02 -7.725551258772611618e-03 -4.951381310820579529e-02 -9.657406061887741089e-02 7.299822568893432617e-02 1.326425969600677490e-01 -8.735632896423339844e-02 -2.449399605393409729e-02 -1.515395194292068481e-02 7.423844933509826660e-02 1.180509454570710659e-03 -2.619752287864685059e-02 6.569743901491165161e-02 1.186918392777442932e-01 3.480357676744461060e-02 -4.545129090547561646e-02 1.308879554271697998e-01 1.452284306287765503e-01 -1.338116526603698730e-01 -1.512737274169921875e-01 1.025312021374702454e-01 1.246888712048530579e-01 2.929599769413471222e-02 -1.126120761036872864e-01 6.843497045338153839e-03 -5.942631885409355164e-02 1.121677234768867493e-01 -4.958189092576503754e-03 4.471155256032943726e-02 -1.740369386970996857e-02 -3.184923157095909119e-02 3.040951490402221680e-02 3.430164232850074768e-02 2.614667825400829315e-02 -1.772881746292114258e-01 1.259075850248336792e-01 1.490886509418487549e-01 3.317014314234256744e-03 1.234074234962463379e-01 7.770285755395889282e-02 5.471668392419815063e-02 -9.166272729635238647e-02 5.783917754888534546e-02 -1.113924682140350342e-01 -1.886947825551033020e-02 8.547694422304630280e-03 7.578538730740547180e-03 -4.105678200721740723e-02 5.820747092366218567e-02 7.774905767291784286e-03 8.725354820489883423e-02 1.268151253461837769e-01 1.218544412404298782e-02 -6.584293395280838013e-02 1.627045124769210815e-01 -1.385855823755264282e-01 -1.266923919320106506e-02 3.358769044280052185e-02 1.698324978351593018e-01 7.499716710299253464e-03 1.063987426459789276e-02 -4.484035819768905640e-02 1.129925483837723732e-03 -4.331606999039649963e-02 9.492961317300796509e-02 -7.449345290660858154e-02 -4.699145630002021790e-02 9.245850890874862671e-02 -3.953459858894348145e-02 1.531566977500915527e-01 -2.760245464742183685e-02 6.658139079809188843e-02 -2.878228016197681427e-02 8.450393378734588623e-02 1.052355617284774780e-01 9.175485372543334961e-02 1.451309919357299805e-01 5.668026208877563477e-02
-3.312859684228897095e-02 -1.473598368465900421e-02 1.840276457369327545e-02 -1.364839524030685425e-01 1.051069498062133789e-01 -9.113357961177825928e-02 -1.424168646335601807e-01 -1.030474081635475159e-01 -3.886384144425392151e-02 -1.610027104616165161e-01 1.616226136684417725e-01 5.037793889641761780e-02 -1.617169678211212158e-01 -1.225715801119804382e-01 -2.378756925463676453e-02 2.451283670961856842e-02 6.421144306659698486e-02 1.264740377664566040e-01 1.103626680560410023e-03 8.997335284948348999e-02 9.293630719184875488e-02 4.765815660357475281e-02 -7.213246822357177734e-02 2.129856869578361511e-02 3.558695549145340919e-03 4.877004772424697876e-02 5.301226302981376648e-02 9.700710326433181763e-02 -7.899410277605056763e-02 8.687534928321838379e-02 1.536325514316558838e-01 8.779217302799224854e-02 -5.327835679054260254e-02 1.421157177537679672e-02 1.481371372938156128e-01 4.755998775362968445e-02 1.705949604511260986e-01 -1.449109464883804321e-01 1.446196287870407104e-01 1.566673666238784790e-01 -1.073756292462348938e-01 -1.446049511432647705e-01 6.560540944337844849e-02 -1.313494425266981125e-02 2.366511523723602295e-02 2.175397472456097603e-03 1.477179080247879028e-01 2.565531432628631592e-02 -3.271260112524032593e-02 3.708074614405632019e-02 1.554954648017883301e-01 -1.410009562969207764e-01 -1.466499269008636475e-01 2.906538546085357666e-02 -1.070578768849372864e-01 -1.176207214593887329e-01 -8.211315423250198364e-02 -1.584837771952152252e-02 1.337186247110366821e-01 4.769432172179222107e-02 -7.712202146649360657e-03 -6.671733222901821136e-03 8.607814460992813110e-02 -1.251922994852066040e-01 -1.257701963186264038e-01 -7.404069602489471436e-02 8.457347750663757324e-02 -6.519804149866104126e-02 1.070103794336318970e-01 1.732985861599445343e-02 3.975278884172439575e-02 8.858381211757659912e-02 1.991042308509349823e-02 -9.689323604106903076e-02 1.383510082960128784e-01 -1.563161909580230713e-01 1.483949273824691772e-01 -1.312201917171478271e-01 -1.444057002663612366e-02 -1.674671471118927002e-01 -1.901586353778839111e-02 -8.434178680181503296e-02 -1.491439640522003174e-01 -6.462199240922927856e-02 5.341095849871635437e-02 -4.692023992538452148e-02 -2.721544355154037476e-02 -1.850530654191970825e-01 -1.070048660039901733e-01 3.215848281979560852e-02 1.039133220911026001e-01 9.454271197319030762e-02 -1.278214007616043091e-01 5.535130202770233154e-02 4.451699182391166687e-02 7.371112704277038574e-02 1.328644156455993652e-01 -4.334376193583011627e-03 1.275853961706161499e-01 8.921252191066741943e-02
-3.987470641732215881e-02 4.418329522013664246e-02 -9.118284285068511963e-02 -3.817196935415267944e-03 -5.537002533674240112e-02 1.192932715639472008e-03 -8.005964010953903198e-02 -8.253838121891021729e-02 5.041341483592987061e-02 -2.294336445629596710e-02 2.425097860395908356e-02 -5.639187246561050415e-02 -1.004979237914085388e-01 -8.862344175577163696e-02 1.176567561924457550e-02 -1.114183687604963779e-03 -2.943538688123226166e-02 3.072235034778714180e-03 -7.764172554016113281e-02 -5.294726230204105377e-03 7.572880387306213379e-02 9.694158216007053852e-04 -8.442305028438568115e-02 7.506959140300750732e-02 8.232034742832183838e-03 -1.188870966434478760e-01 1.749561913311481476e-02 1.088084429502487183e-01 4.150574281811714172e-02 -4.676425457000732422e-02 -3.815176710486412048e-02 1.246091127395629883e-01 8.647225797176361084e-03 -1.106240786612033844e-02 8.645149320363998413e-02 5.591808259487152100e-02 -1.722053252160549164e-02 -1.179754287004470825e-01 -6.392294075340032578e-03 1.312732994556427002e-01 -1.403168402612209320e-02 3.231480717658996582e-02 5.258793383836746216e-02 1.170352101325988770e-02 -3.255257010459899902e-02 -7.723678648471832275e-02 6.090413779020309448e-02 5.129205062985420227e-02 8.924649097025394440e-03 -4.403331875801086426e-02 1.314365118741989136e-01 -7.031309604644775391e-02 1.158620975911617279e-02 -4.873821884393692017e-02 5.535379424691200256e-02 4.360829666256904602e-02 -4.650961607694625854e-02 1.174589544534683228e-01 2.048106864094734192e-02 3.801056742668151855e-02 9.369760751724243164e-02 4.690743610262870789e-02 5.649061501026153564e-02 -1.319785714149475098e-01 -5.522480979561805725e-02 -1.021289527416229248e-01 1.232385449111461639e-02 2.272946015000343323e-02 1.146544292569160461e-01 -8.048979192972183228e-02 2.311331778764724731e-02 -3.660082817077636719e-02 1.964618451893329620e-02 -3.882707282900810242e-02 4.200946912169456482e-02 2.578544802963733673e-02 -3.560949489474296570e-02 -2.345312014222145081e-02 8.985172957181930542e-02 1.896605012007057667e-03 -1.454951334744691849e-02 -4.129248484969139099e-02 -2.296742051839828491e-02 -6.088577210903167725e-02 -1.121256593614816666e-02 4.681171476840972900e-02 1.041589006781578064e-01 9.353320300579071045e-02 -1.055858135223388672e-01 3.858127817511558533e-02 1.414842251688241959e-02 -1.269638165831565857e-02 6.133369728922843933e-02 2.801519632339477539e-02 3.427986754104495049e-03 -2.867949195206165314e-03 -2.013540454208850861e-02 1.059680953621864319e-01 8.001511916518211365e-03 2.326926402747631073e-02
-7.211686670780181885e-02 1.442681252956390381e-01 -9.640382230281829834e-02 -6.441504508256912231e-02 1.557326465845108032e-01 6.975011434406042099e-03 -6.599055230617523193e-02 1.539737265557050705e-02 -1.050111278891563416e-01 -1.022914871573448181e-01 -1.566711068153381348e-02 7.590836286544799805e-02 -8.025424182415008545e-02 -3.914406895637512207e-02 -9.399460256099700928e-02 1.155285630375146866e-02 1.076553165912628174e-01 1.220170482993125916e-01 -8.080063015222549438e-02 9.170069545507431030e-02 1.379403769969940186e-01 6.311309523880481720e-03 -1.197299659252166748e-01 4.430558159947395325e-02 -4.354631900787353516e-02 -6.501951813697814941e-02 -2.530024945735931396e-02 7.609902322292327881e-02 -4.273296892642974854e-02 -2.936465851962566376e-02 2.863844670355319977e-02 1.017310991883277893e-01 -9.100141376256942749e-02 5.669756606221199036e-02 -4.329593852162361145e-02 1.448182463645935059e-01 -2.992862090468406677e-02 -1.481374800205230713e-01 5.564767122268676758e-02 1.455379724502563477e-01 -1.360096931457519531e-01 4.398187249898910522e-02 1.534938532859086990e-02 3.673764318227767944e-02 5.541424080729484558e-02 -6.275476771406829357e-04 1.366731524467468262e-01 3.814069926738739014e-02 -3.294102789368480444e-04 5.450385808944702148e-02 1.279880255460739136e-01 3.495148941874504089e-02 -1.468069106340408325e-01 1.268727239221334457e-02 1.535463780164718628e-01 -1.474354714155197144e-01 2.414827793836593628e-02 1.103252470493316650e-01 8.708677440881729126e-02 -6.468180101364850998e-03 -3.743524849414825439e-02 8.653352409601211548e-02 8.105581998825073242e-02 -1.385697573423385620e-01 1.518946737051010132e-01 -5.284809507429599762e-03 2.075942978262901306e-02 -4.288793355226516724e-02 -1.681821234524250031e-02 -4.439685493707656860e-02 1.384524554014205933e-01 1.972261629998683929e-02 -5.472515709698200226e-03 -8.974482305347919464e-03 1.060024723410606384e-01 2.585008926689624786e-02 1.931997761130332947e-02 1.717518828809261322e-02 1.285798102617263794e-01 2.989829890429973602e-02 1.170081794261932373e-01 -1.306092441082000732e-01 2.493715286254882812e-02 5.319467186927795410e-02 8.567362278699874878e-02 -1.383404731750488281e-01 -2.978845313191413879e-02 -9.306073933839797974e-02 3.806743398308753967e-02 1.304040849208831787e-01 1.053690016269683838e-01 1.438712030649185181e-01 -1.410063803195953369e-01 1.529464721679687500e-01 6.430010497570037842e-02 1.342170089483261108e-01 1.045789122581481934e-01 5.023945122957229614e-02 -4.158594529144465923e-04 7.072750478982925415e-02
5.429333820939064026e-02 6.646892428398132324e-02 -1.323232501745223999e-01 -9.531110525131225586e-02 5.893917381763458252e-02 9.758352302014827728e-03 -2.777326479554176331e-02 -3.158866986632347107e-02 8.864596486091613770e-03 -1.064232271164655685e-02 1.373630762100219727e-01 1.130285561084747314e-01 -9.540662914514541626e-02 1.051231846213340759e-02 -1.004466786980628967e-01 -4.936642199754714966e-02 -3.370446711778640747e-02 1.345605552196502686e-01 -9.094113856554031372e-02 1.133731976151466370e-01 4.132824763655662537e-02 9.521523118019104004e-02 -2.167810685932636261e-02 9.413153678178787231e-02 1.243670936673879623e-02 -1.260541230440139771e-01 8.935900777578353882e-02 8.824494481086730957e-02 -2.388092875480651855e-02 1.964486017823219299e-02 1.330164819955825806e-01 -1.897121593356132507e-02 -1.418907493352890015e-01 -1.793506741523742676e-02 4.880687594413757324e-02 8.285126835107803345e-02 9.278821945190429688e-02 -1.258464604616165161e-01 -1.622411422431468964e-02 6.939616054296493530e-02 -1.414353251457214355e-01 -7.949116080999374390e-02 1.367046833038330078e-01 3.342613950371742249e-02 1.217344403266906738e-01 -7.292582839727401733e-02 -2.512430772185325623e-02 -6.129447743296623230e-02 1.245599165558815002e-01 8.234143257141113281e-03 1.002099215984344482e-01 -1.177841350436210632e-01 -8.073757588863372803e-02 2.707551047205924988e-02 -4.853502288460731506e-02 -9.456165134906768799e-03 -9.612005949020385742e-02 1.413116753101348877e-01 -3.042051941156387329e-02 7.596487551927566528e-02 1.404069066047668457e-01 1.826387085020542145e-02 5.949422344565391541e-02 9.082240052521228790e-03 -5.149724334478378296e-02 1.389903109520673752e-02 1.477806270122528076e-01 -8.279064670205116272e-03 -2.085145376622676849e-02 1.464089285582304001e-02 1.200809404253959656e-01 2.355794236063957214e-02 7.289114408195018768e-03 -5.104903876781463623e-02 1.140788719058036804e-01 4.081920534372329712e-02 1.480610817670822144e-01 -4.684676975011825562e-02 -4.588589072227478027e-03 1.057788431644439697e-01 1.082302555441856384e-01 -6.035215780138969421e-02 4.541293904185295105e-02 -2.058737725019454956e-02 1.419845521450042725e-01 -2.066187933087348938e-02 4.843874275684356689e-02 -5.824564397335052490e-02 -1.214046478271484375e-01 1.285746991634368896e-01 1.075440272688865662e-01 2.506471425294876099e-02 -1.253337413072586060e-01 -2.236794121563434601e-02 2.940930426120758057e-03 7.506132125854492188e-02 1.260580569505691528e-01 1.228370890021324158e-01 1.116378232836723328e-01 7.286907732486724854e-02
1.071617454290390015e-01 1.883011544123291969e-03 7.588971406221389771e-02 -8.423044346272945404e-03 6.238750065676867962e-04 1.176513731479644775e-01 1.197606697678565979e-01 4.845517128705978394e-02 -1.775574311614036560e-02 7.161115109920501709e-02 -1.195530146360397339e-01 1.788138039410114288e-02 -7.592900842428207397e-02 5.879497155547142029e-02 7.879645377397537231e-02 -3.715542331337928772e-02 -2.787582203745841980e-02 4.662282019853591919e-02 -2.242437005043029785e-02 -3.011086769402027130e-02 7.449929602444171906e-03 -7.584829628467559814e-02 1.679009012877941132e-02 -8.892539888620376587e-02 -1.659849658608436584e-02 8.976984769105911255e-02 4.695871612057089806e-04 -4.895079508423805237e-02 1.934314817190170288e-01 7.756798993796110153e-03 3.751718625426292419e-02 5.020928382873535156e-02 -2.541133947670459747e-02 -1.040075048804283142e-01 6.448962539434432983e-02 -1.421366184949874878e-01 -1.150760874152183533e-01 -3.544583916664123535e-02 -4.935497045516967773e-02 2.291120029985904694e-02 8.354841172695159912e-02 1.088445633649826050e-01 -6.918839365243911743e-02 -2.014550007879734039e-02 2.609034627676010132e-02 -8.038885891437530518e-02 -8.336964994668960571e-02 -8.589602075517177582e-03 7.134834676980972290e-02 -4.422563686966896057e-02 4.915106669068336487e-02 -1.554521638900041580e-02 -4.153847321867942810e-02 3.420066460967063904e-02 2.384025044739246368e-02 7.655017822980880737e-02 1.305352449417114258e-01 5.327092856168746948e-02 5.103850737214088440e-02 3.707661852240562439e-02 3.035760484635829926e-02 9.017517417669296265e-02 -9.933854639530181885e-02 5.573856085538864136e-02 -2.343815565109252930e-02 1.001216396689414978e-01 -8.739038556814193726e-02 3.031523711979389191e-02 -1.141397356986999512e-01 -7.178664952516555786e-02 -5.500379204750061035e-02 -3.307174518704414368e-02 -9.228274226188659668e-02 -1.140773966908454895e-01 5.011055618524551392e-02 -7.039618492126464844e-02 4.331938922405242920e-02 -4.834910854697227478e-02 6.517217308282852173e-02 6.527623534202575684e-02 -1.032624095678329468e-01 -6.678991019725799561e-03 3.691512718796730042e-02 -4.776147753000259399e-02 4.206682741641998291e-02 1.059546917676925659e-01 1.581956446170806885e-02 -2.606639824807643890e-02 -2.995410747826099396e-02 -2.142996937036514282e-01 4.868929833173751831e-02 2.934317477047443390e-02 8.089815080165863037e-02 4.007034935057163239e-03 -6.408029049634933472e-02 8.573045581579208374e-02 -8.824102580547332764e-02 -6.107823178172111511e-02 1.281079798936843872e-01 4.720464814454317093e-03
3.110627084970474243e-02 -4.262492805719375610e-02 6.962969154119491577e-02 -5.071624647825956345e-03 4.179857671260833740e-02 1.115975528955459595e-02 5.343824625015258789e-02 -3.625917807221412659e-02 9.316574037075042725e-02 -4.707353655248880386e-03 -9.423619508743286133e-02 -6.102059409022331238e-02 -5.372999235987663269e-03 9.140432626008987427e-02 1.522122770547866821e-01 9.505382739007472992e-03 -1.402596682310104370e-01 -9.823919087648391724e-02 8.395665884017944336e-02 -1.001693159341812134e-01 -3.273212909698486328e-02 1.632779650390148163e-02 1.453846395015716553e-01 -1.244531124830245972e-01 -8.243529126048088074e-03 5.945597216486930847e-02 2.517057955265045166e-02 -5.026592314243316650e-02 1.186169832944869995e-01 -1.573906540870666504e-01 -8.682594448328018188e-02 -2.418080158531665802e-02 1.657196879386901855e-01 2.639442309737205505e-02 -6.996126472949981689e-02 -1.069304253906011581e-02 -3.496444225311279297e-02 1.314254999160766602e-01 -4.364604130387306213e-02 -1.936200819909572601e-02 1.124625131487846375e-01 1.464857626706361771e-02 -8.359417319297790527e-02 3.650313243269920349e-03 -8.250744640827178955e-02 8.864358812570571899e-02 -1.429182887077331543e-01 3.739499486982822418e-03 -7.126387953758239746e-02 -1.552011072635650635e-01 -6.358716636896133423e-02 7.344976067543029785e-02 4.530688375234603882e-02 -1.081282421946525574e-01 -2.255196683108806610e-03 1.484891325235366821e-01 1.222395598888397217e-01 7.003842294216156006e-02 -6.037715077400207520e-02 3.847385197877883911e-02 8.554896339774131775e-03 1.031774934381246567e-02 -1.474971473217010498e-01 1.856843382120132446e-02 -9.298638440668582916e-03 -3.373947367072105408e-02 -6.544368714094161987e-02 3.619319200515747070e-02 -4.284171387553215027e-02 5.936189368367195129e-02 -1.038165986537933350e-01 -1.163699775934219360e-01 -3.596117720007896423e-02 7.905898243188858032e-02 -1.399944424629211426e-01 -2.624626038596034050e-03 -1.255900114774703979e-01 1.115217991173267365e-02 -3.431139141321182251e-02 1.115398183465003967e-01 -8.613691478967666626e-02 1.502460539340972900e-01 1.443784125149250031e-02 2.788196317851543427e-02 -8.480004966259002686e-02 7.619481533765792847e-02 -8.944617584347724915e-03 1.138865724205970764e-01 -4.340584948658943176e-02 -3.939156979322433472e-02 8.034473285079002380e-03 -7.321883738040924072e-02 -4.466959461569786072e-02 1.301474310457706451e-02 -9.351673722267150879e-02 -1.290515661239624023e-01 -5.586249008774757385e-02 -3.267604112625122070e-02 2.442582324147224426e-02 1.559824869036674500e-02
-5.554473772644996643e-02 9.802091866731643677e-02 2.958519011735916138e-02 -8.369981497526168823e-02 -4.545842111110687256e-02 -1.083809062838554382e-01 -7.890856266021728516e-02 -3.992289304733276367e-02 -1.828163862228393555e-02 3.153371810913085938e-02 1.490224152803421021e-01 -3.344182297587394714e-02 -1.079173460602760315e-01 1.620015874505043030e-02 -1.220153644680976868e-01 -6.104475632309913635e-02 5.631973594427108765e-02 -2.026151679456233978e-02 -7.192106544971466064e-02 9.629897773265838623e-02 -2.381416223943233490e-02 3.649604693055152893e-02 -1.144157163798809052e-02 3.020960465073585510e-02 2.737598866224288940e-02 -7.614631205797195435e-02 -1.985216513276100159e-03 8.356424421072006226e-02 -3.194570913910865784e-02 6.083856150507926941e-02 5.978145450353622437e-02 1.265064179897308350e-01 -1.263587027788162231e-01 9.147659689188003540e-02 1.279219537973403931e-01 1.061406433582305908e-01 -1.783870829967781901e-04 -3.668335825204849243e-02 1.229829862713813782e-01 2.036313153803348541e-02 -4.519789665937423706e-02 -9.924801439046859741e-02 -4.276353493332862854e-02 4.873271659016609192e-02 8.344285190105438232e-02 -5.506118014454841614e-02 -2.006566710770130157e-02 -1.132910847663879395e-01 -2.515116706490516663e-02 -1.821473240852355957e-02 7.207514345645904541e-02 -3.723575174808502197e-02 -4.899993911385536194e-02 1.311767250299453735e-01 -4.730055108666419983e-02 -4.856662824749946594e-03 6.774263083934783936e-02 -1.045284792780876160e-03 -2.025842899456620216e-03 6.974443048238754272e-02 -4.214689880609512329e-02 1.217369213700294495e-01 1.093138754367828369e-01 7.689079269766807556e-03 1.242566108703613281e-01 -9.924606978893280029e-02 -3.952483832836151123e-02 -1.350505352020263672e-01 7.309103757143020630e-02 -2.650308422744274139e-02 3.891286998987197876e-02 -2.946787513792514801e-02 1.199516355991363525e-01 9.712505340576171875e-02 4.007404670119285583e-02 -1.804503379389643669e-03 8.029890060424804688e-02 -5.103911831974983215e-02 -3.142924606800079346e-02 6.938789784908294678e-02 4.101669043302536011e-02 3.248278424143791199e-02 -9.129276871681213379e-02 -8.552389591932296753e-02 1.471837889403104782e-02 1.341557968407869339e-02 6.076803803443908691e-02 -1.068202704191207886e-01 -8.632512390613555908e-02 1.021957769989967346e-01 7.707867026329040527e-02 -4.421779140830039978e-02 -1.762529090046882629e-02 -3.787396941334009171e-03 -5.902978032827377319e-02 7.156802713871002197e-02 1.276190578937530518e-01 -3.668549656867980957e-02 1.556401327252388000e-02 -1.461197994649410248e-02
-1.076421663165092468e-01 1.090412810444831848e-01 -1.685017049312591553e-01 -1.663011312484741211e-01 -1.914902590215206146e-02 -2.512061223387718201e-02 -1.558119058609008789e-01 -1.093531493097543716e-02 2.455858327448368073e-02 -6.083283573389053345e-02 1.239984706044197083e-01 8.590022474527359009e-02 -2.813644520938396454e-02 -5.643243342638015747e-02 1.254370156675577164e-02 -1.443773210048675537e-01 1.117400899529457092e-01 -9.894448332488536835e-03 -1.547781974077224731e-01 1.224760431796312332e-02 -1.264961156994104385e-02 1.373408883810043335e-01 -1.640360504388809204e-01 9.752667695283889771e-02 -3.844780847430229187e-02 -7.720466703176498413e-03 1.365030556917190552e-01 3.797617182135581970e-02 -9.538076817989349365e-02 3.868206962943077087e-02 1.646424680948257446e-01 8.526733517646789551e-02 -8.302230387926101685e-02 1.260998249053955078e-01 -3.242707112804055214e-03 -2.737744338810443878e-02 -9.432297199964523315e-03 -8.833319693803787231e-02 -2.483606152236461639e-02 1.415761560201644897e-01 -1.243969649076461792e-01 -1.519173197448253632e-02 9.016622602939605713e-02 1.432310137897729874e-02 8.456721901893615723e-02 -3.894906863570213318e-02 1.145180761814117432e-01 -1.133942753076553345e-01 -1.597398333251476288e-02 2.515132911503314972e-02 2.643315866589546204e-02 -1.017712876200675964e-01 -1.012214925140142441e-02 5.796638503670692444e-02 6.400919705629348755e-02 -1.391534656286239624e-01 -1.154307797551155090e-01 -1.415107958018779755e-02 -7.079076021909713745e-04 2.030019648373126984e-02 1.258527785539627075e-01 1.174175515770912170e-01 5.830483511090278625e-02 2.060441672801971436e-02 9.383348375558853149e-02 -1.213227286934852600e-01 9.697621315717697144e-02 1.326242368668317795e-02 -2.155961096286773682e-02 -1.091443151235580444e-01 1.070218905806541443e-01 5.395536310970783234e-03 1.480293869972229004e-01 1.330755092203617096e-02 1.495185643434524536e-01 1.905865594744682312e-02 1.661974489688873291e-01 -2.698524668812751770e-02 1.584015190601348877e-01 -3.888062387704849243e-02 6.290127988904714584e-03 -1.431168168783187866e-01 -9.096433222293853760e-02 -8.636360615491867065e-02 1.472941339015960693e-01 -1.390743404626846313e-01 6.704249233007431030e-02 -5.567108280956745148e-03 -1.484367549419403076e-01 -9.871069341897964478e-03 1.039528250694274902e-01 1.320505738258361816e-01 -8.216845989227294922e-02 3.063526935875415802e-02 2.146956510841846466e-02 6.271122395992279053e-02 3.183193877339363098e-02 1.395897008478641510e-02 1.182820573449134827e-01 4.264536872506141663e-02
2.794108539819717407e-02 2.619942091405391693e-02 -1.010241806507110596e-01 6.897420156747102737e-03 -7.235090713948011398e-03 -8.105004578828811646e-02 -1.038279905915260315e-01 -1.296138316392898560e-01 1.701663620769977570e-02 -1.014976575970649719e-01 -3.158786147832870483e-02 -1.745795644819736481e-02 -3.530939575284719467e-03 -1.436580568552017212e-01 -5.940865725278854370e-02 -7.401036471128463745e-02 -7.714621722698211670e-03 6.281321495771408081e-02 -2.232989482581615448e-02 8.206377178430557251e-02 1.315237879753112793e-01 3.622211888432502747e-02 1.669825799763202667e-02 1.819015853106975555e-02 -7.301502674818038940e-02 1.055676490068435669e-02 1.185919791460037231e-01 1.110778898000717163e-01 -1.942872405052185059e-01 -1.531504187732934952e-02 -2.452140115201473236e-02 -1.000895909965038300e-02 -7.514107227325439453e-02 5.136245861649513245e-03 3.913873806595802307e-02 3.662851825356483459e-02 4.340164363384246826e-02 -6.639650464057922363e-02 -2.948823757469654083e-02 5.703321471810340881e-02 3.316569328308105469e-02 3.461748361587524414e-02 7.856537401676177979e-02 -1.054993644356727600e-02 1.308705806732177734e-01 -8.750556409358978271e-02 1.542807091027498245e-02 1.016838382929563522e-02 9.209853596985340118e-03 1.240074560046195984e-01 1.713167503476142883e-02 2.074871957302093506e-02 -1.271617859601974487e-01 1.355262845754623413e-01 -1.550486236810684204e-01 -2.644221531227231026e-03 -1.875798255205154419e-01 -2.852589078247547150e-02 1.297271400690078735e-01 1.325807184912264347e-03 3.414866700768470764e-02 7.685238122940063477e-02 3.286948055028915405e-02 2.099565789103507996e-02 8.155906200408935547e-02 5.265136808156967163e-02 3.711444139480590820e-02 -6.345580331981182098e-04 1.731720403768122196e-03 -1.336971372365951538e-01 2.512267045676708221e-02 -5.538832023739814758e-02 9.001886844635009766e-02 1.102760583162307739e-01 4.583778232336044312e-02 -1.349115967750549316e-01 1.294134110212326050e-01 -5.209217965602874756e-02 -4.488891735672950745e-02 -1.753825396299362183e-01 8.300506323575973511e-02 4.624303057789802551e-02 -4.913536831736564636e-02 -1.901243776082992554e-01 1.354355812072753906e-01 -7.385598868131637573e-02 -1.763499528169631958e-02 -1.455798000097274780e-02 -1.005875021219253540e-01 1.215952485799789429e-01 3.756251186132431030e-03 8.111852407455444336e-02 -1.411654893308877945e-02 -3.325697407126426697e-02 -4.407750442624092102e-02 -2.400066144764423370e-02 -5.070541426539421082e-02 1.974967494606971741e-02 9.414923191070556641e-02 7.733607664704322815e-03
-2.550952136516571045e-02 -2.931347489356994629e-02 -5.195010453462600708e-02 -8.831665664911270142e-02 8.529316633939743042e-02 3.961673937737941742e-03 -1.460290104150772095e-01 -6.947834789752960205e-02 -1.603511720895767212e-01 -1.169383972883224487e-01 1.520191133022308350e-01 2.806828729808330536e-02 -1.384326070547103882e-01 -1.339847743511199951e-01 -1.335155516862869263e-01 -5.941800400614738464e-02 1.324668340384960175e-02 1.493965387344360352e-01 -1.262179017066955566e-01 1.222945377230644226e-01 7.047814130783081055e-02 1.516092866659164429e-01 -1.574995815753936768e-01 1.177984625101089478e-01 -1.086942479014396667e-01 -7.936794310808181763e-02 1.611384153366088867e-01 1.547266356647014618e-02 -5.354807153344154358e-02 4.140377789735794067e-02 8.533443510532379150e-02 1.134904175996780396e-01 -1.418590694665908813e-01 -2.203399874269962311e-02 1.520490795373916626e-01 5.539930984377861023e-02 1.585319638252258301e-01 -9.887339919805526733e-02 1.341650635004043579e-01 1.463309973478317261e-01 -3.535391017794609070e-02 -9.527416527271270752e-02 -3.153344243764877319e-02 3.773576766252517700e-02 1.363501101732254028e-01 3.648494184017181396e-02 -3.337478265166282654e-02 -7.520414143800735474e-02 1.656509749591350555e-02 7.080528140068054199e-02 7.141959667205810547e-02 -1.350583881139755249e-01 2.046800218522548676e-02 5.073292553424835205e-02 7.056975737214088440e-03 -3.397952765226364136e-02 8.429054170846939087e-02 2.387342602014541626e-02 9.860233962535858154e-02 1.252379566431045532e-01 -1.115261670202016830e-02 1.349938511848449707e-01 8.434706926345825195e-02 -1.208554860204458237e-02 7.654917426407337189e-03 -2.412595227360725403e-02 -4.648217931389808655e-03 -9.013609588146209717e-02 6.306711584329605103e-02 -1.086428686976432800e-01 -1.651514321565628052e-02 3.198442980647087097e-02 1.858204603195190430e-02 7.199008762836456299e-02 1.061725765466690063e-01 -3.421926870942115784e-02 1.069630775600671768e-02 1.667067594826221466e-02 6.091606989502906799e-02 3.827232494950294495e-02 1.369860768318176270e-01 3.169167786836624146e-02 1.500221621245145798e-02 4.694313928484916687e-02 2.273151278495788574e-02 -1.927254907786846161e-02 9.162944555282592773e-02 1.281447410583496094e-01 7.137273903936147690e-03 5.568749085068702698e-02 5.672853440046310425e-02 3.238546778447926044e-04 -8.769486099481582642e-03 1.254513710737228394e-01 1.190963387489318848e-01 1.102337464690208435e-01 9.645263105630874634e-02 5.844256281852722168e-02 3.287519887089729309e-02 1.470663845539093018e-01
3.246792405843734741e-02 1.192526817321777344e-01 -1.033844798803329468e-02 2.460267022252082825e-02 -5.633242428302764893e-02 -1.272356659173965454e-01 -6.878880411386489868e-02 -1.128126606345176697e-01 -2.582577057182788849e-02 -9.242082387208938599e-02 5.230748653411865234e-02 1.379625499248504639e-01 -1.199116110801696777e-01 9.698972105979919434e-03 -1.124042272567749023e-01 -4.545928165316581726e-02 6.321934610605239868e-02 4.107699915766716003e-02 2.040838450193405151e-02 -8.830967359244823456e-03 9.133222512900829315e-03 6.395368371158838272e-03 -6.110013648867607117e-02 -5.131386220455169678e-02 5.268804356455802917e-02 -1.545243524014949799e-02 5.516518652439117432e-02 4.880221933126449585e-02 -1.495684087276458740e-01 -1.329317092895507812e-01 1.044604405760765076e-01 -1.199660706333816051e-03 2.975365519523620605e-02 7.127763330936431885e-02 -6.404993589967489243e-03 2.816842868924140930e-02 -7.310953922569751740e-03 2.243018522858619690e-02 1.125153303146362305e-01 5.042953789234161377e-02 3.668330982327461243e-02 3.697158768773078918e-02 1.071942318230867386e-02 1.122570484876632690e-01 1.610125042498111725e-02 -1.701779291033744812e-02 -1.921905577182769775e-02 -8.480787277221679688e-02 3.970178216695785522e-02 2.401730045676231384e-02 6.447698175907135010e-02 3.968906402587890625e-02 -1.352334320545196533e-01 -5.096982792019844055e-02 5.775341019034385681e-02 2.672712691128253937e-02 -4.889373853802680969e-02 8.890029042959213257e-03 5.013839155435562134e-02 1.161404699087142944e-01 -8.806625381112098694e-03 1.220616474747657776e-01 1.597914472222328186e-02 -1.172666698694229126e-01 -8.948367834091186523e-02 -6.675226986408233643e-02 -4.513230640441179276e-03 -1.126987487077713013e-01 2.617565169930458069e-02 -1.007568463683128357e-01 -5.547607317566871643e-02 -8.956358768045902252e-03 8.937469869852066040e-02 -2.575578726828098297e-02 1.168630644679069519e-01 -6.633699685335159302e-02 -3.641050308942794800e-02 -1.145653873682022095e-01 1.147834733128547668e-01 1.476454734802246094e-02 -1.871872134506702423e-02 -1.242250278592109680e-01 -1.359234154224395752e-01 4.428209364414215088e-02 -3.170691663399338722e-03 -2.001776127144694328e-03 -1.736075803637504578e-02 3.038525395095348358e-02 -2.810897864401340485e-02 1.173161789774894714e-01 -5.684049800038337708e-02 1.502701938152313232e-01 4.731754772365093231e-03 6.788692623376846313e-02 5.032539740204811096e-02 -1.230616215616464615e-02 2.242811769247055054e-02 1.158623471856117249e-01 5.571154132485389709e-02 -7.420729845762252808e-03
4.709089919924736023e-02 -5.420808494091033936e-02 6.876511126756668091e-02 1.156269684433937073e-01 -2.561434917151927948e-02 -1.410001795738935471e-02 -8.446799591183662415e-03 -1.034300681203603745e-02 -2.989000827074050903e-02 6.697911769151687622e-02 -1.970919407904148102e-02 -4.358315467834472656e-02 -9.322802722454071045e-02 -3.900000452995300293e-02 -7.984744012355804443e-02 -6.736448407173156738e-02 9.871090948581695557e-02 2.558940090239048004e-02 5.430814251303672791e-02 -5.643331259489059448e-02 -9.936131536960601807e-02 -8.517456054687500000e-02 -8.556948602199554443e-02 -7.732015848159790039e-02 1.788351498544216156e-02 5.256893485784530640e-02 -4.413747787475585938e-02 6.232026591897010803e-02 1.909446716308593750e-01 -7.448203116655349731e-02 -9.031037986278533936e-02 8.528300374746322632e-02 -1.351875136606395245e-03 -3.400386124849319458e-02 -1.041973009705543518e-01 7.792499661445617676e-02 5.509511008858680725e-02 6.840528547763824463e-02 -5.125787854194641113e-02 -3.575935214757919312e-02 -6.650468707084655762e-02 1.051504686474800110e-01 1.076602786779403687e-01 2.970821782946586609e-02 -3.163274377584457397e-02 9.705510735511779785e-02 -2.424672711640596390e-03 1.223624218255281448e-02 3.303685784339904785e-02 -2.797744423151016235e-02 2.021962963044643402e-02 -3.124413453042507172e-02 8.268081396818161011e-02 -2.824599854648113251e-02 -6.681013852357864380e-02 6.870841979980468750e-02 2.860605716705322266e-03 -8.900021016597747803e-02 -3.665094450116157532e-02 -9.012173116207122803e-02 -5.562235787510871887e-02 -6.168314814567565918e-02 -3.068815357983112335e-02 4.898780584335327148e-02 6.247040629386901855e-02 5.489562824368476868e-02 2.612947858870029449e-02 1.024497449398040771e-01 5.363293364644050598e-02 -6.430392712354660034e-02 -4.003805667161941528e-02 -3.771268576383590698e-02 -1.084748655557632446e-02 7.716937456279993057e-03 -2.002978697419166565e-02 -3.446367383003234863e-02 -6.282756477594375610e-02 -1.910990849137306213e-02 -2.815387025475502014e-02 -1.183481048792600632e-02 1.022452837787568569e-03 -1.821384206414222717e-02 1.143781542778015137e-01 2.172557711601257324e-01 -7.927571237087249756e-02 4.284943267703056335e-02 -9.322705119848251343e-02 -2.189259603619575500e-02 1.784523576498031616e-02 -1.335662454366683960e-01 -1.142020747065544128e-01 -5.060631036758422852e-02 -1.589200086891651154e-02 3.670262545347213745e-02 -4.867240786552429199e-02 -1.101612597703933716e-01 -4.892136529088020325e-02 5.392773821949958801e-02 -5.048444867134094238e-02 -1.059775277972221375e-01
1.796735823154449463e-02 -4.865250736474990845e-02 -1.252525746822357178e-01 3.192459046840667725e-02 -4.043765738606452942e-02 -8.064861595630645752e-02 5.622588098049163818e-02 4.921489208936691284e-02 -4.586486518383026123e-02 -1.577023603022098541e-02 7.122622430324554443e-02 1.204946786165237427e-01 3.357869386672973633e-02 -4.461312666535377502e-02 -5.880221351981163025e-02 5.835864576511085033e-04 -2.784861996769905090e-02 5.802457779645919800e-02 -1.870496757328510284e-02 1.336896717548370361e-01 5.556841194629669189e-02 -3.285503387451171875e-02 4.822258278727531433e-02 -5.704540014266967773e-02 -9.484344720840454102e-02 -6.328883767127990723e-02 7.896708697080612183e-02 1.298454552888870239e-01 1.351671069860458374e-01 -4.485134780406951904e-02 -3.962199017405509949e-02 7.470044493675231934e-02 -9.941906481981277466e-02 -3.775643929839134216e-02 -3.432092070579528809e-02 4.852161556482315063e-02 -1.769312284886837006e-02 -2.994170412421226501e-02 -5.344421416521072388e-02 1.602008193731307983e-02 -5.241476371884346008e-02 -1.039968952536582947e-01 -3.534414246678352356e-02 -5.312111973762512207e-02 9.273891896009445190e-02 5.944329127669334412e-02 -1.692703552544116974e-02 -6.413608044385910034e-02 7.884226739406585693e-03 -2.542117983102798462e-02 1.988293603062629700e-02 6.487006321549415588e-03 -6.171923875808715820e-02 5.967413634061813354e-02 -4.444519430398941040e-02 -1.421402394771575928e-02 -5.593582987785339355e-02 7.586918026208877563e-02 7.209517061710357666e-02 -2.771680057048797607e-02 -2.739710733294487000e-03 2.300171367824077606e-02 -2.573414705693721771e-02 -6.892860867083072662e-03 -1.842999160289764404e-01 -1.529711950570344925e-02 -7.406253367662429810e-02 -1.032185927033424377e-01 -4.414068162441253662e-02 6.475189235061407089e-03 2.214364940300583839e-03 6.505812704563140869e-02 -2.505549415946006775e-02 2.357505820691585541e-02 6.411339272744953632e-04 -2.066665329039096832e-02 6.675457954406738281e-02 -1.175016984343528748e-01 7.766864448785781860e-02 4.744192212820053101e-02 8.053772896528244019e-02 2.519708313047885895e-02 -8.196023292839527130e-03 -1.270481348037719727e-01 -6.598262488842010498e-02 2.165214624255895615e-03 3.983664792031049728e-03 -1.000332683324813843e-01 -3.452149033546447754e-02 -2.990352362394332886e-02 9.637893736362457275e-02 3.424037247896194458e-02 4.389230161905288696e-02 1.732761971652507782e-02 8.316303789615631104e-02 9.592390060424804688e-02 1.001677364110946655e-01 -2.642859145998954773e-02 5.441550910472869873e-02 -4.398756846785545349e-02
-2.060567773878574371e-02 1.646218821406364441e-02 7.127425819635391235e-02 7.544846832752227783e-02 -6.393690407276153564e-02 6.312467157840728760e-02 1.241070330142974854e-01 -2.659521810710430145e-02 3.993406891822814941e-02 5.231333896517753601e-02 -3.331455215811729431e-02 -8.404161036014556885e-02 1.324459016323089600e-01 4.517614468932151794e-02 1.051175519824028015e-01 1.278655678033828735e-01 -1.395174562931060791e-01 -7.503002136945724487e-02 2.203688956797122955e-02 -1.091680303215980530e-01 3.269332274794578552e-02 5.170943588018417358e-02 1.525989472866058350e-01 1.602035015821456909e-02 6.560422480106353760e-02 1.208915263414382935e-01 -1.304592192173004150e-01 -1.017832905054092407e-01 7.341653108596801758e-02 1.101091653108596802e-01 -2.721951808780431747e-03 -3.077501617372035980e-02 1.149331480264663696e-01 -8.529479056596755981e-02 -1.378824561834335327e-01 -9.469357132911682129e-02 -1.512507349252700806e-01 -8.664882741868495941e-03 -1.281106919050216675e-01 -1.748986728489398956e-02 1.051502302289009094e-01 -1.099087297916412354e-03 1.657143980264663696e-02 -4.583437740802764893e-02 -4.037429019808769226e-02 5.738022923469543457e-02 -2.733935788273811340e-02 1.116902008652687073e-02 3.196051716804504395e-02 -2.366876415908336639e-02 -1.397408694028854370e-01 3.927120473235845566e-03 -2.253898046910762787e-02 4.304900020360946655e-02 -4.730600491166114807e-02 2.968258783221244812e-02 6.237644329667091370e-02 7.132095843553543091e-02 3.758531436324119568e-02 1.393829705193638802e-03 -1.069698259234428406e-01 -2.168857306241989136e-02 2.702944912016391754e-02 9.388045966625213623e-02 1.013796124607324600e-02 1.420696973800659180e-01 -1.082220394164323807e-02 1.417892724275588989e-01 -2.631287090480327606e-02 3.863678127527236938e-02 -3.862065076828002930e-02 1.269354205578565598e-02 -7.580756396055221558e-02 2.711932174861431122e-02 -9.649764001369476318e-02 6.997329741716384888e-02 -1.187616959214210510e-02 6.358880549669265747e-02 -2.789644524455070496e-02 -4.610561579465866089e-02 -1.123395189642906189e-01 1.068042293190956116e-01 1.351066380739212036e-01 2.680074051022529602e-02 -7.646574825048446655e-02 1.456625014543533325e-01 -1.153154820203781128e-01 1.118415966629981995e-01 3.304209932684898376e-02 -1.141155045479536057e-02 -9.947521984577178955e-02 -2.256715856492519379e-02 2.596077509224414825e-02 -8.110737055540084839e-02 -7.240084558725357056e-02 2.761304937303066254e-02 -1.197961270809173584e-01 -1.075673326849937439e-01 1.434242725372314453e-02 5.713986232876777649e-02
-1.334354281425476074e-01 1.674299500882625580e-02 2.844402194023132324e-02 -4.440618306398391724e-02 1.079010516405105591e-01 5.640231817960739136e-02 5.216802656650543213e-02 -6.947618722915649414e-02 -3.623833134770393372e-02 -6.725758314132690430e-02 -3.823304176330566406e-02 5.653630476444959641e-03 -5.617872998118400574e-02 -6.500411033630371094e-02 -7.796712219715118408e-02 4.500450193881988525e-02 7.523725926876068115e-02 -2.687331521883606911e-03 6.505567580461502075e-02 9.363678097724914551e-02 -3.286865726113319397e-02 7.423986494541168213e-02 -5.640646815299987793e-02 2.548657590523362160e-03 3.090034797787666321e-02 5.865060538053512573e-02 1.030581444501876831e-01 7.399135828018188477e-02 -7.934579253196716309e-02 4.803408682346343994e-02 4.854389652609825134e-02 3.090656176209449768e-02 3.407286107540130615e-02 4.041138663887977600e-02 9.408266842365264893e-02 1.543670799583196640e-02 6.021835142746567726e-04 1.732435449957847595e-02 3.377936407923698425e-02 7.485858350992202759e-02 5.662081390619277954e-02 2.259452082216739655e-02 -2.378248609602451324e-02 6.341165304183959961e-02 -4.835188016295433044e-02 -5.514857918024063110e-02 -1.186492945998907089e-02 -2.697254903614521027e-02 7.018542382866144180e-04 -5.292870476841926575e-02 7.556591182947158813e-02 -8.270710706710815430e-02 -6.835807114839553833e-02 -5.659361928701400757e-02 7.885540276765823364e-02 7.277030497789382935e-02 -7.341897487640380859e-02 7.432135194540023804e-02 9.973776340484619141e-02 5.199683830142021179e-02 7.432413101196289062e-02 -6.547517329454421997e-02 4.321717470884323120e-02 -2.082499489188194275e-02 1.004894822835922241e-02 -6.361325830221176147e-02 3.895777091383934021e-02 -4.914809763431549072e-02 -1.022280193865299225e-02 6.559977680444717407e-02 6.431198120117187500e-02 5.178851261734962463e-02 -6.967298686504364014e-02 2.432143874466419220e-02 -2.309627085924148560e-02 -1.156795546412467957e-01 -4.517059028148651123e-02 5.484556779265403748e-02 1.830122806131839752e-02 4.409747198224067688e-02 4.612191021442413330e-02 -6.709761917591094971e-02 -1.145116761326789856e-01 -1.895914599299430847e-02 3.716419637203216553e-02 -9.625457972288131714e-02 -5.817794054746627808e-02 1.564763300120830536e-02 5.114192888140678406e-02 1.061429306864738464e-01 2.568431571125984192e-02 -5.866602435708045959e-02 -1.113830879330635071e-02 6.601973623037338257e-02 2.960928715765476227e-02 -6.508717313408851624e-03 -3.721569105982780457e-02 -2.934649959206581116e-02 8.865521289408206940e-03 3.497767075896263123e-02
2.230667695403099060e-02 6.095505785197019577e-03 -9.539372473955154419e-02 -4.094861447811126709e-02 7.046006619930267334e-02 6.311372667551040649e-02 8.386667817831039429e-03 -3.119389340281486511e-02 -1.757617853581905365e-02 -1.472544856369495392e-02 3.491918742656707764e-02 2.808143571019172668e-02 -5.400162190198898315e-02 -8.718333393335342407e-02 5.934664234519004822e-02 -1.750992238521575928e-02 2.320673875510692596e-02 -5.313755199313163757e-02 -7.124777883291244507e-02 9.922757744789123535e-02 -5.303411185741424561e-02 6.665878742933273315e-02 7.036735862493515015e-02 -4.375817254185676575e-02 -2.903882414102554321e-02 -1.176766082644462585e-01 2.349939383566379547e-02 6.010448187589645386e-02 -1.653188616037368774e-01 -3.901412710547447205e-02 6.333637982606887817e-02 9.092507511377334595e-02 -4.503164812922477722e-02 7.009504735469818115e-02 -5.235056579113006592e-02 1.014783009886741638e-01 6.475857645273208618e-02 3.521071001887321472e-02 8.256636559963226318e-02 -4.372980445623397827e-02 -7.776107173413038254e-03 -6.424036622047424316e-02 1.711039617657661438e-02 -7.890731096267700195e-02 1.057957261800765991e-01 2.230638824403285980e-02 -3.967240452766418457e-02 3.492953255772590637e-02 -3.186010196805000305e-02 1.160762608051300049e-01 4.879283159971237183e-02 -8.131480962038040161e-02 2.704160101711750031e-02 6.075919140130281448e-03 9.071547538042068481e-02 -2.190707623958587646e-02 -8.278113603591918945e-02 8.485338836908340454e-02 -1.478648837655782700e-02 7.638908177614212036e-02 -6.448690593242645264e-02 -6.666452437639236450e-02 1.565141603350639343e-02 5.374015122652053833e-02 -2.552599832415580750e-02 1.367152947932481766e-02 2.045224793255329132e-02 -4.532598704099655151e-02 -1.196373614220647141e-05 5.071758478879928589e-02 2.426139079034328461e-02 6.657018512487411499e-02 -6.560459267348051071e-03 -6.311996281147003174e-02 6.248040869832038879e-02 -5.677928403019905090e-02 8.120105601847171783e-03 -1.208275333046913147e-01 -6.282289326190948486e-02 -1.279787439852952957e-02 -3.589483723044395447e-02 -1.212673485279083252e-01 -1.200559958815574646e-01 -7.504993677139282227e-02 3.550427034497261047e-02 -7.416329532861709595e-02 9.117803722620010376e-02 -5.397732369601726532e-03 5.614900588989257812e-02 -2.847776748239994049e-02 -1.807242631912231445e-02 4.819180071353912354e-02 1.669684424996376038e-02 -5.071204900741577148e-02 5.151875317096710205e-02 4.172442480921745300e-03 9.378216415643692017e-02 -3.846051916480064392e-02 -3.235746920108795166e-02 -4.866991192102432251e-03
-8.327571302652359009e-02 1.050822064280509949e-01 2.305914275348186493e-02 3.092181170359253883e-03 9.385934472084045410e-02 -3.776757745072245598e-03 -1.250617206096649170e-01 -9.558187425136566162e-02 -1.116663441061973572e-01 -8.075485378503799438e-02 7.043010089546442032e-03 1.538786292076110840e-01 -1.899811066687107086e-02 4.079242423176765442e-02 -1.355379968881607056e-01 -1.105324327945709229e-01 -3.322461992502212524e-02 5.347024649381637573e-02 9.182725101709365845e-03 1.520715057849884033e-01 9.383218735456466675e-02 5.851407721638679504e-02 -1.628846079111099243e-01 -2.033419534564018250e-02 4.855191800743341446e-03 -1.011357009410858154e-01 3.232791647315025330e-02 -3.071588696911931038e-03 6.782442331314086914e-03 -1.231902316212654114e-01 -2.014748938381671906e-02 8.570136129856109619e-02 -1.024909764528274536e-01 9.654146432876586914e-02 -3.476022928953170776e-02 1.639571338891983032e-01 5.087177455425262451e-02 1.308819931000471115e-02 -2.604607958346605301e-03 -3.945719823241233826e-02 1.773094758391380310e-02 -1.470576971769332886e-01 3.317498415708541870e-02 2.552972361445426941e-02 1.334311515092849731e-01 1.403115410357713699e-02 7.311907596886157990e-03 -1.290250420570373535e-01 1.379255056381225586e-01 -3.042852506041526794e-02 -2.000423334538936615e-02 -5.613845586776733398e-02 3.623602539300918579e-02 1.103962808847427368e-01 -1.464207917451858521e-01 2.653655596077442169e-02 -1.575634628534317017e-01 -7.523148786276578903e-03 1.312935352325439453e-01 1.153648346662521362e-01 -3.161217900924384594e-04 1.452277302742004395e-01 1.249293163418769836e-01 -1.277480572462081909e-01 -1.458607763051986694e-01 -1.194938365370035172e-02 1.477261483669281006e-01 -8.442655950784683228e-02 5.151291936635971069e-02 -6.675395183265209198e-03 -1.279621617868542671e-03 -3.831398114562034607e-02 9.336789697408676147e-02 -7.036620378494262695e-02 8.154336363077163696e-02 -4.681632667779922485e-02 7.297901809215545654e-02 -8.793641626834869385e-02 1.246049702167510986e-01 -1.163654588162899017e-02 1.143191903829574585e-01 -9.826798737049102783e-02 -5.083554983139038086e-02 -9.007459878921508789e-02 -3.916254267096519470e-03 -1.561676524579524994e-02 -1.765662059187889099e-02 -1.124513819813728333e-01 -1.071732863783836365e-01 9.145124256610870361e-02 -2.707745321094989777e-02 1.458189338445663452e-01 -1.078540235757827759e-01 -3.695351257920265198e-02 1.131173502653837204e-02 1.497735977172851562e-01 9.056524187326431274e-02 1.132003366947174072e-01 8.623100817203521729e-02 3.564401715993881226e-02
7.213609665632247925e-02 -3.986749798059463501e-02 3.919451311230659485e-02 8.606991171836853027e-02 2.843044511973857880e-02 4.841066524386405945e-02 -3.609751909971237183e-02 6.942496448755264282e-02 6.542006880044937134e-02 -5.893049389123916626e-02 -5.940587725490331650e-03 -1.065085455775260925e-01 7.814270257949829102e-02 7.094611972570419312e-02 -7.913165725767612457e-03 1.805634051561355591e-02 -7.915025204420089722e-02 9.985377080738544464e-03 -7.905086874961853027e-02 -2.864110283553600311e-02 2.279588021337985992e-02 -5.858676880598068237e-02 -1.081834640353918076e-02 -6.244669854640960693e-02 -4.580961167812347412e-02 8.475324511528015137e-02 -5.240827426314353943e-02 5.063688755035400391e-02 -5.383734405040740967e-02 6.702121347188949585e-02 2.128384076058864594e-02 -9.637191146612167358e-02 -1.132921967655420303e-02 5.572406202554702759e-02 5.154128186404705048e-03 7.237806171178817749e-02 4.196884110569953918e-02 -8.049606531858444214e-02 5.615676939487457275e-02 -9.816205501556396484e-02 -3.609969094395637512e-02 -7.799365371465682983e-02 6.143129989504814148e-02 -5.564230680465698242e-02 -2.154890261590480804e-02 -4.560833051800727844e-02 4.031297564506530762e-02 8.925370872020721436e-02 3.253974393010139465e-02 6.240674853324890137e-02 -1.020283848047256470e-01 5.647061392664909363e-03 1.796380616724491119e-02 4.183503240346908569e-02 4.400778934359550476e-02 -5.276796221733093262e-02 4.975368827581405640e-02 -6.541974097490310669e-02 -3.429847210645675659e-02 4.451410472393035889e-02 -8.392947912216186523e-02 8.196439594030380249e-02 5.159897357225418091e-02 -1.973727904260158539e-02 6.182369589805603027e-02 2.458339743316173553e-02 -5.664842203259468079e-02 9.840950369834899902e-02 4.772269725799560547e-02 8.102982491254806519e-02 -1.301538944244384766e-02 -9.328834712505340576e-02 -2.968254312872886658e-02 2.861211821436882019e-02 3.197305276989936829e-02 -4.813235253095626831e-02 -5.985888466238975525e-02 -6.666229665279388428e-02 -5.753674730658531189e-02 1.661101169884204865e-02 -1.801961660385131836e-02 6.348312646150588989e-02 -8.287115953862667084e-03 3.612459450960159302e-02 5.041840672492980957e-02 -5.274795740842819214e-02 7.351788878440856934e-02 -3.957148510380648077e-05 -8.516235649585723877e-02 -7.362891733646392822e-02 7.502353750169277191e-03 8.591782301664352417e-03 -3.531283885240554810e-02 5.911739170551300049e-02 1.147229503840208054e-02 4.332439228892326355e-02 6.192545872181653976e-03 -4.970030114054679871e-02 -5.670398473739624023e-02 -3.842939063906669617e-02
1.520525105297565460e-02 3.513671085238456726e-02 6.851838529109954834e-02 -5.713523179292678833e-02 6.823816150426864624e-02 -2.770160697400569916e-02 3.775677084922790527e-02 -5.857070162892341614e-02 -3.220657631754875183e-02 6.083600688725709915e-03 -1.171592995524406433e-01 1.981198042631149292e-02 -2.093754149973392487e-02 3.404285758733749390e-02 8.362063206732273102e-03 -6.787981092929840088e-02 -3.402917832136154175e-02 -5.568012222647666931e-02 1.001931130886077881e-01 -4.256434738636016846e-02 -1.108268126845359802e-01 -4.728680104017257690e-02 -6.354082725010812283e-04 -5.233886651694774628e-03 -2.414004690945148468e-02 1.001340057700872421e-02 -5.806818231940269470e-02 -1.088400557637214661e-01 5.764607340097427368e-02 -1.523599922657012939e-01 1.736464165151119232e-02 -4.913049936294555664e-02 -5.049654841423034668e-02 2.372195385396480560e-02 6.694146431982517242e-03 8.774590678513050079e-03 -1.758875884115695953e-02 4.232730716466903687e-02 -4.020006582140922546e-02 2.274759486317634583e-02 -2.256463468074798584e-02 1.145334243774414062e-01 3.192336857318878174e-02 5.459706485271453857e-02 -6.317879259586334229e-02 -5.773824453353881836e-02 5.396480113267898560e-02 5.921713635325431824e-02 7.067654281854629517e-02 4.238115157932043076e-03 -7.788292318582534790e-02 1.666428707540035248e-02 -6.921651214361190796e-02 -8.925957232713699341e-02 -7.441499037668108940e-04 -5.223881918936967850e-03 -6.032520160079002380e-02 1.235134825110435486e-01 1.662977784872055054e-02 -6.243655085563659668e-02 -6.271501630544662476e-02 -1.179443597793579102e-01 -1.564979203976690769e-03 1.598219573497772217e-02 -8.409420028328895569e-03 3.893318027257919312e-02 -1.090882271528244019e-01 -4.218958690762519836e-02 -7.489041984081268311e-02 1.370936166495084763e-02 -1.436996366828680038e-02 7.644337136298418045e-03 3.691407665610313416e-02 -8.128232508897781372e-02 -9.240429103374481201e-02 -5.200290307402610779e-02 2.502321265637874603e-02 -1.100575737655162811e-02 -1.855077967047691345e-02 6.584391742944717407e-02 -1.249590888619422913e-01 -5.153067409992218018e-02 -1.127255894243717194e-02 9.275840222835540771e-02 4.166673123836517334e-02 9.257757663726806641e-02 5.375804007053375244e-02 1.305978652089834213e-02 1.160506382584571838e-01 1.356574892997741699e-02 5.190545320510864258e-02 -4.449125751852989197e-02 -7.640296220779418945e-02 7.201598584651947021e-02 1.944021694362163544e-02 -7.619199901819229126e-02 -2.304648235440254211e-02 4.049967601895332336e-02 -2.859981171786785126e-02 -6.354611366987228394e-02
7.848995923995971680e-02 -8.203513920307159424e-02 6.877913605421781540e-03 -4.281304404139518738e-02 1.019949018955230713e-01 -3.597432002425193787e-02 -3.049782291054725647e-02 -2.061553299427032471e-02 -8.472943305969238281e-02 -1.043156012892723083e-01 3.263422846794128418e-02 -3.241248894482851028e-03 -7.544372230768203735e-02 -6.849444657564163208e-02 9.504865109920501709e-02 -2.359366789460182190e-02 -1.965049840509891510e-02 5.396038666367530823e-02 3.473986685276031494e-02 -2.318871207535266876e-02 -8.879054337739944458e-02 1.017637252807617188e-01 1.667051762342453003e-02 5.341406166553497314e-02 -9.489969164133071899e-02 -1.105030402541160583e-01 -3.307268768548965454e-02 3.643447160720825195e-02 1.444083638489246368e-02 -9.236964583396911621e-02 5.784279480576515198e-02 7.147295773029327393e-02 -6.162832956761121750e-03 -7.510367780923843384e-02 -1.761076785624027252e-02 -5.107799917459487915e-02 1.298350840806961060e-02 -8.770328015089035034e-02 -4.338163509964942932e-02 1.039958670735359192e-01 6.995085626840591431e-02 -5.490984022617340088e-02 -4.340505227446556091e-02 -6.715869903564453125e-02 1.338438224047422409e-02 8.153585344552993774e-02 1.009208615869283676e-02 6.702286750078201294e-02 2.697307150810956955e-03 -7.647274434566497803e-02 4.567084461450576782e-02 -7.435637712478637695e-02 -6.072454527020454407e-02 6.817804276943206787e-02 1.666944473981857300e-02 4.099404439330101013e-02 2.822509780526161194e-02 1.139544472098350525e-01 -1.744168344885110855e-03 -4.170225933194160461e-02 1.021966040134429932e-01 -4.427468404173851013e-02 2.490893704816699028e-03 4.622195661067962646e-02 2.948073204606771469e-03 -5.442075058817863464e-02 1.060609519481658936e-02 -8.502286858856678009e-03 8.864798396825790405e-02 -1.070464029908180237e-01 5.387851037085056305e-03 9.417314827442169189e-02 -3.103137575089931488e-02 -3.445640578866004944e-02 1.042793225497007370e-02 -1.257067266851663589e-02 7.752641290426254272e-02 3.654903732240200043e-03 1.687953015789389610e-03 -6.300698965787887573e-02 -9.378759562969207764e-02 -2.441298030316829681e-02 -2.947242697700858116e-03 9.796737879514694214e-02 -6.770873907953500748e-03 -3.092823736369609833e-02 -5.888808891177177429e-02 2.632175385951995850e-02 -1.073762774467468262e-01 -2.400072291493415833e-02 4.653444886207580566e-02 -8.111719042062759399e-02 8.484483510255813599e-02 7.954697310924530029e-02 3.135316073894500732e-02 -7.921954989433288574e-02 2.259974926710128784e-02 7.888164371252059937e-02 1.042295098304748535e-01 -5.189254507422447205e-02
-2.583028376102447510e-02 1.434276782674714923e-04 1.754572242498397827e-02 -6.572421640157699585e-02 -2.950424700975418091e-02 -3.845459222793579102e-02 4.162558179814368486e-04 5.684391409158706665e-02 4.875466972589492798e-02 6.942462176084518433e-02 5.051868781447410583e-02 5.104096606373786926e-02 5.616890266537666321e-02 -4.252602532505989075e-02 9.298262000083923340e-02 -7.493890821933746338e-02 -9.951298683881759644e-02 6.274740397930145264e-02 -8.604057878255844116e-02 -7.805526722222566605e-03 8.065213263034820557e-02 -4.112246446311473846e-03 -9.880262613296508789e-02 4.615180566906929016e-02 5.300316959619522095e-02 2.327205438632518053e-04 8.301818370819091797e-02 8.479663729667663574e-02 -9.235247969627380371e-02 -1.150903850793838501e-01 -9.183723479509353638e-02 -2.229978516697883606e-02 8.058068156242370605e-02 8.604052662849426270e-02 1.826835609972476959e-02 -1.026807427406311035e-01 7.577516883611679077e-02 -9.451633691787719727e-02 -5.079779401421546936e-02 -1.004383563995361328e-01 6.630437076091766357e-02 -4.405143857002258301e-02 6.546095758676528931e-02 1.069731637835502625e-01 6.508968025445938110e-02 -5.377532914280891418e-03 -1.672829873859882355e-02 -2.465764246881008148e-02 -6.039765104651451111e-02 -7.589630037546157837e-02 -4.214457049965858459e-02 -1.596112921833992004e-02 -1.061260476708412170e-01 -8.002379536628723145e-02 1.243767291307449341e-01 4.125324264168739319e-02 7.764369994401931763e-02 3.346840664744377136e-02 8.413464576005935669e-02 -6.354376673698425293e-02 5.878588557243347168e-02 1.045824512839317322e-01 5.013196915388107300e-02 -8.037324249744415283e-02 6.446795910596847534e-02 -9.173504263162612915e-02 -6.967170536518096924e-02 5.052082985639572144e-02 -7.025272399187088013e-02 8.670190721750259399e-02 3.884304687380790710e-02 -1.485959906131029129e-02 -8.724752068519592285e-02 -1.305191591382026672e-02 -2.736997557803988457e-03 -2.326141484081745148e-02 3.006796538829803467e-02 8.827638626098632812e-02 -3.032018430531024933e-02 6.023227423429489136e-02 2.003910206258296967e-02 7.599368691444396973e-02 -3.896388411521911621e-02 -5.401407554745674133e-02 3.110314020887017250e-03 -3.193204104900360107e-02 -3.396158665418624878e-02 6.564520299434661865e-03 -5.995262041687965393e-02 -1.538865268230438232e-03 3.983561694622039795e-02 -1.754680089652538300e-02 2.452138811349868774e-02 7.207843661308288574e-02 -3.833669051527976990e-02 9.690178185701370239e-02 -1.271563814952969551e-03 1.591957919299602509e-02 6.412500888109207153e-02 -6.958793103694915771e-02
-5.912603810429573059e-02 5.944430828094482422e-02 -2.240675874054431915e-02 5.961838737130165100e-02 5.803637579083442688e-02 -6.699771434068679810e-02 6.484189629554748535e-02 -3.437174856662750244e-02 -6.392185389995574951e-02 6.759038567543029785e-02 -3.843263164162635803e-02 1.845481991767883301e-02 -1.024078391492366791e-02 8.937725424766540527e-02 1.291271001100540161e-01 -8.735822886228561401e-02 -2.029767818748950958e-02 7.946899533271789551e-02 7.088672369718551636e-02 9.001908823847770691e-03 -1.664789021015167236e-02 -1.445353729650378227e-03 1.093665212392807007e-01 5.617688968777656555e-02 2.269355952739715576e-02 1.399203203618526459e-02 -7.760138809680938721e-02 4.765248671174049377e-02 -3.892561048269271851e-02 -8.027701079845428467e-02 -5.627972260117530823e-02 -9.003252536058425903e-02 -3.686051582917571068e-03 -4.645042866468429565e-02 3.298312053084373474e-02 -1.655011624097824097e-02 -1.142301708459854126e-01 3.723321482539176941e-02 -9.769348055124282837e-02 -9.802507609128952026e-02 9.295866638422012329e-02 -7.436409592628479004e-02 -5.648326128721237183e-02 -5.588121712207794189e-03 -5.847334489226341248e-02 -1.720291003584861755e-02 7.994107902050018311e-02 1.073496937751770020e-01 2.531105279922485352e-02 -7.313735038042068481e-02 -3.972135018557310104e-03 -2.861561067402362823e-02 3.047144040465354919e-02 -5.070139840245246887e-02 1.237949356436729431e-01 6.218281760811805725e-02 8.179383724927902222e-02 -4.984170943498611450e-02 -6.206515431404113770e-02 6.046596914529800415e-02 1.079478207975625992e-02 -1.006832867860794067e-01 3.820129856467247009e-02 -1.780878193676471710e-02 1.773204803466796875e-01 -6.649582833051681519e-02 2.810970693826675415e-02 -4.221589863300323486e-02 9.200508706271648407e-03 -4.594363272190093994e-02 8.272092044353485107e-02 -1.158580929040908813e-01 -8.466343581676483154e-02 1.180982813239097595e-01 -9.877142310142517090e-02 -6.400293856859207153e-02 -6.496956944465637207e-02 6.487525999546051025e-02 5.375951901078224182e-02 -9.352374821901321411e-02 -8.831048756837844849e-02 7.958576828241348267e-02 -3.429296612739562988e-02 -1.676215976476669312e-01 -1.553141744807362556e-03 1.110725179314613342e-01 8.926224708557128906e-02 8.085243403911590576e-02 1.371227204799652100e-02 1.225030124187469482e-01 6.208742503076791763e-03 -5.990893393754959106e-02 -2.725112251937389374e-02 7.475411146879196167e-02 4.741235077381134033e-02 -3.245111182332038879e-02 -8.849711716175079346e-02 1.275120861828327179e-02 -1.813434213399887085e-01 8.082438260316848755e-02
-2.744149416685104370e-02 -2.419523196294903755e-03 1.226533204317092896e-02 -6.206221878528594971e-02 3.456504782661795616e-03 9.971438907086849213e-03 1.435735728591680527e-02 -5.687478929758071899e-02 -8.777652680873870850e-02 5.981005728244781494e-02 4.247691109776496887e-02 -4.337109252810478210e-02 -1.318865735083818436e-02 -8.305558562278747559e-02 1.517233345657587051e-02 5.225112661719322205e-03 5.476245656609535217e-02 -2.561130933463573456e-02 1.428710389882326126e-02 -6.665810197591781616e-02 9.049473702907562256e-02 -3.868667036294937134e-02 6.997830420732498169e-02 -7.406395673751831055e-02 -1.152682155370712280e-01 -4.992182180285453796e-02 -5.074588954448699951e-02 -3.911657258868217468e-02 -1.097710579633712769e-01 1.590123921632766724e-01 -5.439716205000877380e-02 2.959051914513111115e-02 -1.035985425114631653e-01 1.019982919096946716e-01 -6.464150501415133476e-04 -4.193523153662681580e-02 1.083248108625411987e-01 -7.469536364078521729e-02 -2.214303705841302872e-03 4.750979598611593246e-03 -7.067149877548217773e-02 -4.589438810944557190e-02 5.268487613648176193e-03 -4.621789325028657913e-03 9.922956675291061401e-02 -2.711379900574684143e-02 -2.974697621539235115e-03 7.568382658064365387e-03 -6.892209500074386597e-02 -4.643921926617622375e-02 -4.541971907019615173e-02 5.607494711875915527e-02 6.007350236177444458e-02 -1.390855945646762848e-02 3.375636413693428040e-02 -8.145003765821456909e-02 -8.041732013225555420e-02 -2.177412994205951691e-02 1.581341587007045746e-02 8.653723448514938354e-02 -3.727391734719276428e-02 -2.822132222354412079e-02 4.821436852216720581e-02 2.796678803861141205e-02 -5.357450991868972778e-02 -4.079356417059898376e-02 5.262956023216247559e-02 -3.957233205437660217e-02 5.017859116196632385e-02 3.546559438109397888e-02 3.671471402049064636e-02 5.230436474084854126e-02 1.094556450843811035e-01 -2.940852940082550049e-02 -5.922641605138778687e-02 1.982329785823822021e-02 -5.207862704992294312e-02 6.926596909761428833e-02 9.961985051631927490e-02 -5.431660637259483337e-02 7.399873435497283936e-02 -4.450484737753868103e-02 1.502030622214078903e-02 -2.128027193248271942e-02 1.186526045203208923e-01 -7.799588143825531006e-02 1.383444014936685562e-02 -6.406644731760025024e-02 -6.865271180868148804e-02 5.005961656570434570e-02 6.848022341728210449e-02 3.351192548871040344e-02 -4.556815326213836670e-02 5.372377857565879822e-02 4.685560241341590881e-02 8.622606843709945679e-02 1.116958484053611755e-01 -5.050178617238998413e-02 4.305646941065788269e-02 -6.961061805486679077e-02
4.761179909110069275e-03 2.078466815873980522e-03 -1.276132911443710327e-01 2.334791980683803558e-02 1.564914882183074951e-01 -1.390281468629837036e-01 -5.362735316157341003e-02 -6.739916652441024780e-02 1.963219419121742249e-02 -9.884824976325035095e-03 -2.577592246234416962e-02 1.056186556816101074e-01 -8.856862783432006836e-02 -8.548051118850708008e-02 1.952743902802467346e-02 2.080450765788555145e-02 6.854800879955291748e-02 9.960831701755523682e-02 7.270212750881910324e-03 8.074229210615158081e-02 1.529317498207092285e-01 3.644551336765289307e-02 2.128995209932327271e-02 1.165481805801391602e-01 -5.485563725233078003e-02 -1.605598032474517822e-01 1.149483248591423035e-01 6.821847707033157349e-02 -1.196745783090591431e-01 -1.240191236138343811e-01 1.253549307584762573e-01 1.435326486825942993e-01 3.920992463827133179e-02 1.546130478382110596e-01 1.045915335416793823e-01 5.366270989179611206e-02 -1.446196157485246658e-02 -6.955613940954208374e-02 -9.292839094996452332e-03 1.216289699077606201e-01 -1.059118509292602539e-01 -1.259231567382812500e-01 1.156544685363769531e-01 1.187554225325584412e-01 3.487788513302803040e-02 3.974182531237602234e-02 8.673526346683502197e-02 -1.092156991362571716e-01 1.523494720458984375e-01 6.431463640183210373e-03 2.389442920684814453e-02 3.411333262920379639e-02 -5.340300500392913818e-02 1.497828364372253418e-01 -6.869571283459663391e-03 1.465295813977718353e-02 -7.765425741672515869e-02 3.659797087311744690e-02 -4.666492342948913574e-03 9.492632001638412476e-02 3.776664612814784050e-03 2.586805075407028198e-02 6.267288327217102051e-02 -5.562016367912292480e-02 1.655985414981842041e-01 -1.385381221771240234e-01 1.468524038791656494e-01 -1.700644148513674736e-03 8.941386640071868896e-02 -2.008187398314476013e-02 -1.723139919340610504e-02 1.373129785060882568e-01 4.203963279724121094e-02 -2.108771912753582001e-02 1.455788910388946533e-01 5.384882912039756775e-03 -1.883096620440483093e-02 -8.891841769218444824e-02 1.378787457942962646e-01 -8.258755505084991455e-02 6.752766668796539307e-02 -1.036657840013504028e-01 1.438428554683923721e-02 -4.740505479276180267e-03 1.399038583040237427e-01 -1.413902193307876587e-01 3.071097470819950104e-02 1.922954618930816650e-02 -7.789511699229478836e-03 2.697598421946167946e-03 5.382093787193298340e-02 1.459833979606628418e-01 1.582757756114006042e-02 1.037854924798011780e-01 -1.905892603099346161e-02 4.280557855963706970e-02 3.633441030979156494e-02 5.853274487890303135e-04 2.691504172980785370e-02 -2.431586757302284241e-02
2.840375341475009918e-02 -2.880875207483768463e-02 -2.903310768306255341e-02 -1.785600208677351475e-03 -2.799301967024803162e-02 6.255092471837997437e-02 2.430709078907966614e-02 -5.386101081967353821e-02 1.993622817099094391e-02 -3.709233179688453674e-02 -6.149663031101226807e-02 2.511966042220592499e-02 4.946674406528472900e-02 5.713383853435516357e-02 4.281691834330558777e-02 8.859599381685256958e-02 -6.357876956462860107e-02 -6.681490689516067505e-02 -7.748143374919891357e-02 -1.327019650489091873e-02 6.660622358322143555e-02 -2.938079088926315308e-02 -7.975676655769348145e-02 -1.247338391840457916e-02 7.280476391315460205e-02 1.123054176568984985e-01 -1.878267526626586914e-02 4.559526592493057251e-02 -4.688547924160957336e-02 9.920951724052429199e-02 -1.545560732483863831e-02 5.440471693873405457e-02 8.121524006128311157e-02 4.004590585827827454e-02 -2.415599487721920013e-02 -5.690630152821540833e-02 -4.342655092477798462e-02 3.837111219763755798e-02 -7.550752907991409302e-02 1.957424171268939972e-02 4.982917755842208862e-02 -7.764731347560882568e-02 2.348570339381694794e-02 6.249879300594329834e-02 1.283039990812540054e-02 -1.809985376894474030e-02 -5.724176391959190369e-02 8.763665705919265747e-02 1.747595728375017643e-03 -7.707607001066207886e-02 2.447082661092281342e-02 -3.890749812126159668e-02 -7.564479857683181763e-02 8.233115822076797485e-02 -1.039843168109655380e-02 4.035989195108413696e-02 -5.472667515277862549e-02 1.074706315994262695e-01 -4.471105709671974182e-02 -7.674290239810943604e-02 5.076955258846282959e-02 -2.970936335623264313e-02 2.244696766138076782e-02 4.727751016616821289e-02 4.886983335018157959e-02 8.939065039157867432e-02 -6.779666990041732788e-02 3.355209156870841980e-02 -8.315008133649826050e-03 9.493243694305419922e-02 4.303350299596786499e-02 -8.072599023580551147e-02 7.203868031501770020e-02 -6.001775711774826050e-02 1.872769929468631744e-02 5.008022114634513855e-02 4.306812770664691925e-03 2.783956192433834076e-02 7.587085478007793427e-03 4.727939516305923462e-02 -5.833861418068408966e-03 9.142182767391204834e-03 -6.076825782656669617e-02 -5.141589790582656860e-02 -8.559110015630722046e-02 -5.592687055468559265e-02 -2.868106588721275330e-02 -7.968170940876007080e-02 -5.826920270919799805e-02 1.274202018976211548e-01 -3.565893275663256645e-03 1.684851758182048798e-02 -8.369760960340499878e-02 -2.892288379371166229e-02 4.752109944820404053e-02 -7.399594038724899292e-02 7.447350770235061646e-02 5.429544299840927124e-02 -1.082774065434932709e-02 1.955284364521503448e-02
7.096368819475173950e-02 -2.407955378293991089e-02 1.202030107378959656e-01 -5.570068024098873138e-03 -4.382078349590301514e-02 -4.765104874968528748e-02 8.593609184026718140e-02 9.728633612394332886e-02 3.995730355381965637e-02 8.265019208192825317e-02 -5.849575623869895935e-02 -2.470806986093521118e-02 3.973601758480072021e-02 2.258846536278724670e-02 -7.496184855699539185e-02 -8.512304723262786865e-02 6.347562372684478760e-02 -9.515809267759323120e-02 7.876431941986083984e-02 4.248659312725067139e-02 -3.446859493851661682e-02 -8.505684137344360352e-02 -2.929739281535148621e-02 8.350627869367599487e-02 8.657048642635345459e-02 3.289294615387916565e-02 -9.550575911998748779e-02 4.949806258082389832e-02 -1.765494607388973236e-02 -2.494791150093078613e-02 -6.739164143800735474e-02 -1.111269742250442505e-02 -3.196249529719352722e-02 -7.940813153982162476e-02 -3.963309153914451599e-02 8.120696991682052612e-02 6.782844662666320801e-02 6.717354804277420044e-02 -9.269550442695617676e-02 -3.940306976437568665e-02 -1.073116287589073181e-01 3.929286077618598938e-02 -6.025948375463485718e-02 -9.921421110630035400e-02 -6.476920843124389648e-02 -5.402855947613716125e-02 -9.577011317014694214e-02 5.296012014150619507e-02 -6.688172370195388794e-02 5.717780068516731262e-02 -8.257046341896057129e-02 -3.206501016393303871e-03 5.027934443205595016e-03 -4.519563913345336914e-02 -5.911543220281600952e-02 -1.301496662199497223e-02 -2.392784319818019867e-02 -5.584967881441116333e-02 6.650703400373458862e-02 1.126245316118001938e-02 -3.410078212618827820e-02 -3.456906601786613464e-02 -9.546649456024169922e-02 4.547571763396263123e-02 -1.838813722133636475e-01 1.088716555386781693e-02 -1.092073097825050354e-01 -5.228514969348907471e-02 9.669031202793121338e-02 -6.022840738296508789e-02 2.738555427640676498e-03 -3.016198519617319107e-03 7.582139968872070312e-02 -1.571692675352096558e-01 -2.589332126080989838e-02 9.639725834131240845e-02 2.973056212067604065e-02 9.347619116306304932e-02 5.210736766457557678e-03 -1.589029133319854736e-01 2.020686864852905273e-03 1.081073377281427383e-02 2.503641694784164429e-02 -6.680800765752792358e-02 -3.732602670788764954e-02 -9.770490229129791260e-02 -1.268167197704315186e-01 -2.171278372406959534e-02 9.021429717540740967e-02 -9.887845069169998169e-02 -9.011755883693695068e-02 3.927186876535415649e-02 -2.039449661970138550e-02 -2.702347002923488617e-02 6.546648591756820679e-02 2.439273893833160400e-02 -6.796055287122726440e-02 -7.207912206649780273e-02 4.639909416437149048e-02 -4.683653265237808228e-02
-1.068589836359024048e-01 4.409815743565559387e-02 -7.110659033060073853e-02 -8.765499293804168701e-02 1.105649396777153015e-01 -1.280080378055572510e-01 -1.243597641587257385e-01 -1.816452480852603912e-02 -6.938674300909042358e-02 -1.883306168019771576e-02 -5.336327850818634033e-02 2.418539673089981079e-02 -9.932478517293930054e-02 3.664894029498100281e-02 -7.019378244876861572e-02 -6.955871358513832092e-03 -2.132095955312252045e-02 1.409829258918762207e-01 3.255796851590275764e-03 9.091892093420028687e-02 4.976591095328330994e-02 7.646322995424270630e-02 -6.435567885637283325e-02 9.638085961341857910e-02 -4.263921454548835754e-02 -1.208285149186849594e-02 -3.051296435296535492e-02 -5.514186620712280273e-02 -1.347868144512176514e-01 -5.680596828460693359e-02 9.051302075386047363e-02 1.137071102857589722e-01 4.626299440860748291e-02 -4.386631026864051819e-02 3.574868664145469666e-02 1.296004503965377808e-01 1.287464201450347900e-01 -6.925541907548904419e-02 8.567461371421813965e-02 8.780068159103393555e-02 -8.776427060365676880e-02 -3.983818739652633667e-02 -1.914348080754280090e-02 2.116751372814178467e-01 4.693035036325454712e-03 -8.929201215505599976e-02 -3.857688233256340027e-02 -9.260414540767669678e-02 1.374250352382659912e-01 8.138033747673034668e-02 1.343937069177627563e-01 -2.050855197012424469e-02 -1.335665285587310791e-01 8.184709586203098297e-03 -5.255483090877532959e-02 -2.347221784293651581e-02 4.050217941403388977e-02 5.766098573803901672e-02 1.111703142523765564e-01 1.359407883137464523e-02 1.575362682342529297e-02 -1.343998685479164124e-02 -2.369337156414985657e-02 -4.587126895785331726e-02 1.576431840658187866e-01 -1.054485812783241272e-01 6.386428326368331909e-02 -7.657905668020248413e-02 1.334307491779327393e-01 -1.218171790242195129e-01 5.193014070391654968e-02 -5.788383260369300842e-02 2.651430852711200714e-02 2.407946810126304626e-02 3.575919568538665771e-02 -1.030881702899932861e-01 3.934525325894355774e-02 -1.001230105757713318e-01 -2.806255966424942017e-02 -1.099660173058509827e-01 7.444404810667037964e-02 -1.059459447860717773e-01 -8.245769888162612915e-02 -3.560291975736618042e-02 1.000353544950485229e-01 -4.537608101963996887e-02 8.741940557956695557e-02 6.885075569152832031e-02 -6.697663664817810059e-02 -3.953291848301887512e-02 4.903348907828330994e-02 -4.953465238213539124e-02 -1.346615403890609741e-01 -2.995816431939601898e-02 5.921478196978569031e-02 3.666085377335548401e-02 7.359210401773452759e-02 1.084532812237739563e-01 5.238680914044380188e-02 1.458570957183837891e-01
-5.276013538241386414e-02 1.278360188007354736e-01 2.905269525945186615e-02 -1.247004792094230652e-01 8.407579362392425537e-02 -1.934416964650154114e-02 -1.461640447378158569e-01 -9.147159010171890259e-02 -6.366299092769622803e-02 -1.626358926296234131e-01 1.383987367153167725e-01 -1.783573441207408905e-02 -1.583738029003143311e-01 -3.810963407158851624e-02 -6.047252565622329712e-02 -4.619126021862030029e-02 6.720565259456634521e-02 5.573436990380287170e-02 -1.286530941724777222e-01 2.920509502291679382e-02 -1.821353845298290253e-02 -2.176035661250352859e-03 -1.201874986290931702e-01 8.557270467281341553e-02 1.989295333623886108e-02 2.452587895095348358e-02 1.279432773590087891e-01 9.853009134531021118e-02 -6.946068257093429565e-02 -4.964952170848846436e-02 7.145543396472930908e-02 1.572299003601074219e-01 1.437872555106878281e-02 1.471929699182510376e-01 7.000333815813064575e-02 3.149561118334531784e-03 9.702847152948379517e-02 8.068333379924297333e-03 3.061199374496936798e-02 1.793210953474044800e-02 -3.670245781540870667e-02 -4.618780687451362610e-02 6.447285879403352737e-03 1.035831421613693237e-01 -2.306647971272468567e-02 -1.948182098567485809e-02 5.504099279642105103e-02 1.012574601918458939e-02 5.052540823817253113e-02 1.179694831371307373e-01 1.571834981441497803e-01 -1.047607585787773132e-01 -9.068115055561065674e-02 3.580052033066749573e-02 1.160672828555107117e-01 -1.061915680766105652e-01 -1.566621214151382446e-01 -1.978212036192417145e-02 -1.797689497470855713e-02 6.788878887891769409e-02 1.094199419021606445e-01 1.413853764533996582e-01 2.878635749220848083e-02 -1.133965849876403809e-01 -1.517937780590727925e-04 -1.067635491490364075e-01 4.817485436797142029e-02 -1.065838634967803955e-01 -4.401974845677614212e-03 1.635128445923328400e-02 9.304988384246826172e-02 1.400757133960723877e-01 5.546009913086891174e-02 -3.549436805769801140e-03 -3.969860263168811798e-03 -3.475758712738752365e-04 -2.151251025497913361e-02 -1.347751468420028687e-01 -1.162126543931663036e-03 -6.987817585468292236e-02 6.844046059995889664e-03 -8.194950968027114868e-02 4.393930546939373016e-03 1.027050428092479706e-02 1.298128813505172729e-01 -1.269103139638900757e-01 9.817039966583251953e-02 -6.569244712591171265e-02 -9.654776006937026978e-02 4.184157028794288635e-02 1.094605773687362671e-02 4.336556792259216309e-02 -1.351439803838729858e-01 1.541495174169540405e-01 3.414278477430343628e-02 -1.241183187812566757e-02 -2.286612614989280701e-02 -1.763961464166641235e-02 -2.331601828336715698e-02 1.510749757289886475e-01
-4.955317080020904541e-02 1.523015182465314865e-02 -2.068040333688259125e-02 1.225930005311965942e-01 -1.283303648233413696e-01 6.120518967509269714e-02 1.252523213624954224e-01 6.039699539542198181e-02 -4.928991198539733887e-02 -6.016400456428527832e-02 -1.087605208158493042e-01 -5.920729413628578186e-02 1.006040945649147034e-01 2.248266339302062988e-02 1.391910463571548462e-01 1.281387209892272949e-01 -4.949153214693069458e-02 -6.211858987808227539e-02 1.992972381412982941e-02 -7.402044534683227539e-02 2.732446882873773575e-04 1.417063549160957336e-02 1.099966019392013550e-01 -4.894772544503211975e-02 3.544268198311328888e-03 5.200481787323951721e-02 -6.011816114187240601e-02 -1.305757276713848114e-02 -3.685445711016654968e-02 1.312818080186843872e-01 5.279418453574180603e-02 -4.044843465089797974e-02 4.031056538224220276e-02 6.290122121572494507e-02 -1.277842670679092407e-01 -1.472565084695816040e-01 -7.671991735696792603e-02 1.868234132416546345e-03 -1.246976549737155437e-03 -9.232612699270248413e-02 1.288232803344726562e-01 1.133757606148719788e-01 -5.462277308106422424e-02 -1.036750301718711853e-01 5.119363591074943542e-02 7.502742856740951538e-02 -1.118711233139038086e-01 4.369863867759704590e-02 -1.979931443929672241e-02 -1.231800317764282227e-01 -1.314485669136047363e-01 -2.448651706799864769e-03 3.715706244111061096e-02 2.577006630599498749e-02 9.325181134045124054e-03 -1.931179687380790710e-02 1.972677931189537048e-02 2.748067118227481842e-02 -1.259723864495754242e-02 -1.028517484664916992e-01 5.260217562317848206e-02 -2.028911001980304718e-02 -8.046603947877883911e-02 9.219791740179061890e-02 -7.196448743343353271e-02 -1.480778306722640991e-02 -5.104150623083114624e-02 1.307734251022338867e-01 1.072120852768421173e-02 8.259927481412887573e-02 -3.647885099053382874e-02 -5.319714173674583435e-02 -5.387217923998832703e-02 -7.130477577447891235e-02 -5.448239669203758240e-02 -1.707354746758937836e-02 -1.767632924020290375e-02 1.061319559812545776e-01 -7.867278903722763062e-02 6.311388686299324036e-03 -9.375053644180297852e-02 -4.243678878992795944e-03 -5.437217280268669128e-02 1.375580020248889923e-02 -1.188872084021568298e-01 1.211932152509689331e-01 -3.708807751536369324e-02 -1.634418778121471405e-02 6.210978329181671143e-02 -8.001292496919631958e-02 -3.175126761198043823e-02 -1.206886544823646545e-01 1.786184683442115784e-02 1.045694388449192047e-02 -1.183963119983673096e-01 -4.956171661615371704e-02 -9.529258310794830322e-02 2.729344740509986877e-02 -3.504669666290283203e-02 -3.410522267222404480e-02
-2.744107879698276520e-02 -1.448673754930496216e-01 1.041718721389770508e-01 9.606320410966873169e-03 2.573442086577415466e-02 2.630843035876750946e-02 3.724050521850585938e-02 -2.064462751150131226e-02 9.500636160373687744e-02 4.177499189972877502e-02 -9.554787725210189819e-02 -5.330176651477813721e-02 -1.478048972785472870e-02 2.674860320985317230e-02 7.875417917966842651e-02 1.388994753360748291e-01 -1.471394300460815430e-01 -1.254627406597137451e-01 -2.002801187336444855e-02 -3.561215475201606750e-02 1.788486726582050323e-02 -4.307789262384176254e-03 1.031782925128936768e-01 -1.292848764933296479e-06 9.320226311683654785e-02 5.150635167956352234e-02 -9.171555936336517334e-02 -1.159912571310997009e-01 -1.920230686664581299e-02 -1.602210476994514465e-02 -1.195254921913146973e-01 -1.065564081072807312e-01 8.011205494403839111e-02 -1.603618636727333069e-02 -1.831315644085407257e-02 -1.122968122363090515e-01 -7.859855145215988159e-02 1.104852482676506042e-01 1.336981076747179031e-02 -3.217033669352531433e-02 1.098670884966850281e-01 3.960251808166503906e-02 -9.069357812404632568e-02 -5.265701562166213989e-02 -1.545005738735198975e-01 1.396660972386598587e-02 -8.450904488563537598e-02 4.751617461442947388e-02 1.543123554438352585e-02 -5.819538235664367676e-02 -9.444403648376464844e-02 2.515331469476222992e-02 1.619571149349212646e-01 -4.072558879852294922e-02 -1.695133745670318604e-02 -3.798478096723556519e-02 1.290998607873916626e-01 6.920135766267776489e-02 -1.002317219972610474e-01 -1.297415345907211304e-01 -2.558587864041328430e-02 -3.859341144561767578e-02 -1.104536131024360657e-01 5.463367328047752380e-02 -5.545641854405403137e-02 1.282526105642318726e-01 -1.402052212506532669e-02 1.095886006951332092e-01 -1.224244385957717896e-01 7.978924363851547241e-02 -9.310849010944366455e-02 2.164502441883087158e-02 1.186845451593399048e-02 -1.154045537114143372e-01 6.214316468685865402e-03 -1.837063208222389221e-02 -5.502380058169364929e-02 2.796323411166667938e-02 -6.978322751820087433e-03 1.777906864881515503e-01 -8.069451153278350830e-02 -1.276168134063482285e-02 -1.449872553348541260e-02 -2.335147559642791748e-02 -4.961642436683177948e-03 5.393541976809501648e-02 -1.167554631829261780e-01 5.142137035727500916e-02 -1.965534687042236328e-02 -1.291897892951965332e-01 3.532261028885841370e-02 5.458713509142398834e-03 -3.200965747237205505e-02 -1.138901710510253906e-02 1.712433435022830963e-02 -7.327391952276229858e-02 -4.322220012545585632e-02 -1.239608824253082275e-01 -1.321203559637069702e-01 -1.109956204891204834e-01
-8.324111998081207275e-02 4.656870663166046143e-02 -1.183235552161931992e-02 1.029592230916023254e-01 -6.560592353343963623e-02 9.566092491149902344e-02 1.264610141515731812e-01 -4.172527045011520386e-02 -8.171577006578445435e-02 -3.792570158839225769e-02 4.968400113284587860e-03 -8.086334913969039917e-02 3.209833428263664246e-02 -4.457867145538330078e-02 1.158672720193862915e-01 8.713559806346893311e-02 4.556692391633987427e-02 5.824876949191093445e-03 5.335365608334541321e-02 -7.372204959392547607e-02 2.827429957687854767e-02 -9.676887094974517822e-02 5.128174647688865662e-02 -2.428167313337326050e-02 5.511402338743209839e-02 1.061808243393898010e-01 -4.955855011940002441e-02 6.879124045372009277e-02 -6.740290671586990356e-02 -2.818333916366100311e-02 -6.218335404992103577e-02 -9.532137215137481689e-02 6.931336224079132080e-02 -3.273004293441772461e-02 -9.746658056974411011e-02 -4.654858261346817017e-02 -6.886426359415054321e-02 8.940842002630233765e-02 -6.547080725431442261e-02 1.477616932243108749e-02 -4.042695462703704834e-02 1.293642539530992508e-02 9.015894494950771332e-03 1.679753363132476807e-01 -7.383171468973159790e-02 3.760505467653274536e-02 7.010619342327117920e-02 3.903761506080627441e-02 -1.081520840525627136e-01 5.248117446899414062e-02 -1.145847490988671780e-04 -7.693330198526382446e-02 6.456377357244491577e-02 -2.661095373332500458e-02 5.700227990746498108e-02 -2.609531208872795105e-02 7.102207746356725693e-03 1.919126836583018303e-03 -1.141895949840545654e-01 7.289643585681915283e-02 6.570246070623397827e-02 7.402885705232620239e-02 3.476268053054809570e-02 -7.516074925661087036e-02 7.298561930656433105e-02 2.999978326261043549e-02 -9.210710227489471436e-02 -6.663525104522705078e-02 -8.550543338060379028e-03 9.340443462133407593e-02 -5.638866685330867767e-03 -7.435724884271621704e-02 -1.544611877761781216e-03 1.079440638422966003e-01 -7.764541357755661011e-02 -4.935137555003166199e-02 3.285232186317443848e-02 2.367861941456794739e-02 5.752056464552879333e-02 4.123773425817489624e-02 4.977499321103096008e-02 9.743719547986984253e-02 -5.619022995233535767e-03 -1.984382420778274536e-01 -9.370441734790802002e-02 4.163336008787155151e-02 -2.431393787264823914e-02 -2.194288372993469238e-02 7.801022380590438843e-02 1.689353026449680328e-02 1.125617548823356628e-01 -7.081020623445510864e-02 -5.409789457917213440e-02 -8.963226340711116791e-03 3.943426534533500671e-02 6.362433731555938721e-02 -5.816869065165519714e-02 7.165944576263427734e-02 2.354156039655208588e-02 -8.453363925218582153e-02
-9.146857261657714844e-02 5.192238837480545044e-02 -7.331319153308868408e-02 -1.201172098517417908e-01 3.166622668504714966e-02 7.934513501822948456e-03 5.167248845100402832e-02 -9.723304957151412964e-02 -1.034928113222122192e-01 -1.139805912971496582e-01 9.688969701528549194e-02 4.673397168517112732e-02 -1.185595318675041199e-01 -5.408702045679092407e-02 -6.831708550453186035e-02 -1.733979023993015289e-02 9.994608908891677856e-02 1.348158717155456543e-01 2.922456711530685425e-02 1.273311823606491089e-01 3.001215308904647827e-02 -4.230024665594100952e-02 -5.378484353423118591e-02 -5.302995815873146057e-02 4.913385212421417236e-02 -1.541566401720046997e-01 1.351038217544555664e-01 6.413757335394620895e-03 -1.036628559231758118e-01 -1.088553224690258503e-03 1.220351681113243103e-01 2.393918670713901520e-02 -1.372523047029972076e-02 -3.755036741495132446e-02 9.093876183032989502e-02 6.097739562392234802e-02 5.509333685040473938e-02 -8.197262883186340332e-03 1.249462962150573730e-01 1.016091480851173401e-01 -4.720804840326309204e-02 -9.250038117170333862e-02 1.056118756532669067e-01 -1.970997825264930725e-02 9.213495254516601562e-02 2.454997785389423370e-02 3.709216415882110596e-02 -1.149526890367269516e-02 1.225983574986457825e-01 1.181126087903976440e-01 1.167277470231056213e-01 -1.109669581055641174e-01 -1.088024601340293884e-01 1.730491407215595245e-02 -3.826675936579704285e-02 -3.378328680992126465e-02 2.006307058036327362e-02 8.441049605607986450e-02 1.374204754829406738e-01 1.369626820087432861e-02 7.826180756092071533e-02 1.079185456037521362e-01 7.734933495521545410e-02 1.649568416178226471e-02 -1.124050375074148178e-02 -5.863351747393608093e-02 1.040659397840499878e-01 5.051124840974807739e-02 -3.259819746017456055e-02 -9.778419137001037598e-02 1.130298227071762085e-01 -4.893663804978132248e-03 9.768825769424438477e-02 1.122484728693962097e-01 4.546992108225822449e-02 -1.147240400314331055e-01 4.488911479711532593e-02 5.626674741506576538e-02 -5.018432624638080597e-03 -4.019958153367042542e-02 1.405508220195770264e-01 -9.774614125490188599e-02 -6.785819679498672485e-02 -6.148577854037284851e-02 6.504177302122116089e-02 3.986273705959320068e-02 1.410564929246902466e-01 -1.016436442732810974e-01 2.689087204635143280e-02 4.155629128217697144e-02 -2.826097980141639709e-02 1.549180224537849426e-02 -3.779368125833570957e-04 -5.184353515505790710e-02 9.558640420436859131e-02 1.312643140554428101e-01 1.245136708021163940e-01 9.056216478347778320e-02 -2.866253070533275604e-02 -3.746945783495903015e-02
-6.983333081007003784e-02 2.540163882076740265e-02 -1.108433380722999573e-01 1.097794324159622192e-01 1.398477982729673386e-02 -3.134339675307273865e-02 1.041036099195480347e-02 3.280755132436752319e-02 -1.227340195327997208e-02 7.755532115697860718e-02 -5.741937085986137390e-03 4.636611789464950562e-02 8.326358348131179810e-02 2.650981955230236053e-02 1.918765157461166382e-01 8.138041198253631592e-02 -6.190563365817070007e-02 1.051203813403844833e-02 1.558244824409484863e-01 -3.520793840289115906e-02 -1.162562742829322815e-01 -1.152191385626792908e-01 1.019075736403465271e-01 -1.184314414858818054e-01 1.160663962364196777e-01 -2.893358655273914337e-02 4.575571417808532715e-02 2.957926189992576838e-04 -2.709849178791046143e-02 -2.020167186856269836e-02 -7.783444225788116455e-02 -1.374278813600540161e-01 -7.520817965269088745e-02 6.547131389379501343e-02 2.935831435024738312e-02 -8.101888746023178101e-02 -1.216250583529472351e-01 -5.146077647805213928e-02 5.420079454779624939e-03 -1.478656977415084839e-01 1.383793950080871582e-01 -5.914987623691558838e-02 -9.838573634624481201e-02 7.005019485950469971e-02 -2.222680114209651947e-02 7.591283321380615234e-02 8.262744173407554626e-03 4.718407988548278809e-02 -1.309896409511566162e-01 1.722608134150505066e-02 -9.764382615685462952e-03 -5.334512144327163696e-02 -4.171324893832206726e-02 -1.383621245622634888e-01 4.902462288737297058e-02 -3.075764514505863190e-02 3.400749713182449341e-02 4.055092483758926392e-02 -2.633042819797992706e-02 3.884889557957649231e-02 -9.633349627256393433e-02 -1.072746068239212036e-01 -1.161597669124603271e-01 3.268567845225334167e-02 5.229059979319572449e-02 2.898565307259559631e-02 -1.227323617786169052e-02 -7.362952083349227905e-02 -2.054594010114669800e-01 -4.174014925956726074e-02 -8.715058863162994385e-02 -9.506459534168243408e-02 -1.449716985225677490e-01 -2.657536044716835022e-02 -2.654710784554481506e-02 -2.028398215770721436e-03 -7.035928219556808472e-02 1.642150804400444031e-02 4.921569675207138062e-02 -5.204890668392181396e-02 4.009749367833137512e-02 2.415899885818362236e-03 -5.297535657882690430e-02 -4.238791763782501221e-02 -1.346395462751388550e-01 1.037524417042732239e-01 -1.014804318547248840e-01 6.742181628942489624e-02 1.032610684633255005e-01 4.270923137664794922e-02 6.625107675790786743e-02 -1.081263273954391479e-01 7.886822521686553955e-02 4.795082658529281616e-02 2.520035207271575928e-02 5.271594971418380737e-02 -8.489102870225906372e-02 5.209317803382873535e-02 -5.857630819082260132e-02 6.043872609734535217e-02
8.649842441082000732e-02 -1.363937705755233765e-01 -4.517269134521484375e-02 1.163563728332519531e-01 -3.037067316472530365e-02 -1.709721051156520844e-02 -1.758810319006443024e-02 1.238621771335601807e-01 1.295836865901947021e-01 -7.904504425823688507e-03 -7.648107409477233887e-02 -2.019397728145122528e-02 9.496743977069854736e-02 -1.794845797121524811e-03 -4.647685214877128601e-03 7.048453390598297119e-02 -1.201927587389945984e-01 5.345963686704635620e-02 -1.043516024947166443e-02 -1.048118844628334045e-01 -2.432784438133239746e-02 6.592563819140195847e-03 1.160986721515655518e-01 -4.633760824799537659e-02 4.303287714719772339e-02 2.281101793050765991e-02 -6.162743270397186279e-02 2.223227359354496002e-02 9.513561427593231201e-02 2.261638492345809937e-01 -1.223194003105163574e-01 3.268124535679817200e-02 2.271073125302791595e-02 -1.085247918963432312e-01 -1.369225420057773590e-02 -5.518255755305290222e-03 -5.674520973116159439e-03 5.364380404353141785e-02 -1.172000542283058167e-01 -1.657945215702056885e-01 8.868320286273956299e-02 2.483049593865871429e-02 -5.530619621276855469e-02 1.475168298929929733e-02 7.402519229799509048e-03 7.018592208623886108e-02 1.696786610409617424e-03 1.516376156359910965e-02 -7.528464496135711670e-02 -1.089906170964241028e-01 -8.127741515636444092e-02 7.216265052556991577e-02 -2.746208012104034424e-02 -8.817736804485321045e-02 -1.290372312068939209e-01 1.285349279642105103e-01 8.448426425457000732e-02 -3.837086632847785950e-02 -1.449805051088333130e-01 3.810082376003265381e-02 -1.104063633829355240e-02 6.508686579763889313e-03 5.208042636513710022e-02 1.406702101230621338e-01 -1.390474010258913040e-02 -3.352887183427810669e-02 -2.415566146373748779e-02 3.525083884596824646e-02 -3.747535869479179382e-02 7.355528324842453003e-02 -4.948028922080993652e-02 -1.297620087862014771e-01 -1.053353399038314819e-01 2.500401623547077179e-02 -2.482245862483978271e-02 -1.765210554003715515e-02 6.383222062140703201e-03 4.650652408599853516e-02 -7.187984883785247803e-02 -4.364796355366706848e-02 -4.712428897619247437e-03 1.422920823097229004e-01 -1.651812717318534851e-02 -1.701044440269470215e-01 -6.643729656934738159e-02 6.820096820592880249e-02 -4.384751617908477783e-02 -7.017761468887329102e-02 5.539610981941223145e-02 5.595888569951057434e-02 -1.134753227233886719e-02 4.330351203680038452e-02 1.422149986028671265e-01 -7.892339676618576050e-02 -1.191187202930450439e-01 4.957478493452072144e-02 -2.162911742925643921e-02 9.862869046628475189e-04 -8.089902251958847046e-02 4.600629583001136780e-02
-3.281896642874926329e-04 9.794240444898605347e-02 -1.083986908197402954e-01 3.581617027521133423e-02 5.716850981116294861e-02 -7.318896800279617310e-02 -5.753446370363235474e-02 -6.443586200475692749e-02 -5.735673382878303528e-02 -9.010798484086990356e-02 -7.392080151475965977e-04 8.088666200637817383e-02 4.132279660552740097e-03 -9.224987030029296875e-02 -9.314542636275291443e-03 -8.658252656459808350e-03 3.598407283425331116e-02 6.960522383451461792e-02 -5.294399335980415344e-02 5.086136981844902039e-02 -4.362602159380912781e-02 8.891362696886062622e-02 9.125120704993605614e-04 5.384169891476631165e-02 -6.743862479925155640e-02 -5.843688920140266418e-02 5.831910669803619385e-02 -6.081839650869369507e-02 8.775122463703155518e-02 -1.198678370565176010e-02 -4.278679564595222473e-02 -3.406487638130784035e-03 1.246245391666889191e-02 -3.529612347483634949e-02 4.637309350073337555e-03 5.754459649324417114e-02 -7.306911051273345947e-02 3.591248765587806702e-02 2.898865006864070892e-02 3.276538476347923279e-02 -1.123779416084289551e-01 -2.314622746780514717e-03 -6.396024674177169800e-02 -1.097057200968265533e-02 4.029346629977226257e-02 6.649295240640640259e-02 1.268522534519433975e-02 -1.025857403874397278e-01 9.137190133333206177e-02 -2.542380429804325104e-02 9.705244749784469604e-02 8.001749962568283081e-02 2.176059968769550323e-02 1.230752188712358475e-02 -4.798382893204689026e-02 -7.969131320714950562e-02 3.998810425400733948e-02 -3.446790575981140137e-02 8.246024698019027710e-02 -1.983364298939704895e-02 -8.294669678434729576e-04 6.007480621337890625e-02 1.050870865583419800e-01 -5.495924502611160278e-02 -6.531334668397903442e-02 -7.474686950445175171e-02 -2.265778183937072754e-02 -4.111433774232864380e-02 5.229274928569793701e-02 -1.028468608856201172e-01 -8.168227225542068481e-02 -9.099297970533370972e-02 1.881000958383083344e-02 4.239242523908615112e-02 8.824614435434341431e-02 2.236888371407985687e-02 6.200200691819190979e-02 4.105284810066223145e-02 -8.829686790704727173e-02 4.208421707153320312e-02 7.065057754516601562e-02 -4.557381570339202881e-02 5.114884115755558014e-03 6.428139749914407730e-03 -2.077168598771095276e-02 4.351984709501266479e-02 -3.338911384344100952e-02 1.485732104629278183e-02 -9.307106025516986847e-03 9.694536030292510986e-02 -6.007318943738937378e-02 -7.881476730108261108e-02 -3.426637127995491028e-02 -1.710782386362552643e-02 -3.119094297289848328e-02 -8.587635308504104614e-02 -4.004735127091407776e-02 -6.340150535106658936e-02 -7.964189350605010986e-02 7.933483272790908813e-02
-1.632778719067573547e-02 -8.703879080712795258e-03 3.862270340323448181e-02 -1.291534006595611572e-01 1.198947504162788391e-01 -3.663182631134986877e-02 -9.335156530141830444e-02 -2.242958359420299530e-02 1.238484494388103485e-02 -8.419980853796005249e-02 1.064090430736541748e-02 7.618830353021621704e-02 -1.520462185144424438e-01 -1.236491724848747253e-01 -5.244901776313781738e-02 -8.828803151845932007e-02 1.464679837226867676e-01 1.425545960664749146e-01 -7.298104465007781982e-03 1.577425301074981689e-01 1.282924264669418335e-01 3.172073513269424438e-02 -1.256534457206726074e-02 3.583094105124473572e-02 9.147497825324535370e-03 -1.028931215405464172e-01 -1.370449550449848175e-02 -2.568729408085346222e-02 -1.367442458868026733e-01 2.301898598670959473e-02 5.793775618076324463e-02 -1.082548405975103378e-02 -1.125032231211662292e-01 4.511990398168563843e-02 -2.323451824486255646e-02 1.423723697662353516e-01 -1.125887408852577209e-02 -2.190639823675155640e-02 1.663669496774673462e-01 3.481629770249128342e-03 -5.756861716508865356e-02 -1.483714729547500610e-01 5.181883461773395538e-03 6.630513817071914673e-02 1.023806780576705933e-01 -9.127410501241683960e-02 5.489074811339378357e-02 -7.943731546401977539e-02 1.435079574584960938e-01 5.578626692295074463e-02 1.019178256392478943e-01 -1.463056653738021851e-01 -2.074415050446987152e-02 6.195172294974327087e-02 6.390878558158874512e-02 2.865028381347656250e-02 -1.581489592790603638e-01 9.391310811042785645e-02 -1.797460950911045074e-02 1.569848358631134033e-01 1.939964294433593750e-02 6.074047088623046875e-02 8.387042582035064697e-02 -2.846684306859970093e-02 -2.075057849287986755e-02 -4.645409807562828064e-02 2.986232750117778778e-02 -1.010141447186470032e-01 -1.003515999764204025e-02 -1.601162850856781006e-01 4.290429502725601196e-02 1.263490319252014160e-01 5.089525505900382996e-02 6.256503611803054810e-02 1.723143644630908966e-02 -6.221411377191543579e-02 2.698237821459770203e-02 -5.234664306044578552e-02 7.013457268476486206e-02 -2.532008662819862366e-02 1.116763576865196228e-01 2.165613137185573578e-02 8.758658543229103088e-03 6.263405829668045044e-02 1.208748370409011841e-01 -1.039519980549812317e-01 1.113545373082160950e-01 -1.856623142957687378e-01 -1.223971024155616760e-01 5.191095545887947083e-02 6.299606710672378540e-02 1.101574078202247620e-01 -1.324419230222702026e-01 -3.436641022562980652e-02 1.356603503227233887e-01 8.569912612438201904e-02 9.879907220602035522e-02 2.247257344424724579e-02 1.533217281103134155e-01 -8.094062097370624542e-03
-5.652061104774475098e-02 5.840403586626052856e-02 1.010242626070976257e-01 -5.921024084091186523e-02 7.285968959331512451e-02 8.766864985227584839e-02 -5.532553791999816895e-02 -2.290843427181243896e-02 4.214253649115562439e-02 2.053663134574890137e-02 -1.284139230847358704e-02 -5.496771633625030518e-02 2.875563874840736389e-02 -2.536333166062831879e-02 -5.998304858803749084e-02 4.441696405410766602e-02 -2.145435288548469543e-02 -7.707448676228523254e-03 1.323217526078224182e-02 -8.222436159849166870e-02 4.171358421444892883e-02 3.184495866298675537e-02 7.921773940324783325e-02 3.512240573763847351e-02 -8.225168287754058838e-02 2.924217609688639641e-03 -1.569462590850889683e-03 -8.041021227836608887e-02 -1.885043270885944366e-02 1.246076747775077820e-01 -6.219714879989624023e-02 -4.854048043489456177e-02 5.027614161372184753e-02 8.402179926633834839e-02 -9.604613482952117920e-02 -3.241953253746032715e-02 6.373023986816406250e-02 -5.930338054895401001e-03 7.284722477197647095e-02 4.588574543595314026e-02 -2.554240077733993530e-02 -5.998993292450904846e-02 4.233589023351669312e-02 -1.298418194055557251e-01 -8.408409357070922852e-02 -3.808499127626419067e-02 -6.983881443738937378e-02 3.967603296041488647e-02 -8.307740092277526855e-02 -9.764514118432998657e-02 1.090268325060606003e-02 -2.384901419281959534e-02 6.510528177022933960e-02 3.070338442921638489e-02 -5.217193439602851868e-02 9.857364743947982788e-02 -9.692325443029403687e-02 -7.553888112306594849e-02 -5.533051863312721252e-02 -1.123412773013114929e-01 4.325322806835174561e-02 7.259773463010787964e-02 8.254102617502212524e-02 9.183862060308456421e-02 -5.100299417972564697e-02 2.448607794940471649e-02 4.543510451912879944e-02 1.301063690334558487e-02 -6.324987113475799561e-02 -7.690533250570297241e-02 2.168814092874526978e-02 -2.311683073639869690e-02 2.947692014276981354e-02 4.914796724915504456e-02 -1.104051470756530762e-01 2.673668600618839264e-02 1.463872939348220825e-02 -7.652471214532852173e-02 -1.040393114089965820e-01 -1.339818239212036133e-01 -1.894481852650642395e-02 -4.513534158468246460e-02 4.272454231977462769e-02 -4.210349172353744507e-02 5.609470978379249573e-02 -3.821118548512458801e-02 2.654283866286277771e-02 -7.794137299060821533e-02 7.892149686813354492e-02 -8.196856826543807983e-02 -3.445029631257057190e-02 5.788907874375581741e-03 -2.708424115553498268e-03 5.883759632706642151e-02 -1.604913175106048584e-02 -1.275331596843898296e-03 -1.123076118528842926e-02 4.031607881188392639e-02 1.917863078415393829e-02 4.363300651311874390e-02
-1.174539700150489807e-01 -1.554681658744812012e-01 -1.277449046028777957e-04 7.185665518045425415e-02 -7.237070053815841675e-02 2.180301770567893982e-02 1.111297681927680969e-01 -4.839270934462547302e-02 7.362891733646392822e-02 3.144633769989013672e-02 2.235481981188058853e-03 1.202706247568130493e-02 5.271844193339347839e-02 1.851315237581729889e-02 2.773108892142772675e-02 1.184521242976188660e-01 3.335864841938018799e-02 2.735102549195289612e-02 1.770761422812938690e-02 5.265788640826940536e-03 -8.759231865406036377e-02 -4.372730851173400879e-02 -9.661650285124778748e-03 -5.382467061281204224e-02 -1.592029258608818054e-02 3.688656166195869446e-02 2.594049274921417236e-02 -2.379879122599959373e-03 -1.263730078935623169e-01 -1.873249374330043793e-02 -6.544444477185606956e-04 -1.229307726025581360e-01 -9.499147534370422363e-03 1.224415898323059082e-01 7.344903051853179932e-02 -2.695818059146404266e-02 -1.219666898250579834e-01 1.226575970649719238e-01 -4.142751917243003845e-02 -4.831598699092864990e-02 -6.288158241659402847e-03 -7.100621238350868225e-03 -1.333511471748352051e-01 8.179753087460994720e-03 -3.029575012624263763e-02 -4.768833145499229431e-02 -6.587430834770202637e-03 -6.068276613950729370e-02 -1.038437485694885254e-01 -5.115393549203872681e-02 -1.301296651363372803e-01 5.530703440308570862e-02 -5.873123556375503540e-02 -6.312853656709194183e-03 1.220393627882003784e-01 -9.352290071547031403e-03 7.910269498825073242e-02 1.155796200037002563e-01 -3.686894429847598076e-03 -8.469513058662414551e-02 -3.290824964642524719e-02 -1.756237633526325226e-02 -9.859111160039901733e-02 3.313006088137626648e-02 -1.259233336895704269e-02 1.545751653611660004e-02 1.862873556092381477e-03 -6.490343809127807617e-02 -4.767804872244596481e-03 -1.754746586084365845e-02 -7.702323049306869507e-02 1.160276867449283600e-02 -6.885772943496704102e-02 6.692758947610855103e-02 -9.759270399808883667e-02 -4.804039001464843750e-02 3.660820797085762024e-02 1.487132534384727478e-02 6.176531687378883362e-02 1.286624222993850708e-01 -5.542936921119689941e-02 2.577655762434005737e-02 -4.082170128822326660e-02 -4.937420785427093506e-02 2.457724511623382568e-02 9.963854402303695679e-02 7.396128773689270020e-02 1.514990180730819702e-01 -7.461642473936080933e-02 7.708164304494857788e-02 -4.738845303654670715e-02 -1.774036884307861328e-02 7.177983224391937256e-02 -2.906510420143604279e-02 4.357148706912994385e-02 -1.018270328640937805e-01 -8.531323820352554321e-02 -1.045437455177307129e-01 -2.426461875438690186e-02 6.966618821024894714e-03
1.601729542016983032e-01 -6.514102220535278320e-02 4.908658564090728760e-03 4.915564879775047302e-02 -7.593242451548576355e-03 4.796952381730079651e-02 2.258813008666038513e-02 1.294339746236801147e-01 1.019482910633087158e-01 -2.130856364965438843e-02 -1.507677733898162842e-01 6.266512442380189896e-03 1.444381326436996460e-01 4.490691423416137695e-02 2.584633231163024902e-02 -1.318558212369680405e-02 -1.082989200949668884e-02 -7.502831518650054932e-02 1.071483865380287170e-01 -9.181175380945205688e-02 -6.103306636214256287e-02 -1.752807199954986572e-02 5.056329444050788879e-02 -8.736140280961990356e-02 -4.229839425534009933e-03 1.570402383804321289e-01 -6.973721832036972046e-02 -3.681590780615806580e-02 3.786810487508773804e-02 -1.525603607296943665e-02 -1.391707807779312134e-01 -1.965500647202134132e-03 8.072260767221450806e-02 -1.198033988475799561e-02 -9.130373597145080566e-02 -1.414877474308013916e-01 1.562632806599140167e-02 1.275237500667572021e-01 -6.581870466470718384e-02 -1.502994298934936523e-01 1.664657741785049438e-01 4.628505930304527283e-02 -1.035234630107879639e-01 -1.611255295574665070e-02 -2.452987479045987129e-03 1.361877918243408203e-01 -9.711949527263641357e-02 1.363110989332199097e-01 -7.560233026742935181e-02 -1.067677140235900879e-02 -4.391604661941528320e-02 7.728200405836105347e-02 -2.674878574907779694e-02 -6.955890357494354248e-02 -5.546988174319267273e-02 -8.879217319190502167e-03 7.428210973739624023e-02 2.868703380227088928e-02 -1.597039699554443359e-01 2.365070208907127380e-02 2.821718808263540268e-03 -9.641781449317932129e-02 2.011733874678611755e-02 1.331451833248138428e-01 -5.948705133050680161e-03 1.547496914863586426e-01 -1.609536856412887573e-01 1.177741363644599915e-01 3.300254791975021362e-02 1.031439229846000671e-01 -1.182638704776763916e-01 -1.249063611030578613e-01 -5.495354160666465759e-02 -1.281380206346511841e-01 -3.346931189298629761e-02 1.241100206971168518e-01 -5.200126022100448608e-02 9.225657582283020020e-02 -9.468223154544830322e-02 1.425888389348983765e-01 -1.482423841953277588e-01 -2.442125987727195024e-04 1.208699196577072144e-01 -1.110576912760734558e-01 -5.177104845643043518e-02 4.435072094202041626e-02 -4.654573649168014526e-02 7.456928491592407227e-03 -6.352494936436414719e-03 4.688408970832824707e-02 -6.478679180145263672e-02 -1.468534320592880249e-01 5.710296682082116604e-04 -6.963114440441131592e-02 -4.193923994898796082e-02 2.979485504329204559e-02 -8.647643029689788818e-02 -1.015264540910720825e-01 -8.978224545717239380e-02 -1.607787708053365350e-04
3.709081932902336121e-02 5.891393870115280151e-02 6.770586967468261719e-02 -6.757508963346481323e-03 -2.350432798266410828e-02 6.935688853263854980e-02 7.200881838798522949e-02 4.780793190002441406e-02 9.303560853004455566e-02 3.017553314566612244e-02 -5.953013151884078979e-02 1.135410554707050323e-02 -2.425470575690269470e-02 -1.306384801864624023e-03 8.017204701900482178e-02 -4.156417679041624069e-03 1.790766604244709015e-02 4.653270915150642395e-02 4.833681881427764893e-02 -7.377117127180099487e-02 4.467807710170745850e-02 -1.249902248382568359e-01 1.051441356539726257e-01 -4.189517721533775330e-02 1.052098721265792847e-01 5.916997045278549194e-02 -2.774060890078544617e-02 -2.668353728950023651e-02 4.430313035845756531e-02 -7.590930163860321045e-02 3.927361220121383667e-02 4.941064864397048950e-02 5.507767200469970703e-02 -5.243125557899475098e-02 -1.030380129814147949e-01 -1.510357111692428589e-01 -2.855572476983070374e-02 4.269814118742942810e-02 -1.025742217898368835e-01 9.495756588876247406e-03 1.056024283170700073e-01 -4.088099300861358643e-02 -1.449098289012908936e-01 4.116117209196090698e-02 3.524086438119411469e-03 1.399179734289646149e-02 -7.498730719089508057e-02 -4.414457362145185471e-03 -6.150291301310062408e-04 -7.223630696535110474e-02 -1.211704611778259277e-01 3.095437586307525635e-02 -1.648965664207935333e-02 -3.769303113222122192e-02 2.291553467512130737e-01 3.062746860086917877e-02 2.112733870744705200e-01 2.351675741374492645e-02 5.459172278642654419e-02 5.668759346008300781e-02 5.843706056475639343e-02 -9.135304391384124756e-02 -7.637037336826324463e-02 -7.679170370101928711e-02 1.096182242035865784e-01 9.544122219085693359e-02 -4.967837408185005188e-02 8.597706444561481476e-03 -1.258394420146942139e-01 -1.669411733746528625e-02 6.273555755615234375e-02 -9.992005303502082825e-03 -5.229819938540458679e-02 -5.032686516642570496e-02 -9.647543728351593018e-02 -1.291585154831409454e-02 -1.299276798963546753e-01 -4.688660427927970886e-02 -7.975197583436965942e-02 1.413072347640991211e-01 -5.076641961932182312e-02 2.404882758855819702e-02 -6.516034901142120361e-02 1.594098284840583801e-02 6.529892981052398682e-02 6.591624021530151367e-02 -3.740859217941761017e-03 2.017324566841125488e-01 -1.844337023794651031e-02 -1.239194199442863464e-01 4.120434820652008057e-02 -1.808764599263668060e-02 9.292867034673690796e-02 -6.643070373684167862e-04 -9.324816614389419556e-02 -9.718436747789382935e-02 1.001796312630176544e-02 2.602366358041763306e-02 7.584200799465179443e-02 7.826114445924758911e-02
1.511155962944030762e-01 -6.858057528734207153e-02 1.838109083473682404e-02 1.135522872209548950e-01 -9.002297371625900269e-02 3.951433673501014709e-02 -2.856526896357536316e-02 -3.114709258079528809e-02 3.198858723044395447e-02 -3.739370405673980713e-02 -1.213307529687881470e-01 -5.796880647540092468e-02 2.239353395998477936e-02 1.105913966894149780e-01 -1.327583380043506622e-02 1.284561753273010254e-01 -1.273487806320190430e-01 -5.815123766660690308e-02 1.401333212852478027e-01 -1.298743188381195068e-01 -4.118946194648742676e-02 -7.395490258932113647e-02 5.304797738790512085e-02 -1.672181300818920135e-02 1.131267398595809937e-01 1.054191365838050842e-01 -6.845644861459732056e-02 -1.366271674633026123e-01 1.223776023834943771e-02 3.565803170204162598e-02 -1.371890455484390259e-01 3.238541632890701294e-02 7.491155993193387985e-03 -5.707995593547821045e-02 -2.663716301321983337e-02 -1.026438027620315552e-01 1.431379932910203934e-02 1.510815620422363281e-01 1.264563761651515961e-03 -1.161278262734413147e-01 3.326951712369918823e-02 8.652164041996002197e-02 -1.453992128372192383e-01 -7.186446338891983032e-02 1.105558220297098160e-02 7.105942931957542896e-04 3.642412275075912476e-02 9.795762598514556885e-02 2.400911413133144379e-02 -1.063790451735258102e-02 -8.488661795854568481e-02 -1.897143945097923279e-02 1.419144272804260254e-01 -1.311945617198944092e-01 -4.641504585742950439e-02 7.584276795387268066e-02 1.594975404441356659e-02 -4.146006330847740173e-02 2.515418827533721924e-02 1.826281659305095673e-02 -5.715059116482734680e-02 -1.346680670976638794e-01 -1.178048551082611084e-01 2.895239926874637604e-02 -9.077573567628860474e-02 7.361740618944168091e-02 -1.099524796009063721e-01 9.272529184818267822e-02 -9.245601482689380646e-03 3.408307582139968872e-02 -2.174189500510692596e-02 -3.981975838541984558e-02 -3.680602088570594788e-02 2.876597084105014801e-02 -2.267627976834774017e-02 6.596290320158004761e-02 -6.974449753761291504e-02 5.803494714200496674e-03 -1.362475603818893433e-01 5.858068540692329407e-02 -1.170374676585197449e-01 1.583827435970306396e-01 -1.431879308074712753e-02 2.289690263569355011e-02 3.990441933274269104e-02 1.607058197259902954e-01 -4.207647405564785004e-03 1.175968348979949951e-01 3.156592324376106262e-02 -7.250481098890304565e-02 -5.408668890595436096e-02 -1.371528059244155884e-01 8.345305174589157104e-02 -1.387015283107757568e-01 3.356666862964630127e-02 8.988947607576847076e-03 2.805817499756813049e-02 -7.900078594684600830e-02 -9.192496072500944138e-04 -1.390886008739471436e-01
-7.941781543195247650e-03 1.116140782833099365e-01 2.912681922316551208e-02 -9.687045216560363770e-02 2.084183320403099060e-02 -1.433305144309997559e-01 6.481527350842952728e-03 -1.665438413619995117e-01 2.801831811666488647e-03 -2.555237151682376862e-02 1.692532598972320557e-01 4.371731728315353394e-02 -3.032101318240165710e-02 -1.832932420074939728e-02 -1.130956560373306274e-01 -4.653009399771690369e-02 1.048206984996795654e-01 1.189941018819808960e-01 -5.654356256127357483e-02 1.247556880116462708e-01 1.219680532813072205e-01 1.338801681995391846e-01 1.335019478574395180e-03 6.035053357481956482e-02 -3.576706722378730774e-02 -1.091791987419128418e-01 8.777200244367122650e-03 -1.088768057525157928e-02 1.070007495582103729e-02 -6.363201886415481567e-02 2.064064517617225647e-02 1.409770101308822632e-01 1.636793464422225952e-02 7.798560895025730133e-03 1.715753078460693359e-01 3.387128934264183044e-02 1.163200363516807556e-01 -4.848289489746093750e-02 4.983390681445598602e-03 1.516853272914886475e-01 -5.788769200444221497e-02 -9.072576463222503662e-02 1.497877836227416992e-01 -5.885563418269157410e-02 1.681154817342758179e-01 2.345512434840202332e-02 9.254571795463562012e-02 -8.066126145422458649e-03 3.043334931135177612e-02 1.462222635746002197e-01 2.501779049634933472e-02 -1.084142550826072693e-01 -6.199440360069274902e-02 5.659774318337440491e-02 -1.577469408512115479e-01 -3.605856001377105713e-02 -1.829613000154495239e-01 -2.391598559916019440e-02 1.341827958822250366e-01 1.527421176433563232e-01 1.787292808294296265e-01 9.308936446905136108e-02 5.320638045668601990e-02 -1.368972510099411011e-01 -3.427756950259208679e-02 -1.673875004053115845e-01 6.931403279304504395e-02 -1.068742871284484863e-01 6.772835552692413330e-02 -1.054164096713066101e-01 1.521310806274414062e-01 -4.247342236340045929e-03 9.855937212705612183e-02 1.060568317770957947e-01 1.176362559199333191e-01 -1.603283286094665527e-01 9.878829121589660645e-02 -1.310665160417556763e-01 2.690376900136470795e-02 -1.331229656934738159e-01 1.038065552711486816e-01 -1.887059956789016724e-02 -2.541858889162540436e-02 2.635139413177967072e-02 1.209694705903530121e-02 -4.809679090976715088e-02 4.465546086430549622e-02 -1.133378595113754272e-01 -1.121703907847404480e-02 9.382180869579315186e-02 6.120890611782670021e-04 1.053270697593688965e-01 -9.185694158077239990e-02 4.244458302855491638e-02 1.047644019126892090e-01 -1.672198623418807983e-02 4.107059910893440247e-03 1.258550733327865601e-01 1.147880703210830688e-01 2.579702250659465790e-02
1.298999879509210587e-02 -3.533374983817338943e-03 7.699078321456909180e-02 4.623563960194587708e-02 -9.383543580770492554e-02 9.610948152840137482e-03 -2.713583409786224365e-02 5.437788739800453186e-02 3.979647159576416016e-02 1.321134567260742188e-01 -2.869077958166599274e-02 -1.502178907394409180e-01 1.565105915069580078e-01 -9.679430164396762848e-03 3.594506904482841492e-02 9.419967979192733765e-02 -9.894713014364242554e-02 1.321834698319435120e-02 7.356966286897659302e-02 -9.307219646871089935e-03 -1.535245925188064575e-01 4.095872491598129272e-02 1.420969609171152115e-02 -7.194960117340087891e-02 1.216437220573425293e-01 1.078071370720863342e-01 -9.171507507562637329e-02 -1.138407513499259949e-01 -9.656327217817306519e-02 5.609914660453796387e-02 -9.666281938552856445e-02 -5.987467244267463684e-02 5.481001734733581543e-02 3.714843466877937317e-02 -1.121079698204994202e-01 1.821608841419219971e-02 -7.222289592027664185e-02 8.409993350505828857e-02 -3.936205059289932251e-02 -1.647511571645736694e-01 8.472812175750732422e-02 -1.136979833245277405e-02 -1.191516593098640442e-01 -9.998990595340728760e-02 -6.920459121465682983e-02 6.227295845746994019e-02 -1.481684297323226929e-01 -3.752646036446094513e-03 -8.138207485899329185e-04 2.283167652785778046e-02 -1.475714985281229019e-02 1.437514275312423706e-01 1.064091473817825317e-01 -2.227382920682430267e-02 6.785515695810317993e-02 -5.288611631840467453e-03 6.719432026147842407e-02 -8.719983696937561035e-02 -3.392379730939865112e-02 3.002415969967842102e-02 -1.421630233526229858e-01 2.620446495711803436e-02 -2.911635441705584526e-03 1.823222148232161999e-03 8.387866616249084473e-02 1.577657163143157959e-01 -1.005159914493560791e-01 3.270088508725166321e-02 -1.705500185489654541e-01 -1.771783642470836639e-02 -4.905391950160264969e-03 -1.018972024321556091e-01 3.704695403575897217e-02 -9.724811464548110962e-02 -2.551717497408390045e-02 1.767001301050186157e-02 -1.868062093853950500e-02 6.450232118368148804e-02 -1.101881712675094604e-01 5.801692232489585876e-02 -1.308115571737289429e-01 1.019485965371131897e-01 1.176023557782173157e-01 2.311237528920173645e-02 1.322581060230731964e-02 3.222955390810966492e-02 -1.534982174634933472e-01 7.037953007966279984e-03 2.180240862071514130e-02 -1.079273223876953125e-01 -5.479189753532409668e-02 -9.009058773517608643e-02 7.687736651860177517e-04 -4.515558481216430664e-02 -1.519992500543594360e-01 -1.142522916197776794e-01 3.411891683936119080e-02 -1.264458149671554565e-01 -5.452764406800270081e-02 -3.663219511508941650e-02
-1.048751249909400940e-01 1.127637401223182678e-01 6.530533730983734131e-02 7.651463896036148071e-02 -6.834056973457336426e-02 -5.178386345505714417e-02 -1.056488789618015289e-02 2.225240506231784821e-02 -3.251024521887302399e-03 -6.649298965930938721e-02 -5.561989545822143555e-02 -1.030953973531723022e-02 -5.654829367995262146e-02 -4.548935685306787491e-03 4.866748675704002380e-02 4.401061218231916428e-03 -7.444391027092933655e-03 3.200301667675375938e-03 2.777186594903469086e-02 -8.121159859001636505e-03 -8.146512508392333984e-02 7.661377638578414917e-02 8.760283142328262329e-02 3.293484076857566833e-02 -1.164167467504739761e-02 7.332774996757507324e-02 -7.758337073028087616e-03 -9.292769432067871094e-02 4.140808433294296265e-02 -1.639798879623413086e-01 7.562967389822006226e-02 -8.491034060716629028e-02 -4.325615614652633667e-02 -1.018740534782409668e-01 -1.764030754566192627e-02 7.372315227985382080e-02 -3.414103388786315918e-02 -7.549078017473220825e-02 5.467374250292778015e-02 7.160898298025131226e-02 8.039070293307304382e-03 8.434656262397766113e-02 8.870905637741088867e-02 6.538826227188110352e-02 -4.482625424861907959e-02 -1.834196783602237701e-02 1.641911268234252930e-02 3.361987322568893433e-02 1.608196273446083069e-02 2.097302675247192383e-02 -6.863169372081756592e-02 -4.021111875772476196e-02 -5.859755445271730423e-03 -1.251574233174324036e-02 -7.639460265636444092e-02 7.406011968851089478e-02 8.450663089752197266e-02 -1.355562941171228886e-03 2.081071026623249054e-02 -5.789393931627273560e-02 4.291946813464164734e-02 -2.360400930047035217e-02 7.466500252485275269e-02 -7.013535499572753906e-02 -9.810188412666320801e-02 -1.848731562495231628e-02 -8.225495368242263794e-02 -4.041487723588943481e-02 -4.140315949916839600e-02 -1.906010322272777557e-02 -6.794861704111099243e-02 -4.295375198125839233e-02 2.630840800702571869e-02 -1.171934008598327637e-01 -3.376539796590805054e-02 -3.652305155992507935e-02 -1.918187923729419708e-02 -6.747682392597198486e-02 -8.272680640220642090e-02 8.416153490543365479e-02 5.202546715736389160e-03 6.825129687786102295e-02 4.128477349877357483e-02 -1.711926236748695374e-02 -4.542239010334014893e-02 -5.790944397449493408e-02 6.937175989151000977e-02 -9.601774066686630249e-02 -6.842057406902313232e-02 6.009113043546676636e-02 7.809348404407501221e-02 1.003735791891813278e-02 6.231833714991807938e-03 6.124195456504821777e-02 7.354518026113510132e-02 2.242247760295867920e-02 2.188932895660400391e-02 4.216563329100608826e-02 -1.620904169976711273e-02 -7.603854686021804810e-02
7.525159418582916260e-02 5.707044154405593872e-02 -8.538952469825744629e-02 8.312965929508209229e-02 7.620059698820114136e-02 -4.842734709382057190e-02 6.708063930273056030e-02 -2.593017555773258209e-02 -8.046067506074905396e-02 9.083659201860427856e-02 -7.368231564760208130e-02 -9.010829776525497437e-02 3.955743461847305298e-02 -1.209491118788719177e-02 6.402216851711273193e-02 -5.764751695096492767e-04 6.887874752283096313e-02 8.302054554224014282e-02 1.078552287071943283e-02 -7.304321974515914917e-02 3.164993599057197571e-02 1.158585585653781891e-02 -4.655726999044418335e-02 2.670123241841793060e-02 -9.766247868537902832e-02 -7.120505720376968384e-02 -8.038105070590972900e-02 1.420131139457225800e-02 -1.130913645029067993e-01 6.337043642997741699e-02 -2.551405690610408783e-02 -1.184667088091373444e-02 5.098165944218635559e-02 9.369863569736480713e-02 6.234630197286605835e-02 1.012680456042289734e-01 -1.883726753294467926e-02 -2.687999047338962555e-02 1.671106368303298950e-02 -4.399010911583900452e-02 -6.031531468033790588e-02 8.266522735357284546e-02 -1.236104033887386322e-02 -7.066208124160766602e-02 9.686692804098129272e-02 -2.440930157899856567e-02 4.802979063242673874e-03 -4.887266457080841064e-02 -7.054615020751953125e-02 5.219991877675056458e-02 -1.357093732804059982e-02 -4.386642575263977051e-02 -9.541024267673492432e-02 -3.629104793071746826e-02 -1.457316800951957703e-02 4.297395050525665283e-02 -1.124060600996017456e-01 -4.448736831545829773e-02 4.990185797214508057e-02 -7.757990807294845581e-02 -5.165357515215873718e-02 2.120534889400005341e-02 -9.255015850067138672e-02 -6.121771410107612610e-02 -1.967292837798595428e-02 -1.009052768349647522e-01 -5.050650984048843384e-02 -6.534706801176071167e-02 7.043620944023132324e-02 -3.268060972914099693e-03 8.303891867399215698e-02 -3.104015812277793884e-02 -8.609926700592041016e-02 -2.572222612798213959e-03 2.218388253822922707e-03 -4.091391339898109436e-02 -2.043332718312740326e-02 7.264771312475204468e-02 -9.078675508499145508e-02 7.008540560491383076e-04 4.708313569426536560e-02 -3.315903246402740479e-02 -2.039313875138759613e-02 3.245880082249641418e-02 -8.671728521585464478e-02 9.519048966467380524e-03 -3.975001163780689240e-03 1.795483380556106567e-02 7.670974731445312500e-02 -6.569150090217590332e-02 1.459209993481636047e-02 -3.243338316679000854e-02 -1.220966782420873642e-02 -1.554222777485847473e-02 7.871291041374206543e-02 8.458667248487472534e-02 -2.146686427295207977e-02 -1.259940210729837418e-03 -1.851044036448001862e-02 -2.339284494519233704e-02
3.435384854674339294e-02 -2.694491297006607056e-02 -1.322239935398101807e-01 -8.163355290889739990e-02 1.268919855356216431e-01 -1.124840527772903442e-01 -8.796365931630134583e-03 -1.044135168194770813e-01 -8.855073899030685425e-02 -6.128016486763954163e-02 1.580418944358825684e-01 -4.928865656256675720e-02 1.047512982040643692e-02 -2.231836877763271332e-02 -1.419219076633453369e-01 -1.105496212840080261e-01 1.457470953464508057e-01 7.783926278352737427e-02 1.174498721957206726e-02 5.463550332933664322e-04 1.654923893511295319e-02 1.139683425426483154e-01 -9.088629856705665588e-03 -7.123406394384801388e-04 -5.517088621854782104e-02 1.688135229051113129e-02 -1.987686753273010254e-02 9.221366792917251587e-02 -1.876647919416427612e-01 3.717605769634246826e-02 9.863185882568359375e-02 3.683970868587493896e-02 4.564077779650688171e-02 4.639865085482597351e-02 -4.846552386879920959e-03 1.459719240665435791e-01 1.531270295381546021e-01 -3.800135478377342224e-02 2.732655592262744904e-02 1.045098900794982910e-01 -6.525889784097671509e-02 -1.190598160028457642e-01 1.340826600790023804e-01 -2.631205692887306213e-02 6.036206707358360291e-02 -4.026969149708747864e-02 -3.684924542903900146e-02 -5.547420680522918701e-02 1.445822231471538544e-02 5.747137963771820068e-02 7.111441344022750854e-02 -1.058316230773925781e-01 -4.841528832912445068e-02 2.355641499161720276e-02 2.832613652572035789e-03 1.095394545700401068e-04 -6.875120848417282104e-02 -1.287315785884857178e-02 1.450212448835372925e-01 -1.196009945124387741e-02 3.424158319830894470e-02 1.120848581194877625e-01 -6.894463673233985901e-03 -1.212525889277458191e-01 1.243909969925880432e-01 -6.620568782091140747e-02 2.320543490350246429e-02 -1.195222735404968262e-01 -3.885671868920326233e-02 -6.144120916724205017e-02 -1.716133952140808105e-02 8.853738754987716675e-02 3.487162664532661438e-02 -3.187233582139015198e-02 3.865109756588935852e-03 -5.192935094237327576e-02 1.959526538848876953e-02 -1.434763371944427490e-01 -3.528479114174842834e-02 -5.307370051741600037e-02 9.371054917573928833e-02 2.599701657891273499e-02 8.788676932454109192e-03 -4.986785352230072021e-02 2.581017278134822845e-02 -8.479455113410949707e-02 8.009571582078933716e-02 -6.410422176122665405e-02 4.502792656421661377e-02 -2.909713797271251678e-02 5.734537169337272644e-02 1.414511352777481079e-01 -5.470824241638183594e-02 1.351966559886932373e-01 1.384482830762863159e-01 6.001390516757965088e-02 -5.982940550893545151e-03 5.988802388310432434e-02 -1.556015387177467346e-02 -4.550101235508918762e-02
1.689200103282928467e-02 7.959713786840438843e-02 3.919653128832578659e-03 -1.510326936841011047e-02 5.237730592489242554e-02 -4.774542525410652161e-03 -4.232637956738471985e-02 -2.929507009685039520e-02 -1.151217222213745117e-01 -5.080257728695869446e-02 -1.772364415228366852e-02 9.845141321420669556e-02 -1.531492546200752258e-02 -3.710407763719558716e-02 4.227276146411895752e-02 4.811282455921173096e-02 -4.246480390429496765e-02 8.977587521076202393e-02 -1.000166311860084534e-01 1.414242684841156006e-01 3.274551033973693848e-02 1.056433916091918945e-01 1.377623807638883591e-02 1.465103030204772949e-01 -8.720008656382560730e-03 -3.634104132652282715e-02 1.368029117584228516e-01 -1.600938849151134491e-02 -8.539708703756332397e-02 -1.512128859758377075e-01 1.474632918834686279e-01 1.047668904066085815e-01 -6.245302967727184296e-03 9.325854480266571045e-02 2.943459898233413696e-02 -3.935477882623672485e-02 1.482789367437362671e-01 2.569453418254852295e-02 -1.842630468308925629e-02 1.226396560668945312e-01 -7.816819101572036743e-02 4.643312189728021622e-03 1.470730751752853394e-01 4.617737606167793274e-02 1.535061746835708618e-03 -4.251162707805633545e-02 4.723438248038291931e-02 -5.898880586028099060e-02 1.078060269355773926e-01 9.676391631364822388e-02 2.400350384414196014e-02 -1.278040111064910889e-01 -1.413813978433609009e-01 3.117935359477996826e-02 1.741419173777103424e-02 4.135163500905036926e-02 1.791841536760330200e-02 4.313999414443969727e-02 9.876202791929244995e-02 9.375412762165069580e-02 1.418341249227523804e-01 -1.597136259078979492e-02 2.266862429678440094e-02 -5.953858420252799988e-02 -2.651015296578407288e-02 -4.889868572354316711e-02 7.496289908885955811e-02 -5.546060204505920410e-02 6.233255192637443542e-02 1.671375706791877747e-02 1.488068401813507080e-01 1.259117722511291504e-01 -4.560607299208641052e-02 1.056276485323905945e-01 3.812986612319946289e-02 -1.401190906763076782e-01 8.359803259372711182e-02 -1.459831744432449341e-01 7.567420601844787598e-02 1.104382276535034180e-01 9.337907284498214722e-02 9.583543986082077026e-03 -9.660160541534423828e-02 -1.607584208250045776e-01 1.189871807582676411e-03 1.516588730737566948e-03 1.992207393050193787e-02 -2.479607425630092621e-02 3.243432193994522095e-02 -1.569447573274374008e-03 -4.255715385079383850e-02 5.842854082584381104e-02 3.900926560163497925e-02 1.370241791009902954e-01 1.247652098536491394e-01 1.428838260471820831e-02 2.573240175843238831e-02 5.601702257990837097e-02 1.494585573673248291e-01 1.308687403798103333e-02
8.005859702825546265e-02 -6.776960939168930054e-02 -1.091721728444099426e-01 -4.517678916454315186e-02 3.811193630099296570e-02 -7.653979957103729248e-02 6.153467297554016113e-02 9.244912117719650269e-02 -5.485239997506141663e-02 4.970316588878631592e-02 -4.630353301763534546e-02 -2.863228786736726761e-03 -5.308448895812034607e-02 -6.239137798547744751e-02 5.039334297180175781e-02 -6.355064362287521362e-02 4.919274896383285522e-02 -4.452933371067047119e-02 5.760117992758750916e-02 -6.505005806684494019e-02 9.177313745021820068e-02 -6.522539258003234863e-02 5.259402096271514893e-02 -6.464955955743789673e-02 -5.310166254639625549e-02 1.198772620409727097e-02 8.856206387281417847e-02 5.778627842664718628e-02 -1.395965963602066040e-01 4.859622567892074585e-02 1.141063496470451355e-02 8.276902139186859131e-02 6.089827418327331543e-02 -5.601116269826889038e-02 -7.248122990131378174e-02 8.172418922185897827e-02 8.392650634050369263e-03 6.160042062401771545e-02 5.766009166836738586e-02 -2.026708051562309265e-02 -5.051247403025627136e-02 7.475212961435317993e-02 -4.334593191742897034e-02 -9.631513059139251709e-02 1.933733373880386353e-02 -7.651667296886444092e-02 -7.816918939352035522e-02 -5.293662101030349731e-02 -4.675336554646492004e-02 -2.779762819409370422e-02 -8.158004283905029297e-02 9.430074691772460938e-02 -3.676831489428877831e-03 -8.676999062299728394e-02 6.955010443925857544e-02 -6.192743405699729919e-02 -2.423578174784779549e-03 8.566422015428543091e-02 1.573711447417736053e-02 6.013937667012214661e-02 -4.672694206237792969e-02 -3.385661542415618896e-02 5.900238826870918274e-02 -1.195591781288385391e-02 1.901586651802062988e-01 -5.436771735548973083e-02 1.091782469302415848e-04 -6.909314543008804321e-02 8.656828105449676514e-02 2.379750832915306091e-02 5.682457238435745239e-02 -5.959590151906013489e-02 1.991671882569789886e-02 -3.380806744098663330e-02 5.872318521142005920e-03 -1.831701770424842834e-02 2.524499036371707916e-02 9.415014646947383881e-03 2.198070287704467773e-02 -2.543379738926887512e-02 6.828518211841583252e-02 2.148634195327758789e-02 -9.133815020322799683e-02 -4.619348421692848206e-02 -2.527141012251377106e-02 -9.773291647434234619e-03 4.783938452601432800e-02 6.684131920337677002e-02 -3.190590068697929382e-02 -6.308371573686599731e-02 -9.699913114309310913e-02 1.000442355871200562e-01 -4.779382795095443726e-02 -9.156209853244945407e-05 9.876795113086700439e-02 -2.029229514300823212e-02 4.422327131032943726e-02 -8.512825518846511841e-02 -8.845151960849761963e-02 1.062412932515144348e-02
-8.819110691547393799e-02 1.986009813845157623e-02 5.536701157689094543e-02 -1.605139672756195068e-02 3.040021471679210663e-02 -1.145595833659172058e-01 -7.664270699024200439e-02 5.356327071785926819e-02 -7.212847471237182617e-02 5.512660741806030273e-02 1.534860283136367798e-01 -2.428879961371421814e-03 4.189013689756393433e-02 -9.928005933761596680e-02 -1.419047862291336060e-01 -1.938606728799641132e-04 7.225787639617919922e-02 -4.184079542756080627e-02 -2.687199227511882782e-02 -5.761386360973119736e-03 -2.159337513148784637e-02 1.052010208368301392e-01 -5.078893154859542847e-02 2.124349994119256735e-04 4.185521602630615234e-02 1.106618270277976990e-01 -4.931121692061424255e-02 -3.856637328863143921e-02 1.264539659023284912e-01 5.689214542508125305e-02 -5.674247443675994873e-02 2.903784066438674927e-02 -6.748001277446746826e-02 -1.471791602671146393e-02 9.140747785568237305e-02 -3.660392388701438904e-02 4.151936620473861694e-02 -1.157577335834503174e-01 -1.287974789738655090e-02 -3.931084275245666504e-02 6.359340995550155640e-02 1.631045341491699219e-02 9.866953641176223755e-02 5.382199585437774658e-02 9.847400337457656860e-02 5.210459977388381958e-02 1.103116050362586975e-01 -1.234821230173110962e-01 -3.497478784993290901e-03 1.046796981245279312e-02 2.578024566173553467e-02 -1.271703839302062988e-01 -2.933530136942863464e-02 -1.678610965609550476e-02 -1.607135385274887085e-01 1.914031431078910828e-02 -4.330476745963096619e-02 4.260806739330291748e-02 1.144384965300559998e-01 2.165921591222286224e-02 1.152098104357719421e-01 1.412791479378938675e-02 -2.893069572746753693e-02 -5.853414162993431091e-02 -1.421688646078109741e-01 -9.920714050531387329e-02 -4.233997687697410583e-02 -1.135850697755813599e-01 1.240289062261581421e-01 -3.941296041011810303e-02 -6.142440065741539001e-02 -6.669098138809204102e-02 1.151764169335365295e-01 -1.164123415946960449e-01 -2.064275555312633514e-02 -4.833032563328742981e-02 -1.520668040029704571e-03 -7.521455176174640656e-03 1.191980987787246704e-01 6.496942043304443359e-02 -1.545629464089870453e-02 3.761790320277214050e-02 1.926701143383979797e-02 -5.008514225482940674e-02 4.670436494052410126e-03 2.899039536714553833e-02 9.145899862051010132e-02 3.832712024450302124e-02 -3.356356173753738403e-02 -5.057308077812194824e-02 1.691388152539730072e-02 9.968028962612152100e-02 4.080804437398910522e-02 1.138177886605262756e-02 1.045819893479347229e-01 -5.576233193278312683e-02 1.828536577522754669e-02 5.477584898471832275e-02 -5.063894018530845642e-02 5.734304711222648621e-02
-1.165973320603370667e-01 1.317214518785476685e-01 -9.390684217214584351e-02 -7.983054965734481812e-02 2.243721485137939453e-02 -9.235212206840515137e-02 -7.498797029256820679e-02 -9.022532403469085693e-02 -1.332150399684906006e-02 1.715558208525180817e-02 -4.184702038764953613e-02 -1.950043253600597382e-02 3.885575570166110992e-03 -6.312927603721618652e-02 -5.807498097419738770e-02 -8.542543649673461914e-02 5.456258356571197510e-02 -3.696473315358161926e-02 -1.298272162675857544e-01 -2.577763609588146210e-02 1.481992155313491821e-01 1.556825451552867889e-02 -9.172039479017257690e-02 1.106650233268737793e-01 -3.043859032914042473e-03 -1.782933808863162994e-02 8.576388657093048096e-02 3.333755582571029663e-02 -1.596807241439819336e-01 -8.123070746660232544e-02 4.228074569255113602e-03 1.252960115671157837e-01 -7.895292341709136963e-02 -2.692450536414980888e-03 1.546941548585891724e-01 -5.136853549629449844e-03 1.246614903211593628e-01 -6.099417433142662048e-02 1.050678491592407227e-01 2.890327759087085724e-02 -1.512424051761627197e-01 -6.058420985937118530e-04 9.213919192552566528e-02 7.432133704423904419e-02 9.346110373735427856e-02 8.171405643224716187e-03 7.616269588470458984e-02 -7.780759036540985107e-02 7.340526580810546875e-02 -3.943539410829544067e-02 6.990186125040054321e-02 -1.013205349445343018e-01 -1.593778096139431000e-02 -3.039486333727836609e-02 1.436411887407302856e-01 -1.312795579433441162e-01 -6.399165093898773193e-02 1.482936739921569824e-01 -1.877740956842899323e-02 1.141219213604927063e-01 3.081507980823516846e-02 1.554636750370264053e-02 2.992261946201324463e-02 -4.068143665790557861e-02 1.539313197135925293e-01 -3.317535668611526489e-02 3.726585954427719116e-02 -1.337008476257324219e-01 1.359140425920486450e-01 4.430211335420608521e-02 1.371329873800277710e-01 1.289780884981155396e-01 1.090158075094223022e-01 1.615357398986816406e-01 1.892155408859252930e-02 -2.886404283344745636e-02 -3.262816369533538818e-02 -4.780194256454706192e-03 1.006663665175437927e-01 7.053833454847335815e-02 6.473632156848907471e-02 -5.290365591645240784e-02 -3.167552128434181213e-02 -1.361428052186965942e-01 3.784935548901557922e-02 -1.068169921636581421e-01 -4.242293536663055420e-02 -4.763490334153175354e-02 -6.021338049322366714e-03 1.378945559263229370e-01 1.069280132651329041e-01 -1.810819283127784729e-02 -9.251218289136886597e-02 4.684799164533615112e-02 1.161008849740028381e-01 1.388447545468807220e-02 1.315368711948394775e-01 1.359672565013170242e-02 9.940478950738906860e-02 1.582575291395187378e-01
2.305836789309978485e-02 1.378874927759170532e-01 -1.396666169166564941e-01 1.225266605615615845e-02 -6.240007351152598858e-04 -1.887561939656734467e-02 -1.051900312304496765e-01 -8.237203955650329590e-02 -5.064256023615598679e-03 1.225997973233461380e-02 -2.264302410185337067e-02 5.644806846976280212e-02 -2.267500199377536774e-02 -3.733755648136138916e-02 -1.219884678721427917e-01 -5.319948121905326843e-02 8.281245827674865723e-03 4.774782434105873108e-02 -4.857698082923889160e-02 -3.764036297798156738e-02 1.338050514459609985e-01 1.382903605699539185e-01 -5.633063614368438721e-02 1.456276178359985352e-01 -1.372611820697784424e-01 -5.455732345581054688e-02 1.165087800472974777e-02 5.199036374688148499e-02 -9.209818206727504730e-03 -1.157675031572580338e-02 -1.526862662285566330e-02 1.501347422599792480e-01 4.216582048684358597e-03 -1.084028184413909912e-02 7.494533807039260864e-02 2.185303717851638794e-03 -6.253036670386791229e-03 4.325469583272933960e-02 1.300140023231506348e-01 -1.335027068853378296e-02 1.436740625649690628e-02 -1.215835064649581909e-01 1.297315061092376709e-01 6.315951701253652573e-03 -4.714915156364440918e-02 -5.658347625285387039e-03 4.249494522809982300e-03 -9.708981961011886597e-02 -8.922784589231014252e-03 7.330920547246932983e-02 -3.781877085566520691e-02 1.052896864712238312e-02 -6.715156883001327515e-02 5.456274747848510742e-02 5.297917500138282776e-02 -1.521094888448715210e-01 -2.025764286518096924e-01 -5.583461746573448181e-02 -1.911317463964223862e-03 4.194869846105575562e-02 4.630837589502334595e-02 1.168089509010314941e-01 9.980612993240356445e-02 -1.043996140360832214e-01 4.554587230086326599e-02 -2.344548702239990234e-02 1.088791340589523315e-01 -1.420634239912033081e-01 4.031960666179656982e-02 9.893125854432582855e-03 1.115712150931358337e-01 1.552991867065429688e-01 7.747584581375122070e-02 1.346811801195144653e-01 7.462791353464126587e-02 1.498707197606563568e-02 1.533217430114746094e-01 -7.555954158306121826e-02 9.402929991483688354e-02 -1.155364960432052612e-01 3.149622306227684021e-02 1.477863360196352005e-02 -1.249433029443025589e-02 -3.434870019555091858e-02 -3.483730182051658630e-02 -2.764980308711528778e-02 8.930734544992446899e-02 -7.689306885004043579e-02 -1.222060546278953552e-01 1.379957497119903564e-01 8.830957114696502686e-02 1.174434274435043335e-01 -9.897366911172866821e-02 -2.575612626969814301e-02 9.451272338628768921e-02 2.605857094749808311e-03 1.340132951736450195e-01 1.469137519598007202e-01 3.914245963096618652e-02 4.411897808313369751e-02
2.332984469830989838e-02 8.085565641522407532e-03 -3.276089206337928772e-02 3.506354242563247681e-02 6.013534218072891235e-02 -6.014644727110862732e-02 -1.188767701387405396e-02 -7.076474279165267944e-02 5.579739436507225037e-02 -7.165757566690444946e-02 -5.699976813048124313e-03 -4.044785723090171814e-02 -9.202860295772552490e-03 -5.346160009503364563e-02 1.162817329168319702e-02 -1.585884392261505127e-02 -4.266269505023956299e-02 -6.393985357135534286e-03 -1.380240917205810547e-01 -1.650947518646717072e-02 9.116275236010551453e-03 9.505786746740341187e-02 6.564362347126007080e-02 -4.169373959302902222e-02 -9.751945734024047852e-02 1.335912793874740601e-01 1.060969103127717972e-02 -7.499523460865020752e-02 -7.078752666711807251e-02 1.466258466243743896e-01 6.186300888657569885e-02 9.312655031681060791e-02 5.454229563474655151e-02 6.980160623788833618e-02 7.055990397930145264e-02 1.510027796030044556e-01 3.431939054280519485e-03 7.069016993045806885e-02 1.222814768552780151e-01 -7.610357552766799927e-02 6.004197522997856140e-03 -5.042158812284469604e-02 5.142807587981224060e-02 -8.058999478816986084e-02 4.379768669605255127e-02 -5.241402983665466309e-02 -7.650458719581365585e-03 -3.370049223303794861e-02 6.133170798420906067e-02 9.811731427907943726e-02 -4.042402654886245728e-02 9.710449725389480591e-03 8.070972561836242676e-02 -9.140668064355850220e-02 -4.579791054129600525e-02 -4.725635051727294922e-02 -6.945717334747314453e-02 -1.616109162569046021e-01 6.038345023989677429e-02 -4.095579311251640320e-02 -8.155622333288192749e-02 6.122881174087524414e-02 -8.340387046337127686e-02 4.958730190992355347e-02 -1.923433095216751099e-01 6.161327287554740906e-02 -6.804644316434860229e-02 -3.470634296536445618e-02 -4.970639199018478394e-02 7.742516696453094482e-02 5.284569784998893738e-02 9.728421270847320557e-02 8.672157675027847290e-02 -7.606843858957290649e-02 8.257946372032165527e-02 -5.668047443032264709e-02 1.019009277224540710e-01 7.136636227369308472e-02 2.551248110830783844e-02 -1.330635547637939453e-01 1.190362870693206787e-01 1.009312346577644348e-01 -8.306904882192611694e-02 -1.759457886219024658e-01 -2.263514511287212372e-02 2.194613218307495117e-02 -1.047424692660570145e-02 -1.982340067625045776e-01 -3.230907022953033447e-02 9.788227826356887817e-02 2.546768076717853546e-02 9.574513882398605347e-02 -3.422986343502998352e-02 -4.969216883182525635e-03 -2.062093839049339294e-02 -8.838163316249847412e-02 1.154712215065956116e-01 5.578400194644927979e-02 -1.479488015174865723e-01 -4.413122311234474182e-02
4.372647404670715332e-02 -6.762971729040145874e-02 1.810935512185096741e-02 -2.640059776604175568e-02 -3.365424647927284241e-02 -6.428192835301160812e-03 1.209917590022087097e-01 -4.293029755353927612e-02 -1.339250802993774414e-02 1.076389774680137634e-01 -3.694343566894531250e-02 -7.528693974018096924e-02 1.004844754934310913e-01 1.041849479079246521e-01 2.400291524827480316e-02 -6.543096154928207397e-02 7.117917388677597046e-02 -1.097293719649314880e-01 -3.832785785198211670e-02 -1.172395646572113037e-01 -1.087995693087577820e-01 2.601648680865764618e-02 1.090735718607902527e-01 -1.259607728570699692e-02 -2.281354367733001709e-02 -6.380407512187957764e-02 -2.354256249964237213e-02 5.235282331705093384e-02 -1.102401167154312134e-01 9.217952191829681396e-02 -2.928936108946800232e-02 4.318634793162345886e-02 -1.792582310736179352e-02 9.160165488719940186e-02 4.189702495932579041e-02 7.581158541142940521e-03 -1.123368293046951294e-01 8.564430475234985352e-02 -5.626915022730827332e-02 3.218093886971473694e-02 8.817215263843536377e-02 9.092192351818084717e-02 -9.291202574968338013e-02 8.244815468788146973e-02 -1.122170910239219666e-01 -7.145700603723526001e-02 -1.071168333292007446e-01 5.598012357950210571e-03 6.161116436123847961e-02 -1.052913889288902283e-01 -1.206510588526725769e-01 4.290068894624710083e-02 -5.363410338759422302e-03 -6.802974641323089600e-02 6.715013086795806885e-02 3.689392283558845520e-02 7.731163501739501953e-02 2.858399040997028351e-02 -1.241609901189804077e-01 2.143234573304653168e-02 -2.225367724895477295e-02 4.065021127462387085e-02 -1.089246943593025208e-01 1.240084096789360046e-01 -4.112810362130403519e-03 -3.847468644380569458e-02 7.167972624301910400e-02 6.928088515996932983e-02 -3.027509152889251709e-02 1.269757002592086792e-01 -1.887567900121212006e-02 1.729287393391132355e-02 -8.716454356908798218e-02 4.623609408736228943e-02 -9.967602044343948364e-02 -3.099724091589450836e-02 -9.596277773380279541e-02 2.410039305686950684e-02 -2.615281566977500916e-02 7.757398486137390137e-02 -1.361513435840606689e-01 -6.629657000303268433e-02 2.291151508688926697e-02 5.169642344117164612e-02 6.287426501512527466e-02 1.988438703119754791e-02 -8.028780668973922729e-02 -3.262155223637819290e-03 9.404902160167694092e-02 2.456003800034523010e-02 -1.066538169980049133e-01 -4.398973286151885986e-02 6.073953583836555481e-02 3.121420741081237793e-03 1.092327106744050980e-02 -7.910080999135971069e-02 2.911402285099029541e-02 -9.048737585544586182e-02 1.718063466250896454e-02 -9.803521633148193359e-02
-7.332322187721729279e-03 -1.476014405488967896e-01 -1.837165094912052155e-02 1.230697706341743469e-01 -1.300521045923233032e-01 -2.935302257537841797e-02 6.122617423534393311e-02 -1.598211750388145447e-02 9.170079976320266724e-02 4.253491014242172241e-02 -1.449282318353652954e-01 -1.125058457255363464e-01 9.988968074321746826e-02 9.980150312185287476e-02 1.134248524904251099e-01 -3.074906766414642334e-03 -1.291414350271224976e-01 -2.739039994776248932e-02 8.222405612468719482e-02 -8.934509009122848511e-02 3.321992233395576477e-02 -1.110682934522628784e-01 9.052575565874576569e-03 2.896040678024291992e-02 2.047991566359996796e-02 7.661410421133041382e-02 -7.408482581377029419e-02 -2.604489214718341827e-02 8.687888830900192261e-02 1.573454886674880981e-01 -1.619304902851581573e-02 -3.407754004001617432e-02 3.933383151888847351e-02 -2.877059392631053925e-02 -1.125743836164474487e-01 5.882384721189737320e-03 -2.561505697667598724e-02 9.676020592451095581e-02 -1.194383576512336731e-02 9.949520230293273926e-03 9.500645101070404053e-02 9.610249660909175873e-03 -4.023572430014610291e-02 -1.151523739099502563e-01 -8.574423193931579590e-02 1.133734211325645447e-01 -3.844657912850379944e-02 7.080094516277313232e-02 -1.256651282310485840e-01 -1.099916994571685791e-01 -3.361574187874794006e-02 2.627131901681423187e-02 1.373170763254165649e-01 8.077434264123439789e-03 -5.072906613349914551e-02 -3.163779154419898987e-02 2.515023015439510345e-02 -5.498715117573738098e-02 -6.023817230015993118e-03 -4.307717457413673401e-02 4.974753409624099731e-02 3.149056434631347656e-02 -1.132586598396301270e-01 3.767216205596923828e-02 -1.760884188115596771e-02 -2.594237914308905602e-03 7.949857041239738464e-03 1.123651191592216492e-01 -1.197142079472541809e-01 1.896653883159160614e-02 4.101471230387687683e-02 -7.079813629388809204e-02 -4.287526011466979980e-02 -1.115481257438659668e-01 -1.445093452930450439e-01 -7.533424068242311478e-03 3.071596659719944000e-02 7.064580172300338745e-02 -7.870770245790481567e-02 8.387278020381927490e-02 -4.647123068571090698e-02 -1.875253766775131226e-02 9.291970729827880859e-02 -1.143453419208526611e-01 -1.476191878318786621e-01 7.747928798198699951e-02 1.327185798436403275e-02 -5.213208496570587158e-02 2.578244917094707489e-02 -1.536518614739179611e-02 -3.955532237887382507e-02 -2.098705247044563293e-02 1.052312031388282776e-01 -6.166906654834747314e-02 -1.066039800643920898e-01 -1.067900583148002625e-01 -1.070802807807922363e-01 -4.570180922746658325e-02 -3.201332688331604004e-02 1.911984942853450775e-02
2.653603069484233856e-02 7.313561439514160156e-02 -5.747706815600395203e-02 4.093572124838829041e-02 8.757881820201873779e-02 6.995103508234024048e-02 -3.867162391543388367e-02 -7.933629304170608521e-02 4.907587170600891113e-02 -5.906167626380920410e-02 3.838827088475227356e-02 -4.163073608651757240e-04 3.823255375027656555e-02 -2.738966047763824463e-02 -2.299811318516731262e-02 4.685629624873399734e-03 -4.017925634980201721e-02 7.578002661466598511e-02 -3.960519284009933472e-02 3.069198876619338989e-02 -2.891052141785621643e-02 2.552077919244766235e-02 -1.043176129460334778e-01 9.668924659490585327e-02 7.874013483524322510e-02 -8.931267261505126953e-02 -2.769232355058193207e-02 6.558031775057315826e-03 -5.212606862187385559e-02 -6.414970010519027710e-02 -7.426060736179351807e-02 -2.359156496822834015e-02 5.967649165540933609e-03 -2.897029928863048553e-02 9.787771105766296387e-02 5.010977014899253845e-02 4.177736490964889526e-02 -5.767078138887882233e-03 9.752512723207473755e-02 -4.790915921330451965e-02 4.436863586306571960e-02 -1.052621006965637207e-02 7.421170920133590698e-02 6.301989406347274780e-02 -5.404083430767059326e-02 7.676831632852554321e-02 2.078091260045766830e-03 4.273448884487152100e-02 -6.803489476442337036e-02 -7.298660278320312500e-02 3.399294614791870117e-02 -4.952150583267211914e-02 -2.081785164773464203e-02 1.127166897058486938e-01 9.293930232524871826e-02 3.366130590438842773e-02 8.371798321604728699e-03 4.589156433939933777e-02 2.477135509252548218e-02 -2.731616795063018799e-02 -7.857490330934524536e-02 8.428724855184555054e-02 -1.595836877822875977e-02 -3.270197287201881409e-02 -3.602996841073036194e-02 -5.629312992095947266e-02 -6.856046617031097412e-02 5.312599614262580872e-02 -4.775694385170936584e-02 2.764253877103328705e-03 -4.250591248273849487e-02 -5.107435584068298340e-02 -7.317107915878295898e-02 -6.950247287750244141e-02 -4.151139874011278152e-03 -8.962026983499526978e-02 -4.462521523237228394e-02 7.684680074453353882e-02 2.167296595871448517e-02 -7.055795285850763321e-03 -1.562763564288616180e-02 5.708827823400497437e-02 -2.737869275733828545e-03 8.791603147983551025e-02 -5.942720454186201096e-03 -1.780360378324985504e-02 9.702060371637344360e-02 8.748430013656616211e-02 -1.806074869818985462e-03 -9.285795688629150391e-02 5.704455450177192688e-02 -2.219968475401401520e-02 -3.423441201448440552e-03 -7.807414978742599487e-02 -7.655131816864013672e-02 -5.461265891790390015e-02 -8.455701172351837158e-02 7.898943871259689331e-02 -7.665754295885562897e-03 -6.604411453008651733e-02
-3.426523134112358093e-02 3.703547641634941101e-02 -1.583839952945709229e-02 1.068360451608896255e-02 -8.074455708265304565e-02 1.521334052085876465e-02 1.119299083948135376e-01 -7.320916652679443359e-02 1.075045298784971237e-02 4.677454382181167603e-02 -1.561514735221862793e-01 5.490666255354881287e-02 -8.628717623651027679e-03 -1.437204051762819290e-02 1.125073283910751343e-01 9.017746150493621826e-02 -6.754247099161148071e-02 -1.981234736740589142e-02 7.774572819471359253e-02 -2.744490839540958405e-02 -1.071149930357933044e-01 3.378802910447120667e-02 -9.738572873175144196e-03 -8.590423315763473511e-02 2.148018218576908112e-02 -5.970589071512222290e-02 1.528296619653701782e-02 -8.757144212722778320e-02 6.508874893188476562e-02 -1.869392022490501404e-02 -4.563723877072334290e-02 -1.176950931549072266e-01 -1.431856118142604828e-02 4.723590239882469177e-02 -6.912376731634140015e-02 -6.853479892015457153e-02 1.837481861002743244e-03 -4.806996136903762817e-02 -1.172107011079788208e-01 4.846815485507249832e-03 3.368960320949554443e-02 4.886066913604736328e-02 -1.266099698841571808e-02 -9.918887168169021606e-02 4.911046102643013000e-02 5.354611575603485107e-02 -4.364719241857528687e-02 6.277062743902206421e-02 -2.657963708043098450e-02 -6.980041414499282837e-02 4.560203850269317627e-02 1.137744858860969543e-01 -1.436058524996042252e-02 -7.024818658828735352e-02 1.269917469471693039e-02 2.778189489617943764e-03 1.381494700908660889e-01 -3.421690687537193298e-02 -7.419709861278533936e-02 -8.989704400300979614e-02 -1.170298308134078979e-01 -5.245280265808105469e-02 -6.503168493509292603e-02 5.447740480303764343e-02 -1.043796762824058533e-01 6.365815550088882446e-02 -1.277130693197250366e-01 4.654587432742118835e-02 5.323059484362602234e-02 2.060189284384250641e-02 -4.728408157825469971e-02 -3.544419258832931519e-02 -9.756539016962051392e-02 -3.402423113584518433e-02 8.285209536552429199e-03 6.907861679792404175e-02 -1.091834381222724915e-01 6.940698623657226562e-02 6.545262038707733154e-02 9.978649020195007324e-02 2.092953771352767944e-02 2.225155569612979889e-02 8.138994127511978149e-02 5.254617426544427872e-03 -4.170845821499824524e-02 -1.522299740463495255e-02 -3.925090655684471130e-02 -2.348707057535648346e-02 5.032457038760185242e-02 -2.743429504334926605e-02 2.131526730954647064e-02 3.108898550271987915e-02 7.288052886724472046e-02 -3.300803154706954956e-02 -4.861135780811309814e-02 -1.207264661788940430e-01 -1.095128804445266724e-01 2.337490580976009369e-02 -6.222335249185562134e-02 4.439240321516990662e-02
1.196693349629640579e-02 2.801981568336486816e-02 5.166101083159446716e-02 6.675171852111816406e-02 9.495505131781101227e-03 -9.949772804975509644e-02 7.498604804277420044e-02 1.279226690530776978e-02 2.897831145673990250e-04 1.974960789084434509e-02 -4.004328697919845581e-02 -8.367998152971267700e-02 -8.677771687507629395e-02 7.334894686937332153e-02 -4.871267080307006836e-02 -8.549757301807403564e-02 5.536772683262825012e-02 -6.851494312286376953e-02 -3.378223627805709839e-03 3.967266902327537537e-02 2.010875381529331207e-02 9.548549354076385498e-02 -2.082011196762323380e-03 4.724747501313686371e-03 -1.156742032617330551e-02 -6.134371832013130188e-02 1.092167571187019348e-01 1.409911829978227615e-02 1.211975961923599243e-01 -1.337729245424270630e-01 3.701290115714073181e-02 -7.569016888737678528e-03 -2.190366573631763458e-02 -3.104984201490879059e-02 5.321794003248214722e-02 2.263143658638000488e-02 -7.209488004446029663e-02 -1.014808639883995056e-01 -7.931564748287200928e-02 1.794502884149551392e-02 3.856622055172920227e-02 -5.210751295089721680e-02 -8.370833098888397217e-02 2.934644185006618500e-02 -6.193605065345764160e-02 -2.626246772706508636e-02 -5.286336317658424377e-02 5.926661938428878784e-02 -1.323191449046134949e-02 1.429043523967266083e-02 2.197908982634544373e-02 8.075958490371704102e-02 -6.664118170738220215e-02 -3.216883540153503418e-02 -2.264371886849403381e-02 -1.814414188265800476e-02 -8.205055445432662964e-02 8.374069631099700928e-02 1.778478734195232391e-02 -5.177535861730575562e-02 -6.607598811388015747e-02 -6.246624886989593506e-02 9.088069200515747070e-02 2.730047563090920448e-03 5.915137752890586853e-02 4.588957875967025757e-02 -7.525349408388137817e-02 6.547050923109054565e-02 1.162951961159706116e-01 3.323771804571151733e-02 2.327718771994113922e-02 4.131942521780729294e-03 9.065782278776168823e-02 7.444957736879587173e-03 -6.628651171922683716e-02 5.174905806779861450e-02 -4.865497350692749023e-02 -2.830420993268489838e-02 -1.012814580462872982e-03 7.578263431787490845e-02 1.059485599398612976e-01 -7.552231103181838989e-02 6.645306712016463280e-04 -1.227531731128692627e-01 -5.433446727693080902e-03 -1.400655508041381836e-02 1.163625866174697876e-01 2.416473440825939178e-02 -7.192472927272319794e-03 9.372050315141677856e-02 9.471277147531509399e-02 -3.424215130507946014e-03 -8.420671522617340088e-02 5.352814868092536926e-02 2.598487958312034607e-02 6.244396790862083435e-03 -6.853546947240829468e-02 -5.440165475010871887e-02 -1.048658974468708038e-02 -3.069890663027763367e-02
-3.189562633633613586e-02 1.541133821010589600e-01 -5.269512906670570374e-02 -7.965724170207977295e-02 6.094267591834068298e-03 -5.347743630409240723e-02 1.751434616744518280e-02 -9.484269469976425171e-02 -5.786076188087463379e-02 -2.111245878040790558e-03 9.326222538948059082e-02 -4.649294423870742321e-04 -8.845116943120956421e-02 -1.283546835184097290e-01 -4.422226175665855408e-02 5.679949186742305756e-03 7.870604097843170166e-02 1.116881594061851501e-01 -7.312922924757003784e-02 -3.984639793634414673e-02 3.017905401065945625e-03 4.448078945279121399e-02 -1.463683396577835083e-01 3.946737200021743774e-02 4.524800926446914673e-02 -9.495942294597625732e-02 7.213978469371795654e-02 1.242501884698867798e-01 -6.092239171266555786e-02 1.183355599641799927e-02 8.864329010248184204e-02 -3.960849717259407043e-02 -4.062124341726303101e-02 4.479499533772468567e-02 1.309087574481964111e-01 1.115067675709724426e-01 -2.815005555748939514e-02 2.711022645235061646e-02 1.227650418877601624e-01 5.767291039228439331e-02 -9.642646461725234985e-02 -5.758434161543846130e-02 1.212790459394454956e-01 1.098334193229675293e-01 -1.393001433461904526e-02 -3.072409145534038544e-02 8.935508877038955688e-02 9.811989730224013329e-04 1.141041219234466553e-01 4.144912585616111755e-03 9.121094644069671631e-02 2.367340028285980225e-02 -4.302647337317466736e-02 4.562091454863548279e-02 -1.185819320380687714e-02 -9.051004797220230103e-02 2.819284051656723022e-02 -2.205293998122215271e-02 8.005808293819427490e-02 8.805686980485916138e-02 2.139712125062942505e-02 3.501989692449569702e-02 -3.687405958771705627e-02 -1.221071481704711914e-01 -5.770673602819442749e-02 3.167544677853584290e-02 -1.149868220090866089e-02 4.472419619560241699e-02 5.098083615303039551e-02 -7.423199713230133057e-02 8.664806187152862549e-02 1.267520338296890259e-01 1.486116796731948853e-01 7.998427003622055054e-02 6.043848395347595215e-02 1.411731075495481491e-02 8.874953538179397583e-02 -7.437308132648468018e-02 1.344014555215835571e-01 1.361198537051677704e-02 -3.899713605642318726e-02 1.361932605504989624e-02 -1.133885234594345093e-01 9.287764132022857666e-02 6.493069231510162354e-02 -4.742020368576049805e-02 5.155289545655250549e-03 -5.752557888627052307e-02 -8.133432827889919281e-03 1.349668651819229126e-01 1.354561597108840942e-01 5.704892799258232117e-02 7.049932610243558884e-03 4.462597519159317017e-02 6.802535057067871094e-02 5.147318542003631592e-02 2.628554590046405792e-02 7.636681199073791504e-02 1.306301951408386230e-01 5.094274505972862244e-02
5.027241259813308716e-02 3.956942236982285976e-04 5.177620053291320801e-02 2.182406745851039886e-02 4.468633234500885010e-02 -4.357469081878662109e-02 -8.566065877676010132e-02 -4.056369140744209290e-02 3.730979934334754944e-02 -6.447675824165344238e-02 2.537301182746887207e-02 3.307612985372543335e-02 1.076172944158315659e-02 -4.277010634541511536e-02 3.043297491967678070e-02 -5.881093069911003113e-02 9.898013621568679810e-02 1.239115223288536072e-01 1.250915136188268661e-02 1.283877789974212646e-01 6.487585604190826416e-02 1.270887348800897598e-02 -1.837113872170448303e-02 4.257823526859283447e-02 -1.445336490869522095e-01 -5.527934432029724121e-02 1.269662380218505859e-01 1.015123128890991211e-01 8.914831280708312988e-02 -9.383796900510787964e-02 -1.232908386737108231e-02 -2.001788094639778137e-02 -1.016875803470611572e-01 3.003998845815658569e-02 -4.816590994596481323e-02 6.170134618878364563e-02 8.560839295387268066e-02 5.131537839770317078e-02 9.784419834613800049e-02 -6.239934824407100677e-03 -1.839567266870290041e-04 -1.309699192643165588e-02 2.801589900627732277e-03 -5.688029900193214417e-02 -3.095993585884571075e-02 -7.933943718671798706e-02 -1.861322671175003052e-02 -1.996593363583087921e-02 8.687190711498260498e-04 -3.938870877027511597e-02 6.888899952173233032e-03 -6.209419667720794678e-02 -3.568011149764060974e-02 5.465346947312355042e-02 1.252418290823698044e-02 -1.334500610828399658e-01 4.371116310358047485e-02 -4.939769580960273743e-02 3.322472423315048218e-02 1.145401671528816223e-01 4.938805475831031799e-02 1.378103047609329224e-01 -5.039847269654273987e-02 -5.064042285084724426e-02 -5.680392682552337646e-02 -1.001880764961242676e-01 1.272675096988677979e-01 -2.129936218261718750e-02 9.660535305738449097e-02 -1.122312340885400772e-02 3.213544934988021851e-02 -2.208363451063632965e-02 1.412378400564193726e-01 -5.392887815833091736e-02 7.329856604337692261e-02 -5.069529637694358826e-02 -5.716277286410331726e-03 -8.089112490415573120e-02 6.916854530572891235e-02 6.530550867319107056e-02 -5.724406335502862930e-03 -5.764368176460266113e-02 6.349122151732444763e-03 2.444064430892467499e-02 -2.575059980154037476e-02 -1.519153416156768799e-01 -3.373742848634719849e-02 -1.155690327286720276e-01 4.974276199936866760e-02 1.120854020118713379e-01 1.094042789191007614e-02 6.742340512573719025e-03 -6.664436310529708862e-02 -4.000292718410491943e-02 -1.589370518922805786e-02 7.914085686206817627e-02 5.182763561606407166e-02 1.455997209995985031e-02 -2.052065543830394745e-02 7.691637426614761353e-02
-1.716822087764739990e-01 1.054617315530776978e-01 -1.346024870872497559e-01 -9.586139768362045288e-02 1.092240214347839355e-01 -5.700200796127319336e-02 -1.084230616688728333e-01 1.242934539914131165e-02 -7.534994184970855713e-02 -1.193066909909248352e-01 8.875031769275665283e-02 5.486103240400552750e-03 -3.064654394984245300e-02 -1.943482905626296997e-01 -6.184698268771171570e-02 -1.616058647632598877e-01 1.479801684617996216e-01 1.374996900558471680e-01 -1.131102070212364197e-02 1.027541905641555786e-01 6.471470929682254791e-03 1.191981583833694458e-01 -7.879099994897842407e-02 1.554905027151107788e-01 -1.026353240013122559e-01 -1.909167766571044922e-01 1.690798103809356689e-01 1.759899780154228210e-02 -3.672567605972290039e-01 -5.902472883462905884e-02 1.356881558895111084e-01 4.980972409248352051e-02 -1.582093834877014160e-01 1.809549331665039062e-01 3.943968191742897034e-02 1.802456378936767578e-02 1.021388173103332520e-01 -1.889935433864593506e-01 5.239233374595642090e-02 7.095667719841003418e-02 1.186753157526254654e-02 -9.984979778528213501e-02 1.528280694037675858e-02 2.349080741405487061e-01 3.976695612072944641e-02 -9.077515453100204468e-02 1.439068466424942017e-01 -1.014953628182411194e-01 4.369760304689407349e-02 7.090467959642410278e-02 8.426203578710556030e-02 -1.650725752115249634e-01 -9.699454903602600098e-02 1.559769809246063232e-01 -3.786526620388031006e-02 -1.495197713375091553e-01 1.242064982652664185e-01 1.208110526204109192e-01 -2.559839980676770210e-03 1.406828686594963074e-02 8.281427621841430664e-02 1.028610765933990479e-01 7.152733951807022095e-02 -2.224134653806686401e-02 1.879694759845733643e-01 -9.767428785562515259e-02 1.369773596525192261e-02 -4.075815901160240173e-02 1.284768134355545044e-01 -1.628426611423492432e-01 1.665443778038024902e-01 1.623231619596481323e-01 1.241105869412422180e-01 2.297941744327545166e-01 1.776085048913955688e-01 -7.502216845750808716e-02 6.169740855693817139e-02 -9.246435761451721191e-02 7.558295875787734985e-02 5.826412141323089600e-02 2.139666303992271423e-02 -1.721445843577384949e-02 1.984370872378349304e-03 -3.357852101325988770e-01 6.496623158454895020e-02 -5.067393928766250610e-02 2.958794496953487396e-02 1.727864295244216919e-01 -1.924027353525161743e-01 2.307262122631072998e-01 1.232292056083679199e-01 1.432550400495529175e-01 -7.570554316043853760e-02 2.399012893438339233e-01 1.622208058834075928e-01 1.172127872705459595e-01 1.341418176889419556e-01 5.128509178757667542e-02 1.082329899072647095e-01 1.057830527424812317e-01
-2.839736826717853546e-02 7.399551104754209518e-03 -7.344508916139602661e-02 -1.300715208053588867e-01 1.204494200646877289e-02 -1.214316785335540771e-01 -1.249751746654510498e-01 -1.578622683882713318e-02 -1.570660062134265900e-02 -7.849212735891342163e-02 1.638322696089744568e-02 8.286474645137786865e-02 -5.702401325106620789e-02 -8.412589877843856812e-02 -5.341177806258201599e-03 2.053732797503471375e-02 5.426908377557992935e-03 -1.158713921904563904e-02 -8.288177847862243652e-02 6.244898959994316101e-02 6.457258015871047974e-02 -7.311542332172393799e-02 -7.476743310689926147e-02 6.942459940910339355e-02 3.796907141804695129e-02 1.595713645219802856e-01 6.102984026074409485e-02 3.895695880055427551e-02 -1.921548247337341309e-01 2.781402170658111572e-01 -5.343217030167579651e-02 -5.011735484004020691e-03 -7.855918258428573608e-02 4.119078069925308228e-02 -1.550209894776344299e-02 1.644787341356277466e-01 1.112053096294403076e-01 -1.032508164644241333e-01 3.068510815501213074e-02 -9.561119228601455688e-02 -1.094049736857414246e-01 5.781266838312149048e-02 -3.766408935189247131e-02 -7.953946292400360107e-02 -4.592630639672279358e-02 1.921955496072769165e-02 -6.469386070966720581e-02 1.144894678145647049e-02 1.476311590522527695e-04 2.883993275463581085e-02 1.154264900833368301e-02 -7.633798290044069290e-03 -1.857082545757293701e-02 9.365554153919219971e-02 -6.475867331027984619e-02 -7.662676274776458740e-02 -1.721624135971069336e-01 -2.574102580547332764e-02 8.434509485960006714e-02 2.669965475797653198e-02 1.498198043555021286e-02 -5.583936721086502075e-02 -1.114219706505537033e-02 2.241347581148147583e-01 -1.666107401251792908e-02 1.883649267256259918e-02 2.649002708494663239e-02 -6.918217986822128296e-02 4.809987172484397888e-02 -5.452217534184455872e-02 6.861131638288497925e-02 1.366466134786605835e-01 2.264457009732723236e-02 -1.429054439067840576e-01 -2.670376375317573547e-02 2.099943719804286957e-02 9.852355346083641052e-03 2.064083702862262726e-02 3.402668237686157227e-02 -1.661418378353118896e-01 2.106396704912185669e-01 5.354711413383483887e-02 -4.848179873079061508e-03 -2.474364638328552246e-01 2.499753981828689575e-02 9.391892817802727222e-04 8.023520559072494507e-02 -6.569134443998336792e-02 8.236579596996307373e-02 1.352197825908660889e-01 -1.239512953907251358e-02 8.255517482757568359e-02 -8.525718003511428833e-04 -7.615453004837036133e-02 2.066935785114765167e-02 -7.190414518117904663e-02 2.797215804457664490e-02 1.077320724725723267e-01 -1.752274781465530396e-01 1.967176422476768494e-02
8.826303295791149139e-03 3.073531761765480042e-02 -1.011969670653343201e-01 -1.176300197839736938e-01 9.883458167314529419e-02 -2.929374016821384430e-02 -1.143635511398315430e-01 -1.471483265049755573e-03 -1.572037339210510254e-01 -1.391892135143280029e-01 2.022323757410049438e-02 4.460512474179267883e-02 -1.015328690409660339e-01 -8.357549086213111877e-03 -1.361849457025527954e-01 2.705567749217152596e-03 8.029307425022125244e-02 -1.682212576270103455e-02 1.148644369095563889e-02 1.413556635379791260e-01 1.539755165576934814e-01 3.136360645294189453e-02 -8.821557275950908661e-03 9.944594651460647583e-02 -5.194833502173423767e-02 -2.858533151447772980e-02 -2.671110071241855621e-02 1.072767078876495361e-01 -6.431852281093597412e-02 -3.247212618589401245e-02 8.779361844062805176e-02 3.457138314843177795e-02 -5.957487970590591431e-02 -4.070244356989860535e-02 3.003817982971668243e-02 1.133891120553016663e-01 -2.681622467935085297e-02 -5.684727057814598083e-02 1.552827954292297363e-01 1.517592519521713257e-01 -4.670230671763420105e-02 2.865046076476573944e-02 2.119341306388378143e-02 1.068023145198822021e-01 1.150122284889221191e-01 -1.561091374605894089e-02 1.607601903378963470e-02 3.293217718601226807e-02 7.371978461742401123e-02 6.404174864292144775e-02 -3.421951457858085632e-02 2.345566824078559875e-02 -8.165264502167701721e-03 1.144659519195556641e-01 8.106821775436401367e-02 -1.372612714767456055e-01 3.209915384650230408e-02 -2.265320904552936554e-02 3.587855026125907898e-02 3.200917737558484077e-03 3.258284181356430054e-02 1.145763229578733444e-02 1.231300160288810730e-01 -4.189000930637121201e-03 -1.461145188659429550e-02 -2.899903990328311920e-02 8.000987768173217773e-02 -2.784837037324905396e-03 4.249623045325279236e-02 3.209805116057395935e-02 7.642382383346557617e-02 3.156866878271102905e-02 7.481556385755538940e-02 4.715535789728164673e-02 8.503394573926925659e-02 -1.404846012592315674e-01 4.185577854514122009e-02 -1.627073623239994049e-03 1.263461858034133911e-01 2.219504117965698242e-02 1.516684591770172119e-01 -1.124283447861671448e-01 3.011026047170162201e-02 2.021230570971965790e-02 6.774674355983734131e-02 -7.532054930925369263e-02 3.474054113030433655e-02 -2.792697399854660034e-02 -1.387563645839691162e-01 1.400316059589385986e-01 1.087802201509475708e-01 9.081031195819377899e-03 -3.040442988276481628e-02 -3.184132510796189308e-03 3.752690274268388748e-03 -1.363738067448139191e-02 -6.285030860453844070e-03 -2.271244302392005920e-02 -5.763269588351249695e-02 -3.415144747123122215e-03
1.841735094785690308e-02 9.707354940474033356e-03 -1.926819607615470886e-02 4.060823097825050354e-02 -1.163377240300178528e-01 -4.070575535297393799e-02 1.091102063655853271e-01 4.207721352577209473e-02 -3.401525318622589111e-02 1.028027534484863281e-01 -1.112154796719551086e-01 3.053969517350196838e-02 1.303521245718002319e-01 3.451993316411972046e-02 1.666248142719268799e-01 1.720641553401947021e-02 -6.479241698980331421e-02 -1.098748520016670227e-01 1.156127750873565674e-01 -3.530015237629413605e-04 6.491000764071941376e-03 5.482532456517219543e-02 6.044060923159122467e-03 1.565263234078884125e-02 2.687250263988971710e-02 -7.974875718355178833e-02 -9.330075979232788086e-02 -1.123354434967041016e-01 -6.632531434297561646e-02 1.535396277904510498e-01 7.030113041400909424e-02 -6.109559535980224609e-02 1.084969267249107361e-01 2.831852622330188751e-02 -8.451133966445922852e-02 -8.837784081697463989e-02 4.312135279178619385e-03 -1.849853084422647953e-03 -4.865140467882156372e-02 -9.434230625629425049e-02 7.708527147769927979e-03 -2.842710819095373154e-03 -1.129801385104656219e-02 -2.600819244980812073e-02 -1.667276810621842742e-04 9.765615314245223999e-02 -1.103084683418273926e-01 1.177194043993949890e-01 3.779282420873641968e-02 2.685272879898548126e-02 7.084325700998306274e-02 1.414322201162576675e-02 9.940204769372940063e-02 -9.648692607879638672e-02 1.254770010709762573e-01 7.814175635576248169e-02 6.822910159826278687e-02 1.035139486193656921e-01 6.255541741847991943e-02 -1.319337338209152222e-01 5.097867548465728760e-02 -5.156244710087776184e-02 3.569415584206581116e-02 -4.381323978304862976e-02 2.679341100156307220e-02 3.161804005503654480e-02 -6.861761678010225296e-03 7.570775598287582397e-02 -4.983080178499221802e-02 -1.022741757333278656e-02 -7.926513999700546265e-02 -5.536609888076782227e-02 -1.359994560480117798e-01 -4.016863182187080383e-02 2.601873315870761871e-02 -1.525649428367614746e-02 -1.031121909618377686e-01 1.973845297470688820e-03 2.450479939579963684e-02 7.984679192304611206e-02 -3.050353191792964935e-02 -1.334455795586109161e-02 -4.313543438911437988e-02 -5.116521194577217102e-02 -8.034887164831161499e-02 1.097650006413459778e-01 5.888557434082031250e-02 5.860223621129989624e-02 -3.927487507462501526e-02 -6.232201680541038513e-02 -1.018986701965332031e-01 1.220177952200174332e-02 -1.387295033782720566e-02 -2.963461168110370636e-02 -2.702174335718154907e-02 7.870987989008426666e-03 -2.770864591002464294e-02 -5.493918061256408691e-02 -4.394335672259330750e-02 4.067161679267883301e-02
-1.128472536802291870e-01 1.397127211093902588e-01 -5.104039609432220459e-02 -7.191272079944610596e-02 7.400307804346084595e-02 -4.186076298356056213e-02 -8.221483230590820312e-02 -1.764157116413116455e-01 -1.197446063160896301e-01 -1.576318442821502686e-01 1.724895685911178589e-01 1.003671139478683472e-01 -4.400601238012313843e-02 -4.921691864728927612e-02 -1.715069264173507690e-01 -6.927732378244400024e-02 1.269472241401672363e-01 1.257556974887847900e-01 -3.653866052627563477e-02 1.629619002342224121e-01 6.031912565231323242e-02 2.621916681528091431e-02 -1.258016079664230347e-01 1.375660002231597900e-01 -4.740145802497863770e-02 -8.471488952636718750e-02 1.304112970829010010e-01 1.394174546003341675e-01 -3.535342169925570488e-03 2.280491963028907776e-02 1.427973657846450806e-01 1.788335293531417847e-01 -1.610280871391296387e-01 7.493437826633453369e-02 2.852596528828144073e-02 6.398025155067443848e-02 9.368167817592620850e-02 -1.299969945102930069e-02 -6.322382483631372452e-03 6.013466045260429382e-02 -1.122500896453857422e-01 -5.192089453339576721e-02 5.580013245344161987e-02 -1.113288551568984985e-01 5.525971949100494385e-02 -1.156661286950111389e-01 1.169459670782089233e-01 -1.050518453121185303e-01 1.232709884643554688e-01 1.089311540126800537e-01 1.837822496891021729e-01 -7.038294570520520210e-04 -6.475291401147842407e-02 1.707987338304519653e-01 -9.197848290205001831e-02 -1.775031238794326782e-01 -1.410901844501495361e-01 5.105872452259063721e-02 5.396994948387145996e-02 1.198002398014068604e-01 1.000007055699825287e-02 1.675575375556945801e-01 1.125265955924987793e-01 -1.189248170703649521e-02 5.370253697037696838e-03 -3.085063956677913666e-02 1.619111895561218262e-01 -5.359208956360816956e-02 4.776886478066444397e-02 -7.513447850942611694e-02 1.574231535196304321e-01 8.149158209562301636e-02 1.064910739660263062e-02 5.483461916446685791e-02 8.865557610988616943e-02 2.094106562435626984e-02 7.888961583375930786e-02 -1.614098697900772095e-01 4.904458671808242798e-02 -1.423512101173400879e-01 -3.526011481881141663e-03 -5.526069924235343933e-02 -1.223777383565902710e-01 -4.543669521808624268e-02 8.538594096899032593e-02 -2.282461896538734436e-02 1.073339879512786865e-01 -1.465406119823455811e-01 -9.208398312330245972e-02 1.084244847297668457e-01 -4.960900545120239258e-02 5.930253118276596069e-02 -5.532834678888320923e-02 8.523556590080261230e-02 1.643925718963146210e-02 2.281828597187995911e-02 4.297100752592086792e-02 9.281279146671295166e-02 -2.014344092458486557e-03 1.251932140439748764e-02
-5.878577474504709244e-03 -6.240293011069297791e-02 1.510402560234069824e-02 5.029689637012779713e-04 5.802597478032112122e-02 -1.706238277256488800e-02 6.918082386255264282e-02 -2.988552860915660858e-02 1.046400144696235657e-01 4.822364822030067444e-02 6.586098670959472656e-02 1.682228781282901764e-02 8.047699928283691406e-03 -3.803202882409095764e-02 1.107486858963966370e-01 2.243398129940032959e-02 5.287255346775054932e-02 2.533604623749852180e-03 -7.152910530567169189e-02 5.411265045404434204e-02 5.310928449034690857e-03 4.178399220108985901e-02 6.617794185876846313e-02 -9.298780560493469238e-02 -8.392338454723358154e-02 -1.161783412098884583e-01 -1.002764701843261719e-01 -9.302714467048645020e-02 -1.167752295732498169e-01 -4.491752013564109802e-02 -8.172443509101867676e-02 8.640231564640998840e-03 7.267412543296813965e-02 -2.547424659132957458e-02 -6.255592405796051025e-02 -2.826673910021781921e-02 -2.975793369114398956e-02 -3.965254500508308411e-02 -3.045883402228355408e-02 -1.022076681256294250e-01 6.352258846163749695e-03 -5.877871811389923096e-02 -9.549997001886367798e-02 7.173934578895568848e-02 -8.467330783605575562e-02 -7.929188013076782227e-02 -1.063839904963970184e-02 -5.465359613299369812e-02 -1.154778059571981430e-02 8.384280651807785034e-02 -1.095002368092536926e-01 -7.911592721939086914e-03 2.468799054622650146e-02 1.296579744666814804e-02 1.598739922046661377e-01 -1.643375866115093231e-02 1.320571601390838623e-01 -2.984721027314662933e-02 2.306824736297130585e-02 3.252570331096649170e-02 -3.520941734313964844e-02 9.588414803147315979e-03 -2.055007778108119965e-02 8.633999153971672058e-03 1.313129663467407227e-01 6.808662414550781250e-02 -1.019257493317127228e-02 4.891942068934440613e-02 -7.844123244285583496e-02 1.885154657065868378e-02 1.449119299650192261e-02 7.097365707159042358e-02 -4.331135749816894531e-02 3.020296059548854828e-02 -4.518577083945274353e-02 1.824754290282726288e-02 -5.308815464377403259e-02 3.160986676812171936e-02 -5.238645151257514954e-02 -1.716115884482860565e-02 -1.054456606507301331e-01 9.206791967153549194e-02 9.559115022420883179e-02 -3.923468291759490967e-02 -2.545206062495708466e-02 -3.717174753546714783e-02 8.110491558909416199e-03 -3.980539739131927490e-02 -3.744903206825256348e-02 1.955592073500156403e-03 9.181344509124755859e-02 -6.897761672735214233e-02 -2.622202597558498383e-02 -2.366065606474876404e-02 -1.182512193918228149e-02 -6.396370381116867065e-02 -3.174096718430519104e-02 -6.014391407370567322e-02 -1.092339605093002319e-01 5.743426457047462463e-02
-1.110755130648612976e-01 6.674470007419586182e-02 -6.118792295455932617e-02 8.465748280286788940e-02 -3.125988692045211792e-02 5.475951731204986572e-02 -1.363288983702659607e-02 9.320739656686782837e-03 -6.679194048047065735e-03 -5.785214900970458984e-02 8.367993682622909546e-02 -2.018193900585174561e-02 -4.660661146044731140e-02 2.642133645713329315e-02 -7.427342981100082397e-02 2.908737957477569580e-02 4.029333591461181641e-02 -4.809204488992691040e-02 8.248719573020935059e-02 4.694088920950889587e-02 -9.659007936716079712e-02 -2.102876268327236176e-02 -8.131536096334457397e-02 4.758556932210922241e-02 6.121130287647247314e-02 -2.990322001278400421e-02 -9.555311501026153564e-02 3.304572403430938721e-02 -4.765726625919342041e-02 -8.398327976465225220e-02 -7.433944847434759140e-03 -1.172666065394878387e-02 7.597753405570983887e-02 1.476050820201635361e-02 -3.465225175023078918e-02 8.512227982282638550e-02 -5.776564776897430420e-02 -1.007329747080802917e-01 -7.795178145170211792e-02 -1.060090772807598114e-02 -3.737073764204978943e-02 3.222162777092307806e-04 -1.447505597025156021e-02 -1.499473862349987030e-02 -8.704129606485366821e-02 -3.083896078169345856e-02 -3.718697698786854744e-03 8.511963486671447754e-02 -4.678908362984657288e-02 8.486419916152954102e-03 5.077321454882621765e-02 -1.263619400560855865e-02 2.964721992611885071e-02 5.581238120794296265e-02 3.698898106813430786e-02 1.615405082702636719e-02 7.355844229459762573e-02 -3.056464018300175667e-03 5.039498955011367798e-02 -1.493124850094318390e-02 -5.836028605699539185e-02 3.939626365900039673e-02 2.995365299284458160e-02 1.119803916662931442e-02 8.256281912326812744e-02 7.225620746612548828e-02 -3.765369206666946411e-02 8.502335101366043091e-02 -2.083469182252883911e-02 2.335283532738685608e-02 9.534921497106552124e-03 -6.598439812660217285e-02 6.999556440860033035e-03 -7.355554401874542236e-02 -6.362071633338928223e-02 1.491378154605627060e-02 9.355620294809341431e-02 -7.958288304507732391e-03 -9.912256151437759399e-02 5.416235886514186859e-03 -8.631061017513275146e-02 -1.008486598730087280e-01 7.709616422653198242e-02 -4.930952191352844238e-02 -6.553303450345993042e-02 1.493495702743530273e-02 -7.983586937189102173e-02 1.178066432476043701e-02 7.274426519870758057e-02 7.336179912090301514e-02 1.618982851505279541e-02 3.349751234054565430e-02 7.570091634988784790e-02 2.426623180508613586e-02 8.666787296533584595e-03 4.009503498673439026e-02 5.285720899701118469e-02 -5.404478684067726135e-02 -7.231859024614095688e-03 6.056628003716468811e-02
1.206135377287864685e-01 3.033068589866161346e-02 9.864690899848937988e-02 7.637178897857666016e-02 -5.668314546346664429e-02 7.303933799266815186e-02 -2.432334795594215393e-02 -6.516589224338531494e-02 -6.296569854021072388e-02 8.865614235401153564e-02 -1.694219000637531281e-02 5.565589293837547302e-02 -2.133427187800407410e-02 -6.332580000162124634e-02 2.085046283900737762e-02 1.619847491383552551e-03 6.527835130691528320e-02 -7.242300361394882202e-02 1.475759148597717285e-01 6.796319782733917236e-02 -1.052112653851509094e-01 6.867031753063201904e-02 -3.955816477537155151e-02 -1.188085898756980896e-01 9.285467118024826050e-02 2.912217006087303162e-02 -2.422524802386760712e-02 -6.264028488658368587e-04 3.020860850811004639e-01 -1.001521572470664978e-01 -1.127636656165122986e-01 4.131384938955307007e-02 1.131181120872497559e-01 -9.156854823231697083e-03 3.289616107940673828e-02 -2.182995900511741638e-03 -7.342424243688583374e-02 -1.762621337547898293e-03 -8.609803020954132080e-02 3.816389013081789017e-03 1.122097671031951904e-01 -3.715546801686286926e-02 -6.629186868667602539e-02 -4.054139554500579834e-02 -8.479832112789154053e-02 1.420033350586891174e-02 3.892577812075614929e-02 -2.757055312395095825e-02 3.585284575819969177e-02 -9.030306711792945862e-03 -1.013534441590309143e-01 4.787179455161094666e-02 1.027264595031738281e-01 -2.920513227581977844e-02 -8.153390884399414062e-02 -3.176806494593620300e-02 -7.303392142057418823e-02 -7.947228103876113892e-02 5.146436020731925964e-02 -4.048269242048263550e-02 -1.125711202621459961e-01 -2.803305350244045258e-02 -6.164247915148735046e-02 -1.081201583147048950e-01 -1.824600249528884888e-02 -7.404768466949462891e-02 -1.011703684926033020e-01 5.494369193911552429e-02 -4.233960807323455811e-02 8.477077633142471313e-02 -2.343731187283992767e-02 5.130699276924133301e-02 3.558735176920890808e-02 -8.460542559623718262e-02 6.422612816095352173e-02 -5.146949365735054016e-02 5.685242637991905212e-02 1.712847128510475159e-02 -9.715697914361953735e-02 1.682742685079574585e-02 -1.350953280925750732e-01 8.761344105005264282e-02 5.837611854076385498e-02 5.618366226553916931e-02 7.060950249433517456e-02 1.239414047449827194e-02 -1.024310067296028137e-01 1.471200585365295410e-02 3.999326005578041077e-02 -2.247303575277328491e-01 -6.387819349765777588e-02 -1.668440103530883789e-01 8.047822117805480957e-02 7.769995182752609253e-02 -6.619923561811447144e-02 -6.210211291909217834e-02 -9.511409699916839600e-02 6.491657346487045288e-03 -1.424822863191366196e-02 -2.921526134014129639e-02
5.896159261465072632e-02 7.178564555943012238e-03 -6.874077767133712769e-02 -3.553369268774986267e-02 1.062521636486053467e-01 -6.192613020539283752e-02 -7.077279686927795410e-02 4.734406620264053345e-02 3.633935749530792236e-02 -1.260168850421905518e-01 -3.295420436188578606e-03 3.863907186314463615e-03 -8.974696695804595947e-02 -2.007881924510002136e-02 -8.833474665880203247e-02 -6.406255066394805908e-03 6.399712711572647095e-02 1.171766966581344604e-01 -2.258154004812240601e-02 5.437633953988552094e-04 -3.646967932581901550e-02 1.205705925822257996e-01 3.172817453742027283e-02 1.177138611674308777e-01 2.277103811502456665e-02 1.206005364656448364e-01 8.240278065204620361e-02 1.185775101184844971e-01 -6.201510131359100342e-02 8.612155169248580933e-02 6.260664016008377075e-02 -1.718102395534515381e-02 -9.067361056804656982e-02 -8.978702872991561890e-02 2.787787280976772308e-02 3.829031065106391907e-02 7.818563282489776611e-02 5.256309732794761658e-02 4.804195091128349304e-02 6.613365374505519867e-03 -4.769979417324066162e-02 -4.795816913247108459e-02 -4.540535435080528259e-02 -4.023884609341621399e-02 9.268577396869659424e-02 3.395134955644607544e-02 1.140407547354698181e-01 -3.171395137906074524e-02 3.664477542042732239e-02 -3.765234723687171936e-02 1.289277453906834126e-03 3.936021775007247925e-02 3.387449681758880615e-02 -9.059642441570758820e-03 -6.260652840137481689e-02 -5.951527506113052368e-02 -1.465548574924468994e-01 -5.509424954652786255e-02 -9.766105562448501587e-03 1.015422791242599487e-01 9.844918549060821533e-02 -2.945837005972862244e-02 3.379203006625175476e-02 -2.833168208599090576e-02 -1.068814564496278763e-02 6.392014026641845703e-02 5.947761982679367065e-02 5.114227905869483948e-02 5.438227206468582153e-02 6.984318047761917114e-02 8.591300249099731445e-02 1.032811552286148071e-01 -6.053291261196136475e-03 -1.163379196077585220e-02 -3.629316017031669617e-02 -6.948071718215942383e-02 4.590819776058197021e-02 -8.009365200996398926e-02 6.811358034610748291e-02 -6.874810904264450073e-02 2.369884215295314789e-02 -9.372749179601669312e-02 6.183232367038726807e-02 -8.071561157703399658e-02 7.629607617855072021e-02 -1.968756504356861115e-02 4.303682968020439148e-02 -1.134177967905998230e-01 3.223450854420661926e-02 9.880314022302627563e-02 1.060401052236557007e-01 2.969770319759845734e-02 -7.651222497224807739e-02 -2.171646244823932648e-02 8.046193420886993408e-02 3.611769899725914001e-02 1.097773015499114990e-01 4.624335840344429016e-02 3.766730427742004395e-02 1.025864947587251663e-02
1.030996367335319519e-01 -6.402142345905303955e-02 -3.687107935547828674e-02 1.138392984867095947e-01 2.401757752522826195e-03 6.577088683843612671e-02 3.905719495378434658e-04 1.426191329956054688e-01 -2.550699003040790558e-02 1.246485710144042969e-01 -9.632118046283721924e-02 -1.143080890178680420e-01 7.369016855955123901e-02 -2.551572211086750031e-02 4.976925998926162720e-02 -1.586444489657878876e-02 -4.529104381799697876e-02 -8.905552327632904053e-03 1.210677921772003174e-01 -8.368840068578720093e-02 -1.224272474646568298e-01 1.874695718288421631e-02 1.762681826949119568e-02 -1.298728883266448975e-01 2.112265489995479584e-02 7.085173577070236206e-02 -7.660560309886932373e-02 -1.223657280206680298e-01 8.771517872810363770e-02 1.913549304008483887e-01 3.412310034036636353e-02 -9.456943720579147339e-02 6.871849298477172852e-02 6.831397861242294312e-02 -3.677691146731376648e-02 2.357753366231918335e-02 -1.403601765632629395e-01 1.551068127155303955e-01 -8.387032896280288696e-02 -1.574725955724716187e-01 2.833292447030544281e-02 1.379717886447906494e-01 2.701422385871410370e-02 1.975432038307189941e-02 -8.674032241106033325e-02 9.475380182266235352e-02 -7.560940925031900406e-03 -2.518852427601814270e-02 -5.966126173734664917e-02 -5.969677120447158813e-02 -1.240639109164476395e-02 -2.812601998448371887e-02 -8.341702632606029510e-03 -3.116904757916927338e-02 3.131306171417236328e-02 -2.667948231101036072e-02 2.505599893629550934e-02 -2.696443907916545868e-02 -4.129144176840782166e-02 -1.138807162642478943e-01 -1.103274747729301453e-01 1.289572007954120636e-02 -8.007545024156570435e-03 1.012100428342819214e-01 7.131009548902511597e-02 1.679522544145584106e-02 8.823063108138740063e-04 9.618788212537765503e-02 -1.269356161355972290e-01 1.292612999677658081e-01 -1.117828711867332458e-01 1.938004791736602783e-02 -1.008461192250251770e-01 -1.665509678423404694e-02 -3.114490956068038940e-02 2.585658431053161621e-02 -8.966765552759170532e-02 4.983726143836975098e-02 -8.717428892850875854e-02 3.653603419661521912e-02 5.263400822877883911e-02 -2.746780589222908020e-02 3.896603127941489220e-03 -5.987124517560005188e-02 -1.807015622034668922e-03 2.494407072663307190e-02 -1.002219244837760925e-01 5.986060947179794312e-02 1.993031427264213562e-02 -1.094681024551391602e-01 -9.651948511600494385e-02 -1.592634767293930054e-01 1.485069692134857178e-01 -3.063665237277746201e-03 -6.245389208197593689e-02 -9.744453430175781250e-02 -4.030444193631410599e-03 -5.478230491280555725e-02 -8.087183535099029541e-02 7.629886269569396973e-03
1.147934980690479279e-02 4.626678302884101868e-02 -1.192568838596343994e-01 3.211865201592445374e-02 1.469382114009931684e-04 -8.098033815622329712e-02 1.051685586571693420e-02 -3.220449388027191162e-02 -1.261187493801116943e-01 -6.612242013216018677e-02 1.345441937446594238e-01 3.130653500556945801e-02 -5.332857742905616760e-02 3.210247308015823364e-02 -1.930704154074192047e-02 2.436198107898235321e-02 8.575715869665145874e-02 5.918468907475471497e-02 -9.893274307250976562e-02 1.262079030275344849e-01 7.784157991409301758e-02 6.034402176737785339e-02 1.295523543376475573e-04 6.389271467924118042e-02 -1.627895087003707886e-01 1.359661296010017395e-02 3.927536308765411377e-02 1.321346014738082886e-01 -1.745678186416625977e-01 4.339263588190078735e-02 1.419612765312194824e-01 -1.249189209192991257e-02 -9.386508911848068237e-02 3.142885863780975342e-02 1.078892573714256287e-01 2.866718918085098267e-02 1.109207049012184143e-01 -9.641503542661666870e-02 -1.467466354370117188e-02 7.081086188554763794e-02 -1.211768854409456253e-02 -7.749983668327331543e-02 -2.203792892396450043e-02 4.553185030817985535e-02 1.132152602076530457e-01 -8.495435863733291626e-02 1.342184990644454956e-01 -7.033449597656726837e-03 -1.824496500194072723e-02 7.535905390977859497e-02 7.979662716388702393e-02 -1.108822375535964966e-01 -1.672552973031997681e-01 1.241077706217765808e-01 -1.867755129933357239e-02 9.001294150948524475e-03 -1.937825791537761688e-02 1.636692136526107788e-01 -2.044240944087505341e-02 4.958605393767356873e-02 8.019404113292694092e-02 1.068688035011291504e-01 -2.129422686994075775e-02 -1.449007838964462280e-01 1.629066467285156250e-01 -6.606048345565795898e-02 7.729214429855346680e-02 -1.616800427436828613e-01 3.065252490341663361e-02 -1.022000163793563843e-01 1.101135984063148499e-01 1.522187590599060059e-01 3.482061624526977539e-02 5.576962232589721680e-02 -2.084852755069732666e-02 3.727509640157222748e-03 -1.347654405981302261e-02 -9.826721996068954468e-02 3.483346849679946899e-02 2.455320395529270172e-02 1.109663546085357666e-01 -6.047260388731956482e-02 -1.394363492727279663e-01 -1.497239470481872559e-01 4.160162806510925293e-02 -1.231881007552146912e-01 6.262104213237762451e-02 -4.038210213184356689e-02 -9.962878376245498657e-02 -1.518311351537704468e-02 1.026709005236625671e-01 1.150098815560340881e-01 -6.193730048835277557e-03 2.699718624353408813e-02 5.902569741010665894e-02 -3.183759003877639771e-02 9.632384777069091797e-02 -6.965411361306905746e-03 1.152185425162315369e-01 9.431771934032440186e-02
2.661507576704025269e-02 1.225079596042633057e-01 -2.183823817176744342e-04 -5.987614765763282776e-02 -4.029213264584541321e-02 3.457173332571983337e-02 -1.534257736057043076e-02 -7.799112051725387573e-02 -6.013953592628240585e-03 1.738840714097023010e-02 -3.224381431937217712e-02 9.087601304054260254e-02 -1.183986384421586990e-02 -1.355274170637130737e-01 -1.461414992809295654e-01 4.120161756873130798e-02 4.076306149363517761e-02 -1.113338209688663483e-02 1.543984655290842056e-02 -3.824047744274139404e-02 9.929576516151428223e-02 -3.118037059903144836e-02 -1.121364682912826538e-01 1.376731246709823608e-01 2.972313575446605682e-02 -2.872532792389392853e-02 3.573838993906974792e-02 3.042103722691535950e-02 -9.318824857473373413e-02 -5.680648982524871826e-02 -4.415313526988029480e-02 -6.742671830579638481e-04 -7.642797660082578659e-03 -5.989618133753538132e-03 -2.845753915607929230e-02 2.433749614283442497e-03 7.260219752788543701e-02 -1.964436657726764679e-02 7.618736475706100464e-02 2.763541974127292633e-02 -8.672289550304412842e-03 -1.311717927455902100e-01 3.023736365139484406e-02 1.585680693387985229e-01 1.326013654470443726e-01 -1.532842963933944702e-02 4.866265133023262024e-02 -7.522246986627578735e-02 3.754056990146636963e-02 1.072056218981742859e-01 6.527373939752578735e-02 -5.905587226152420044e-02 -6.093182787299156189e-02 8.639667183160781860e-02 4.905141144990921021e-02 -4.407578706741333008e-02 -5.415222793817520142e-02 2.828474622219800949e-03 1.387864649295806885e-01 3.367246314883232117e-02 -8.919673040509223938e-03 -3.604056686162948608e-02 1.083538234233856201e-01 1.423962879925966263e-02 1.009008567780256271e-02 -9.999650716781616211e-02 1.358765363693237305e-01 2.889906428754329681e-02 3.131818771362304688e-02 8.115855976939201355e-03 -3.466876596212387085e-02 5.183951184153556824e-02 -5.219770222902297974e-02 6.496575474739074707e-02 5.355964880436658859e-03 -3.772048279643058777e-02 1.181223243474960327e-01 -7.883076369762420654e-02 1.205016598105430603e-01 1.091022696346044540e-02 3.704852610826492310e-02 4.052939265966415405e-02 -1.316163390874862671e-01 6.542444229125976562e-02 1.037886813282966614e-01 9.606122970581054688e-03 1.231252402067184448e-01 1.582261547446250916e-02 -2.939392114058136940e-03 1.411779075860977173e-01 4.935865104198455811e-02 8.645915240049362183e-02 -3.974389657378196716e-02 4.244618490338325500e-02 3.579601272940635681e-02 -5.134133994579315186e-02 -4.108772613108158112e-03 1.670847833156585693e-02 1.536129042506217957e-02 1.201540902256965637e-01
-6.008950620889663696e-02 -4.364873096346855164e-02 -3.362670913338661194e-02 -3.048574924468994141e-02 1.026359386742115021e-02 7.208043336868286133e-02 -5.341830477118492126e-02 3.804066777229309082e-02 -1.012186780571937561e-01 -1.163464412093162537e-01 2.600015373900532722e-03 -6.083543971180915833e-02 6.693699955940246582e-02 -5.886804312467575073e-02 -6.538390368223190308e-02 1.440042071044445038e-02 -1.138207875192165375e-02 3.137107938528060913e-02 6.146005168557167053e-02 -4.457797110080718994e-02 -3.748324513435363770e-02 3.859654441475868225e-02 -1.084917485713958740e-01 3.022413142025470734e-02 -2.507860772311687469e-03 2.523058280348777771e-02 7.024234533309936523e-02 7.238996773958206177e-02 5.535140633583068848e-02 1.143761798739433289e-01 9.888003021478652954e-02 3.385708108544349670e-02 -1.181279122829437256e-02 -8.637177757918834686e-03 7.609161734580993652e-02 1.278651207685470581e-01 1.200057044625282288e-01 -7.898703962564468384e-02 3.766090422868728638e-02 -3.897142782807350159e-02 -9.088821709156036377e-02 -7.507284730672836304e-02 7.226071786135435104e-03 -1.603090018033981323e-01 -7.769595365971326828e-03 -9.839921444654464722e-02 1.503835432231426239e-02 -8.693946152925491333e-02 8.045569807291030884e-02 1.114681810140609741e-01 4.514029249548912048e-02 -4.866534098982810974e-02 8.584859780967235565e-03 9.572347626090049744e-03 7.991825044155120850e-02 -9.653240442276000977e-02 -7.398270815610885620e-02 -1.040034443140029907e-01 1.011600270867347717e-01 1.066314354538917542e-01 6.230030581355094910e-02 3.055825829505920410e-02 5.438395962119102478e-02 -7.479181885719299316e-02 6.839360296726226807e-02 -1.129330396652221680e-01 -5.416145920753479004e-02 -1.090678796172142029e-01 -4.644269123673439026e-03 5.730279907584190369e-02 8.263319730758666992e-02 -6.393410265445709229e-02 -6.612861156463623047e-02 -4.292178899049758911e-03 8.851251006126403809e-02 4.918570071458816528e-02 9.549851715564727783e-02 -1.248025894165039062e-01 -1.976849883794784546e-02 -1.211491525173187256e-01 -2.790473960340023041e-02 -4.741756245493888855e-02 4.660790786147117615e-02 -4.803016409277915955e-02 -5.895499140024185181e-03 -1.068330109119415283e-01 1.596759259700775146e-02 -1.639026030898094177e-02 5.995821580290794373e-02 1.134135052561759949e-01 8.361031115055084229e-02 2.900829724967479706e-02 -7.418852299451828003e-02 8.458241075277328491e-02 4.170136153697967529e-02 -6.460452824831008911e-02 5.463345721364021301e-02 1.167456954717636108e-01 -5.338482558727264404e-02 7.357417047023773193e-02
4.371299408376216888e-03 -7.561551034450531006e-02 1.154964491724967957e-01 8.712533861398696899e-02 4.439143836498260498e-02 -3.837624937295913696e-02 1.743144355714321136e-02 5.319798737764358521e-02 5.424711108207702637e-02 9.088172018527984619e-02 -6.213725730776786804e-02 2.964640781283378601e-02 -5.707667768001556396e-02 5.950998514890670776e-03 -8.323561400175094604e-02 3.624608740210533142e-02 4.746776446700096130e-02 -5.819192528724670410e-02 5.398859828710556030e-02 -5.867621302604675293e-02 -6.097473204135894775e-02 -9.321140497922897339e-02 -8.466906845569610596e-02 8.141345530748367310e-02 8.802662044763565063e-02 -9.610198438167572021e-03 -2.892077341675758362e-02 3.849338367581367493e-02 3.135538101196289062e-02 -1.925794035196304321e-01 6.942425668239593506e-02 -5.519556347280740738e-03 1.108574643731117249e-01 -3.317444026470184326e-02 -6.020051613450050354e-02 1.000832989811897278e-01 -9.007614850997924805e-02 7.079911977052688599e-02 -9.659093618392944336e-02 8.907800167798995972e-02 4.088572412729263306e-02 6.553499400615692139e-02 5.258016660809516907e-02 -6.316159851849079132e-03 6.497616320848464966e-02 2.754086814820766449e-02 3.644391149282455444e-02 -8.757162094116210938e-02 2.370161563158035278e-02 7.763423025608062744e-02 2.174648456275463104e-02 3.885820508003234863e-02 -2.579101920127868652e-02 9.923307597637176514e-02 7.758297771215438843e-02 8.740314841270446777e-02 -7.753707468509674072e-02 -1.701489835977554321e-02 -4.769700020551681519e-02 -8.772389590740203857e-02 4.662226885557174683e-02 7.879046350717544556e-02 9.604456834495067596e-03 1.867308467626571655e-02 -7.999924570322036743e-02 -3.806376084685325623e-02 7.157591730356216431e-02 6.579427421092987061e-02 -1.655846089124679565e-02 -2.967781387269496918e-02 -4.827997088432312012e-02 -3.296786546707153320e-02 -3.524515032768249512e-02 1.142368093132972717e-02 -1.077136769890785217e-02 7.017127424478530884e-02 -9.914717823266983032e-02 -2.004360593855381012e-02 -8.704010397195816040e-02 3.434635698795318604e-02 -4.372987151145935059e-02 5.789130181074142456e-02 -3.205952048301696777e-02 -8.151355385780334473e-02 7.033538073301315308e-02 1.202209759503602982e-02 1.351758092641830444e-02 1.556684542447328568e-02 7.711915671825408936e-02 -1.184034422039985657e-01 -5.608564242720603943e-02 1.419004239141941071e-02 7.619419693946838379e-02 -5.457488074898719788e-02 9.368549287319183350e-02 3.041634894907474518e-02 -8.879187703132629395e-02 5.295257642865180969e-02 1.458004266023635864e-01 -3.051779232919216156e-02
-3.073357976973056793e-02 1.062909979373216629e-02 -8.953204378485679626e-03 -4.134079441428184509e-02 4.247923567891120911e-02 -3.743501752614974976e-02 -9.641583263874053955e-02 7.133337855339050293e-02 2.497180178761482239e-02 -9.101991355419158936e-02 2.034452930092811584e-02 -8.565726876258850098e-02 -5.048472061753273010e-02 -8.667928725481033325e-02 5.597947537899017334e-02 4.278759937733411789e-03 4.406597837805747986e-02 -4.692246392369270325e-02 -5.574640259146690369e-02 6.799323856830596924e-02 -4.785970598459243774e-02 8.269365876913070679e-02 -6.134095042943954468e-02 1.031283140182495117e-01 6.165612116456031799e-02 -6.618566066026687622e-02 -6.557948142290115356e-02 3.506915643811225891e-02 -1.078872308135032654e-01 -4.270289093255996704e-03 8.597049117088317871e-02 1.299063581973314285e-02 2.368897572159767151e-02 9.236875176429748535e-02 9.869421273469924927e-02 -6.958149373531341553e-02 9.654863923788070679e-02 4.875518754124641418e-02 -6.133217364549636841e-02 3.979416936635971069e-02 -3.263441473245620728e-02 5.337345227599143982e-02 -7.289921492338180542e-02 -1.227571815252304077e-01 -8.154813200235366821e-02 -3.825117275118827820e-02 -3.872542083263397217e-02 2.397264912724494934e-02 -4.147305712103843689e-02 -6.724736839532852173e-02 1.512337476015090942e-02 1.838163286447525024e-02 -8.354818820953369141e-02 -2.755503356456756592e-02 -5.131750553846359253e-02 -8.077270537614822388e-02 2.469455264508724213e-02 2.711560949683189392e-02 -7.974955439567565918e-02 -1.034095976501703262e-02 5.321878194808959961e-02 7.147041708230972290e-02 4.331648722290992737e-02 -4.282217100262641907e-02 -2.397013269364833832e-02 8.649756759405136108e-02 -8.409636467695236206e-02 1.087555289268493652e-02 -8.537928014993667603e-02 -5.344038829207420349e-02 7.812504656612873077e-03 -9.362065466120839119e-04 -3.887991979718208313e-02 -5.487321689724922180e-02 -5.862818285822868347e-02 2.811959199607372284e-02 -2.714093215763568878e-02 3.584391251206398010e-02 -4.385878890752792358e-02 -9.271293133497238159e-02 -6.437981501221656799e-03 2.686969377100467682e-02 4.067116975784301758e-02 1.354805529117584229e-01 2.814720943570137024e-02 5.577050521969795227e-02 7.793539762496948242e-02 -3.871734067797660828e-02 -6.757982075214385986e-03 -3.914004191756248474e-02 3.214783221483230591e-02 -6.518498808145523071e-02 -9.174311906099319458e-02 -7.001961767673492432e-02 3.384431824088096619e-02 -8.146284520626068115e-02 6.109944730997085571e-02 4.703643172979354858e-02 -8.990858495235443115e-02 -8.232801221311092377e-03
7.307048141956329346e-02 3.890467062592506409e-02 7.737741619348526001e-02 -4.983641556464135647e-04 -7.403784245252609253e-02 5.292950198054313660e-03 9.480253607034683228e-02 4.152305796742439270e-02 6.406485289335250854e-02 4.857551772147417068e-03 -8.608479797840118408e-02 -7.253695279359817505e-02 -6.101537868380546570e-02 -2.705081552267074585e-02 -8.577187359333038330e-02 -8.724372088909149170e-02 6.516923755407333374e-02 -6.665238738059997559e-02 3.822640702128410339e-02 -8.718615770339965820e-02 -4.644672200083732605e-02 -2.322387509047985077e-02 6.572316586971282959e-02 3.236518427729606628e-02 -4.081904515624046326e-02 -1.525424886494874954e-02 1.389829907566308975e-02 3.202206641435623169e-02 -1.030561700463294983e-02 -3.584335371851921082e-02 7.069995254278182983e-02 -9.311207383871078491e-02 4.902773723006248474e-02 1.075943261384963989e-01 -4.823905229568481445e-02 -8.527229726314544678e-02 4.976737871766090393e-02 4.362742230296134949e-02 -6.648140400648117065e-02 -5.607834458351135254e-02 5.878161266446113586e-02 2.709342725574970245e-02 6.743365526199340820e-02 -1.011868417263031006e-01 8.363386988639831543e-02 -7.692397385835647583e-02 -8.490312844514846802e-02 5.088008195161819458e-02 8.234119415283203125e-02 7.844895124435424805e-03 7.819256931543350220e-02 -6.867086887359619141e-02 9.425124526023864746e-02 6.924092769622802734e-02 1.669790148735046387e-01 8.202880620956420898e-02 1.355889886617660522e-01 7.475684583187103271e-02 -8.197648823261260986e-02 1.262983307242393494e-02 -3.787678480148315430e-02 1.213067211210727692e-02 -1.918607950210571289e-02 -1.222977600991725922e-02 2.634071186184883118e-02 -4.373158141970634460e-02 1.849716901779174805e-02 7.099456340074539185e-02 -4.498005844652652740e-03 3.880718350410461426e-02 5.624762177467346191e-02 8.383411914110183716e-02 -9.410591423511505127e-02 2.986892312765121460e-02 -5.201052129268646240e-02 5.534504540264606476e-03 -5.103579908609390259e-02 6.930803507566452026e-02 3.070456720888614655e-02 8.884881436824798584e-02 -6.407917290925979614e-02 -9.649603068828582764e-02 7.715918123722076416e-02 2.444559149444103241e-02 5.957370251417160034e-02 -7.725535891950130463e-03 9.056361019611358643e-02 1.769229024648666382e-01 -3.236737474799156189e-02 -8.472227305173873901e-02 5.703888833522796631e-03 6.745319114997982979e-04 -1.082343086600303650e-01 -7.912373542785644531e-02 -5.810455605387687683e-02 6.818757951259613037e-02 7.012697868049144745e-03 -8.118917793035507202e-02 -6.549814343452453613e-02 4.751406237483024597e-02
-1.582309044897556305e-02 1.344881355762481689e-01 -3.297111764550209045e-02 -1.029951348900794983e-01 4.258807748556137085e-02 4.791925847530364990e-02 -8.285956829786300659e-02 -7.256861776113510132e-02 -1.350992172956466675e-01 -1.025982275605201721e-01 5.216220766305923462e-02 9.063410758972167969e-02 3.747842088341712952e-02 -1.036564409732818604e-01 -3.373010456562042236e-02 -1.024890542030334473e-01 -3.512614592909812927e-02 -2.338814735412597656e-02 -2.890414558351039886e-02 -2.276509301736950874e-03 1.070202291011810303e-01 1.183693949133157730e-02 -4.897484183311462402e-02 1.092565655708312988e-01 -1.223358586430549622e-01 -5.453102663159370422e-02 2.921879664063453674e-02 1.420480012893676758e-01 5.381558462977409363e-02 -9.305230528116226196e-02 1.325429081916809082e-01 1.456380039453506470e-01 -7.560978829860687256e-02 5.775477364659309387e-02 -4.127915576100349426e-02 1.580616110004484653e-03 4.569791257381439209e-02 -1.209334284067153931e-01 2.668876759707927704e-02 -4.285647347569465637e-02 3.156684711575508118e-02 -1.026247143745422363e-01 -3.114809654653072357e-02 -1.822200790047645569e-02 9.453450143337249756e-02 -1.085453331470489502e-01 7.537565380334854126e-02 -7.365185022354125977e-02 1.222086921334266663e-01 1.318826973438262939e-01 4.264751449227333069e-02 -1.325560659170150757e-01 -5.070261657238006592e-02 1.228082701563835144e-01 -1.558256000280380249e-01 -9.415687620639801025e-02 -2.954823430627584457e-04 -6.606490164995193481e-02 1.431273072957992554e-01 6.685834378004074097e-02 9.262061864137649536e-02 7.559552788734436035e-02 -5.606871098279953003e-02 -9.072770178318023682e-02 -6.410568207502365112e-02 5.302895791828632355e-03 9.228220582008361816e-02 2.035215497016906738e-02 1.868329569697380066e-02 -9.158547222614288330e-02 -4.136485606431961060e-02 1.403192281723022461e-01 1.079082861542701721e-02 -6.744280457496643066e-02 9.381083399057388306e-02 -2.170585794374346733e-03 8.825890719890594482e-02 -4.351918771862983704e-02 -1.355570740997791290e-02 -5.577216297388076782e-02 9.871597588062286377e-02 -1.358356475830078125e-01 -8.081275969743728638e-02 -4.258411750197410583e-02 1.209389045834541321e-01 -6.261037662625312805e-03 -1.917840927490033209e-05 -1.000877544283866882e-01 -1.120339184999465942e-01 -5.475335195660591125e-02 1.004932448267936707e-01 -7.678774185478687286e-03 -6.614921241998672485e-02 4.834118485450744629e-02 1.345325112342834473e-01 1.096940636634826660e-01 1.450119018554687500e-01 2.417340688407421112e-02 1.183594912290573120e-01 9.808125346899032593e-02
-9.487862139940261841e-02 8.758324384689331055e-02 -9.469791501760482788e-02 -1.409485936164855957e-01 1.681769490242004395e-01 -1.156288161873817444e-01 -1.200321614742279053e-01 -3.100152499973773956e-02 1.197605486959218979e-02 1.952182129025459290e-02 6.529877427965402603e-03 1.201140880584716797e-01 -9.542623534798622131e-03 -1.659687012434005737e-01 -5.343389883637428284e-02 -1.446468532085418701e-01 5.637387931346893311e-02 5.153744947165250778e-03 4.509425722062587738e-03 4.400414600968360901e-02 7.723861187696456909e-02 7.533106207847595215e-02 -6.679673492908477783e-02 -5.404636031016707420e-04 -8.461420983076095581e-02 -5.809700116515159607e-02 1.493132207542657852e-02 2.245416631922125816e-03 -7.016655802726745605e-02 8.549942821264266968e-02 1.136688441038131714e-01 1.064983829855918884e-01 -7.130318880081176758e-02 1.235769987106323242e-01 6.496258825063705444e-02 1.493787467479705811e-01 5.882106348872184753e-02 -4.913937300443649292e-02 1.477162241935729980e-01 -1.584351994097232819e-02 -4.171694070100784302e-02 -1.068990007042884827e-01 1.196079105138778687e-01 -6.905926764011383057e-02 7.393496483564376831e-02 -1.151198521256446838e-01 -3.500540927052497864e-02 -1.346833705902099609e-01 3.442923724651336670e-02 8.873487263917922974e-02 1.205165758728981018e-01 -1.602686345577239990e-01 7.028072606772184372e-03 1.521625667810440063e-01 -1.438601911067962646e-01 -6.748698651790618896e-02 -7.844088971614837646e-02 1.294009666889905930e-02 1.268660128116607666e-01 -2.204912342131137848e-02 7.055979222059249878e-02 5.841725692152976990e-02 1.009942293167114258e-01 -1.335341483354568481e-01 -8.831062167882919312e-02 -6.079831719398498535e-02 1.333056241273880005e-01 -1.579776853322982788e-01 1.219161897897720337e-01 -5.350689217448234558e-02 6.752795726060867310e-02 9.621004015207290649e-02 1.512842774391174316e-01 4.085602611303329468e-02 1.032130140811204910e-02 -4.545417055487632751e-02 1.832656748592853546e-02 3.314452013000845909e-03 3.688922524452209473e-02 -9.919700771570205688e-02 2.518451586365699768e-02 -1.245004087686538696e-01 -5.767700448632240295e-02 4.342771600931882858e-03 2.795231901109218597e-02 -1.167878881096839905e-02 1.382992863655090332e-01 -1.005764380097389221e-01 -1.599198393523693085e-02 -1.165030431002378464e-02 9.521096944808959961e-02 2.260032109916210175e-02 -1.271309703588485718e-01 9.057506918907165527e-02 1.706935651600360870e-02 1.457193493843078613e-01 1.629464775323867798e-01 -2.358043752610683441e-02 1.559413671493530273e-01 1.336589008569717407e-01
-3.541420400142669678e-02 -7.652553170919418335e-02 -2.240496277809143066e-01 3.726405277848243713e-02 -2.941688150167465210e-02 5.513324961066246033e-02 -1.033272743225097656e-01 -7.404620945453643799e-02 -1.225146465003490448e-02 -1.050597131252288818e-01 1.014410182833671570e-01 -6.340654194355010986e-02 8.771890401840209961e-02 2.502514980733394623e-02 -6.718642264604568481e-02 -4.184274002909660339e-02 2.505201846361160278e-03 -3.945550322532653809e-02 -1.266908198595046997e-01 8.811576664447784424e-02 1.494812592864036560e-02 -1.075566513463854790e-03 -3.721402212977409363e-02 1.024427115917205811e-01 -2.669416740536689758e-02 -1.524412631988525391e-02 8.925309777259826660e-02 5.563466995954513550e-02 -1.141524687409400940e-01 -8.752980083227157593e-02 -5.498787388205528259e-02 -8.927184343338012695e-02 -6.527639925479888916e-02 6.908047199249267578e-02 6.291985511779785156e-03 -3.030783310532569885e-02 2.698097378015518188e-02 -5.892772972583770752e-02 9.534696489572525024e-02 -5.008775368332862854e-02 -7.165056467056274414e-02 -9.292525053024291992e-02 9.863475710153579712e-02 6.628616154193878174e-02 6.772261857986450195e-02 -7.071073353290557861e-02 -3.578576445579528809e-02 -5.005276575684547424e-02 -2.786950673907995224e-03 5.811279639601707458e-02 9.628144651651382446e-02 5.146907642483711243e-02 -1.064354255795478821e-01 1.770795881748199463e-02 -2.581638656556606293e-02 2.548008412122726440e-02 2.425069361925125122e-02 1.094000414013862610e-01 8.949456387199461460e-04 -2.814127318561077118e-02 7.553636282682418823e-02 -1.601006649434566498e-02 -6.998798996210098267e-02 8.735416922718286514e-04 -2.928185835480690002e-02 -1.375009771436452866e-03 4.182852432131767273e-02 -7.228730618953704834e-02 -1.521346508525311947e-03 -3.384752571582794189e-02 -1.643211208283901215e-02 2.584595978260040283e-02 8.864198625087738037e-02 9.856039285659790039e-02 6.311003118753433228e-02 -9.142389148473739624e-02 -7.786305993795394897e-02 -7.037846744060516357e-02 -7.903119176626205444e-02 5.584785342216491699e-02 -3.283562138676643372e-02 5.694572627544403076e-02 8.436115086078643799e-02 -6.302553415298461914e-02 7.166235148906707764e-02 -1.101632192730903625e-01 3.313174843788146973e-02 -2.416244894266128540e-02 4.678026214241981506e-02 9.310568869113922119e-02 -2.318615879630669951e-04 8.608681708574295044e-02 8.290508389472961426e-02 9.914598613977432251e-02 -4.763497505336999893e-03 5.330589413642883301e-02 -1.390078105032444000e-02 -7.474485039710998535e-02 6.534968316555023193e-02 -8.267945959232747555e-04
-1.876586675643920898e-02 -4.768877476453781128e-02 7.259538769721984863e-02 4.891293868422508240e-02 -1.028684154152870178e-01 5.525286495685577393e-02 -1.257827156223356724e-03 2.369074709713459015e-02 6.543417694047093391e-04 -9.053426794707775116e-03 -1.240908950567245483e-01 -4.730649664998054504e-02 5.186564475297927856e-02 -2.958121336996555328e-02 1.107474714517593384e-01 1.576380282640457153e-01 -3.582237288355827332e-03 -4.248255398124456406e-03 -1.993073150515556335e-02 -1.443790942430496216e-01 -1.410853117704391479e-02 7.393935229629278183e-03 7.837665081024169922e-02 -1.059055030345916748e-01 -5.700904875993728638e-03 9.789060801267623901e-02 -3.623980795964598656e-03 -6.209731101989746094e-02 8.425039798021316528e-02 -1.451223902404308319e-02 1.011357293464243412e-03 -1.531439721584320068e-01 -2.422504313290119171e-02 1.227283291518688202e-02 -1.422083973884582520e-01 -8.722440153360366821e-02 -3.139803931117057800e-02 7.456602156162261963e-02 -1.357694119215011597e-01 -6.218315288424491882e-02 1.444452553987503052e-01 -6.234112661331892014e-03 -9.904968738555908203e-02 2.520349621772766113e-02 1.878554373979568481e-02 4.481694102287292480e-02 -4.435433819890022278e-02 -2.793346717953681946e-02 -1.562434732913970947e-01 -1.011165082454681396e-01 -1.281118988990783691e-01 6.355746835470199585e-02 -1.000907365232706070e-02 2.777892351150512695e-02 -4.645778611302375793e-02 3.801434999331831932e-03 7.199519127607345581e-02 -9.100401401519775391e-02 2.864197082817554474e-02 -1.565666198730468750e-01 -7.246002089232206345e-03 2.928792499005794525e-02 3.524815291166305542e-02 6.209672987461090088e-02 2.501730993390083313e-02 9.715921431779861450e-02 -3.477155463770031929e-03 -3.236202895641326904e-02 -3.007093071937561035e-02 7.569309324026107788e-02 -1.407041996717453003e-01 -4.968556761741638184e-02 -1.523819565773010254e-01 -3.189948620274662971e-03 -6.519953906536102295e-02 1.509963255375623703e-02 1.006620936095714569e-02 -5.169748328626155853e-03 7.385420612990856171e-04 6.647323817014694214e-02 -1.216180101037025452e-01 -1.971121132373809814e-02 1.335892379283905029e-01 -3.989113122224807739e-02 -7.295613735914230347e-02 3.140575066208839417e-02 -9.456791914999485016e-03 7.317245751619338989e-02 1.066548302769660950e-01 -9.258665889501571655e-02 -1.102660596370697021e-01 -7.682847976684570312e-02 -8.252455852925777435e-03 -1.131057217717170715e-01 -4.485315456986427307e-02 -5.973735824227333069e-02 -1.433187127113342285e-01 -8.942504972219467163e-02 -8.476798236370086670e-02 1.141387224197387695e-02
2.783207688480615616e-03 1.219020336866378784e-01 1.026146952062845230e-02 -1.133555322885513306e-01 3.025486692786216736e-02 -9.651364386081695557e-02 -1.596787273883819580e-01 -1.385621130466461182e-01 -9.863290935754776001e-02 -1.282501816749572754e-01 3.683429956436157227e-02 8.155969530344009399e-02 -7.653607428073883057e-02 -1.086034160107374191e-02 -1.458966583013534546e-01 -1.331937611103057861e-01 1.542050242424011230e-01 -1.020250748842954636e-02 -2.127591893076896667e-02 3.108273446559906006e-02 2.633047848939895630e-02 1.302804946899414062e-01 -8.511173725128173828e-02 7.529548555612564087e-02 -9.371846169233322144e-02 -9.163422882556915283e-02 1.348765492439270020e-01 1.054842490702867508e-02 -1.512713134288787842e-01 -4.039867967367172241e-02 2.285264246165752411e-02 1.823147237300872803e-01 -7.757814973592758179e-02 5.790911242365837097e-02 4.888748377561569214e-02 7.294639945030212402e-02 2.176378667354583740e-02 -1.813751906156539917e-01 1.455739736557006836e-01 -5.013739224523305893e-03 -1.812763139605522156e-02 1.337159518152475357e-02 2.711261250078678131e-02 -8.326505124568939209e-02 1.753635853528976440e-01 -2.037347294390201569e-03 7.933576405048370361e-02 -4.602936282753944397e-02 1.412733495235443115e-01 1.322141885757446289e-01 7.616268843412399292e-02 -5.477774515748023987e-02 -7.677441835403442383e-02 2.993650548160076141e-02 -1.040109694004058838e-01 -7.947370409965515137e-03 -1.959987580776214600e-01 -6.586856395006179810e-02 1.473777294158935547e-01 1.190364360809326172e-01 1.290847659111022949e-01 1.501552760601043701e-01 1.244905814528465271e-01 9.592072106897830963e-03 6.379506736993789673e-02 -6.937414407730102539e-02 1.321654468774795532e-01 -8.356290310621261597e-02 1.957591474056243896e-01 -1.023779362440109253e-01 -7.762601133435964584e-03 1.380036324262619019e-01 7.384896278381347656e-02 1.034686621278524399e-02 1.212744489312171936e-01 -5.734601244330406189e-02 3.914118558168411255e-02 5.041027441620826721e-03 1.290114223957061768e-01 -1.591829359531402588e-01 1.032519116997718811e-01 -1.330642551183700562e-01 -1.116656959056854248e-01 1.629284583032131195e-02 9.228748083114624023e-02 -1.168309003114700317e-01 1.485034078359603882e-01 -1.808955892920494080e-02 -1.048429682850837708e-01 6.765039265155792236e-02 3.409006074070930481e-02 3.113213181495666504e-02 1.507105585187673569e-02 3.275715932250022888e-02 8.292288333177566528e-02 -1.402903255075216293e-02 3.455146029591560364e-02 1.635698080062866211e-01 -2.213825099170207977e-02 -2.228263393044471741e-02
9.064201265573501587e-02 -1.127234101295471191e-01 -3.861199319362640381e-02 -5.038879439234733582e-02 -2.872125431895256042e-02 3.084192750975489616e-03 7.966359704732894897e-02 -3.048261255025863647e-02 -6.341556459665298462e-02 1.109389662742614746e-01 -3.047877456992864609e-03 -1.034278795123100281e-01 4.059901833534240723e-02 -5.291280150413513184e-02 3.591029671952128410e-03 7.763369008898735046e-03 4.585571587085723877e-03 -1.127970665693283081e-01 -1.474426034837961197e-02 6.999823451042175293e-02 -1.022787690162658691e-01 -2.138335071504116058e-02 -7.323481887578964233e-02 -1.064094007015228271e-01 7.785923779010772705e-02 -7.605120074003934860e-03 5.035531893372535706e-02 -1.171369198709726334e-02 -5.310491845011711121e-02 6.904737651348114014e-02 -8.284722268581390381e-02 -1.850167289376258850e-02 -1.122161932289600372e-02 -1.015375331044197083e-01 -3.892211243510246277e-02 -4.125915095210075378e-02 2.367668040096759796e-02 -1.648615673184394836e-02 -5.642753466963768005e-02 1.051077712327241898e-02 -2.978981658816337585e-02 8.403755724430084229e-02 -1.533054281026124954e-02 -1.035882681608200073e-01 -1.339011732488870621e-02 1.192662492394447327e-01 -4.183341190218925476e-02 5.422582104802131653e-02 -7.215087115764617920e-02 -1.138088386505842209e-02 8.230804465711116791e-03 -1.391805708408355713e-02 1.044775769114494324e-01 1.512180641293525696e-02 -4.061707481741905212e-02 -5.483727902173995972e-02 2.752981707453727722e-02 -1.087173372507095337e-01 -4.805146902799606323e-02 2.221811749041080475e-02 -7.499536871910095215e-02 1.529174369352404028e-05 3.328998014330863953e-02 7.562927156686782837e-02 8.662622421979904175e-03 1.153033506125211716e-02 -1.256391108036041260e-01 -6.019259244203567505e-02 1.778766326606273651e-02 5.467050895094871521e-02 3.271372755989432335e-03 -1.006522104144096375e-01 -5.359174311161041260e-02 -1.265398412942886353e-02 -1.023151576519012451e-01 1.147895455360412598e-01 -2.451855316758155823e-02 -6.792120635509490967e-02 4.104933142662048340e-02 -8.399878442287445068e-02 -5.204104632139205933e-02 1.452827267348766327e-02 -6.233481690287590027e-02 5.700680613517761230e-02 -8.123356848955154419e-02 1.132532209157943726e-01 -2.194793708622455597e-02 7.997969165444374084e-03 2.870733104646205902e-02 -1.096736192703247070e-01 -5.473795905709266663e-02 -5.330536048859357834e-03 -2.238000370562076569e-02 -3.950326517224311829e-02 -2.132716588675975800e-02 -4.622403159737586975e-02 1.517377141863107681e-02 -9.462102502584457397e-02 1.963140442967414856e-02 -1.218206286430358887e-01
4.637135192751884460e-03 9.002929925918579102e-02 -5.233004689216613770e-02 2.832390740513801575e-02 1.182236969470977783e-01 -6.115328893065452576e-02 -5.259662866592407227e-02 -2.727134712040424347e-02 3.896292671561241150e-02 3.022513352334499359e-02 2.742431312799453735e-02 3.080596216022968292e-02 8.852311410009860992e-03 -5.327747389674186707e-02 -8.774855732917785645e-02 -5.503585562109947205e-02 8.647527545690536499e-03 1.107572838664054871e-01 5.405780859291553497e-03 2.706679329276084900e-02 1.607456058263778687e-02 1.308576911687850952e-01 -1.376718748360872269e-02 -3.328376635909080505e-02 -6.308306753635406494e-02 -4.266086593270301819e-02 1.248261854052543640e-01 7.237899303436279297e-02 -2.337926477193832397e-01 8.184725791215896606e-02 1.177892461419105530e-01 1.068277508020401001e-01 -9.883391112089157104e-02 3.594532236456871033e-02 -9.422802831977605820e-04 7.431350648403167725e-02 1.091712117195129395e-01 -8.915704488754272461e-02 1.377036422491073608e-01 7.565083354711532593e-02 3.428837284445762634e-02 -1.081844270229339600e-01 1.234518289566040039e-01 7.228732854127883911e-02 6.461126729846000671e-03 -2.994147595018148422e-03 7.300864905118942261e-02 1.070435345172882080e-02 -3.826558124274015427e-03 -8.052207529544830322e-03 1.271038800477981567e-01 -1.145344004034996033e-01 -1.237808465957641602e-01 4.995707422494888306e-02 -7.590759545564651489e-02 4.826032742857933044e-02 -9.762112051248550415e-02 6.750185042619705200e-02 1.005292981863021851e-01 7.477026432752609253e-03 1.238998323678970337e-01 1.122360303997993469e-01 3.497733548283576965e-02 -1.319000311195850372e-02 2.452039904892444611e-02 2.411545068025588989e-02 8.732289820909500122e-02 -1.466794288717210293e-03 8.634799718856811523e-02 -1.018010452389717102e-02 8.003997057676315308e-02 6.162958219647407532e-02 1.245424970984458923e-01 1.464205086231231689e-01 1.173378378152847290e-01 4.206317663192749023e-02 1.295836418867111206e-01 -4.044714849442243576e-03 1.239694952964782715e-01 -4.461698234081268311e-02 8.654903620481491089e-03 -5.606636032462120056e-02 4.206137266010046005e-03 -2.505417764186859131e-01 4.966230131685733795e-03 2.727404609322547913e-02 4.318810626864433289e-02 3.190552070736885071e-02 -1.646358333528041840e-02 2.833725139498710632e-02 -3.125737607479095459e-02 1.061911284923553467e-01 -5.872474983334541321e-03 1.134877800941467285e-01 -4.621235653758049011e-02 -4.071637988090515137e-02 -4.600600898265838623e-02 9.491487406194210052e-03 -2.472098357975482941e-02 4.283482208847999573e-02
-1.086399927735328674e-01 7.999727874994277954e-02 4.622244834899902344e-02 1.728255674242973328e-02 7.348299026489257812e-02 -6.647531688213348389e-02 2.566902898252010345e-02 -2.838451415300369263e-02 -1.431594192981719971e-01 1.459076348692178726e-02 3.155409917235374451e-02 -7.964558899402618408e-03 -1.181470677256584167e-01 -1.457366794347763062e-01 -5.765820294618606567e-02 -7.440677285194396973e-02 1.523111853748559952e-02 4.144397005438804626e-02 -1.323268562555313110e-01 3.646452352404594421e-02 9.961863607168197632e-02 1.729008369147777557e-02 4.205645062029361725e-03 1.247968152165412903e-02 3.734671045094728470e-03 -1.387910097837448120e-01 2.526259981095790863e-02 1.046659275889396667e-01 3.256013384088873863e-03 1.581037230789661407e-02 6.575759034603834152e-03 1.690073311328887939e-02 -1.201003640890121460e-01 9.648381173610687256e-02 7.181078940629959106e-02 1.595423370599746704e-01 1.602791249752044678e-01 -1.333134770393371582e-01 5.003905296325683594e-02 -3.744548931717872620e-02 1.137518230825662613e-02 -6.573709845542907715e-02 7.008382678031921387e-02 8.283811062574386597e-02 4.941672086715698242e-02 3.512867912650108337e-02 -1.661650091409683228e-02 -3.703624382615089417e-02 1.286941468715667725e-01 -9.269420057535171509e-03 4.525814205408096313e-02 -4.790550097823143005e-02 2.292531542479991913e-02 1.223252564668655396e-01 3.953205794095993042e-02 -1.296175569295883179e-01 1.406711991876363754e-02 -2.258943859487771988e-03 1.356257945299148560e-01 1.188983172178268433e-01 8.178184181451797485e-02 1.038503125309944153e-01 3.660334274172782898e-02 -8.390004187822341919e-02 -4.687642306089401245e-02 -1.441123485565185547e-01 1.135041788220405579e-01 -4.925141483545303345e-02 1.233671531081199646e-01 -1.424016654491424561e-01 6.062188744544982910e-02 2.104477770626544952e-02 9.610405564308166504e-02 1.397996693849563599e-01 -4.490136168897151947e-03 3.736081346869468689e-02 6.922573596239089966e-02 -5.852136015892028809e-02 1.524427235126495361e-01 -1.248186156153678894e-01 6.124844029545783997e-02 -9.260416775941848755e-02 -1.163400635123252869e-01 1.502828672528266907e-02 2.306774491444230080e-03 -1.616698652505874634e-01 1.034928634762763977e-01 -8.466090075671672821e-04 -3.585850074887275696e-02 1.180111169815063477e-01 4.537236690521240234e-02 1.172123476862907410e-01 2.785156667232513428e-02 3.345588967204093933e-02 8.045374602079391479e-02 1.158427372574806213e-01 5.079355463385581970e-02 -1.244858186691999435e-02 -2.332315547391772270e-03 9.207073599100112915e-02
-3.614868223667144775e-02 -6.699465215206146240e-02 8.210090920329093933e-03 -6.015482172369956970e-02 6.547679007053375244e-02 -4.853523895144462585e-02 3.408303856849670410e-02 -5.477088689804077148e-02 4.680113121867179871e-02 -6.354658305644989014e-02 1.478325016796588898e-02 -2.641568891704082489e-03 -1.489611342549324036e-02 -6.741057336330413818e-02 -1.237914548255503178e-03 1.983881741762161255e-02 -3.209433704614639282e-02 4.347679391503334045e-02 1.159408837556838989e-01 2.247304096817970276e-02 1.019434537738561630e-02 -7.513861358165740967e-02 2.571850083768367767e-02 7.787000387907028198e-02 1.198319345712661743e-01 4.079303145408630371e-02 3.951667621731758118e-02 3.078594617545604706e-02 -9.189413976855576038e-04 4.794666916131973267e-02 -3.793058916926383972e-02 -5.482700094580650330e-02 -5.434921011328697205e-02 -1.698223315179347992e-02 -6.249136477708816528e-02 -1.655537076294422150e-02 -1.229771748185157776e-01 -3.526899591088294983e-02 -8.320725709199905396e-02 4.857696592807769775e-02 -1.883645914494991302e-02 -5.341084301471710205e-02 -1.127157807350158691e-01 1.490684412419795990e-02 7.172156870365142822e-02 3.694663196802139282e-02 7.257723808288574219e-02 6.177775934338569641e-02 -4.963687062263488770e-02 3.233379498124122620e-02 -8.632866293191909790e-02 8.960461243987083435e-03 4.982622805982828140e-03 -2.502959966659545898e-02 -5.145368725061416626e-02 3.692493960261344910e-02 1.287571042776107788e-01 -7.200290262699127197e-02 -6.471490114927291870e-02 2.373159490525722504e-02 -9.546247869729995728e-02 -4.071676731109619141e-02 -4.262813553214073181e-02 -2.147816866636276245e-02 2.436127513647079468e-02 -6.946498900651931763e-02 2.433122135698795319e-02 1.338912546634674072e-01 2.444407530128955841e-02 3.349812328815460205e-02 -5.959360674023628235e-02 -4.858243837952613831e-02 3.783849254250526428e-02 5.227382481098175049e-02 -1.987016946077346802e-02 7.829933613538742065e-02 -7.119116187095642090e-02 3.498033434152603149e-02 7.083348184823989868e-02 1.142063662409782410e-01 -3.939262032508850098e-02 -2.595611847937107086e-03 -1.060887612402439117e-02 1.154911369085311890e-01 -3.608036041259765625e-02 6.650681793689727783e-02 -1.121608689427375793e-01 1.204637587070465088e-01 3.414976224303245544e-02 -8.127713948488235474e-02 -4.880221933126449585e-02 -6.503574550151824951e-02 1.177708990871906281e-02 9.307084977626800537e-02 -9.310344606637954712e-02 -6.185429543256759644e-02 1.344693731516599655e-02 -3.923246636986732483e-02 2.287930995225906372e-02 5.039063841104507446e-02
7.999845780432224274e-03 -4.025449976325035095e-03 -2.267846092581748962e-02 -2.282080799341201782e-02 -2.867593988776206970e-02 -7.791858166456222534e-02 7.812792807817459106e-02 -4.979806765913963318e-02 -1.909288344904780388e-03 -7.642257958650588989e-02 9.063802659511566162e-02 -1.124804653227329254e-02 -7.436631619930267334e-02 4.656720161437988281e-02 6.482741236686706543e-02 -8.728260174393653870e-03 6.082283332943916321e-02 -5.784198641777038574e-02 -9.648109972476959229e-02 4.032388329505920410e-02 9.843494743108749390e-02 4.033813253045082092e-02 -1.017293334007263184e-01 9.185595065355300903e-02 3.989936411380767822e-02 5.374905094504356384e-02 4.970705136656761169e-02 8.914826810359954834e-02 2.265376783907413483e-02 3.529697656631469727e-02 1.517428830265998840e-02 -7.788413763046264648e-02 -2.095605805516242981e-02 2.575113996863365173e-02 9.455856680870056152e-02 -6.324013322591781616e-02 6.990868598222732544e-02 3.936958312988281250e-02 1.140129417181015015e-01 -1.512313913553953171e-02 2.249168790876865387e-02 4.502473399043083191e-02 9.992264956235885620e-02 -5.604271963238716125e-02 8.340647071599960327e-02 -1.441980130039155483e-03 -2.734344918280839920e-03 -4.100688174366950989e-02 2.915379963815212250e-02 3.253129497170448303e-02 -6.111642811447381973e-03 2.447642758488655090e-02 -1.092863380908966064e-01 2.785801514983177185e-02 -1.985833235085010529e-02 -4.192737489938735962e-02 -7.703824341297149658e-02 -1.002890542149543762e-01 1.034299433231353760e-01 4.699814133346080780e-03 -1.835834421217441559e-02 -2.338705398142337799e-02 -1.146828662604093552e-02 -5.434060469269752502e-02 8.262123912572860718e-02 8.206363767385482788e-02 -3.983249515295028687e-02 -2.078516408801078796e-02 9.815295226871967316e-03 -6.215787678956985474e-02 7.423917949199676514e-02 -2.347719483077526093e-02 7.582751661539077759e-02 2.672726660966873169e-02 2.751827985048294067e-02 -6.590653955936431885e-02 4.670758545398712158e-02 3.227416798472404480e-02 5.774563178420066833e-02 -7.303185760974884033e-02 2.084995433688163757e-02 6.286083906888961792e-02 -8.129628002643585205e-02 -9.797927737236022949e-02 -1.265855226665735245e-02 5.972864106297492981e-02 -6.801114883273839951e-03 1.735294982790946960e-02 -5.692404136061668396e-02 1.124582886695861816e-01 6.554818712174892426e-03 8.256380259990692139e-02 -6.542275100946426392e-02 5.354401096701622009e-02 -6.410797685384750366e-02 -3.592466935515403748e-02 -6.892566382884979248e-02 1.291317865252494812e-02 -7.442133128643035889e-02 6.234466563910245895e-04
-4.818967357277870178e-02 -1.006968840956687927e-01 -1.111286133527755737e-01 -1.378274895250797272e-02 -1.179508119821548462e-01 -5.317353084683418274e-02 5.381079763174057007e-02 9.626954793930053711e-02 -6.992415338754653931e-02 9.859455376863479614e-02 -1.262520998716354370e-01 2.811027504503726959e-02 8.874297142028808594e-02 4.663249477744102478e-02 1.066692024469375610e-01 1.683918177150189877e-03 7.661439478397369385e-03 -6.647307425737380981e-02 5.548720806837081909e-02 4.731862619519233704e-02 -7.813341170549392700e-02 4.411641880869865417e-02 6.162154488265514374e-03 -9.405018389225006104e-02 1.224627159535884857e-02 -7.101743668317794800e-02 5.296336486935615540e-03 -8.462275564670562744e-02 -2.215684019029140472e-02 -3.580646961927413940e-02 4.876746609807014465e-02 -9.868037886917591095e-03 8.660889416933059692e-02 7.112355530261993408e-02 -6.438446044921875000e-02 -6.253562401980161667e-03 4.810053110122680664e-02 -7.279579341411590576e-02 7.354135811328887939e-02 -9.331651381216943264e-04 -7.906119525432586670e-02 8.164068311452865601e-02 -1.032378301024436951e-01 -5.819220468401908875e-02 -8.322072029113769531e-02 3.755211457610130310e-02 4.674825351685285568e-03 -3.341948986053466797e-02 -6.877385079860687256e-02 -5.411050748080015182e-03 -7.845719158649444580e-02 -6.707196682691574097e-02 7.382559776306152344e-02 5.693671852350234985e-02 -4.127710312604904175e-02 -6.768818199634552002e-02 1.034175232052803040e-01 3.851548209786415100e-02 5.621494352817535400e-02 5.592915043234825134e-02 -1.164770573377609253e-01 -6.799189839512109756e-03 -5.607158318161964417e-02 2.585946023464202881e-02 8.126146160066127777e-03 5.761622637510299683e-02 -4.902042075991630554e-02 -2.314575389027595520e-02 -1.209760457277297974e-01 6.261178106069564819e-02 -4.200696945190429688e-03 6.210511084645986557e-03 1.482075359672307968e-02 4.666753858327865601e-02 4.908642917871475220e-02 2.500768378376960754e-02 7.122339308261871338e-02 -3.927884250879287720e-02 3.714876621961593628e-02 4.752231389284133911e-02 2.078653313219547272e-02 3.727082908153533936e-02 1.124598234891891479e-01 -1.260726246982812881e-02 2.325282804667949677e-02 1.421074718236923218e-01 6.635782867670059204e-02 1.170181035995483398e-01 3.484603657852858305e-04 1.362489722669124603e-02 -6.384521722793579102e-02 -5.671448633074760437e-02 6.946777459233999252e-03 1.375254429876804352e-02 1.887450926005840302e-03 -9.174552559852600098e-02 -5.854418501257896423e-02 -4.804741591215133667e-02 2.661946974694728851e-02 4.681174084544181824e-02
-7.829672843217849731e-02 -8.235680870711803436e-03 -3.487699478864669800e-02 -1.087983846664428711e-01 -1.524945441633462906e-02 8.048306219279766083e-03 -1.471659392118453979e-01 -1.619551517069339752e-02 -7.597099244594573975e-02 -6.941668689250946045e-02 5.547948181629180908e-02 1.194991692900657654e-01 -1.274797469377517700e-01 1.980806142091751099e-02 -1.153478696942329407e-01 -4.650600254535675049e-02 1.399040967226028442e-02 7.317794114351272583e-02 -1.364838480949401855e-01 7.109881937503814697e-02 9.447535499930381775e-03 6.314999610185623169e-02 -7.708077132701873779e-02 1.896927505731582642e-02 -1.083538010716438293e-01 -1.035656705498695374e-01 2.218491956591606140e-02 9.599358588457107544e-02 1.140655428171157837e-01 -4.473014920949935913e-02 6.852214783430099487e-02 1.573801040649414062e-01 -5.867216363549232483e-02 -2.517762035131454468e-02 -2.824079059064388275e-02 7.415068894624710083e-02 3.844352066516876221e-02 -1.301870197057723999e-01 -8.958520367741584778e-03 6.122388318181037903e-02 -3.315562754869461060e-02 -1.596668660640716553e-01 5.747618153691291809e-02 2.811437286436557770e-02 -3.415630385279655457e-02 -1.148296520113945007e-01 1.188325658440589905e-01 -1.351191997528076172e-01 1.386455148458480835e-01 4.375434946268796921e-03 1.095826327800750732e-01 1.352539565414190292e-02 -1.000576764345169067e-01 7.482441514730453491e-02 2.998199313879013062e-02 -5.417735874652862549e-02 -2.586237154901027679e-02 5.311439931392669678e-02 -3.425435721874237061e-02 4.083704575896263123e-02 1.367442011833190918e-01 1.352180540561676025e-01 5.080624669790267944e-02 -1.266001760959625244e-01 6.786862760782241821e-02 -3.106801956892013550e-02 1.483523547649383545e-01 2.930412441492080688e-02 2.984510920941829681e-02 -1.380221825093030930e-02 1.362912207841873169e-01 7.051015645265579224e-02 1.232598721981048584e-01 1.026004701852798462e-01 1.386559307575225830e-01 -1.962661184370517731e-02 1.021333783864974976e-02 -2.791871316730976105e-02 1.199030801653862000e-01 1.782196015119552612e-01 8.792652189731597900e-02 5.207489710301160812e-03 2.061064541339874268e-02 2.123063206672668457e-01 -1.733143581077456474e-04 -1.489872336387634277e-01 5.853782594203948975e-02 1.488069770857691765e-03 -1.376152634620666504e-01 4.705067258328199387e-03 1.566846519708633423e-01 6.620650738477706909e-02 -6.647969782352447510e-02 4.580612108111381531e-02 1.451664045453071594e-02 3.530567884445190430e-02 1.226885691285133362e-01 2.377724647521972656e-02 1.240896657109260559e-01 -1.625105924904346466e-02
4.029224067926406860e-02 6.904157251119613647e-02 2.638439089059829712e-02 -1.089208722114562988e-01 1.036198511719703674e-01 1.495628734119236469e-03 -5.288814380764961243e-02 3.882231190800666809e-02 -1.737744919955730438e-02 1.299329753965139389e-02 1.260598003864288330e-02 -2.276409231126308441e-02 -8.426672965288162231e-02 -1.510582715272903442e-01 -1.241618245840072632e-01 -9.346068650484085083e-02 6.305193156003952026e-02 1.513523161411285400e-01 -1.221715286374092102e-01 -1.417713705450296402e-02 6.871259212493896484e-02 6.536041200160980225e-02 -1.227727606892585754e-01 1.135081797838211060e-01 -1.242993585765361786e-02 -1.356462687253952026e-01 -6.781959906220436096e-03 1.378208249807357788e-01 -1.363622248172760010e-01 -9.411124140024185181e-02 -1.294372603297233582e-02 8.655318617820739746e-02 -2.146081253886222839e-02 2.082510478794574738e-02 1.144223287701606750e-01 1.495334552600979805e-03 3.480755910277366638e-02 -4.334334284067153931e-02 6.221027299761772156e-02 -3.364649042487144470e-02 -1.168620735406875610e-01 -9.651961177587509155e-02 9.178872406482696533e-02 1.159792616963386536e-01 9.536346793174743652e-02 2.222703211009502411e-02 2.611279673874378204e-02 1.194936688989400864e-02 3.034017793834209442e-02 4.433399066329002380e-03 1.271444857120513916e-01 1.542949676513671875e-02 -7.318615168333053589e-02 3.930724412202835083e-02 -9.124979376792907715e-02 1.455334131605923176e-03 -2.465696306899189949e-03 1.171828061342239380e-01 1.496916562318801880e-01 1.520617455244064331e-01 2.810755977407097816e-03 7.395880669355392456e-02 5.357649177312850952e-02 -1.464593559503555298e-01 9.709620848298072815e-03 3.698285296559333801e-02 7.548082154244184494e-03 3.412392735481262207e-02 4.085545986890792847e-02 -6.808111071586608887e-02 1.241897419095039368e-01 8.321361988782882690e-02 1.936877728439867496e-03 -2.809920534491539001e-02 6.101299077272415161e-02 -1.091858278959989548e-02 1.453073620796203613e-01 -6.343657523393630981e-02 6.994357705116271973e-02 -6.053759530186653137e-02 -6.113436538726091385e-03 -3.092083893716335297e-02 -1.116424575448036194e-01 6.124054640531539917e-02 1.036480367183685303e-01 -6.445828825235366821e-02 -2.059360407292842865e-02 -9.496653452515602112e-03 -1.243616640567779541e-01 1.196189895272254944e-01 -1.200729981064796448e-03 7.668406516313552856e-02 -5.651778727769851685e-02 6.057690829038619995e-02 4.375698044896125793e-02 -2.546698786318302155e-02 -3.205576213076710701e-03 -2.394308894872665405e-02 8.564469963312149048e-02 1.261695772409439087e-01
-1.125426683574914932e-02 -9.559415280818939209e-02 -1.927268058061599731e-01 4.531290009617805481e-02 6.804729253053665161e-02 4.277879372239112854e-02 -6.237857416272163391e-02 -6.578820175491273403e-04 -5.511572957038879395e-02 2.601172588765621185e-02 -1.002374738454818726e-01 3.579268604516983032e-02 1.221500933170318604e-01 7.630634307861328125e-02 1.246504858136177063e-01 2.006302773952484131e-02 2.198160625994205475e-02 -4.790563136339187622e-03 -8.648799359798431396e-02 -1.241339184343814850e-02 -2.545416355133056641e-02 1.793625950813293457e-02 1.055293753743171692e-01 -2.453930675983428955e-02 3.870667144656181335e-02 3.048394434154033661e-02 -4.777763038873672485e-02 -4.645163193345069885e-02 -1.925870627164840698e-01 5.588965490460395813e-03 -6.640408933162689209e-02 -6.474357843399047852e-02 1.830970868468284607e-02 -1.004029288887977600e-01 6.137535348534584045e-02 -1.610035635530948639e-02 -5.860537639819085598e-04 1.131114810705184937e-01 -7.734509557485580444e-02 -1.290588378906250000e-01 1.112612634897232056e-01 6.448000669479370117e-02 -1.058542132377624512e-01 3.978493809700012207e-02 3.819265961647033691e-02 -5.209383368492126465e-02 5.254781246185302734e-02 -8.310069143772125244e-02 -3.590304777026176453e-02 -3.517860546708106995e-02 -4.032406024634838104e-03 5.857006087899208069e-02 2.365187555551528931e-02 2.685748785734176636e-02 3.102248720824718475e-02 -3.646855801343917847e-02 5.235989391803741455e-02 1.645661890506744385e-01 -7.511329650878906250e-02 -3.691134229302406311e-02 -3.447181731462478638e-02 -8.550807833671569824e-02 -5.361032485961914062e-02 3.472078964114189148e-02 1.408149152994155884e-01 9.859786182641983032e-02 4.741823673248291016e-02 -1.221575289964675903e-01 -1.142102926969528198e-01 8.265349268913269043e-02 -7.313001155853271484e-02 -3.933273255825042725e-02 8.063241839408874512e-02 -1.495310664176940918e-02 -1.000127345323562622e-01 9.629632532596588135e-02 -1.498882286250591278e-02 -5.778168141841888428e-02 6.153128296136856079e-02 -1.185599192976951599e-01 8.491811156272888184e-02 2.171513438224792480e-02 -1.030927523970603943e-02 -9.761511534452438354e-02 -4.413453489542007446e-02 -2.582623856142163277e-03 -4.766507074236869812e-02 -3.286055848002433777e-02 -6.967694312334060669e-02 7.202971726655960083e-02 -3.039851598441600800e-02 -8.851420879364013672e-02 -6.098751723766326904e-02 -6.673887372016906738e-02 -1.068057864904403687e-01 6.809888035058975220e-02 -1.730734668672084808e-02 -6.686171144247055054e-02 1.354493107646703720e-02 7.251119613647460938e-02
4.668676108121871948e-02 4.040319845080375671e-02 5.744306370615959167e-02 1.558800507336854935e-02 6.602916866540908813e-02 2.761040255427360535e-02 -1.921736821532249451e-02 2.563084661960601807e-02 -4.105564206838607788e-02 -4.046513140201568604e-02 -1.624585688114166260e-02 -8.038683980703353882e-02 -7.078994065523147583e-02 -8.515307307243347168e-02 1.503978576511144638e-02 -7.184226810932159424e-02 -1.455569081008434296e-02 -2.647624351084232330e-02 9.967861324548721313e-02 -8.051472902297973633e-02 6.550230551511049271e-03 -4.000443965196609497e-02 -1.291209086775779724e-02 7.042778283357620239e-02 8.343701809644699097e-02 -2.259661629796028137e-02 4.663906991481781006e-02 -1.034323051571846008e-01 6.901571154594421387e-02 7.697131484746932983e-02 -5.751441046595573425e-02 -1.155338715761899948e-02 5.011863261461257935e-02 -1.810866035521030426e-02 -6.710010115057229996e-03 3.785925358533859253e-02 -8.244595490396022797e-03 4.589454084634780884e-02 -2.694942615926265717e-02 -4.566360265016555786e-02 -2.955088578164577484e-02 -8.536379784345626831e-02 3.233236446976661682e-02 -1.130782812833786011e-01 2.854154258966445923e-02 1.142281666398048401e-02 8.206604421138763428e-02 7.122100889682769775e-02 3.821060806512832642e-02 -4.374289885163307190e-02 4.028581082820892334e-02 5.844055488705635071e-02 -6.278110295534133911e-02 4.118183255195617676e-02 -2.369152382016181946e-02 -5.590039491653442383e-02 2.931443229317665100e-02 -7.123003713786602020e-03 -8.177653886377811432e-03 -7.205506414175033569e-02 1.818682299926877022e-03 4.994358867406845093e-02 -2.012397162616252899e-02 -9.978387504816055298e-02 1.125889122486114502e-01 7.763651758432388306e-02 -9.787829965353012085e-02 -1.641881465911865234e-02 -4.905062168836593628e-02 -6.378428637981414795e-02 4.420585930347442627e-02 4.979951679706573486e-02 -6.108834408223628998e-03 -5.281087756156921387e-02 9.257391840219497681e-02 1.046769395470619202e-01 9.259713441133499146e-02 6.559906154870986938e-02 -5.087325349450111389e-03 -8.365513384342193604e-02 -5.767013505101203918e-02 4.748875275254249573e-02 8.825928717851638794e-02 9.319845587015151978e-02 -5.449601262807846069e-02 -4.124538227915763855e-02 -4.243684560060501099e-02 3.964717313647270203e-02 -6.549624353647232056e-02 6.375342607498168945e-02 4.666902497410774231e-02 -9.931542724370956421e-02 1.064397394657135010e-01 -9.991489350795745850e-02 6.918929517269134521e-02 1.231212168931961060e-02 1.499022636562585831e-02 -7.730455696582794189e-02 -1.244139969348907471e-01 4.499867931008338928e-02
-6.686911731958389282e-02 2.776129543781280518e-02 -7.869984954595565796e-03 8.929289132356643677e-02 -9.126401692628860474e-02 -3.425921127200126648e-02 4.371002141851931810e-04 5.139206722378730774e-02 2.121869288384914398e-02 4.266419634222984314e-02 -1.827597469091415405e-01 3.799861297011375427e-02 -1.808308251202106476e-02 9.799779206514358521e-02 1.212197393178939819e-01 9.375163167715072632e-02 6.251282989978790283e-02 -7.645659893751144409e-02 4.343170672655105591e-02 -2.577746100723743439e-02 4.613675922155380249e-02 -1.194508150219917297e-01 1.037206351757049561e-01 2.120318263769149780e-02 1.283762156963348389e-01 -7.854365743696689606e-03 -9.290899336338043213e-02 -8.397390693426132202e-02 6.117368862032890320e-02 -6.480547785758972168e-02 -5.215690657496452332e-02 -9.045814722776412964e-02 7.773933559656143188e-02 -6.513564288616180420e-02 -1.219709068536758423e-01 -3.243824094533920288e-02 -9.494247287511825562e-02 -4.108718410134315491e-02 -5.359739065170288086e-02 -1.092070341110229492e-01 -4.345737770199775696e-02 4.359680041670799255e-02 -1.383615583181381226e-01 1.259659230709075928e-01 -7.285952568054199219e-02 -5.842965096235275269e-02 7.263022661209106445e-02 7.028617709875106812e-02 1.811152324080467224e-02 -1.084725409746170044e-01 -1.166163608431816101e-01 7.659317553043365479e-02 9.367902576923370361e-02 5.035660788416862488e-02 -4.642383009195327759e-02 1.031136289238929749e-01 1.371825933456420898e-01 4.980944842100143433e-02 -2.165595628321170807e-02 -1.007312089204788208e-01 9.551450610160827637e-03 -7.265846431255340576e-02 -7.367543131113052368e-02 9.041707217693328857e-02 6.695491727441549301e-03 -1.502855867147445679e-02 -6.768779456615447998e-02 1.365318447351455688e-01 -1.443950980901718140e-01 7.773674279451370239e-02 6.406721472740173340e-02 -9.158138185739517212e-02 -7.913034409284591675e-02 8.563889563083648682e-02 2.505041100084781647e-02 8.166410960257053375e-03 1.641719415783882141e-02 -6.316292099654674530e-03 -1.258375793695449829e-01 9.639170020818710327e-03 4.400825500488281250e-02 -3.113314695656299591e-02 6.630972027778625488e-02 -2.249389886856079102e-02 -2.198478579521179199e-02 1.111744791269302368e-01 2.691714093089103699e-02 2.420466579496860504e-02 -7.257176563143730164e-03 -2.367292158305644989e-02 -9.477519989013671875e-02 -1.079441085457801819e-01 -7.224463671445846558e-02 7.597488909959793091e-02 4.295060411095619202e-02 -1.108260266482830048e-02 -1.936945877969264984e-02 -1.148492246866226196e-01 -1.112570539116859436e-01 -1.640205457806587219e-02
-2.715292200446128845e-02 -1.393055617809295654e-01 -1.117749810218811035e-01 2.571944519877433777e-02 -6.876663863658905029e-02 6.195994466543197632e-02 4.077482968568801880e-03 1.297575980424880981e-01 3.768781572580337524e-02 1.200205367058515549e-02 -3.965248167514801025e-02 -3.030754858627915382e-03 1.653368920087814331e-01 -1.175167690962553024e-02 1.939858943223953247e-01 5.474210530519485474e-02 8.840254507958889008e-03 -1.505762487649917603e-01 6.490590423345565796e-02 -2.233871072530746460e-02 -1.577952653169631958e-01 -1.416939590126276016e-02 -3.611819120123982430e-03 1.782763004302978516e-02 2.780964411795139313e-02 -2.553954720497131348e-02 -4.376839473843574524e-02 -9.125023335218429565e-02 8.207532018423080444e-02 -2.137231081724166870e-02 2.948048152029514313e-02 -1.170956417918205261e-01 6.273810565471649170e-02 2.074274048209190369e-02 1.432663667947053909e-02 -1.759770512580871582e-01 -4.694279655814170837e-02 8.790126442909240723e-02 1.023303344845771790e-02 -1.907897740602493286e-01 1.137071102857589722e-01 -5.411471240222454071e-03 -9.815200418233871460e-02 3.086460568010807037e-02 -1.248419471085071564e-02 -2.391068078577518463e-02 -6.561884284019470215e-02 -1.912394724786281586e-02 3.201869130134582520e-02 3.712227195501327515e-02 7.675420492887496948e-03 1.494804769754409790e-01 -9.773447178304195404e-03 -1.532984972000122070e-01 1.460148692131042480e-01 1.141083687543869019e-01 9.954488277435302734e-02 1.827374100685119629e-02 -8.647353202104568481e-02 2.415057644248008728e-02 2.312095277011394501e-02 -1.121465191245079041e-01 -6.702008098363876343e-02 -3.404661640524864197e-02 1.784099936485290527e-01 -2.538152039051055908e-03 -9.904789179563522339e-02 4.281682893633842468e-02 -1.243223398923873901e-01 4.873091727495193481e-02 -7.945611327886581421e-02 -4.696527123451232910e-02 -8.232317119836807251e-02 -5.168247967958450317e-02 1.702953316271305084e-02 -1.060642767697572708e-02 -1.180806159973144531e-01 6.120827794075012207e-02 -1.076009124517440796e-02 3.865184634923934937e-02 -1.497639566659927368e-01 -3.599125426262617111e-03 1.213934347033500671e-01 -1.417376399040222168e-01 -1.428098976612091064e-01 1.108621358871459961e-01 1.549222506582736969e-02 1.776230931282043457e-01 -1.397483795881271362e-02 -6.371525675058364868e-02 6.140184774994850159e-02 2.978714369237422943e-02 -4.795746505260467529e-02 7.194126397371292114e-02 -3.293190896511077881e-02 -5.432574823498725891e-02 -5.130750313401222229e-02 -4.846225958317518234e-03 6.806548917666077614e-04 -7.885032892227172852e-02
3.517381474375724792e-02 2.875152230262756348e-02 1.711011864244937897e-02 2.743851020932197571e-02 8.953194133937358856e-03 5.195859819650650024e-02 -4.149035550653934479e-03 2.715597860515117645e-02 8.345435559749603271e-02 5.502815544605255127e-02 -7.452859729528427124e-02 -1.300412323325872421e-02 -6.605212111026048660e-03 7.076697796583175659e-02 9.187691658735275269e-02 -4.422407969832420349e-02 -1.047206073999404907e-01 5.714445561170578003e-02 2.650192938745021820e-02 -7.083303295075893402e-03 -7.126862555742263794e-02 -2.790999226272106171e-02 -7.077955454587936401e-02 -2.848298847675323486e-02 -7.554983347654342651e-02 -7.730814069509506226e-02 2.070976234972476959e-02 3.157143667340278625e-02 -5.511289462447166443e-02 1.096941232681274414e-01 8.002825081348419189e-02 4.071813821792602539e-02 -9.506929665803909302e-02 -7.259860634803771973e-02 5.141163710504770279e-03 7.214952260255813599e-02 -4.735575616359710693e-02 7.963265292346477509e-03 8.851351216435432434e-03 -7.973287254571914673e-02 2.276278100907802582e-02 4.882185161113739014e-02 4.733737185597419739e-02 4.240624606609344482e-02 8.923210203647613525e-02 -5.590324848890304565e-02 8.672715723514556885e-02 -5.453304946422576904e-02 -6.324443221092224121e-02 -3.682841360569000244e-02 -6.746678799390792847e-02 -3.056699596345424652e-02 9.005967876873910427e-04 3.639818355441093445e-02 1.037158146500587463e-01 1.554436981678009033e-02 9.690481424331665039e-02 4.098816588521003723e-02 8.519495278596878052e-02 2.242166735231876373e-02 8.913539350032806396e-02 1.319462619721889496e-02 5.745813995599746704e-02 8.505606651306152344e-02 5.256233364343643188e-02 7.482267916202545166e-02 2.978955209255218506e-02 4.111535474658012390e-02 -3.792657703161239624e-02 8.813148364424705505e-03 4.146849736571311951e-02 -7.712426781654357910e-02 -5.288762971758842468e-02 6.801946461200714111e-02 -4.214812070131301880e-02 1.053614635020494461e-02 -1.247999258339405060e-02 -4.367233812808990479e-02 1.361652836203575134e-02 -7.835390418767929077e-02 4.595845565199851990e-02 -6.999207194894552231e-03 -8.104323595762252808e-02 5.764189362525939941e-02 -5.088366195559501648e-02 -4.099986329674720764e-02 -6.630036234855651855e-02 -8.376057259738445282e-03 -7.061157375574111938e-02 -5.531641095876693726e-02 -7.071562856435775757e-02 -5.130473151803016663e-02 8.660122007131576538e-02 -1.431170478463172913e-02 -1.024040132761001587e-01 -6.200399994850158691e-02 3.069903329014778137e-02 -3.733154758810997009e-02 -1.017189770936965942e-01 5.182921141386032104e-02
2.097933739423751831e-02 1.141943335533142090e-01 -4.253773391246795654e-02 2.596778050065040588e-02 -3.872378915548324585e-02 5.994534119963645935e-02 -9.627087414264678955e-02 2.936625853180885315e-02 6.029140949249267578e-02 -1.468323823064565659e-02 -6.930361996637657285e-05 7.794361561536788940e-02 -1.332162767648696899e-01 -3.339226916432380676e-02 -4.105833545327186584e-02 4.858337715268135071e-02 8.048649132251739502e-02 -8.765426464378833771e-03 -1.256775408983230591e-01 -4.583984985947608948e-02 -4.441868141293525696e-02 -9.670107392594218254e-04 1.902213506400585175e-02 8.100130409002304077e-02 8.811274543404579163e-03 -5.907128751277923584e-02 -5.943703278899192810e-02 -3.999507054686546326e-02 7.088724523782730103e-02 -8.508519828319549561e-02 -3.867411985993385315e-02 -2.557428553700447083e-02 -3.169172257184982300e-02 9.620930999517440796e-02 -2.115297503769397736e-02 -1.088836416602134705e-02 -1.758920610882341862e-03 -9.341803193092346191e-02 4.085785150527954102e-02 -2.242384850978851318e-02 -3.259635344147682190e-02 -8.176634460687637329e-02 4.718627408146858215e-02 2.964670211076736450e-02 5.244787782430648804e-02 -8.837874233722686768e-02 9.388393163681030273e-02 -4.508931189775466919e-02 8.096136152744293213e-02 1.535911206156015396e-02 -4.863838478922843933e-02 3.749796748161315918e-02 -1.083709225058555603e-01 1.294791251420974731e-01 -1.588828712701797485e-01 5.384453013539314270e-02 -2.486932836472988129e-02 6.585291773080825806e-02 4.992627725005149841e-02 -4.975661169737577438e-03 3.234031796455383301e-02 -6.448968313634395599e-03 1.060742512345314026e-01 -9.839146584272384644e-02 -6.905621266923844814e-04 -7.218772917985916138e-02 1.087802350521087646e-01 -1.016099229454994202e-01 -5.230899900197982788e-02 6.125945597887039185e-02 7.113271206617355347e-02 -2.159382030367851257e-02 9.197685867547988892e-02 3.601899743080139160e-02 1.016218960285186768e-02 -1.780199632048606873e-02 9.390154480934143066e-02 5.823640525341033936e-02 8.435076475143432617e-02 4.557076096534729004e-02 3.181796893477439880e-02 -3.896782174706459045e-02 -1.104925498366355896e-01 2.530805952847003937e-02 9.261275827884674072e-02 4.789712280035018921e-02 3.974321857094764709e-02 -6.537048518657684326e-02 3.356308862566947937e-02 -5.801282078027725220e-02 -2.861919999122619629e-02 1.300529856234788895e-02 4.305952414870262146e-02 2.504172548651695251e-02 5.654571577906608582e-02 7.068866491317749023e-02 -2.448002994060516357e-02 -3.132707998156547546e-02 5.332235246896743774e-02 2.933072857558727264e-02
