9.636954963207244873e-02 1.021851748228073120e-01 -1.592661626636981964e-02 1.029886491596698761e-02 5.375613644719123840e-02 -4.086441546678543091e-02 -7.379767298698425293e-02 -1.402631215751171112e-02 8.783970028162002563e-02 -6.297045201063156128e-02 -9.090178459882736206e-02 2.794317901134490967e-03 -5.754043161869049072e-02 -2.779185958206653595e-02 -1.488546188920736313e-02 7.874947041273117065e-02 1.053285971283912659e-01 -7.235147804021835327e-02 4.163414239883422852e-02 1.357180904597043991e-02 -7.519298233091831207e-03 6.359014660120010376e-02 8.757247030735015869e-02 -4.018740437459200621e-04 4.975734651088714600e-02 1.612511835992336273e-02 -3.765403293073177338e-03 -5.435865744948387146e-02 1.075238920748233795e-02 -8.058442175388336182e-02 5.292042344808578491e-02 4.640600085258483887e-02 -6.777235865592956543e-02 -6.622555665671825409e-03 -2.919013798236846924e-02 -9.220254421234130859e-02 7.662938535213470459e-02 9.082783758640289307e-02 4.313919320702552795e-02 -2.108860388398170471e-02 -4.307618655730038881e-04 7.601048052310943604e-02 -2.102391421794891357e-02 -3.270446881651878357e-02 6.786116957664489746e-02 8.426448702812194824e-02 -6.935769319534301758e-02 7.701773196458816528e-02 -9.698380716145038605e-03 5.714541673660278320e-02 9.228299558162689209e-02 -8.879187703132629395e-02 -4.434750229120254517e-02 8.207750320434570312e-02 -3.494671359658241272e-02 7.702064514160156250e-02 -1.000046506524085999e-01 6.804203242063522339e-02 4.899045825004577637e-02 4.529772698879241943e-02 7.522757351398468018e-02 -2.481724321842193604e-02 7.409720122814178467e-02 6.122073903679847717e-02 -4.157392773777246475e-03 4.820783808827400208e-02 1.453877054154872894e-02 -4.750740528106689453e-02 -1.222725864499807358e-02 -6.033869087696075439e-02 -1.173886656761169434e-02 -7.135061174631118774e-02 -2.525878138840198517e-02 4.194747190922498703e-03 -6.558221578598022461e-02 7.871588692069053650e-03 8.957199007272720337e-02 -5.255297943949699402e-02 -4.762141499668359756e-03 4.230457916855812073e-02 2.486786060035228729e-02 -8.985913358628749847e-03 -2.378532476723194122e-02 1.039172410964965820e-01 -9.141459316015243530e-02 7.517008483409881592e-02 9.531392902135848999e-02 -1.304114237427711487e-02 -4.911644756793975830e-02 3.831262886524200439e-02 -4.209432378411293030e-02 2.142199873924255371e-02 4.898217692971229553e-02 -1.100392118096351624e-01 -6.868348270654678345e-02 6.250091642141342163e-02 -3.284802427515387535e-03 -3.090408071875572205e-02 1.021873354911804199e-01 1.516024023294448853e-01
2.991319447755813599e-02 2.697135321795940399e-02 3.209456801414489746e-02 9.590620547533035278e-02 5.779222026467323303e-02 -6.988950818777084351e-02 -9.510957449674606323e-02 -4.341393243521451950e-03 -2.258421108126640320e-02 1.876930822618305683e-03 -9.461298584938049316e-02 8.627921342849731445e-02 2.339232154190540314e-02 -1.087038405239582062e-02 6.532942876219749451e-03 6.733965128660202026e-02 -8.497655391693115234e-02 3.328925743699073792e-02 1.356749888509511948e-02 -4.191102087497711182e-02 -6.074575334787368774e-02 -3.824771940708160400e-02 5.801473744213581085e-03 -9.917148202657699585e-02 -6.861798465251922607e-02 -6.147972494363784790e-02 -1.101932898163795471e-01 8.497185260057449341e-02 4.451188445091247559e-02 -6.981711834669113159e-02 -2.198751829564571381e-02 -6.209581717848777771e-02 -6.984580773860216141e-03 -1.365260779857635498e-02 7.400012761354446411e-02 -1.208689883351325989e-01 3.696803003549575806e-02 2.818898297846317291e-02 -7.394094020128250122e-02 3.752982709556818008e-03 4.601788148283958435e-02 -6.730357557535171509e-02 -9.383465349674224854e-02 3.501068428158760071e-02 4.627848509699106216e-03 -7.672154158353805542e-02 4.762442782521247864e-02 -8.823107928037643433e-02 -8.468791842460632324e-02 -8.572717197239398956e-03 7.969394326210021973e-02 7.049863785505294800e-02 -1.318323984742164612e-02 2.935472689568996429e-02 -5.665051192045211792e-02 8.415170013904571533e-02 -8.062277734279632568e-02 -5.364193022251129150e-02 -8.032853715121746063e-03 2.293708734214305878e-02 -5.682029947638511658e-02 -1.159179359674453735e-01 -1.252543181180953979e-01 -1.146432980895042419e-01 1.285227295011281967e-02 1.589238876476883888e-03 -2.577210776507854462e-02 -1.578799821436405182e-02 -8.867828547954559326e-02 -6.932140886783599854e-02 3.442333079874515533e-03 -7.610753923654556274e-02 3.477760776877403259e-02 -9.911668300628662109e-02 2.432873286306858063e-02 5.211872234940528870e-02 7.682161778211593628e-02 1.059067621827125549e-01 1.376782171428203583e-02 -1.136862635612487793e-01 -1.703867502510547638e-02 1.849210448563098907e-02 -1.644030585885047913e-02 4.675370082259178162e-02 2.569844201207160950e-02 1.210569217801094055e-02 1.296826917678117752e-02 1.159768626093864441e-01 3.361199796199798584e-02 3.120619338005781174e-03 4.262379556894302368e-02 8.771696686744689941e-02 -3.797513991594314575e-02 -6.727581471204757690e-02 2.355523902224376798e-04 1.650062762200832367e-02 -2.292992174625396729e-02 -7.792215049266815186e-02 1.897094026207923889e-02 1.040978059172630310e-01
7.628111541271209717e-02 7.287271320819854736e-02 8.776987344026565552e-02 7.425765693187713623e-02 -6.508184969425201416e-02 2.438297122716903687e-02 -6.771206110715866089e-02 4.011354222893714905e-02 5.696680024266242981e-02 -5.293952673673629761e-02 -5.979168694466352463e-03 8.851455897092819214e-02 -3.605213388800621033e-02 -1.054393947124481201e-01 -1.010220423340797424e-01 7.262586057186126709e-02 -3.654250502586364746e-02 -8.319656550884246826e-02 -9.806159138679504395e-02 6.283395737409591675e-02 -8.946993947029113770e-02 7.612450420856475830e-02 5.011176317930221558e-02 -1.355661731213331223e-02 3.536962345242500305e-02 -7.971801608800888062e-02 6.460159271955490112e-02 8.397851884365081787e-02 -5.337315145879983902e-03 9.538297355175018311e-02 -1.043160185217857361e-01 -2.111669891746714711e-04 3.726898878812789917e-02 -7.141844835132360458e-03 -2.475452609360218048e-02 1.298021376132965088e-01 -8.344497531652450562e-02 3.837990388274192810e-02 -1.025345921516418457e-01 -8.788646757602691650e-02 8.371978253126144409e-02 -3.869449719786643982e-02 -5.348907783627510071e-02 -2.887524850666522980e-02 -4.130228608846664429e-02 2.772407606244087219e-02 1.612370088696479797e-02 9.728046506643295288e-02 3.500252589583396912e-02 6.827893853187561035e-02 7.597896456718444824e-02 5.413898080587387085e-02 -3.846606239676475525e-02 -4.471496120095252991e-02 -9.924381971359252930e-02 2.868678234517574310e-02 1.721825078129768372e-02 2.317167632281780243e-02 -6.956826150417327881e-02 3.123894520103931427e-02 2.450506575405597687e-02 -2.770327217876911163e-02 8.035016804933547974e-02 -9.898442775011062622e-02 3.763966262340545654e-02 -3.226685896515846252e-02 4.572643339633941650e-02 3.253450989723205566e-02 -4.112292546778917313e-03 4.618699196726083755e-03 -1.011230200529098511e-01 7.462599873542785645e-02 4.323022812604904175e-02 7.071758806705474854e-02 2.633822150528430939e-02 4.700389876961708069e-02 -8.094933629035949707e-02 4.709403496235609055e-03 8.468315005302429199e-02 -2.435026131570339203e-02 -5.534756928682327271e-02 3.644081205129623413e-02 -1.480422262102365494e-02 -1.101249083876609802e-02 -1.202585026621818542e-01 5.529995262622833252e-02 -1.130719259381294250e-01 -1.021907180547714233e-01 -4.545280709862709045e-02 -3.131219744682312012e-02 3.525950014591217041e-02 1.904060691595077515e-02 -4.918462783098220825e-02 -5.034448695369064808e-04 6.145806238055229187e-02 -1.187834143638610840e-02 7.032207399606704712e-02 -3.189468383789062500e-02 -2.960074506700038910e-02 -1.140788942575454712e-01
-1.125888675451278687e-01 7.845608144998550415e-02 -2.042559720575809479e-02 2.192946523427963257e-02 1.596236824989318848e-01 -4.345757514238357544e-02 -3.576881252229213715e-03 -2.303635515272617340e-02 -1.142678186297416687e-01 5.195333063602447510e-02 -5.800465121865272522e-02 -1.412256620824337006e-02 9.475544095039367676e-02 -2.424627356231212616e-02 -1.014979109168052673e-01 -5.305401235818862915e-02 -4.769159108400344849e-02 -4.852684214711189270e-02 1.977706886827945709e-02 -1.001860946416854858e-01 8.338281512260437012e-02 -9.243799000978469849e-02 1.188392117619514465e-01 -1.341497451066970825e-01 7.871413975954055786e-02 -5.782088264822959900e-02 5.051603168249130249e-02 9.691255539655685425e-02 2.451169304549694061e-02 1.177889388054609299e-02 7.953830808401107788e-02 -5.204807966947555542e-02 1.194073911756277084e-02 -9.532576799392700195e-02 1.173283997923135757e-02 1.486497223377227783e-01 2.991495467722415924e-02 -3.082029893994331360e-02 -1.222061887383460999e-01 -3.248122753575444221e-03 -6.906126439571380615e-02 3.302677348256111145e-02 4.033890366554260254e-02 -1.209119893610477448e-02 -1.423166599124670029e-03 8.247670531272888184e-02 -1.043565571308135986e-02 -5.637753382325172424e-02 1.070025190711021423e-02 -5.551524832844734192e-02 -4.714814200997352600e-02 -8.618177473545074463e-02 -4.469825327396392822e-02 -6.149033084511756897e-02 2.487826719880104065e-02 -1.077099740505218506e-01 1.550369150936603546e-02 6.586108356714248657e-02 6.363008171319961548e-02 -1.568288952112197876e-01 -1.447976287454366684e-02 -3.674220526590943336e-03 8.712643384933471680e-02 -3.923919796943664551e-02 2.109169773757457733e-02 4.232662543654441833e-02 5.804185196757316589e-02 -5.511536449193954468e-02 4.498972371220588684e-02 -4.802427813410758972e-02 -1.051261276006698608e-02 7.666089572012424469e-03 3.299360349774360657e-02 -6.299918889999389648e-02 -7.135248929262161255e-02 3.516630083322525024e-02 -5.360536649823188782e-02 4.702426865696907043e-02 8.741854131221771240e-02 3.774802386760711670e-02 -8.129618316888809204e-02 -3.810273110866546631e-02 -4.318901803344488144e-03 8.090338855981826782e-02 4.790314659476280212e-02 6.294786930084228516e-02 1.251884549856185913e-01 6.438477337360382080e-02 6.150389462709426880e-02 -6.276949774473905563e-03 -2.855920419096946716e-02 -4.598960280418395996e-03 5.492543429136276245e-02 -4.536607861518859863e-02 1.864089258015155792e-02 -5.636081099510192871e-02 -5.985069274902343750e-02 4.531932249665260315e-02 -8.644676953554153442e-02 -8.559042960405349731e-02
-2.384686656296253204e-02 -6.090873107314109802e-02 7.747923582792282104e-02 8.431528694927692413e-03 4.618151485919952393e-02 -5.517080053687095642e-02 -7.494749128818511963e-02 1.315161772072315216e-02 -2.256462350487709045e-02 -1.268261671066284180e-01 -5.499790422618389130e-03 -2.542072907090187073e-02 4.555049538612365723e-02 2.817543596029281616e-02 1.100235432386398315e-01 -6.483453512191772461e-02 -1.013053655624389648e-01 9.390590339899063110e-02 -1.183183863759040833e-01 -6.476933509111404419e-02 1.113622635602951050e-01 -7.160227000713348389e-02 3.991395235061645508e-03 6.747724860906600952e-02 3.354601189494132996e-02 2.764416113495826721e-02 -1.059032231569290161e-01 -2.356824837625026703e-02 2.985338494181632996e-02 5.381371825933456421e-02 -1.863841712474822998e-02 -9.582612663507461548e-02 -3.450134396553039551e-02 -4.565139487385749817e-02 2.782957442104816437e-02 -3.661663457751274109e-02 -1.198853459209203720e-02 -1.058922931551933289e-01 1.525506656616926193e-02 4.655228927731513977e-03 9.975605458021163940e-02 -6.007180362939834595e-02 9.926377981901168823e-02 -2.626966871321201324e-02 -8.459374308586120605e-02 6.413569301366806030e-02 -4.431671649217605591e-02 -1.091416925191879272e-01 -4.811688326299190521e-03 1.012620553374290466e-01 -1.157588288187980652e-01 4.809328913688659668e-02 -2.936051227152347565e-03 -7.536733150482177734e-02 7.510460168123245239e-02 -5.544911697506904602e-02 -8.270017802715301514e-02 6.813603639602661133e-02 -6.463269144296646118e-02 1.323460191488265991e-01 -3.121196851134300232e-02 -1.196871250867843628e-01 -6.011376529932022095e-02 2.972683310508728027e-02 -2.539240010082721710e-02 -6.355720013380050659e-02 -2.423400245606899261e-02 -4.513921961188316345e-02 -1.039913855493068695e-02 8.340831845998764038e-02 -1.592742651700973511e-02 9.293921291828155518e-02 -2.038869820535182953e-02 5.577196925878524780e-02 -3.045641817152500153e-02 -9.041406959295272827e-02 1.492502633482217789e-02 -8.309238404035568237e-02 4.887674376368522644e-02 -1.108973380178213120e-02 1.886272244155406952e-02 5.089415982365608215e-02 5.163988471031188965e-02 8.644437789916992188e-02 6.259166449308395386e-02 4.843558743596076965e-02 7.109951972961425781e-02 -6.028870493173599243e-02 -5.211358144879341125e-02 -7.096925284713506699e-03 -9.441731125116348267e-02 -1.281521320343017578e-01 7.435116916894912720e-02 1.280448492616415024e-02 4.437810555100440979e-02 -2.925327513366937637e-03 -4.899784922599792480e-02 -3.157391399145126343e-02 3.419774025678634644e-02 1.646237373352050781e-01
3.158963844180107117e-02 -4.714382067322731018e-02 1.133668273687362671e-01 6.636731326580047607e-02 1.053124964237213135e-01 1.258699446916580200e-01 -4.800602793693542480e-02 9.668840467929840088e-02 2.076886221766471863e-02 -6.721661239862442017e-02 5.340043827891349792e-02 7.351060211658477783e-02 1.008978299796581268e-02 2.793302386999130249e-02 6.796843558549880981e-02 4.310922697186470032e-02 -2.494376525282859802e-02 -5.141637846827507019e-02 4.018671438097953796e-02 1.023701652884483337e-01 -2.738736383616924286e-02 3.598181158304214478e-02 -1.126282289624214172e-01 9.069041907787322998e-02 5.937315989285707474e-03 3.871647268533706665e-02 4.854064062237739563e-02 -2.814038656651973724e-02 5.510089546442031860e-02 -6.253342330455780029e-02 -5.833531916141510010e-02 -7.987925782799720764e-03 -1.377156525850296021e-01 4.134519770741462708e-02 1.116259917616844177e-01 8.982256054878234863e-03 -3.307496383786201477e-02 -5.241939797997474670e-02 8.264587819576263428e-02 -8.494120091199874878e-02 -9.578123688697814941e-03 -1.129568926990032196e-02 -1.776110567152500153e-02 6.587529182434082031e-02 -6.668949872255325317e-02 3.807049989700317383e-02 -3.685902431607246399e-02 -1.283842176198959351e-01 3.233097493648529053e-02 -1.079782620072364807e-01 -2.129633165895938873e-02 8.564962446689605713e-02 5.961903370916843414e-03 5.391113460063934326e-02 4.736839234828948975e-02 -2.191979996860027313e-02 -7.016510516405105591e-02 8.518845587968826294e-02 4.897418990731239319e-02 -1.780360378324985504e-02 2.460220642387866974e-02 5.064896494150161743e-02 6.056195870041847229e-02 -2.381852082908153534e-02 -5.343049764633178711e-02 -1.737515442073345184e-02 -6.703779101371765137e-02 -9.909722208976745605e-02 7.401134353131055832e-03 -7.807561010122299194e-02 1.107845231890678406e-01 2.948304265737533569e-02 5.243177711963653564e-02 4.065199196338653564e-02 -9.034375846385955811e-02 6.580742448568344116e-02 -2.283805795013904572e-02 3.078050538897514343e-02 -9.099486470222473145e-02 -2.162765711545944214e-02 1.582324504852294922e-02 1.265427563339471817e-02 1.658703945577144623e-02 -3.729961812496185303e-02 8.751820772886276245e-03 3.528437390923500061e-02 3.334171697497367859e-02 3.987053036689758301e-02 -1.990486308932304382e-02 -1.007792726159095764e-01 -2.749317139387130737e-02 -8.012561500072479248e-02 -1.103708241134881973e-02 -1.426828000694513321e-02 -9.456659108400344849e-02 1.547980308532714844e-02 -7.181604951620101929e-02 7.230228930711746216e-02 -7.401280105113983154e-02 6.347163021564483643e-02
-9.449678659439086914e-02 -4.554092418402433395e-03 -3.340373188257217407e-02 2.594427578151226044e-02 -1.028333008289337158e-01 -6.727743148803710938e-02 -3.023757040500640869e-02 3.714388236403465271e-02 -3.088391944766044617e-02 2.337177842855453491e-02 7.933459430932998657e-02 -3.212731704115867615e-02 9.886422753334045410e-02 2.130884304642677307e-02 -8.810687810182571411e-02 9.295037388801574707e-02 5.492351576685905457e-02 8.410137891769409180e-02 -5.349820852279663086e-02 -5.324438214302062988e-02 8.263596892356872559e-02 6.604193896055221558e-02 7.370549440383911133e-02 -6.570623815059661865e-02 -1.069632358849048615e-02 -8.390944451093673706e-02 3.352109715342521667e-02 -2.746748179197311401e-02 -3.180748084560036659e-03 -3.086600685492157936e-03 1.082854047417640686e-01 -4.756999760866165161e-02 8.035836368799209595e-02 6.596697121858596802e-02 -5.873402580618858337e-02 -5.607931874692440033e-03 2.446508407592773438e-02 -1.149310693144798279e-01 4.941413551568984985e-02 -1.061600074172019958e-01 -6.487471610307693481e-02 -4.170360043644905090e-02 9.352212073281407356e-04 -5.922269821166992188e-02 -5.243949964642524719e-02 4.302782192826271057e-02 6.344144046306610107e-02 -6.252703815698623657e-02 -5.827076360583305359e-02 9.871925413608551025e-02 9.994442760944366455e-02 8.875086158514022827e-02 1.023946925997734070e-01 -1.384304463863372803e-02 -1.479681767523288727e-02 9.604321792721748352e-03 -4.720498248934745789e-02 -1.266755312681198120e-01 -6.471750885248184204e-02 -7.100007683038711548e-02 -3.274532034993171692e-02 3.785126656293869019e-02 -1.806115172803401947e-02 1.777678728103637695e-02 -5.215057171881198883e-03 8.143837749958038330e-02 -7.599840313196182251e-02 -1.937393471598625183e-02 2.564052492380142212e-02 -7.067751139402389526e-02 -6.651726365089416504e-02 -6.655161827802658081e-02 -4.979385435581207275e-02 -7.148470729589462280e-03 -6.144152954220771790e-03 7.467757910490036011e-02 -3.734482824802398682e-02 1.177296042442321777e-02 -8.086399734020233154e-02 6.365493685007095337e-02 2.434018999338150024e-02 -1.002492830157279968e-01 2.379363402724266052e-02 -7.765897363424301147e-02 3.176320344209671021e-02 -6.278830766677856445e-02 -9.232416749000549316e-03 -5.384213849902153015e-02 1.638270798139274120e-03 -7.546827197074890137e-02 -3.698269277811050415e-02 6.229910627007484436e-02 1.384514756500720978e-02 5.325482413172721863e-02 8.933616429567337036e-02 -1.345120463520288467e-02 9.571088850498199463e-02 -8.172840625047683716e-02 -4.546373710036277771e-02 1.264059823006391525e-02
2.966518700122833252e-02 -9.654918313026428223e-02 -1.721095107495784760e-02 3.447454422712326050e-02 -1.934745348989963531e-02 -3.956134989857673645e-02 5.400056764483451843e-02 -2.943529002368450165e-02 1.773764088284224272e-04 -3.880908340215682983e-02 2.879241295158863068e-02 7.689182180911302567e-03 -8.425334468483924866e-03 1.195422783493995667e-01 -1.037887930870056152e-01 7.565720379352569580e-02 -1.517971139401197433e-02 2.251113951206207275e-02 -2.852301299571990967e-02 1.175980456173419952e-02 1.002140343189239502e-01 5.629094317555427551e-02 -3.671721369028091431e-02 -6.725889444351196289e-02 4.821108654141426086e-02 3.279146179556846619e-02 -3.764452785253524780e-02 1.959725096821784973e-02 -9.094198048114776611e-02 -4.176725819706916809e-02 6.962715834379196167e-02 -4.987532272934913635e-02 7.458507269620895386e-02 6.051839143037796021e-02 -7.373623549938201904e-02 -6.382057070732116699e-02 2.460289001464843750e-02 4.761451482772827148e-02 7.425130461342632771e-04 -4.502769152168184519e-04 7.556915283203125000e-02 5.748327076435089111e-02 -7.246602326631546021e-02 -1.281673759222030640e-01 1.623569615185260773e-02 -3.950782120227813721e-02 2.646381221711635590e-02 6.396162509918212891e-02 2.889974601566791534e-02 1.522912923246622086e-02 -8.444941486231982708e-04 -1.905665732920169830e-02 4.060404840856790543e-03 -8.712343871593475342e-02 7.557115703821182251e-02 1.951148174703121185e-02 -6.424081325531005859e-02 1.135903671383857727e-01 6.523975729942321777e-02 -2.382198581472039223e-03 -2.340828441083431244e-02 1.062463037669658661e-02 6.664287298917770386e-02 -2.015803754329681396e-02 -5.090833455324172974e-02 -2.865572459995746613e-02 1.951880939304828644e-02 -2.777282334864139557e-02 -2.170282229781150818e-02 1.045174375176429749e-01 8.999221958220005035e-03 7.333520054817199707e-02 8.024251461029052734e-02 -9.612265229225158691e-02 4.153471812605857849e-02 -5.401619523763656616e-02 2.716161869466304779e-02 7.909018546342849731e-02 8.398785442113876343e-02 -1.007583662867546082e-01 -9.210988879203796387e-02 1.069179177284240723e-01 -4.942779615521430969e-02 -6.261348724365234375e-02 -1.396976560354232788e-01 2.263834141194820404e-02 3.299859538674354553e-02 -8.161909878253936768e-02 -9.654589742422103882e-02 2.544441819190979004e-02 6.460908800363540649e-02 7.323490083217620850e-02 2.856949903070926666e-02 -1.270625623874366283e-03 -5.743741244077682495e-02 -6.105152145028114319e-02 -7.815806567668914795e-02 -6.110062077641487122e-02 -4.097878560423851013e-02 4.217457899358123541e-04
-1.082829087972640991e-01 7.298489660024642944e-02 3.220805525779724121e-02 -3.221546113491058350e-02 -7.616040296852588654e-03 6.721902638673782349e-02 -8.223494142293930054e-02 -3.086521103978157043e-02 -2.839964628219604492e-02 -7.135595381259918213e-02 -2.686358429491519928e-02 6.141481921076774597e-02 -1.041984632611274719e-01 2.644118107855319977e-02 3.708725422620773315e-02 -6.597387790679931641e-02 -5.548302456736564636e-02 -5.726570636034011841e-02 7.464971393346786499e-02 7.205025106668472290e-02 4.117475450038909912e-02 -7.964780926704406738e-02 -9.527056664228439331e-02 5.153104662895202637e-02 4.808047786355018616e-02 7.964714616537094116e-02 2.717054681852459908e-03 -3.607865795493125916e-02 -7.829745113849639893e-02 -6.524092704057693481e-02 3.345167636871337891e-02 -2.583157084882259369e-02 4.053718224167823792e-02 -4.292855784296989441e-02 -4.311672598123550415e-02 7.532068341970443726e-02 7.411164697259664536e-03 -4.390739649534225464e-02 -5.787314102053642273e-02 2.130542695522308350e-02 9.706895798444747925e-03 1.120776236057281494e-01 -5.706669017672538757e-02 4.861510824412107468e-04 -5.075658112764358521e-02 8.587245829403400421e-03 2.506473474204540253e-02 -6.186606734991073608e-02 4.889342933893203735e-02 -2.294340543448925018e-02 -1.081762611865997314e-01 -9.772489964962005615e-02 5.932578071951866150e-02 6.148174032568931580e-02 -5.371148511767387390e-02 1.982772909104824066e-02 -7.224956993013620377e-03 -1.062442362308502197e-01 5.222954228520393372e-02 -2.051665447652339935e-02 -1.000452190637588501e-01 -2.639136649668216705e-02 1.287304144352674484e-02 9.799154847860336304e-02 -9.641864453442394733e-04 -5.336309317499399185e-03 -3.154266998171806335e-02 -9.102329611778259277e-02 -8.942636102437973022e-02 -4.439021274447441101e-02 7.118969410657882690e-02 5.967293307185173035e-02 -5.537034571170806885e-02 8.463772386312484741e-02 -7.024177908897399902e-02 3.117750398814678192e-02 -6.062950193881988525e-02 -9.806501865386962891e-02 -9.713862836360931396e-02 -5.613525956869125366e-02 -3.460252285003662109e-02 1.082032173871994019e-01 4.928169772028923035e-02 5.611652508378028870e-02 1.891044899821281433e-02 -6.932028383016586304e-02 2.037744969129562378e-02 -1.798784546554088593e-02 8.706666529178619385e-02 -2.062465809285640717e-02 3.587336838245391846e-02 5.775025114417076111e-02 1.632060296833515167e-02 -1.110134497284889221e-01 -3.335497155785560608e-02 -1.013066917657852173e-01 -6.809304654598236084e-02 -8.520125597715377808e-02 1.008979976177215576e-01 8.977979421615600586e-02
-5.714570730924606323e-02 -4.528120532631874084e-02 -6.142183765769004822e-02 7.157823536545038223e-03 -2.292257919907569885e-02 -1.036425903439521790e-01 -1.493020076304674149e-02 5.598339810967445374e-02 -6.878167390823364258e-02 -4.968053475022315979e-02 6.315154582262039185e-02 4.424599185585975647e-02 9.306528419256210327e-02 4.280012100934982300e-02 -1.159264743328094482e-01 -9.848136454820632935e-02 2.197387069463729858e-02 -1.265957802534103394e-01 5.994531139731407166e-02 3.596487641334533691e-02 9.335929900407791138e-02 -3.690388426184654236e-02 1.818883605301380157e-02 1.540142670273780823e-02 -1.784171536564826965e-02 1.267576869577169418e-02 1.090391054749488831e-01 4.781761020421981812e-02 1.919501461088657379e-02 -8.231689222157001495e-03 -1.203724648803472519e-02 5.889028683304786682e-02 -2.067167684435844421e-02 -2.954782173037528992e-02 -4.653778299689292908e-02 -7.535590976476669312e-02 9.257526695728302002e-02 1.514481008052825928e-02 -6.573937833309173584e-02 -4.119836911559104919e-02 1.987353898584842682e-02 -6.310474127531051636e-02 -1.174981240183115005e-02 1.223124843090772629e-02 -4.925806447863578796e-02 -5.291970446705818176e-03 -6.897781044244766235e-02 3.540812060236930847e-02 6.303983181715011597e-02 -8.619326353073120117e-02 1.134542599320411682e-01 -1.015329957008361816e-01 3.720035031437873840e-02 7.362825423479080200e-02 8.252221345901489258e-02 -3.990576416254043579e-02 -8.124485611915588379e-02 -4.799129068851470947e-02 5.368896201252937317e-02 8.117061108350753784e-03 2.131552062928676605e-02 6.906331330537796021e-02 -7.110151462256908417e-03 -3.366066887974739075e-02 6.072141695767641068e-03 1.233365200459957123e-02 -9.143890812993049622e-03 8.742457628250122070e-02 6.794789433479309082e-02 6.287150830030441284e-02 -4.264991357922554016e-02 1.824236847460269928e-02 -6.188534945249557495e-02 2.362624276429414749e-03 -6.822422891855239868e-02 5.418461933732032776e-02 -5.865256115794181824e-02 -5.840436741709709167e-02 -1.095558237284421921e-02 -6.449230015277862549e-02 5.755081027746200562e-02 8.864966779947280884e-02 1.178739890456199646e-01 -3.923531994223594666e-02 -4.612510278820991516e-02 -4.627121984958648682e-02 -5.414638668298721313e-02 -8.220118284225463867e-02 1.078377012163400650e-02 -1.001515537500381470e-01 1.248482689261436462e-01 -5.422365665435791016e-02 8.504268527030944824e-02 -4.448238760232925415e-03 3.045076318085193634e-02 2.871412411332130432e-02 5.599115788936614990e-02 2.488420717418193817e-02 8.413352817296981812e-02 -4.712686315178871155e-02
6.167295202612876892e-02 1.229807175695896149e-02 4.929403588175773621e-02 -2.346161380410194397e-02 1.035689562559127808e-01 -1.285950690507888794e-01 7.692957669496536255e-02 -1.569000072777271271e-02 8.200211077928543091e-02 -6.848977506160736084e-02 3.227991983294487000e-02 -1.885990239679813385e-02 -4.051307588815689087e-02 7.938944548368453979e-02 -5.141519382596015930e-02 -6.207309663295745850e-02 2.460398338735103607e-02 6.382600218057632446e-02 2.055634278804063797e-03 -8.344967500306665897e-04 -7.287385314702987671e-02 -7.833182811737060547e-02 -4.973237216472625732e-02 1.298135817050933838e-01 1.438701432198286057e-02 3.289674594998359680e-02 -5.611902102828025818e-02 3.146959468722343445e-02 -2.645816281437873840e-02 -3.306373208761215210e-02 -3.462781757116317749e-02 1.782687380909919739e-02 9.107615798711776733e-02 -8.037608861923217773e-02 1.249226704239845276e-01 6.214205175638198853e-02 -3.372883051633834839e-02 -6.146970018744468689e-02 6.301666796207427979e-02 3.644231334328651428e-02 1.047802041284739971e-03 4.921985045075416565e-02 -4.779222980141639709e-02 3.966335207223892212e-03 -5.474459379911422729e-02 -7.583361119031906128e-02 -1.173833087086677551e-01 4.243281364324502647e-05 3.870470821857452393e-02 4.488581791520118713e-02 -9.006755053997039795e-02 4.233949631452560425e-02 -2.098634140565991402e-03 6.664884835481643677e-02 -7.424410432577133179e-02 7.851514965295791626e-02 2.624678425490856171e-02 -1.768576353788375854e-01 -1.559017300605773926e-01 1.275059729814529419e-01 -3.513941913843154907e-02 1.082621365785598755e-01 -7.020781189203262329e-02 -1.009593456983566284e-01 -1.009446531534194946e-01 -3.593656420707702637e-02 4.062560386955738068e-03 -1.016169488430023193e-01 1.741706044413149357e-03 8.246887475252151489e-02 -6.122927740216255188e-02 -6.398798525333404541e-02 1.962148211896419525e-02 -1.098781973123550415e-01 4.109488800168037415e-02 -7.495530694723129272e-02 -1.046945005655288696e-01 -2.956853806972503662e-02 -1.294954121112823486e-02 -1.070335209369659424e-01 8.101100474596023560e-02 -3.209499642252922058e-02 1.390734221786260605e-02 -3.679658100008964539e-02 -8.355053514242172241e-02 -9.784554690122604370e-02 -7.586629688739776611e-02 -2.905736118555068970e-02 -6.314551085233688354e-02 4.055951163172721863e-02 -1.309601664543151855e-01 -6.742799282073974609e-02 -7.484537363052368164e-02 -2.916997484862804413e-02 7.924106717109680176e-02 -1.052462980151176453e-01 -3.500840812921524048e-02 4.672913253307342529e-02 8.373065292835235596e-02 3.047835826873779297e-02
-1.110749412328004837e-02 -3.559453785419464111e-02 1.258278265595436096e-03 4.606552422046661377e-02 1.522765494883060455e-03 -2.408413961529731750e-02 1.044627372175455093e-02 -3.508987650275230408e-02 -2.124563790857791901e-02 4.853731393814086914e-02 6.784258037805557251e-02 7.661269512027502060e-03 -6.226964667439460754e-02 4.680407792329788208e-02 5.515778437256813049e-03 -9.529835730791091919e-02 3.446226194500923157e-02 5.169530585408210754e-02 1.216298863291740417e-01 -5.776776373386383057e-02 3.373020514845848083e-02 1.809183508157730103e-03 -5.107189714908599854e-02 -5.631658434867858887e-02 -1.578099876642227173e-01 -1.135087981820106506e-01 -1.366826891899108887e-01 4.031715169548988342e-02 6.723433732986450195e-02 -1.796077564358711243e-02 3.516232594847679138e-02 -1.235230565071105957e-01 8.037420362234115601e-02 -1.032724082469940186e-01 -1.281272172927856445e-01 3.907751291990280151e-02 9.835027903318405151e-02 -4.325884208083152771e-02 -7.244765013456344604e-02 -9.471096843481063843e-02 -3.534209728240966797e-02 7.608279585838317871e-02 7.742251455783843994e-02 2.095539309084415436e-02 -7.087130099534988403e-02 1.925620064139366150e-02 -7.214742153882980347e-02 -4.458789154887199402e-02 -6.154542788863182068e-02 2.383911237120628357e-02 8.717467635869979858e-02 8.754248917102813721e-02 5.453760549426078796e-02 6.702798604965209961e-02 -4.424409009516239166e-03 -1.349410414695739746e-01 -3.835432603955268860e-02 -5.674635618925094604e-02 4.967802669852972031e-03 -3.611059486865997314e-02 -1.529645454138517380e-02 -2.060304209589958191e-02 -4.837974905967712402e-02 -1.405057124793529510e-02 5.580768734216690063e-02 -2.711637411266565323e-03 1.004904229193925858e-02 -4.118401557207107544e-02 -5.891218781471252441e-02 5.929225310683250427e-02 1.524828956462442875e-03 -2.710884995758533478e-02 -1.017177179455757141e-01 3.776467218995094299e-02 -7.332871854305267334e-02 -3.466476500034332275e-02 -9.552543610334396362e-02 -5.245710164308547974e-02 -3.655905276536941528e-02 -6.626138836145401001e-02 8.350163698196411133e-02 -4.352470859885215759e-02 1.898330897092819214e-01 -8.304216898977756500e-03 1.029919907450675964e-01 9.387953579425811768e-02 2.085306197404861450e-01 1.072924211621284485e-01 -8.386777341365814209e-02 7.811075448989868164e-02 6.932785362005233765e-02 -6.413563340902328491e-02 6.952537596225738525e-02 -6.366326473653316498e-03 1.094367727637290955e-02 -4.716167598962783813e-02 -8.571876585483551025e-02 1.207979619503021240e-01 -6.712681800127029419e-02 -9.803858399391174316e-02
-1.910027489066123962e-02 -3.456526994705200195e-02 -1.194988265633583069e-01 1.592349633574485779e-02 5.390589311718940735e-02 -1.795296370983123779e-02 6.388548761606216431e-02 9.081135690212249756e-02 -1.285915449261665344e-02 -2.748726867139339447e-02 9.738120436668395996e-02 6.069860979914665222e-02 -3.114640526473522186e-02 4.065266624093055725e-02 -5.664279311895370483e-02 -9.529712796211242676e-02 -6.877030711621046066e-03 -3.680454194545745850e-02 -4.017382115125656128e-02 -4.076250642538070679e-02 6.515809148550033569e-02 2.340253069996833801e-02 -2.593336999416351318e-02 -4.343523085117340088e-02 -3.951311483979225159e-02 -3.374914079904556274e-02 2.064964734017848969e-03 3.415210172533988953e-02 3.449552133679389954e-02 -3.489504382014274597e-02 -7.709465717198327184e-05 7.644543051719665527e-02 7.214988023042678833e-02 -3.322982788085937500e-02 8.951466530561447144e-03 3.966828435659408569e-02 -7.626961171627044678e-02 3.754467517137527466e-02 1.005524247884750366e-01 -7.008164376020431519e-02 -4.286334291100502014e-02 7.304119318723678589e-02 -7.254173606634140015e-02 2.752522006630897522e-02 -1.694107055664062500e-02 -1.055989414453506470e-01 3.490194305777549744e-02 3.517571464180946350e-02 8.079883456230163574e-02 -1.957738585770130157e-02 -8.021043241024017334e-02 -3.253185376524925232e-02 1.027532964944839478e-01 -7.930151373147964478e-02 3.697333484888076782e-02 -6.786172091960906982e-02 1.272979564964771271e-02 -6.367158144712448120e-02 -4.652380198240280151e-02 8.077333867549896240e-02 -4.438760504126548767e-02 -8.894390612840652466e-02 -9.410236030817031860e-02 2.673361822962760925e-02 -5.026536062359809875e-02 -6.525444984436035156e-02 9.346260130405426025e-02 5.880439653992652893e-02 -1.147090494632720947e-01 -2.211401052772998810e-02 -5.033949762582778931e-02 7.758698891848325729e-03 4.326066002249717712e-02 -1.097776442766189575e-01 5.588004365563392639e-02 2.225684374570846558e-02 -7.898977398872375488e-02 6.926587224006652832e-02 3.037009388208389282e-02 5.295367911458015442e-02 4.988198354840278625e-02 -6.783182173967361450e-02 2.878759056329727173e-02 4.688667878508567810e-02 1.776022650301456451e-02 5.063074082136154175e-02 5.080191791057586670e-02 1.108855679631233215e-01 -3.913430124521255493e-02 -5.329548940062522888e-02 -5.754569545388221741e-02 -8.817052468657493591e-03 -2.999218879267573357e-03 2.969666011631488800e-02 1.115594729781150818e-01 -1.792805641889572144e-02 3.967459127306938171e-02 -7.889472693204879761e-02 1.229876056313514709e-01 -3.891709819436073303e-02
-2.924704551696777344e-02 9.093336015939712524e-02 -1.338727772235870361e-01 6.289751082658767700e-02 1.197456866502761841e-01 -1.349386293441057205e-02 -5.381939187645912170e-02 1.568336226046085358e-02 2.647432684898376465e-02 -2.395074348896741867e-03 -8.010560646653175354e-03 8.413594961166381836e-02 -4.937938880175352097e-03 9.453861415386199951e-02 -5.624043196439743042e-02 1.032802369445562363e-02 3.687769873067736626e-03 -1.136270016431808472e-01 -7.909230887889862061e-02 7.468158751726150513e-02 4.975539073348045349e-02 1.457995083183050156e-02 2.450339868664741516e-02 6.782679352909326553e-03 3.561934456229209900e-02 -6.633156910538673401e-03 9.294083714485168457e-02 -1.851761899888515472e-02 7.275330834090709686e-03 4.524232074618339539e-02 -7.196680456399917603e-02 2.489410527050495148e-02 3.061840310692787170e-02 -7.359916716814041138e-02 -7.876547984778881073e-03 -2.032081410288810730e-02 5.285620689392089844e-02 -3.407445549964904785e-02 7.930321991443634033e-02 -2.042563445866107941e-02 1.374648064374923706e-01 -2.779543399810791016e-02 -8.968997746706008911e-02 -4.672395065426826477e-02 -2.546909078955650330e-02 -3.429732099175453186e-02 4.487652704119682312e-02 -1.235139928758144379e-02 -6.143420189619064331e-02 1.633135080337524414e-01 -9.575564763508737087e-04 4.002820700407028198e-02 -9.679403901100158691e-02 1.015711203217506409e-02 -8.523666858673095703e-02 4.952477663755416870e-02 2.182989940047264099e-02 -3.758041560649871826e-02 8.841249346733093262e-02 -5.585480853915214539e-02 3.482305258512496948e-02 -7.175723463296890259e-02 4.924499243497848511e-02 -8.499795943498611450e-02 -3.040153719484806061e-02 -2.907095104455947876e-02 4.747363552451133728e-02 -5.804007872939109802e-02 3.776768222451210022e-02 2.262629382312297821e-02 -4.643644019961357117e-02 -7.045757025480270386e-02 -4.889757558703422546e-02 -4.419223219156265259e-02 -8.851001411676406860e-02 5.261223763227462769e-02 -5.573917552828788757e-02 -8.557042479515075684e-02 -1.254210714250802994e-02 -7.314708828926086426e-02 6.972448527812957764e-02 3.133532032370567322e-02 -3.697112901136279106e-03 2.717085741460323334e-02 -3.846456855535507202e-02 -1.876587630249559879e-03 -3.061970323324203491e-02 -7.439371198415756226e-02 -2.440902963280677795e-02 -4.215462133288383484e-02 -1.073517370969057083e-02 9.543178603053092957e-03 -9.164956398308277130e-03 -4.961017146706581116e-02 6.623514741659164429e-02 1.097341999411582947e-02 -1.248183324933052063e-01 3.727807849645614624e-02 -1.039920598268508911e-01 -9.628499299287796021e-02
-4.193467274308204651e-02 2.035857364535331726e-02 2.663286961615085602e-02 1.037079747766256332e-02 -4.896917566657066345e-02 3.453418612480163574e-02 -4.984517395496368408e-02 -5.282964184880256653e-02 -1.064227819442749023e-01 -7.233096286654472351e-03 2.073632366955280304e-02 -1.180776134133338928e-01 -1.193340588361024857e-02 6.594166904687881470e-02 -6.063476577401161194e-02 7.647598534822463989e-02 3.687086328864097595e-02 -7.879586517810821533e-02 6.622468680143356323e-02 -2.236768230795860291e-02 1.066093221306800842e-01 2.045327052474021912e-02 -1.083720754832029343e-02 3.564099967479705811e-02 1.447782292962074280e-02 -5.587475374341011047e-03 -3.782006725668907166e-02 -7.308129966259002686e-02 1.008275896310806274e-01 8.367618918418884277e-02 3.417305275797843933e-02 -4.337524995207786560e-02 -2.210690081119537354e-02 8.963277190923690796e-02 5.260245129466056824e-02 1.144840046763420105e-01 1.923187449574470520e-02 2.612032927572727203e-02 7.993077486753463745e-02 5.862412974238395691e-02 -6.885889917612075806e-02 -2.572666667401790619e-02 -3.738738596439361572e-02 4.697861522436141968e-02 -2.769066020846366882e-02 -7.789306342601776123e-02 -5.959163606166839600e-02 -7.157971616834402084e-03 -7.180144637823104858e-02 1.064170077443122864e-01 -4.619060084223747253e-02 -1.099146232008934021e-01 1.328414678573608398e-01 8.878957480192184448e-03 -3.120373003184795380e-03 4.169689491391181946e-02 -1.372682210057973862e-02 1.476196050643920898e-01 7.993046939373016357e-02 -6.433656066656112671e-02 3.855761885643005371e-02 1.567645184695720673e-02 8.023179834708571434e-04 -1.099443659186363220e-01 7.189106196165084839e-02 6.751883774995803833e-02 5.066782701760530472e-03 8.871827274560928345e-03 -9.324166178703308105e-02 -5.138029158115386963e-02 4.228259250521659851e-02 -6.717538833618164062e-02 8.912681043148040771e-02 1.349221076816320419e-02 1.295686606317758560e-02 2.861674316227436066e-02 -2.308316901326179504e-02 5.861597135663032532e-02 -3.790878504514694214e-02 5.176845565438270569e-02 1.525134965777397156e-02 -7.551350444555282593e-02 -5.546260625123977661e-02 -3.183007240295410156e-02 3.935505449771881104e-02 2.852343954145908356e-02 4.858252592384815216e-03 -6.698690354824066162e-02 -4.962437599897384644e-02 -2.349460124969482422e-02 3.995900228619575500e-02 1.159797515720129013e-02 -8.863495290279388428e-02 5.930515751242637634e-02 1.030876636505126953e-01 -1.685930229723453522e-02 5.244240537285804749e-02 1.021363288164138794e-01 -9.484189562499523163e-03 -1.015133485198020935e-01
8.788140863180160522e-02 -3.522997722029685974e-02 -2.221746183931827545e-02 -5.428877845406532288e-02 -8.656775206327438354e-02 -5.880272365175187588e-04 -6.099691614508628845e-02 4.650561511516571045e-02 -2.361752791330218315e-03 3.224742785096168518e-02 -1.745630800724029541e-02 2.604606561362743378e-02 -1.303975731134414673e-01 -9.216042608022689819e-02 3.217673301696777344e-02 5.422388389706611633e-02 -2.696584351360797882e-02 -2.842115424573421478e-02 4.990458860993385315e-02 -6.758277770131826401e-03 -1.060296818614006042e-01 -5.486848577857017517e-02 9.576096385717391968e-02 -1.259943395853042603e-01 -7.821104489266872406e-03 -2.077151089906692505e-02 -4.217582941055297852e-02 -9.281662106513977051e-02 9.011159092187881470e-02 -8.896896988153457642e-02 -7.033616304397583008e-02 -3.069607727229595184e-02 -4.672195017337799072e-02 -5.602063611149787903e-03 -4.652362316846847534e-02 8.455536514520645142e-02 -3.576112166047096252e-02 8.030433207750320435e-02 -6.969237327575683594e-02 -1.086232662200927734e-01 1.888834685087203979e-02 5.634767189621925354e-02 -1.237396430224180222e-02 6.485123932361602783e-02 -6.536851637065410614e-03 -6.878446787595748901e-02 -9.999441355466842651e-02 -1.729398593306541443e-02 8.112180978059768677e-02 -7.137542963027954102e-02 -3.962986543774604797e-02 8.419385552406311035e-02 -7.706578820943832397e-02 -9.119703620672225952e-02 -7.558245211839675903e-02 4.803561139851808548e-03 -8.368442952632904053e-02 9.237012267112731934e-02 -1.673469319939613342e-02 -9.073478728532791138e-02 -6.847106851637363434e-03 5.839396640658378601e-02 7.175494730472564697e-02 7.337485253810882568e-02 9.537547826766967773e-02 -3.780597820878028870e-02 -2.458272501826286316e-02 4.403157159686088562e-02 -1.167700532823801041e-02 1.004044711589813232e-02 -4.396429285407066345e-02 8.109012618660926819e-03 3.319098427891731262e-02 7.073783874511718750e-02 -4.991034977138042450e-03 9.909232705831527710e-02 -2.141412533819675446e-02 8.378660306334495544e-03 -9.848401695489883423e-02 9.124686568975448608e-02 -8.953018486499786377e-02 -2.721930667757987976e-02 4.794298112392425537e-02 5.125865340232849121e-02 -7.306762039661407471e-02 1.329561509191989899e-02 -1.998868025839328766e-02 -2.765348739922046661e-02 -8.624505251646041870e-02 -4.600863903760910034e-02 2.702129073441028595e-02 1.935864612460136414e-02 -4.524354264140129089e-02 -5.692484974861145020e-02 -9.351787716150283813e-02 1.841892674565315247e-02 1.007752567529678345e-01 9.681823104619979858e-02 -1.378031075000762939e-02 -6.593632698059082031e-02
1.049452945590019226e-01 -3.445362439379096031e-03 1.282157748937606812e-01 8.790174871683120728e-02 -6.617630273103713989e-02 -2.154245972633361816e-02 6.100039929151535034e-02 -6.609395891427993774e-02 -6.649220734834671021e-02 -6.991340219974517822e-02 -5.413716286420822144e-02 -1.004427149891853333e-01 3.527812287211418152e-02 3.556390851736068726e-02 -3.286270052194595337e-02 -2.972540259361267090e-02 -2.752360422164201736e-03 -1.204705238342285156e-02 2.182911848649382591e-03 2.697414020076394081e-04 -6.479666382074356079e-02 6.745797395706176758e-02 -5.011375620961189270e-02 -8.107971400022506714e-02 4.974555969238281250e-02 -6.048258394002914429e-02 6.904190778732299805e-02 -7.291757315397262573e-02 -6.028515845537185669e-02 -2.579543553292751312e-02 -3.449010848999023438e-02 6.279104948043823242e-02 -1.721912063658237457e-02 -5.288922414183616638e-02 -8.408445119857788086e-02 6.938620656728744507e-02 5.793130025267601013e-02 -6.007265299558639526e-02 6.296246498823165894e-02 6.030441075563430786e-02 6.585820019245147705e-02 -7.724729925394058228e-02 -1.469724476337432861e-01 -1.021795421838760376e-01 -7.340139150619506836e-02 -3.992016892880201340e-03 -8.756267279386520386e-02 5.788931250572204590e-02 -1.776434853672981262e-02 2.293855510652065277e-02 3.413204848766326904e-02 3.856895118951797485e-02 -1.705372706055641174e-02 -7.096195220947265625e-02 -1.008428558707237244e-01 7.079184055328369141e-02 5.597340408712625504e-03 -1.096406131982803345e-01 -4.782665520906448364e-02 1.955240406095981598e-02 1.036120429635047913e-01 -9.578844159841537476e-02 -1.497781462967395782e-02 -5.743685644119977951e-03 3.320933505892753601e-02 -7.401216775178909302e-02 3.350571915507316589e-02 7.271438091993331909e-02 1.720475591719150543e-02 1.991459168493747711e-02 -1.026704814285039902e-02 -3.499765321612358093e-02 -4.521030560135841370e-02 -1.069743111729621887e-01 5.394109338521957397e-02 5.915267765522003174e-02 7.347128540277481079e-02 -3.674844652414321899e-02 8.944812417030334473e-02 3.828466311097145081e-02 -5.958064272999763489e-02 -7.203913480043411255e-02 9.725689142942428589e-02 7.846701145172119141e-02 5.446460843086242676e-02 5.162520334124565125e-02 -5.404707044363021851e-02 3.975443169474601746e-02 -4.401115700602531433e-02 5.874538049101829529e-02 -1.599973626434803009e-02 1.046594828367233276e-01 -5.988589674234390259e-02 1.931301876902580261e-02 -4.635642096400260925e-02 3.748729452490806580e-02 -3.335470333695411682e-02 1.020562350749969482e-01 -8.665325492620468140e-02 -5.335979536175727844e-02
3.224408254027366638e-02 -7.620581984519958496e-02 1.001557037234306335e-01 -5.203563719987869263e-02 -3.944918140769004822e-02 -4.156917333602905273e-02 7.841241359710693359e-02 6.239871680736541748e-02 5.223388597369194031e-02 6.082222238183021545e-02 2.466868422925472260e-02 -9.537747502326965332e-02 1.061582043766975403e-01 -6.960822269320487976e-03 -5.656927451491355896e-02 1.610246859490871429e-02 -1.524483319371938705e-03 7.409002282656729221e-04 7.200682908296585083e-02 -6.628835946321487427e-02 -6.129966303706169128e-02 -1.069446653127670288e-01 4.840889200568199158e-02 1.345681101083755493e-01 -8.148937672376632690e-02 -8.040173351764678955e-02 1.299037248827517033e-03 -3.865121677517890930e-02 3.646151721477508545e-02 9.550064802169799805e-03 -1.114683300256729126e-01 2.277115918695926666e-02 -1.177846454083919525e-02 4.061707109212875366e-02 7.932471483945846558e-02 -1.794843189418315887e-02 -5.125026032328605652e-02 1.057730764150619507e-01 4.818038269877433777e-02 4.381689429283142090e-02 7.283350080251693726e-02 5.608701333403587341e-02 7.838156074285507202e-02 8.455611020326614380e-02 4.529656469821929932e-02 -3.793618828058242798e-02 -3.165569901466369629e-02 9.324654005467891693e-03 1.207547783851623535e-01 1.665503904223442078e-02 -1.364907622337341309e-02 1.011690590530633926e-02 6.178556010127067566e-02 -1.156021505594253540e-01 -1.109300106763839722e-01 6.226710602641105652e-02 7.240413129329681396e-02 -1.736037991940975189e-02 -5.797984078526496887e-02 -5.730853974819183350e-02 7.491476088762283325e-02 4.802174493670463562e-02 -3.686052560806274414e-02 1.716708391904830933e-02 6.578753888607025146e-02 -4.251821897923946381e-03 7.085957378149032593e-02 4.802447557449340820e-02 -2.661966904997825623e-02 6.262826174497604370e-02 6.770421564579010010e-02 -6.578072160482406616e-02 2.890943549573421478e-02 -3.501680120825767517e-02 -7.845272123813629150e-02 -5.195672810077667236e-02 2.017566934227943420e-02 6.466396898031234741e-02 1.938617904670536518e-03 -7.398818433284759521e-02 9.532497823238372803e-02 -2.004373446106910706e-02 -3.050224669277667999e-02 -2.444781363010406494e-02 -7.219423353672027588e-02 2.472181804478168488e-02 -1.941164135932922363e-01 9.483282268047332764e-02 7.567487657070159912e-02 -2.527025714516639709e-02 5.532953143119812012e-02 1.812352240085601807e-02 6.470799446105957031e-02 -3.700741508509963751e-04 -6.999494880437850952e-02 -2.701117191463708878e-03 8.749986439943313599e-02 2.913667075335979462e-02 8.009951561689376831e-02 -3.276908397674560547e-02
-1.108478195965290070e-02 -6.858580559492111206e-02 1.296843737363815308e-01 9.434844553470611572e-02 8.202778175473213196e-03 6.141106039285659790e-02 -6.601684540510177612e-02 1.027685590088367462e-02 -9.645701944828033447e-02 7.086730003356933594e-02 -1.372597739100456238e-02 8.757513761520385742e-02 6.844505667686462402e-02 -4.045571386814117432e-02 1.072851754724979401e-02 3.806454315781593323e-02 -1.797839440405368805e-02 -3.207777440547943115e-02 8.697481825947761536e-03 5.954345688223838806e-02 1.868931390345096588e-02 9.139094501733779907e-02 -2.264773845672607422e-02 -3.249748051166534424e-02 8.705798536539077759e-02 3.402630612254142761e-02 -3.239627927541732788e-02 -9.027855843305587769e-02 6.184223294258117676e-02 -3.124360553920269012e-02 8.469950407743453979e-02 -4.887929186224937439e-03 4.306856915354728699e-02 7.804455608129501343e-02 1.622939668595790863e-02 -7.832399755716323853e-02 -1.022692676633596420e-02 3.032627515494823456e-03 -6.588990241289138794e-02 -4.069297760725021362e-02 2.304652146995067596e-02 -4.048847779631614685e-02 9.397006034851074219e-02 3.420179244130849838e-03 7.662391662597656250e-02 -7.985340058803558350e-02 6.679829955101013184e-02 -6.813009828329086304e-02 -8.538990467786788940e-02 8.365745097398757935e-02 1.023461595177650452e-01 4.885961487889289856e-02 -4.111861810088157654e-02 5.573110654950141907e-02 6.584601849317550659e-02 8.268165588378906250e-02 -9.124646335840225220e-02 1.468473672866821289e-01 -1.252599656581878662e-01 8.204494416713714600e-02 6.443525105714797974e-02 -8.162862807512283325e-02 1.502930466085672379e-02 -3.954828251153230667e-03 -3.568241000175476074e-02 -8.169704675674438477e-02 3.665341436862945557e-02 2.058228477835655212e-02 1.583724841475486755e-02 -6.290699541568756104e-02 6.503955274820327759e-02 1.086633373051881790e-02 -4.823951423168182373e-02 5.108459293842315674e-02 1.065828129649162292e-01 -8.783896267414093018e-02 6.726296246051788330e-02 1.832973770797252655e-02 -5.489187687635421753e-02 -9.183248132467269897e-02 4.244397208094596863e-02 -5.779835209250450134e-02 3.754465654492378235e-02 5.355739593505859375e-02 -3.985517099499702454e-02 -6.520614773035049438e-02 5.005485191941261292e-02 3.032217361032962799e-02 -3.174623847007751465e-02 6.818077713251113892e-02 1.053366437554359436e-01 -1.617215748410671949e-04 -7.825791090726852417e-02 -2.122555300593376160e-02 -2.274706959724426270e-02 -5.446032434701919556e-02 -7.447786629199981689e-02 7.007812708616256714e-02 -1.045464724302291870e-01 -2.988073602318763733e-02
-8.037186414003372192e-02 -6.312952935695648193e-02 1.278711557388305664e-01 -8.520310372114181519e-02 1.046729162335395813e-01 9.823304414749145508e-02 3.522380441427230835e-02 -3.615614026784896851e-02 -4.198851436376571655e-02 6.748584099113941193e-03 4.751186817884445190e-02 3.076228871941566467e-02 7.079166918992996216e-02 -4.030720889568328857e-02 3.038997761905193329e-02 -9.569013491272926331e-03 5.757012218236923218e-02 6.130662187933921814e-02 -6.771788001060485840e-02 -8.714258670806884766e-02 -1.062985062599182129e-01 6.456483900547027588e-02 5.908903852105140686e-02 3.457367420196533203e-02 -6.664288789033889771e-02 -5.168438330292701721e-02 1.418637782335281372e-01 -1.044799089431762695e-01 1.016037911176681519e-02 -4.383460059762001038e-02 5.822602193802595139e-03 2.333299629390239716e-02 -7.475604116916656494e-02 1.098767146468162537e-01 5.636050924658775330e-02 1.697130501270294189e-02 -8.472073078155517578e-02 3.941942006349563599e-03 5.832950025796890259e-02 -1.670192554593086243e-02 1.402086392045021057e-02 5.873375106602907181e-03 8.498923480510711670e-02 7.912838459014892578e-02 5.533978715538978577e-02 -3.215293586254119873e-02 -3.029768122360110283e-03 -1.792047871276736259e-03 -3.876203671097755432e-02 -9.335467964410781860e-02 8.316413313150405884e-02 9.186766296625137329e-02 -5.208943784236907959e-02 4.921272397041320801e-03 -4.271346330642700195e-02 -7.879645377397537231e-02 6.860668957233428955e-02 -2.208890952169895172e-02 1.064972355961799622e-01 2.400796115398406982e-02 3.414237499237060547e-02 -5.834584683179855347e-02 -9.789448231458663940e-02 -8.795854449272155762e-02 7.508189976215362549e-02 4.792668297886848450e-02 -3.442632779479026794e-02 6.300431489944458008e-02 1.449629291892051697e-02 8.120316267013549805e-02 -3.182830289006233215e-02 1.085868030786514282e-01 3.547200560569763184e-02 1.221344340592622757e-02 4.135670512914657593e-02 -6.791133433580398560e-02 2.966761961579322815e-02 -3.191249072551727295e-02 -3.344122320413589478e-02 -3.869537264108657837e-02 7.641201466321945190e-02 8.102409541606903076e-02 5.158416926860809326e-02 5.566464364528656006e-02 6.069387868046760559e-02 3.970427438616752625e-02 7.263018935918807983e-02 2.361199259757995605e-02 2.588464692234992981e-02 -2.432775124907493591e-02 -7.627253234386444092e-02 -6.134993582963943481e-02 -9.880381636321544647e-03 -6.456569582223892212e-02 8.222886174917221069e-02 -3.339032083749771118e-02 5.036952719092369080e-02 -1.122412383556365967e-01 4.642573744058609009e-02 -2.683349139988422394e-02
2.032114751636981964e-02 -6.465530395507812500e-02 -7.423548400402069092e-02 -3.049582615494728088e-02 -5.345438048243522644e-02 -9.898096323013305664e-02 -6.606317311525344849e-02 -7.268547266721725464e-02 3.012055903673171997e-02 5.842549353837966919e-02 9.963167458772659302e-02 2.683907933533191681e-02 -1.104123592376708984e-01 -3.851439058780670166e-02 9.553288668394088745e-02 -2.711649425327777863e-02 9.295713156461715698e-02 -3.000701591372489929e-02 4.506453499197959900e-02 -4.375298321247100830e-02 2.449463307857513428e-02 -1.880500093102455139e-02 8.493892103433609009e-02 8.625064045190811157e-02 9.978964924812316895e-03 -9.324201382696628571e-03 -2.123545389622449875e-03 -1.136537194252014160e-01 -4.498438537120819092e-02 -1.090938225388526917e-02 1.774995401501655579e-02 -7.087067700922489166e-03 -1.264936029911041260e-01 -5.100308731198310852e-02 8.115001022815704346e-02 1.148635987192392349e-02 5.614203400909900665e-03 1.047983914613723755e-01 -8.355236798524856567e-02 4.484285786747932434e-02 7.367929909378290176e-03 2.083054184913635254e-02 -5.062288418412208557e-02 1.361891068518161774e-02 -8.971533924341201782e-02 2.537934482097625732e-02 1.092590317130088806e-01 3.042851341888308525e-03 -3.772005066275596619e-02 -7.236050069332122803e-02 -2.965975739061832428e-02 3.520933212712407112e-03 -1.941773481667041779e-02 3.538466989994049072e-02 -3.228798508644104004e-02 7.845049351453781128e-02 -1.202199161052703857e-01 -1.280767321586608887e-01 1.009002234786748886e-02 -7.372519373893737793e-02 -9.124374389648437500e-02 7.575169950723648071e-02 -1.318496018648147583e-01 -1.721085608005523682e-02 -1.203242223709821701e-02 8.862793445587158203e-02 -7.657022029161453247e-02 5.369416996836662292e-02 -2.080161683261394501e-02 5.668364465236663818e-02 -4.202902317047119141e-02 1.092133820056915283e-01 -5.524603277444839478e-02 -8.364604413509368896e-02 -2.808138029649853706e-03 -4.471939057111740112e-03 5.245030298829078674e-02 -2.961109951138496399e-02 -6.377734243869781494e-02 -1.001425012946128845e-01 -6.068669259548187256e-02 -9.493705630302429199e-02 6.039834395051002502e-02 -6.776801310479640961e-03 -7.040271908044815063e-02 5.243101716041564941e-02 -1.269060373306274414e-01 2.376089058816432953e-02 -1.522206887602806091e-02 1.862920634448528290e-02 3.481198102235794067e-02 -6.235366314649581909e-02 -6.641836464405059814e-02 -8.526673913002014160e-02 7.059618085622787476e-02 2.097970247268676758e-02 5.936843529343605042e-02 -1.052997335791587830e-01 -9.540264308452606201e-02 2.310226112604141235e-02
-5.565187335014343262e-02 4.661864601075649261e-03 -1.552192494273185730e-03 -8.896990120410919189e-02 4.538784176111221313e-02 1.196106895804405212e-02 3.692482784390449524e-02 -6.014646962285041809e-02 -8.791897445917129517e-03 -2.960925921797752380e-02 -7.483018934726715088e-02 7.436498999595642090e-03 4.891036450862884521e-02 -7.895051687955856323e-02 5.826818570494651794e-02 -1.865143701434135437e-02 -1.161259934306144714e-01 -3.867526352405548096e-02 5.782623589038848877e-02 6.272755563259124756e-02 -1.033815741539001465e-01 9.412594139575958252e-03 -1.080560311675071716e-01 -1.663216855376958847e-03 7.686335593461990356e-02 -2.852538228034973145e-02 7.842612266540527344e-02 4.462844133377075195e-02 4.968463908880949020e-03 1.041133105754852295e-01 -8.351449668407440186e-02 -9.930118918418884277e-02 2.247738651931285858e-02 -5.139227956533432007e-02 8.336368948221206665e-02 -3.408456966280937195e-02 -6.996909528970718384e-02 -5.363768711686134338e-02 -1.073568537831306458e-01 9.119857102632522583e-02 4.137785732746124268e-02 -1.074641570448875427e-01 -5.560924857854843140e-02 3.890074044466018677e-02 7.670368177059572190e-06 7.205164432525634766e-02 1.205101311206817627e-01 2.398972585797309875e-02 -1.096471920609474182e-01 -5.900700390338897705e-02 -4.206697642803192139e-02 -3.667932469397783279e-03 -1.003881543874740601e-01 -3.399927914142608643e-02 -7.890152931213378906e-02 4.812054708600044250e-02 4.702429845929145813e-02 7.098826020956039429e-02 -1.023286953568458557e-02 3.565704077482223511e-02 -7.559238374233245850e-02 -6.218840554356575012e-02 -2.380987163633108139e-03 3.178374841809272766e-02 -1.689502224326133728e-02 6.620809435844421387e-02 -5.847683176398277283e-02 -4.606723785400390625e-02 -1.647595316171646118e-02 -4.926575720310211182e-02 -1.143843978643417358e-01 7.252837717533111572e-02 9.510426968336105347e-02 -7.657418400049209595e-02 -3.137077763676643372e-02 -3.783913329243659973e-02 1.040352657437324524e-01 1.521376427263021469e-02 5.865119397640228271e-02 8.686297386884689331e-02 2.846940793097019196e-02 -1.470195781439542770e-02 5.504114180803298950e-02 -2.884151600301265717e-02 1.512348745018243790e-02 5.990166217088699341e-02 8.452662266790866852e-03 4.664849862456321716e-02 4.626725614070892334e-02 7.339691370725631714e-02 2.264213189482688904e-02 -1.596945221535861492e-03 -6.510890275239944458e-02 -1.174616347998380661e-02 3.592574968934059143e-02 9.383623301982879639e-02 -7.337967306375503540e-02 -8.110240846872329712e-02 -3.094245120882987976e-02 -2.398418821394443512e-02
-3.783874586224555969e-02 -7.813770323991775513e-03 -7.113155722618103027e-02 -3.256257995963096619e-02 -7.637529820203781128e-02 2.314651012420654297e-02 3.288496658205986023e-02 -6.280981749296188354e-02 -7.478988915681838989e-02 -5.446194112300872803e-02 3.506508842110633850e-02 -8.730724453926086426e-02 -2.245263755321502686e-02 2.352727204561233521e-02 -3.481083735823631287e-02 -2.305445447564125061e-02 -1.254501491785049438e-01 4.821696504950523376e-02 2.411962300539016724e-02 6.356038153171539307e-02 -8.154300600290298462e-02 -1.032730713486671448e-01 1.435999944806098938e-02 -2.713039144873619080e-02 7.643890380859375000e-02 9.564191848039627075e-02 -1.289845537394285202e-02 2.420989051461219788e-02 8.638782054185867310e-02 -1.366785466670989990e-01 -1.419634371995925903e-02 -4.128050059080123901e-02 -6.157886981964111328e-02 -3.625141456723213196e-02 6.473901867866516113e-02 -8.650735020637512207e-02 8.744654804468154907e-02 -1.188605502247810364e-01 -6.601586937904357910e-02 -5.377537757158279419e-02 2.185613662004470825e-02 1.300979964435100555e-02 4.641135036945343018e-02 -6.999361328780651093e-03 -6.322934478521347046e-02 -2.685699984431266785e-02 -3.480162099003791809e-02 9.964866191148757935e-02 -2.547629363834857941e-02 -2.477619796991348267e-03 9.355933405458927155e-03 1.701893657445907593e-02 3.444397449493408203e-02 2.999181626364588737e-03 -1.730622723698616028e-02 3.271440789103507996e-02 9.037134796380996704e-02 1.000086590647697449e-01 -7.039771229028701782e-02 -2.299291547387838364e-03 -3.920624032616615295e-02 1.057992130517959595e-01 -6.339007616043090820e-02 3.551805019378662109e-02 8.041245862841606140e-03 -1.268489286303520203e-02 8.851226419210433960e-02 -7.049578428268432617e-02 3.245902433991432190e-02 -6.337284296751022339e-02 -8.526329696178436279e-02 -5.670661106705665588e-02 3.617309033870697021e-02 6.474015116691589355e-02 -3.238905593752861023e-02 4.029944166541099548e-02 -1.708549633622169495e-02 -4.976698011159896851e-02 -7.829312235116958618e-02 -8.216865360736846924e-02 1.504860725253820419e-02 5.749613419175148010e-02 -5.668097361922264099e-02 -1.023995354771614075e-01 -1.376594323664903641e-02 -2.731386758387088776e-02 5.178994685411453247e-02 -5.400514230132102966e-02 4.937030840665102005e-03 2.901888824999332428e-02 3.327064961194992065e-02 1.640697754919528961e-02 -1.115889549255371094e-01 4.631606861948966980e-02 -2.653818204998970032e-02 -4.905042238533496857e-03 -7.080535590648651123e-02 -1.067158579826354980e-01 9.330628067255020142e-02 1.297691017389297485e-01
1.485450100153684616e-02 4.610544815659523010e-02 9.181173890829086304e-02 -1.378805786371231079e-01 -3.243780881166458130e-02 -5.105414893478155136e-04 -9.045428037643432617e-02 -2.210397459566593170e-02 5.696928873658180237e-02 -4.295149073004722595e-02 -7.222896814346313477e-02 -3.046039305627346039e-02 2.383459657430648804e-01 6.508194655179977417e-02 7.390294224023818970e-02 -7.478909194469451904e-02 -1.581396535038948059e-02 -1.220256537199020386e-01 1.269650820177048445e-04 -4.720456153154373169e-02 9.482108801603317261e-02 -4.682593792676925659e-02 -3.901249961927533150e-03 4.552043974399566650e-02 -1.263508107513189316e-02 2.196229808032512665e-02 -7.796590030193328857e-02 -1.881809160113334656e-02 -3.473818674683570862e-02 -9.129980206489562988e-02 -2.556886710226535797e-02 -9.242352098226547241e-02 -1.093568205833435059e-01 -2.625100687146186829e-02 -6.403560284525156021e-03 3.349416702985763550e-02 -2.547643892467021942e-02 -2.297534979879856110e-02 4.412066936492919922e-02 -4.309400916099548340e-02 -4.628661554306745529e-03 -5.794251710176467896e-02 1.588989794254302979e-01 4.591119661927223206e-02 5.730667337775230408e-02 2.150720171630382538e-02 9.209374338388442993e-02 1.945914584212005138e-03 -1.628554761409759521e-01 2.238194271922111511e-02 1.040107831358909607e-01 -9.039340168237686157e-02 -7.991857826709747314e-02 -9.404971450567245483e-02 5.563804879784584045e-04 -1.282840371131896973e-01 8.731655776500701904e-02 5.230071768164634705e-02 7.190562319010496140e-03 -3.538571670651435852e-02 7.202930003404617310e-02 -8.168821036815643311e-02 2.352918684482574463e-02 6.222694367170333862e-02 6.252679228782653809e-02 -4.685799404978752136e-02 -5.335549265146255493e-02 6.936544179916381836e-02 -5.790487676858901978e-02 -8.403768390417098999e-02 1.084087267518043518e-01 -3.308526054024696350e-02 7.309784647077322006e-03 8.544322103261947632e-02 -4.633089993149042130e-03 4.645840451121330261e-02 3.515135496854782104e-02 -2.127925981767475605e-04 3.102876059710979462e-02 4.856576398015022278e-02 2.506360225379467010e-02 -9.951329231262207031e-02 5.445595085620880127e-02 -1.241078376770019531e-01 -7.268831878900527954e-02 6.478825211524963379e-02 1.016235873103141785e-01 -5.098098143935203552e-02 6.806970387697219849e-02 5.466545745730400085e-02 1.099337786436080933e-01 -2.459271065890789032e-02 -1.063888594508171082e-01 -2.079597860574722290e-02 2.541615441441535950e-02 -6.854309886693954468e-02 6.901001185178756714e-02 5.575333908200263977e-02 -1.043547019362449646e-01 -8.015474304556846619e-03
6.375347822904586792e-02 -9.326089918613433838e-02 -9.867455810308456421e-02 8.041676878929138184e-02 2.075259387493133545e-02 -9.928919374942779541e-02 -4.048683866858482361e-02 9.342658519744873047e-02 8.047813177108764648e-02 -6.927400827407836914e-02 5.184733867645263672e-02 -7.237710058689117432e-02 -4.584856331348419189e-02 -7.122004032135009766e-02 4.834548383951187134e-02 -7.043414562940597534e-02 2.020083629759028554e-04 9.239390492439270020e-02 1.052569365128874779e-03 1.140363514423370361e-02 7.451819628477096558e-02 3.378569334745407104e-02 -1.262344233691692352e-02 -2.582174353301525116e-02 -8.279064297676086426e-02 -4.601369053125381470e-02 8.334270119667053223e-02 1.034347247332334518e-02 -1.192407030612230301e-02 3.713340684771537781e-02 -3.454172611236572266e-02 7.913441210985183716e-02 -6.434775143861770630e-02 3.505123406648635864e-02 -2.820125035941600800e-02 9.286291897296905518e-02 -1.520445477217435837e-02 -7.302616536617279053e-02 8.042334578931331635e-03 3.764925152063369751e-02 3.450210392475128174e-02 -1.056161820888519287e-01 4.864832386374473572e-02 6.121925637125968933e-02 1.863290742039680481e-02 1.234053168445825577e-02 -6.012095510959625244e-02 -1.597108319401741028e-02 1.622992195188999176e-02 1.956509985029697418e-02 9.828793816268444061e-03 3.297860547900199890e-02 1.338502913713455200e-01 1.888597756624221802e-02 -8.197531104087829590e-02 3.614703565835952759e-02 -1.785445772111415863e-02 -9.720038622617721558e-02 -2.892224863171577454e-02 -4.468026012182235718e-02 1.008611246943473816e-01 7.566558569669723511e-02 -7.204795628786087036e-02 -8.695939183235168457e-02 2.391053177416324615e-02 1.043525263667106628e-01 -7.590093463659286499e-02 -9.048230201005935669e-02 -1.573818922042846680e-02 -3.104318119585514069e-02 -2.602902986109256744e-02 7.496355473995208740e-02 2.470277622342109680e-02 -6.738642603158950806e-02 -2.719775587320327759e-02 1.126888170838356018e-01 -7.231920957565307617e-02 3.141551464796066284e-02 9.957869537174701691e-03 7.482194900512695312e-02 8.761788159608840942e-02 -6.788367033004760742e-02 1.046427264809608459e-01 -3.756096214056015015e-02 4.653299227356910706e-03 -6.418717652559280396e-02 3.003175370395183563e-02 -1.075080130249261856e-02 1.515713147819042206e-02 -7.466947659850120544e-03 1.190736368298530579e-01 -3.490962460637092590e-02 -6.905440986156463623e-02 3.648801892995834351e-02 5.572748556733131409e-02 -9.192717075347900391e-02 7.196029275655746460e-02 1.048902422189712524e-01 -6.163190305233001709e-02 -1.200833693146705627e-01
3.133789636194705963e-03 7.788443565368652344e-02 9.749244898557662964e-03 -8.910815417766571045e-02 -4.699871316552162170e-02 -4.949475079774856567e-02 -2.315550483763217926e-02 4.608217626810073853e-02 -5.271083489060401917e-02 -7.817088812589645386e-02 -1.288261450827121735e-02 -4.343626275658607483e-02 9.551774710416793823e-03 -3.020546957850456238e-02 4.551058635115623474e-03 -1.516094058752059937e-02 -1.240077167749404907e-01 -3.199381753802299500e-02 6.734828650951385498e-02 -2.630047686398029327e-02 5.832734704017639160e-02 -3.307060152292251587e-02 -1.036979928612709045e-01 -7.618990261107683182e-03 -1.425756700336933136e-02 4.091536626219749451e-02 -5.577241629362106323e-02 -6.291045993566513062e-02 6.662803888320922852e-02 5.684495344758033752e-02 -5.214195698499679565e-02 5.579137057065963745e-02 6.315217912197113037e-02 -3.768650069832801819e-02 7.092828303575515747e-02 7.677662372589111328e-02 -4.895954579114913940e-02 -3.627644851803779602e-02 -1.168061606585979462e-02 1.979023031890392303e-02 9.205039590597152710e-02 1.487625576555728912e-02 8.577960729598999023e-02 1.452715042978525162e-02 7.065169513225555420e-02 6.261157244443893433e-02 2.361367084085941315e-02 4.330114275217056274e-02 2.844173274934291840e-02 3.198934718966484070e-02 -7.682549208402633667e-02 8.086774498224258423e-02 6.642483174800872803e-02 -1.528280321508646011e-02 -2.440460026264190674e-02 -3.094902820885181427e-02 2.151305601000785828e-02 -9.199360758066177368e-02 3.812246024608612061e-02 -8.142919279634952545e-03 -4.502910748124122620e-02 3.448744490742683411e-02 1.687230169773101807e-02 -2.040147036314010620e-02 8.845855295658111572e-02 1.435081101953983307e-02 2.966416254639625549e-02 1.774642243981361389e-02 -5.822946876287460327e-02 -3.234720975160598755e-02 1.220836304128170013e-02 -3.446053247898817062e-03 -6.938758492469787598e-02 8.343610167503356934e-02 -1.740829553455114365e-03 1.878605782985687256e-02 8.162110298871994019e-02 9.148540347814559937e-02 -6.409011781215667725e-02 5.630952492356300354e-02 -5.516842007637023926e-02 2.746723592281341553e-02 3.543476760387420654e-02 -1.004878133535385132e-01 1.873589493334293365e-02 -3.061496838927268982e-02 8.281498402357101440e-02 2.589461579918861389e-02 -1.027318015694618225e-01 -9.535555541515350342e-02 -7.144130766391754150e-02 -5.787638574838638306e-02 -8.464643359184265137e-02 7.688566297292709351e-02 -4.102870821952819824e-02 7.472670823335647583e-02 -4.796947352588176727e-03 -3.704317146912217140e-03 4.790724068880081177e-02 7.353086024522781372e-02
-6.109250336885452271e-02 5.452721565961837769e-02 4.744579270482063293e-02 7.335545122623443604e-02 5.561159178614616394e-02 3.615881502628326416e-02 6.139949336647987366e-02 -1.882790960371494293e-02 6.804945319890975952e-02 -2.422211319208145142e-02 2.765960618853569031e-02 9.404005110263824463e-02 -4.506507422775030136e-03 2.035819925367832184e-02 -9.732210636138916016e-02 2.544719260185956955e-03 -1.725212298333644867e-02 -7.760214619338512421e-03 7.561335805803537369e-03 -1.084348112344741821e-01 -8.645812422037124634e-02 -4.027193039655685425e-02 6.563865393400192261e-02 -5.004731565713882446e-02 -6.151666119694709778e-02 1.982000283896923065e-02 -4.687150940299034119e-02 -9.912245720624923706e-02 2.367432974278926849e-02 2.317639440298080444e-02 4.356567934155464172e-02 -4.529533162713050842e-02 -7.774686813354492188e-02 -2.538826875388622284e-02 -6.894848495721817017e-02 -2.539281360805034637e-02 4.598683863878250122e-02 -1.123190578073263168e-02 4.287831857800483704e-02 -1.141014602035284042e-02 -7.587330043315887451e-02 3.995836153626441956e-02 -1.013956442475318909e-01 -2.905125496909022331e-03 -1.238997559994459152e-02 9.607973508536815643e-03 -9.014823287725448608e-02 -3.559841588139533997e-02 -6.251545995473861694e-02 6.144196912646293640e-02 5.618154257535934448e-02 -2.464643679559230804e-03 3.208936005830764771e-02 -3.766845911741256714e-02 -2.608398720622062683e-02 5.925932899117469788e-02 8.039725944399833679e-03 -6.167369335889816284e-02 1.132193654775619507e-01 5.653651058673858643e-02 5.863244459033012390e-02 5.128583684563636780e-02 6.875294726341962814e-03 3.489222377538681030e-02 -5.220097303390502930e-02 -1.391765289008617401e-02 4.192386567592620850e-02 9.293634444475173950e-02 -3.294754400849342346e-02 3.256661072373390198e-02 1.995122432708740234e-02 8.698069304227828979e-02 -8.318378776311874390e-02 -6.204837933182716370e-02 -8.375500142574310303e-02 -4.209190234541893005e-02 -5.973584577441215515e-02 1.092723384499549866e-01 4.851783812046051025e-02 3.432133793830871582e-02 -8.555806428194046021e-02 8.035369962453842163e-02 -8.842295967042446136e-03 6.605698913335800171e-02 -4.899813234806060791e-02 -5.866295099258422852e-02 8.986496180295944214e-02 -8.188766986131668091e-02 -2.080883085727691650e-02 -5.448841303586959839e-02 -3.598272427916526794e-02 8.990231901407241821e-02 -8.276586234569549561e-02 7.692874968051910400e-02 -1.913549145683646202e-03 -9.651477448642253876e-03 7.041702419519424438e-02 -8.159122616052627563e-02 -6.464636325836181641e-02 -9.837257862091064453e-02
-1.612761407159268856e-03 3.404771164059638977e-02 -1.033330559730529785e-01 6.890639662742614746e-02 8.062339574098587036e-02 -1.856421120464801788e-02 -7.428941875696182251e-02 -6.048720329999923706e-02 -4.171000793576240540e-02 -4.904448986053466797e-02 7.284788787364959717e-02 -6.426578015089035034e-02 -1.007801070809364319e-01 -1.099999472498893738e-01 3.655554493889212608e-03 -3.932306915521621704e-02 1.658831373788416386e-03 -3.934945911169052124e-02 2.232525311410427094e-02 -1.448614150285720825e-01 4.961755871772766113e-02 -2.549750730395317078e-02 -3.802931867539882660e-03 -6.358292698860168457e-02 -8.671700954437255859e-02 4.411039873957633972e-02 -2.206817828118801117e-02 1.713655292987823486e-01 1.233320310711860657e-02 7.871398120187222958e-04 -4.405345395207405090e-02 -5.667321756482124329e-02 4.292089119553565979e-02 6.277036666870117188e-02 2.791125699877738953e-02 -1.310805045068264008e-02 1.109337247908115387e-02 -7.925444841384887695e-02 3.913587704300880432e-02 -1.749079301953315735e-02 -1.396720204502344131e-02 -9.405496716499328613e-02 -2.937299758195877075e-02 5.676148459315299988e-03 -4.811307042837142944e-02 -9.947793930768966675e-02 -6.414940953254699707e-02 -1.199239939451217651e-01 6.040526553988456726e-02 1.757537759840488434e-02 -1.985753141343593597e-02 1.392279658466577530e-02 -6.019949447363615036e-03 6.897135078907012939e-02 5.037482827901840210e-02 4.898864403367042542e-02 1.044464483857154846e-01 4.146318882703781128e-02 -2.076683938503265381e-02 -1.848669140599668026e-03 5.393726378679275513e-02 -3.854794427752494812e-02 -1.760414801537990570e-02 1.197539642453193665e-02 3.866637125611305237e-02 5.439200252294540405e-02 -5.262744426727294922e-02 -7.537354528903961182e-02 -2.099458314478397369e-02 -2.621157467365264893e-02 8.397952467203140259e-02 7.043433189392089844e-02 -5.521722137928009033e-02 -1.151454970240592957e-01 -5.774293467402458191e-02 9.844748675823211670e-02 -3.181430976837873459e-03 -5.985052511096000671e-02 6.197844818234443665e-02 4.486341029405593872e-02 -9.198636561632156372e-02 5.730897933244705200e-02 1.225631125271320343e-02 3.170272707939147949e-02 -8.977840095758438110e-02 7.831095904111862183e-02 9.088800102472305298e-02 1.078010424971580505e-01 3.740488737821578979e-02 4.836182110011577606e-03 1.614862866699695587e-02 -2.052157372236251831e-02 9.249456226825714111e-02 3.048433549702167511e-02 -8.006490021944046021e-02 -8.106172084808349609e-02 -5.528423935174942017e-02 2.656698413193225861e-02 2.262139692902565002e-02 6.810148805379867554e-02
4.249425977468490601e-02 -7.172279804944992065e-02 -1.000537425279617310e-01 6.593316048383712769e-02 3.964503109455108643e-02 -7.303178310394287109e-02 8.259286731481552124e-02 -5.126936361193656921e-02 -9.732371568679809570e-02 3.561767935752868652e-02 -1.078765317797660828e-01 -2.569183520972728729e-02 6.313294172286987305e-02 -4.685705900192260742e-02 -3.185006231069564819e-02 2.690794132649898529e-02 2.001590281724929810e-02 -7.532905042171478271e-02 -4.172885045409202576e-02 5.221650749444961548e-02 -4.917749017477035522e-02 -1.575362086296081543e-01 -8.232230693101882935e-02 6.794121116399765015e-02 -3.295306861400604248e-02 6.581327319145202637e-02 -2.809037454426288605e-02 1.057383343577384949e-01 -1.469605229794979095e-02 1.720497012138366699e-02 -6.921222060918807983e-02 1.920197904109954834e-02 -7.175052165985107422e-02 -3.876205533742904663e-02 -4.039705172181129456e-02 -6.811977922916412354e-02 -8.199007064104080200e-02 -1.838103681802749634e-02 -9.881599806249141693e-03 9.531260281801223755e-02 -2.329126186668872833e-02 -1.614006608724594116e-02 -9.264012426137924194e-02 -1.381621658802032471e-01 -4.981360957026481628e-02 1.812829449772834778e-02 -6.727832555770874023e-02 5.752296745777130127e-02 4.252940416336059570e-02 -4.527227208018302917e-02 6.769156549125909805e-03 -1.353111267089843750e-01 1.637279987335205078e-02 -6.401833146810531616e-02 6.287093460559844971e-02 -8.433414623141288757e-03 -8.626913279294967651e-02 -9.023762494325637817e-02 3.139212355017662048e-02 4.506041854619979858e-02 -3.568511456251144409e-02 5.060071125626564026e-02 9.474016726016998291e-02 -7.735515944659709930e-03 7.663817703723907471e-02 6.607057154178619385e-02 -8.135279268026351929e-02 -6.699115969240665436e-03 -6.118788197636604309e-02 -6.270220037549734116e-03 8.439110964536666870e-02 -8.634196221828460693e-02 3.037753142416477203e-02 5.959825590252876282e-02 -5.673912167549133301e-02 7.669600844383239746e-02 2.748885191977024078e-02 4.760699346661567688e-02 5.974566563963890076e-02 -2.611840516328811646e-02 6.680784374475479126e-02 -4.140565171837806702e-03 6.105643510818481445e-02 -9.838999807834625244e-02 2.515715919435024261e-02 1.042408570647239685e-01 8.842267096042633057e-02 -3.777128830552101135e-02 9.060449898242950439e-02 -1.041136533021926880e-01 -6.191061809659004211e-02 6.384396925568580627e-03 -8.483668416738510132e-02 -5.487908050417900085e-02 -8.441007882356643677e-02 5.820112302899360657e-02 1.486740168184041977e-02 2.036868780851364136e-02 -7.282428443431854248e-02 -4.810658469796180725e-02
-1.831091195344924927e-02 -7.138998061418533325e-02 -8.893200010061264038e-02 1.578593277372419834e-03 9.419654309749603271e-02 -4.052599519491195679e-02 -5.600252747535705566e-02 -1.061898544430732727e-01 8.248066157102584839e-02 -5.836347863078117371e-02 7.853341102600097656e-02 1.178555190563201904e-02 -2.645860798656940460e-02 -4.622310400009155273e-02 1.284477561712265015e-01 8.278586715459823608e-02 -1.595105743035674095e-03 5.476093664765357971e-02 -3.652504459023475647e-02 9.120202809572219849e-02 -7.058838754892349243e-02 6.520967185497283936e-02 -2.862905152142047882e-02 -3.146481513977050781e-02 -1.631527952849864960e-02 -3.143516927957534790e-02 -2.193482220172882080e-02 3.324871882796287537e-02 -2.597567439079284668e-02 8.180883526802062988e-02 3.393665701150894165e-02 3.701520338654518127e-02 -1.135073751211166382e-01 3.012039884924888611e-02 -3.625373821705579758e-03 -4.473615065217018127e-02 4.710682854056358337e-02 9.302759170532226562e-02 -2.332983911037445068e-02 -2.730587497353553772e-02 -4.441592376679182053e-03 -4.877981171011924744e-02 2.227308414876461029e-02 5.903400108218193054e-02 6.953977048397064209e-02 -2.021119743585586548e-02 4.381839558482170105e-02 -8.452825248241424561e-02 -2.195119857788085938e-03 -2.827285323292016983e-03 -7.435875385999679565e-02 -1.913312822580337524e-02 -9.479864686727523804e-02 6.443799287080764771e-02 -2.190827392041683197e-02 4.196940455585718155e-03 1.164833176881074905e-02 4.421555995941162109e-02 2.826509997248649597e-02 7.154765725135803223e-02 -1.364395860582590103e-02 -1.025956198573112488e-01 -8.634793013334274292e-02 -7.848060876131057739e-02 -5.990402773022651672e-02 1.004816368222236633e-01 1.395597215741872787e-02 1.152560561895370483e-01 7.772718369960784912e-02 2.646364271640777588e-03 -7.352875173091888428e-02 -7.114302366971969604e-02 -7.444854825735092163e-02 -1.280142460018396378e-02 8.304893225431442261e-02 5.092657729983329773e-02 -1.733063720166683197e-02 -2.155941165983676910e-02 -6.536662578582763672e-02 -6.363499909639358521e-02 -7.756709307432174683e-02 4.688733071088790894e-02 8.075626567006111145e-03 -9.593176841735839844e-02 -6.349799782037734985e-02 -5.595001950860023499e-02 -3.708600252866744995e-02 -8.142835646867752075e-02 -8.712991327047348022e-02 -3.551667928695678711e-02 4.712079465389251709e-02 -4.392274841666221619e-02 -1.488212496042251587e-02 -7.190842926502227783e-02 -6.308624148368835449e-02 -4.487887769937515259e-02 -1.313669839873909950e-03 -8.341621607542037964e-02 7.202729582786560059e-02 2.491992153227329254e-02
-7.156839966773986816e-02 -2.508129552006721497e-02 -6.491032987833023071e-02 -4.313872195780277252e-03 7.607270032167434692e-02 9.084476623684167862e-04 -3.996296599507331848e-02 -6.777755171060562134e-02 -7.935510575771331787e-02 7.138066738843917847e-02 5.014283210039138794e-02 9.178555011749267578e-02 -4.117133840918540955e-02 8.198752254247665405e-02 -9.927758574485778809e-02 -7.065197825431823730e-02 9.680619090795516968e-02 -1.046732626855373383e-02 -1.653952524065971375e-02 -1.820798963308334351e-02 -6.710538268089294434e-02 -1.071515902876853943e-01 2.816613949835300446e-02 -1.256464570760726929e-01 -9.145380556583404541e-02 -1.386876683682203293e-02 6.920234113931655884e-02 6.065343320369720459e-02 1.027166172862052917e-01 -9.333132207393646240e-02 1.318851392716169357e-02 7.708684355020523071e-02 -9.949134290218353271e-02 -6.297531723976135254e-02 8.581770956516265869e-02 1.246217861771583557e-01 9.439353644847869873e-02 -6.946674548089504242e-03 8.502389490604400635e-02 -1.483978331089019775e-02 2.859276160597801208e-02 -4.379988461732864380e-02 -7.597701996564865112e-02 8.582548052072525024e-02 -1.664874330163002014e-02 -9.611499309539794922e-02 4.172785580158233643e-02 8.434266597032546997e-02 1.825617253780364990e-02 -7.893569767475128174e-02 -6.360197812318801880e-02 5.607824400067329407e-02 9.405981749296188354e-02 5.599046126008033752e-02 -9.682118892669677734e-02 -1.434894045814871788e-03 -6.128617003560066223e-02 -1.829781010746955872e-02 8.539901115000247955e-03 6.746734678745269775e-02 -2.948586642742156982e-02 -3.125190734863281250e-03 2.370858751237392426e-02 -2.109355852007865906e-02 -1.299759447574615479e-01 8.272206038236618042e-02 -1.252419501543045044e-02 2.504236064851284027e-02 8.356600999832153320e-02 8.531183004379272461e-02 3.827310726046562195e-02 -5.485470220446586609e-02 -1.303815990686416626e-01 7.154667377471923828e-02 -4.057708010077476501e-02 -3.762668743729591370e-02 -8.806331455707550049e-02 -2.669571712613105774e-02 -4.784939438104629517e-02 -1.165546178817749023e-01 9.378828853368759155e-02 2.044080197811126709e-02 4.211028292775154114e-02 4.059957340359687805e-02 -8.321994543075561523e-02 -5.896107107400894165e-02 5.016736686229705811e-02 5.734224990010261536e-02 4.461114853620529175e-02 5.919917672872543335e-02 -4.449440911412239075e-02 1.350827142596244812e-02 9.413753449916839600e-02 3.164234384894371033e-02 1.542753726243972778e-02 1.822474412620067596e-02 4.953744821250438690e-03 3.220088407397270203e-02 -4.877466335892677307e-02 -7.598786056041717529e-02
-2.425168268382549286e-02 7.362437318079173565e-04 8.264694362878799438e-02 -6.070767063647508621e-03 3.816210478544235229e-02 2.144353650510311127e-02 3.424078226089477539e-02 1.137109771370887756e-01 -2.320537716150283813e-02 -8.543760329484939575e-02 -1.016348525881767273e-01 -4.972781613469123840e-02 1.136878356337547302e-01 -2.636834420263767242e-02 -5.331636965274810791e-02 -6.581278890371322632e-02 4.028425738215446472e-02 -5.046783760190010071e-02 8.834270387887954712e-02 4.820314049720764160e-02 7.727499306201934814e-02 -6.720558553934097290e-02 9.568308293819427490e-02 3.510797023773193359e-02 2.452848479151725769e-02 -1.102415248751640320e-01 -7.903862744569778442e-02 -2.698722481727600098e-02 -1.942018978297710419e-02 3.986308723688125610e-02 5.051967129111289978e-02 1.575711183249950409e-02 -4.008894413709640503e-02 -8.152615278959274292e-02 -7.775428891181945801e-02 7.450915127992630005e-02 3.351121395826339722e-02 -3.147354722023010254e-02 5.867783329449594021e-04 -8.768694847822189331e-02 4.687035083770751953e-02 -1.322220452129840851e-02 8.509624004364013672e-02 -5.555793642997741699e-02 2.989894419442862272e-04 7.143709808588027954e-02 -5.659552291035652161e-02 1.352641433477401733e-01 -1.096772961318492889e-02 4.455411434173583984e-02 -3.956278413534164429e-02 -9.419023990631103516e-02 8.663570135831832886e-02 8.487085253000259399e-02 3.805677592754364014e-02 -1.152308378368616104e-02 -9.436295181512832642e-02 -4.826221987605094910e-02 -1.577769406139850616e-02 -1.880954764783382416e-02 7.946173101663589478e-02 -1.135998219251632690e-01 -2.697381190955638885e-02 -3.532740101218223572e-02 2.230633608996868134e-02 2.386467531323432922e-02 1.010273024439811707e-01 3.647262230515480042e-02 7.107786089181900024e-02 -5.480889976024627686e-02 4.257996752858161926e-02 1.439903280697762966e-03 2.085205726325511932e-02 8.317175321280956268e-03 -4.541306197643280029e-02 -6.756439805030822754e-02 4.020204395055770874e-02 7.358340919017791748e-02 4.891447350382804871e-02 -7.738687843084335327e-02 -9.115915745496749878e-02 9.735170751810073853e-02 5.275195837020874023e-02 -5.227115005254745483e-02 -6.344980746507644653e-02 4.730569198727607727e-03 -4.289661999791860580e-03 8.487728238105773926e-02 7.860773801803588867e-02 8.242721669375896454e-03 -1.163711026310920715e-02 1.663959585130214691e-02 -1.059438288211822510e-02 -3.774649230763316154e-03 6.947230547666549683e-02 -9.163464419543743134e-03 -1.137897148728370667e-01 8.189884014427661896e-03 8.854188770055770874e-02 5.231580883264541626e-02
-2.871230058372020721e-02 3.322764998301863670e-03 -7.357905805110931396e-02 -6.563027203083038330e-02 -6.620749831199645996e-02 -1.664180867373943329e-02 4.061383008956909180e-02 -1.665569283068180084e-02 -1.044462621212005615e-01 -6.886391341686248779e-02 -6.511811912059783936e-02 3.774310275912284851e-02 2.757418155670166016e-02 6.262276321649551392e-02 -6.678375415503978729e-03 -7.240395992994308472e-02 -2.151740901172161102e-02 -7.962041348218917847e-02 1.710583828389644623e-02 9.212365746498107910e-02 -5.061256140470504761e-02 3.679057955741882324e-02 -1.431375835090875626e-02 -5.166959390044212341e-02 2.965081669390201569e-02 -6.307414919137954712e-02 -6.560385972261428833e-02 5.794741213321685791e-02 -1.070890948176383972e-01 1.603796891868114471e-02 8.734100311994552612e-02 -9.513623267412185669e-02 1.675587706267833710e-02 8.195382356643676758e-02 -1.115461066365242004e-01 3.324573626741766930e-03 -5.658531561493873596e-03 -8.714045584201812744e-02 -6.448774039745330811e-02 -7.835646718740463257e-02 -3.683262970298528671e-03 7.316279411315917969e-02 -7.280940562486648560e-02 -1.127237901091575623e-01 -7.117045670747756958e-02 -8.466716110706329346e-02 -6.060378253459930420e-02 5.802249070256948471e-03 3.606485202908515930e-02 5.281658843159675598e-02 -2.232839167118072510e-02 -1.312879286706447601e-02 -4.660621751099824905e-03 -5.149662122130393982e-02 5.760794878005981445e-02 -7.460191845893859863e-02 7.019389420747756958e-03 2.674359455704689026e-02 8.231641352176666260e-02 -1.022450402379035950e-01 9.981402009725570679e-02 -7.031969726085662842e-03 -7.079006731510162354e-02 -7.993614301085472107e-03 3.367681801319122314e-02 -2.185494266450405121e-02 9.623048454523086548e-02 -1.264649629592895508e-01 3.089305199682712555e-02 3.491315990686416626e-02 -8.185727149248123169e-02 6.226805038750171661e-03 9.003221243619918823e-02 5.315938964486122131e-02 3.860251232981681824e-02 4.622578155249357224e-03 -5.809079110622406006e-02 -5.809860303997993469e-02 7.519280910491943359e-02 3.047921322286128998e-02 -8.954335004091262817e-02 -3.099860623478889465e-02 1.503108441829681396e-01 2.277942188084125519e-02 1.852337643504142761e-02 5.402438342571258545e-02 -1.417111698538064957e-02 1.003966256976127625e-01 2.595546282827854156e-02 4.725391045212745667e-02 1.015074327588081360e-01 8.794341981410980225e-02 2.834822051227092743e-02 4.804458096623420715e-02 -6.984192132949829102e-02 7.631523907184600830e-02 -1.429675729013979435e-03 -6.019400060176849365e-02 -2.432648651301860809e-02 1.021990925073623657e-01
1.938621141016483307e-02 1.972474716603755951e-02 8.699245750904083252e-02 2.615572325885295868e-02 -3.535424917936325073e-02 7.396809011697769165e-02 -1.717413216829299927e-02 1.571142375469207764e-01 3.499594703316688538e-02 -6.957342475652694702e-02 -3.249651193618774414e-02 4.719866812229156494e-02 -2.082466483116149902e-01 -3.416905179619789124e-02 -2.838928066194057465e-02 4.289454966783523560e-02 4.063921421766281128e-02 -9.773413650691509247e-03 -6.662460509687662125e-03 -4.295109771192073822e-03 -3.425538912415504456e-02 7.108333706855773926e-02 3.037959709763526917e-02 -1.382403224706649780e-01 8.286621421575546265e-02 -1.412131916731595993e-02 3.546305745840072632e-02 -8.594790101051330566e-02 7.229842245578765869e-02 5.022795125842094421e-02 -3.096817061305046082e-02 5.505772307515144348e-02 8.141660131514072418e-03 1.338119357824325562e-01 3.752421587705612183e-02 8.656584471464157104e-02 -6.285563111305236816e-02 2.738221548497676849e-02 3.223606944084167480e-02 -3.597146645188331604e-02 -8.746871352195739746e-02 -4.705853760242462158e-02 -1.755521446466445923e-02 4.221199452877044678e-02 -3.756670281291007996e-02 -1.150895506143569946e-01 -4.097956418991088867e-02 6.849410384893417358e-02 9.278922528028488159e-02 -1.755138635635375977e-01 -1.177514120936393738e-01 1.029525101184844971e-01 -1.827770657837390900e-02 -3.130446653813123703e-03 9.391012042760848999e-02 -2.686172910034656525e-02 2.296333946287631989e-02 2.872278913855552673e-02 3.754668682813644409e-02 1.105525270104408264e-01 -3.401878103613853455e-02 -2.307696267962455750e-02 -1.030167862772941589e-01 7.563405483961105347e-02 4.591324552893638611e-02 4.256379604339599609e-02 6.507623009383678436e-03 -3.902394790202379227e-03 2.479618415236473083e-03 -5.546571686863899231e-02 7.213246077299118042e-02 -9.826119244098663330e-02 2.280945703387260437e-02 1.100818533450365067e-02 -9.436593204736709595e-02 1.176501736044883728e-01 1.015745624899864197e-01 -2.040166035294532776e-02 2.457503229379653931e-02 2.106599509716033936e-02 6.931136548519134521e-02 4.943841695785522461e-02 3.726325929164886475e-03 9.578906930983066559e-03 -1.429830640554428101e-01 -4.194775968790054321e-02 -4.122419282793998718e-02 -2.530115889385342598e-03 -7.360746711492538452e-02 2.267750166356563568e-02 -2.242976985871791840e-02 -3.005541861057281494e-02 -1.748034730553627014e-02 -7.088331133127212524e-02 -7.145208865404129028e-02 -1.394101046025753021e-02 1.183709353208541870e-01 -1.121110171079635620e-01 3.373023495078086853e-02 -3.742082789540290833e-02
-6.836029887199401855e-02 4.940480738878250122e-02 7.671884447336196899e-02 -8.146305382251739502e-02 3.484528511762619019e-02 6.490510702133178711e-02 -4.207066446542739868e-02 -2.670075185596942902e-02 -8.897578343749046326e-03 6.943352520465850830e-02 7.377354055643081665e-02 -1.168635711073875427e-01 -3.362125903367996216e-02 -6.487917155027389526e-02 3.124590404331684113e-02 -3.066231729462742805e-03 7.787229865789413452e-02 -4.561066254973411560e-02 -1.402194611728191376e-02 1.877888105809688568e-02 8.644702285528182983e-02 -5.888436362147331238e-02 -5.993128940463066101e-02 -5.584112927317619324e-02 -1.163132488727569580e-02 -1.148050371557474136e-02 4.552120715379714966e-02 1.057526096701622009e-01 -5.660842731595039368e-02 2.556473575532436371e-02 3.535106033086776733e-02 -9.308859705924987793e-02 1.054756939411163330e-01 -1.251760032027959824e-02 5.499283596873283386e-02 -3.019340336322784424e-02 2.227160707116127014e-02 -3.828470036387443542e-02 5.261819064617156982e-02 -2.924054116010665894e-02 4.831067472696304321e-02 -6.797271221876144409e-02 -9.411182999610900879e-02 -4.138309136033058167e-02 -1.030066236853599548e-02 6.681220978498458862e-02 -4.400725662708282471e-02 -1.178743839263916016e-01 -6.095243245363235474e-02 5.473033711314201355e-02 -4.530087113380432129e-02 -2.922092005610466003e-02 7.249507308006286621e-02 7.099612057209014893e-02 3.127342090010643005e-02 3.686846047639846802e-02 -7.002818584442138672e-02 -2.378224860876798630e-03 8.545737713575363159e-02 4.531713202595710754e-02 4.241453483700752258e-02 3.957979008555412292e-02 -1.409520860761404037e-02 -7.066061347723007202e-02 7.320632785558700562e-02 5.261191353201866150e-02 -1.623853296041488647e-02 -6.583783775568008423e-02 -3.077282197773456573e-02 5.980305373668670654e-02 -1.785239018499851227e-02 6.019019521772861481e-03 -9.089088439941406250e-02 6.017110496759414673e-02 5.802978202700614929e-02 3.219968453049659729e-02 3.087280318140983582e-02 -8.613979816436767578e-02 -1.059773564338684082e-01 -8.716759830713272095e-02 8.389878273010253906e-02 -4.467383027076721191e-02 8.146841824054718018e-02 7.447639107704162598e-02 2.276304922997951508e-02 -5.814611166715621948e-02 -1.461678463965654373e-02 8.530522137880325317e-02 -7.925140112638473511e-02 -3.646790608763694763e-02 1.752345077693462372e-02 -1.268057897686958313e-02 9.510899893939495087e-03 -6.007162109017372131e-02 -3.918654099106788635e-02 8.323832601308822632e-02 -3.149803727865219116e-02 4.800210241228342056e-03 4.136019945144653320e-02 -6.928518414497375488e-02
1.173710748553276062e-01 2.850712463259696960e-02 -7.713489979505538940e-02 1.838025450706481934e-02 1.759992912411689758e-02 -2.632206119596958160e-02 -8.451935648918151855e-02 -8.872285485267639160e-03 2.040446549654006958e-02 1.688921637833118439e-02 4.661006852984428406e-02 6.398386508226394653e-02 -3.619779646396636963e-02 -9.957304596900939941e-02 -5.761378630995750427e-02 -1.257594209164381027e-02 1.848335750401020050e-02 -1.615853048861026764e-02 3.351613134145736694e-02 -2.679878287017345428e-02 -1.501059811562299728e-02 -5.980056524276733398e-02 3.617307543754577637e-02 2.938750386238098145e-02 -4.500371590256690979e-02 -4.403341934084892273e-02 -1.635703071951866150e-02 -3.234128700569272041e-03 7.711192965507507324e-02 -3.364323824644088745e-02 3.510306123644113541e-03 -8.512554317712783813e-02 1.055292189121246338e-01 -9.125154465436935425e-02 5.907302722334861755e-02 -3.788535669445991516e-02 8.734575659036636353e-02 3.105343133211135864e-02 -1.001110300421714783e-02 -5.656128749251365662e-02 -5.598052591085433960e-02 2.947979420423507690e-02 5.232619494199752808e-02 -3.130755573511123657e-02 -3.777129948139190674e-02 -3.563649579882621765e-02 5.485519766807556152e-02 6.761353462934494019e-02 -4.746488854289054871e-02 1.603317260742187500e-02 1.362239867448806763e-01 1.920967176556587219e-02 -9.913548082113265991e-02 8.086912333965301514e-02 -4.113512858748435974e-02 -1.061200574040412903e-01 -2.927893958985805511e-02 -7.398094236850738525e-02 -2.502294629812240601e-02 -7.570253312587738037e-02 -4.653320461511611938e-02 -2.756318263709545135e-02 4.438643157482147217e-02 -7.315966486930847168e-02 -7.318323850631713867e-02 6.405141204595565796e-02 9.226807206869125366e-02 -8.962509781122207642e-02 1.746588759124279022e-02 6.564401835203170776e-02 -1.147826574742794037e-02 -5.223612859845161438e-02 4.427860304713249207e-02 -4.731287434697151184e-02 5.997014045715332031e-02 1.464716624468564987e-02 5.129455029964447021e-02 -6.906130909919738770e-02 -6.517413258552551270e-02 1.093118079006671906e-02 -9.374696016311645508e-02 -3.577240183949470520e-02 5.673856660723686218e-02 -9.197323024272918701e-02 -1.010453328490257263e-03 -2.167050912976264954e-02 -1.289470344781875610e-01 2.970469556748867035e-02 -6.822418421506881714e-02 7.423441112041473389e-02 -7.578502595424652100e-02 5.081299319863319397e-02 -5.204470083117485046e-02 -8.061677962541580200e-02 1.133502721786499023e-01 3.998358547687530518e-02 -7.720155175775289536e-03 5.192418396472930908e-02 1.227243919856846333e-03 1.226939912885427475e-02
-4.464121907949447632e-02 -1.282537821680307388e-02 9.238771349191665649e-02 5.297720432281494141e-02 -1.759288087487220764e-02 -1.122430041432380676e-01 -5.692974850535392761e-02 -6.113174930214881897e-02 -7.909849286079406738e-02 8.898060023784637451e-02 9.689503163099288940e-02 1.041734516620635986e-01 -6.718542426824569702e-02 -1.103593260049819946e-01 6.633517146110534668e-02 8.559731394052505493e-02 -7.593636214733123779e-02 8.797439932823181152e-02 6.550417095422744751e-02 -3.863998875021934509e-02 -3.286690637469291687e-02 -7.308465242385864258e-02 -1.039762645959854126e-01 -4.343547299504280090e-02 -5.765002220869064331e-02 8.403334021568298340e-02 -7.066042721271514893e-02 -3.551676496863365173e-02 4.121084883809089661e-02 5.643682181835174561e-02 -6.284429877996444702e-02 1.044052094221115112e-01 -4.447698127478361130e-03 -7.526908069849014282e-02 2.862809412181377411e-02 -5.515023320913314819e-02 1.492538489401340485e-02 3.611087799072265625e-02 1.154556050896644592e-01 -2.400152385234832764e-02 -3.224333748221397400e-03 -3.537198156118392944e-02 5.764719471335411072e-02 6.560255587100982666e-02 4.449995979666709900e-02 -9.971425682306289673e-02 -7.496221363544464111e-02 -6.926959007978439331e-02 1.040377542376518250e-01 -1.102455109357833862e-01 -4.595912620425224304e-02 4.146078228950500488e-02 -1.207416951656341553e-01 -9.350147843360900879e-02 7.728001219220459461e-04 -3.251815587282180786e-02 3.957190737128257751e-02 3.508687019348144531e-02 -6.435272842645645142e-02 -1.292675882577896118e-01 -7.071716338396072388e-02 -6.000169366598129272e-02 -4.747618362307548523e-02 4.988067597150802612e-02 8.905665576457977295e-02 -9.403179585933685303e-02 -2.697921358048915863e-02 -3.594711050391197205e-02 -2.351335249841213226e-03 1.041668280959129333e-02 8.972496539354324341e-02 1.385119184851646423e-02 2.407939173281192780e-03 -3.507037879899144173e-03 -2.224272862076759338e-02 8.549015223979949951e-02 -6.533126533031463623e-02 -6.974434480071067810e-03 5.665346980094909668e-02 1.759364828467369080e-02 -3.353413566946983337e-02 -1.040046662092208862e-02 -1.329285930842161179e-02 -7.358779199421405792e-03 -9.992656111717224121e-02 -2.511228062212467194e-02 1.040756925940513611e-01 -5.188494175672531128e-02 -5.680133774876594543e-02 5.915994569659233093e-02 7.225874811410903931e-03 -2.687856368720531464e-02 -8.047199249267578125e-02 5.182913318276405334e-02 -7.121756672859191895e-03 -4.174517095088958740e-02 -9.443020075559616089e-02 4.340742528438568115e-02 -7.983528822660446167e-02 1.106398701667785645e-01
3.414334356784820557e-02 6.074408069252967834e-02 -9.407409280538558960e-02 -4.726272821426391602e-02 4.398765042424201965e-02 -4.539719782769680023e-03 9.561650454998016357e-03 -1.044516637921333313e-01 -1.297011878341436386e-02 -6.107887998223304749e-02 -1.657939329743385315e-02 7.491561025381088257e-02 4.879873245954513550e-02 -3.062760457396507263e-02 -3.519050544127821922e-03 -7.102680951356887817e-02 -4.507791623473167419e-02 5.774033442139625549e-02 8.693848550319671631e-02 2.927256375551223755e-02 2.704554423689842224e-02 -5.901918187737464905e-02 -9.133906662464141846e-02 9.811355918645858765e-02 9.208071231842041016e-02 -3.141788020730018616e-02 1.605120487511157990e-02 1.141163632273674011e-01 2.171850018203258514e-02 2.450250089168548584e-02 -1.878858171403408051e-02 -1.139670908451080322e-01 2.997375559061765671e-03 -7.033398747444152832e-02 4.779871180653572083e-02 7.694196701049804688e-02 -4.969551786780357361e-02 -1.864579319953918457e-02 -7.462447509169578552e-03 -1.603782060556113720e-03 -5.268106237053871155e-02 -9.823866188526153564e-02 7.856058329343795776e-02 2.244043350219726562e-02 7.053259178064763546e-04 4.527324065566062927e-02 -6.123770028352737427e-02 -1.060894802212715149e-01 -6.901124119758605957e-02 -4.292180016636848450e-02 -1.162563916295766830e-02 -8.053340017795562744e-03 4.252397269010543823e-02 -8.965280652046203613e-02 -1.123347580432891846e-01 5.315480753779411316e-02 7.648084778338670731e-03 6.349726021289825439e-02 -5.926961079239845276e-02 7.474235445261001587e-02 6.763575971126556396e-02 7.837453484535217285e-02 2.572259493172168732e-02 1.509005948901176453e-02 9.404277428984642029e-03 -5.068796128034591675e-02 -5.224129930138587952e-02 3.421477973461151123e-02 -4.590372741222381592e-02 -8.744291961193084717e-02 -4.494077339768409729e-02 -2.602308616042137146e-02 -6.990116089582443237e-02 5.308260023593902588e-02 2.935323864221572876e-02 6.355027109384536743e-02 -2.014160156250000000e-02 7.401188462972640991e-02 -1.000710427761077881e-01 5.700305849313735962e-02 -4.514519125223159790e-02 -1.101305708289146423e-01 6.329532712697982788e-02 -6.171694025397300720e-02 -1.633013412356376648e-02 2.919479832053184509e-02 1.436323672533035278e-01 -2.929650247097015381e-02 -1.915948465466499329e-02 -3.550741448998451233e-02 6.100857630372047424e-02 -4.495804384350776672e-02 6.922070402652025223e-03 5.575853399932384491e-03 6.398134678602218628e-02 -7.189278304576873779e-02 -5.779743194580078125e-02 6.440147291868925095e-03 -2.359258383512496948e-02 -6.246356666088104248e-02
-9.145347028970718384e-02 1.102487463504076004e-02 3.651074692606925964e-02 1.312973797321319580e-01 2.268168516457080841e-02 -7.386155426502227783e-02 7.284789532423019409e-02 -1.109339445829391479e-01 3.727632015943527222e-02 -4.365135915577411652e-03 9.017456322908401489e-03 -7.292798161506652832e-02 4.734830185770988464e-02 -4.384372383356094360e-02 -3.963645920157432556e-02 -9.476851671934127808e-02 1.194262877106666565e-01 -3.926302120089530945e-02 3.773497417569160461e-02 1.488199573941528797e-03 -2.765938080847263336e-02 -1.209055483341217041e-01 -6.855971366167068481e-02 5.632953718304634094e-02 -2.873705513775348663e-02 -1.689847186207771301e-02 -4.168798681348562241e-03 -4.549895599484443665e-02 -4.240279272198677063e-02 -3.203884139657020569e-02 -9.412720054388046265e-02 1.359758619219064713e-02 -6.427078694105148315e-02 9.014628827571868896e-02 2.821168862283229828e-02 -4.524382576346397400e-02 1.860266737639904022e-02 5.752304196357727051e-02 6.858316715806722641e-03 2.961689792573451996e-02 -8.696306496858596802e-02 5.356046929955482483e-02 -1.195244118571281433e-01 -6.375504285097122192e-02 6.650869548320770264e-02 3.973262384533882141e-02 -1.305833086371421814e-02 -1.094226092100143433e-01 5.874878540635108948e-02 6.783442199230194092e-02 -7.555589824914932251e-02 -4.145868122577667236e-02 5.507946014404296875e-02 7.666964828968048096e-02 5.169216170907020569e-02 -7.634506374597549438e-02 9.242395311594009399e-02 -1.000464931130409241e-01 -4.687966033816337585e-02 -7.290267944335937500e-02 3.506508842110633850e-02 -8.319269120693206787e-02 8.059626817703247070e-02 -7.734447717666625977e-02 1.693165861070156097e-02 7.308547198772430420e-02 8.425419032573699951e-02 -7.090238388627767563e-03 -7.114804536104202271e-02 -1.106854006648063660e-01 -8.264429122209548950e-02 -4.634218290448188782e-02 -2.518182061612606049e-02 3.617283701896667480e-02 -1.004259362816810608e-01 -9.498570114374160767e-02 -6.182365864515304565e-02 -8.503629267215728760e-02 5.133909173309803009e-03 6.285109370946884155e-02 -1.479185838252305984e-02 -1.022969856858253479e-01 -8.000945299863815308e-02 -6.123859807848930359e-02 5.544194579124450684e-02 -3.652194142341613770e-02 6.492388248443603516e-02 -6.072135642170906067e-02 5.833308771252632141e-02 -4.637070745229721069e-02 1.514056604355573654e-02 -2.607671357691287994e-02 -9.863217920064926147e-02 4.362534731626510620e-02 -2.967474795877933502e-02 -4.136780649423599243e-02 9.411090984940528870e-03 1.491667609661817551e-02 8.559504151344299316e-02 4.297431092709302902e-03
7.085463404655456543e-02 -4.977264627814292908e-02 5.742399394512176514e-02 1.007195785641670227e-01 2.450183406472206116e-02 -3.644751012325286865e-02 7.407560199499130249e-02 6.957888603210449219e-02 5.835924297571182251e-02 1.148406639695167542e-01 5.078582465648651123e-02 8.029080927371978760e-02 -3.942565992474555969e-02 4.610075429081916809e-02 7.011494785547256470e-02 -5.538571625947952271e-02 -5.305536463856697083e-02 -4.118286818265914917e-02 8.896642178297042847e-02 5.440951138734817505e-02 -4.621956322807818651e-04 6.818032264709472656e-02 1.005522534251213074e-01 -4.737408831715583801e-02 -1.843956485390663147e-02 9.251454472541809082e-02 -1.105986163020133972e-01 6.423881649971008301e-02 7.890148460865020752e-02 6.523723900318145752e-02 2.339045330882072449e-02 -2.830158919095993042e-02 5.403129011392593384e-02 -6.299526989459991455e-02 -3.669257834553718567e-02 7.091628853231668472e-03 -1.573295146226882935e-02 -2.427594736218452454e-02 9.763954207301139832e-03 -3.634534031152725220e-02 -1.691688783466815948e-02 6.174424663186073303e-03 7.871715724468231201e-02 -2.138040773570537567e-02 5.180131178349256516e-03 -4.083757475018501282e-02 2.247633878141641617e-03 6.640081852674484253e-02 -2.953921817243099213e-02 -9.262975305318832397e-03 -9.264790266752243042e-02 5.585088953375816345e-02 7.238899916410446167e-02 9.466524422168731689e-02 2.020215149968862534e-03 6.973584741353988647e-02 -7.486870139837265015e-02 -7.507070153951644897e-02 -8.072225004434585571e-02 1.717354729771614075e-02 7.605355232954025269e-02 -5.423180386424064636e-02 -5.354035645723342896e-02 2.582697570323944092e-02 2.276175096631050110e-02 -7.248579710721969604e-02 3.198986407369375229e-03 -4.364879429340362549e-02 8.876906335353851318e-02 3.123793937265872955e-02 -1.807297952473163605e-02 -2.403401397168636322e-02 4.306685552000999451e-02 -5.948824808001518250e-02 3.226448595523834229e-02 -6.645426899194717407e-02 9.561369568109512329e-02 2.025367692112922668e-03 2.153780311346054077e-02 -9.089628607034683228e-02 -9.793690592050552368e-02 -1.198794543743133545e-01 -3.801349177956581116e-02 -1.573632284998893738e-02 6.264790147542953491e-02 4.573664069175720215e-02 -1.366308182477951050e-01 -9.085247665643692017e-02 -6.259950995445251465e-02 -4.968979582190513611e-02 1.311884168535470963e-02 -8.983821421861648560e-02 -9.220945090055465698e-02 7.200612872838973999e-02 3.198248147964477539e-02 2.815184555947780609e-02 2.960647456347942352e-02 -5.546509847044944763e-02 -9.567874670028686523e-02 -5.550635233521461487e-02
9.554821252822875977e-02 6.108316406607627869e-02 -7.844255119562149048e-02 -7.695249468088150024e-02 3.968817368149757385e-02 -1.048584952950477600e-01 1.260946597903966904e-02 -1.095005497336387634e-01 -6.245367228984832764e-02 6.292133033275604248e-02 7.840213924646377563e-02 5.399891734123229980e-02 -2.946494845673441887e-03 -5.319900065660476685e-02 6.135346740484237671e-02 -8.456046134233474731e-02 -6.340063363313674927e-02 -4.834260046482086182e-02 -7.820863276720046997e-02 7.273113727569580078e-02 9.632014669477939606e-03 1.418792735785245895e-02 1.596525497734546661e-02 -3.045818023383617401e-02 -7.100213319063186646e-02 9.804784506559371948e-02 -9.636542201042175293e-02 -7.400340586900711060e-02 4.014609754085540771e-02 4.094607383012771606e-02 5.734802782535552979e-02 -5.216396227478981018e-02 -5.884862691164016724e-02 -1.262445934116840363e-03 -7.972245663404464722e-02 -7.639785856008529663e-02 -1.146604344248771667e-01 -1.747349090874195099e-02 3.676304966211318970e-02 6.371759809553623199e-03 -4.374897480010986328e-02 6.692102551460266113e-02 -4.325343295931816101e-02 7.105584722012281418e-03 -1.886446401476860046e-02 -1.736369915306568146e-02 -2.369334921240806580e-03 -1.223078295588493347e-01 -1.618947088718414307e-02 -1.066025570034980774e-01 6.831230968236923218e-02 9.701459109783172607e-02 2.431058697402477264e-02 2.593887038528919220e-02 2.586425840854644775e-02 5.019710585474967957e-02 -4.522908106446266174e-02 6.710656452924013138e-03 -2.340508811175823212e-02 4.321873188018798828e-02 1.155472546815872192e-02 -9.476777166128158569e-02 1.191778331995010376e-01 -1.805129088461399078e-02 -4.318890720605850220e-02 6.132081151008605957e-02 5.816143006086349487e-02 8.013001084327697754e-02 -3.918713703751564026e-02 -8.847325295209884644e-02 7.294819504022598267e-02 6.129984185099601746e-02 -5.695044249296188354e-02 -4.361611977219581604e-02 -6.872564554214477539e-02 4.261251538991928101e-02 7.187174260616302490e-02 5.544587969779968262e-02 -5.135502293705940247e-02 -2.092978544533252716e-02 1.003361418843269348e-01 3.969194833189249039e-03 -4.239330999553203583e-03 -8.536609262228012085e-02 -5.935677792876958847e-03 -1.156517304480075836e-02 -7.021294534206390381e-02 -1.674835383892059326e-02 9.835969656705856323e-02 1.029324531555175781e-01 -1.053385715931653976e-02 -9.927515685558319092e-02 -6.944246590137481689e-02 1.870017312467098236e-02 5.366618186235427856e-02 1.113188788294792175e-01 -1.070171594619750977e-01 -1.083772163838148117e-02 -1.004253178834915161e-01 1.662104949355125427e-02
4.233430698513984680e-02 -2.427919395267963409e-02 -1.526797655969858170e-02 6.694515794515609741e-02 -7.155037671327590942e-02 3.311534970998764038e-02 -6.306631118059158325e-02 -4.823023825883865356e-02 8.897437155246734619e-02 -4.092648997902870178e-02 -6.628446280956268311e-02 5.379687063395977020e-04 -1.812041923403739929e-02 5.572853982448577881e-02 1.054857596755027771e-01 4.930417984724044800e-02 -6.425739824771881104e-02 -7.733117043972015381e-02 -3.955938294529914856e-02 1.451327502727508545e-01 -8.581327646970748901e-02 9.517185389995574951e-02 2.118285512551665306e-03 -2.705423161387443542e-02 -6.590284407138824463e-02 -9.865818172693252563e-02 8.535072207450866699e-02 3.804511204361915588e-02 -1.438302099704742432e-01 -8.430641889572143555e-02 -6.930713355541229248e-02 9.575580060482025146e-02 4.340302199125289917e-02 -6.429821997880935669e-02 2.348360046744346619e-02 -6.544636562466621399e-04 1.128808930516242981e-01 8.069845288991928101e-02 5.112833902239799500e-02 -3.378058969974517822e-02 6.931304931640625000e-02 -2.169972844421863556e-02 9.467652440071105957e-02 -4.524018242955207825e-02 -3.502737358212471008e-02 4.633142426609992981e-02 -4.939803481101989746e-02 -4.111581295728683472e-02 8.519381284713745117e-02 -4.320105537772178650e-02 -1.009087190032005310e-01 9.430226869881153107e-03 -1.672029793262481689e-01 -1.945805363357067108e-02 -6.728059053421020508e-02 1.080564688891172409e-04 -1.067827120423316956e-01 -2.574248611927032471e-02 3.778206184506416321e-03 -4.011279344558715820e-02 -8.062846213579177856e-02 2.818993292748928070e-02 1.854967698454856873e-02 -5.200617015361785889e-02 -1.237010732293128967e-01 9.279604256153106689e-02 -1.360394340008497238e-02 5.744817107915878296e-02 9.788953512907028198e-02 -8.476662635803222656e-02 7.838148623704910278e-02 6.549172848463058472e-02 -6.725934147834777832e-02 -7.083247601985931396e-02 1.245807204395532608e-02 -1.000865828245878220e-02 2.052403986454010010e-02 2.924956195056438446e-02 -6.725817173719406128e-02 -1.119945943355560303e-01 -2.537377178668975830e-02 8.075503259897232056e-02 -7.123432308435440063e-02 -6.075978651642799377e-02 1.950074802152812481e-04 8.394461870193481445e-02 3.646909899543970823e-04 -1.166872214525938034e-02 -8.021178655326366425e-03 -2.556020044721662998e-04 2.247302420437335968e-02 6.015483662486076355e-02 -9.200936555862426758e-02 5.646000057458877563e-02 5.281101167201995850e-02 3.452289151027798653e-03 -7.102921605110168457e-02 2.479691430926322937e-02 1.999967359006404877e-02 -1.473974436521530151e-01
3.251781687140464783e-02 1.871885731816291809e-02 -3.260435163974761963e-02 -7.026778906583786011e-02 -2.027428336441516876e-02 -3.256750851869583130e-02 -1.028945520520210266e-01 1.896793954074382782e-02 2.929106913506984711e-02 -3.132653608918190002e-02 -2.626406028866767883e-02 6.597973406314849854e-02 6.247973442077636719e-02 -1.205192133784294128e-01 -8.780632168054580688e-02 -4.142576083540916443e-02 -2.530435100197792053e-02 7.577922195196151733e-02 -4.674435779452323914e-02 -1.273445188999176025e-01 -6.653091311454772949e-02 1.852661930024623871e-02 1.682637073099613190e-02 8.816678822040557861e-02 1.242650207132101059e-02 -5.065597966313362122e-02 7.809389382600784302e-02 2.278554812073707581e-02 -3.252018243074417114e-02 -1.000198051333427429e-01 -4.673005267977714539e-02 -4.920415952801704407e-02 4.627420380711555481e-02 -6.094788387417793274e-02 -3.526676911860704422e-03 -1.090761795639991760e-01 -7.250109314918518066e-02 3.951911628246307373e-02 4.791682213544845581e-02 1.179972942918539047e-02 -3.842085599899291992e-02 4.422279819846153259e-02 4.963024333119392395e-02 -7.138477265834808350e-02 -3.471373766660690308e-02 -1.953257061541080475e-02 3.768048062920570374e-02 -9.079343080520629883e-02 -3.308178111910820007e-02 -5.902524664998054504e-02 3.799545392394065857e-02 -1.100926175713539124e-01 -3.139108885079622269e-03 -7.328101247549057007e-02 -5.454638972878456116e-02 -1.076124310493469238e-01 -7.746765762567520142e-02 7.231786102056503296e-02 -7.970511913299560547e-02 -7.531405240297317505e-02 -1.030685156583786011e-01 -3.487273305654525757e-02 -2.006286941468715668e-02 2.406303398311138153e-02 -6.543798744678497314e-02 -5.151048302650451660e-02 -7.691971957683563232e-02 -1.928242389112710953e-03 -7.841325365006923676e-03 -8.861277997493743896e-02 -9.421382844448089600e-02 5.582901462912559509e-02 7.979560643434524536e-02 4.923500493168830872e-02 -4.380304738879203796e-02 8.908418565988540649e-02 2.302150055766105652e-02 6.793694198131561279e-02 4.689946770668029785e-02 -7.860592007637023926e-02 1.461372338235378265e-02 2.151849865913391113e-02 -4.064542800188064575e-02 8.140438050031661987e-02 -2.099189348518848419e-02 -9.688553214073181152e-02 -2.405511913821101189e-03 7.302081584930419922e-02 7.237279787659645081e-04 4.042729735374450684e-02 -1.218469440937042236e-01 -5.982554703950881958e-02 8.211261779069900513e-02 -1.175208110362291336e-02 1.069904491305351257e-01 -6.639043986797332764e-02 -4.935292527079582214e-02 4.949939250946044922e-02 -8.016667515039443970e-02 1.345581412315368652e-01
8.214551955461502075e-02 4.184170439839363098e-02 6.036837119609117508e-03 -8.541347458958625793e-03 -7.508539408445358276e-02 9.866429865360260010e-02 -8.500102162361145020e-02 4.474727064371109009e-02 7.191953063011169434e-02 -7.867166399955749512e-02 3.400265006348490715e-03 1.090490375645458698e-03 -6.416990607976913452e-02 -9.353519999422132969e-04 5.436379089951515198e-02 9.258385002613067627e-02 -8.506897836923599243e-02 -1.923018880188465118e-02 -9.509223699569702148e-02 -6.958456337451934814e-02 3.878642618656158447e-02 3.219460695981979370e-02 -4.930219426751136780e-02 3.079954348504543304e-02 7.385368645191192627e-02 -5.351179838180541992e-02 -2.915663830935955048e-02 1.659248396754264832e-02 4.217891022562980652e-02 1.135825514793395996e-01 -4.748434945940971375e-02 2.682913653552532196e-02 9.072335809469223022e-02 2.542989514768123627e-02 -9.667549282312393188e-02 5.189861636608839035e-03 6.947766244411468506e-02 8.356942236423492432e-02 -9.938613511621952057e-04 8.213647454977035522e-02 2.062925137579441071e-03 4.784008860588073730e-02 -1.074666529893875122e-01 -7.026267051696777344e-02 -3.225036198273301125e-03 -4.017177596688270569e-02 1.566859334707260132e-02 -5.626118183135986328e-02 -3.301448002457618713e-02 -9.228283166885375977e-02 -4.346144851297140121e-03 7.726083695888519287e-02 5.247602984309196472e-02 1.051283441483974457e-02 -2.849677763879299164e-02 -1.828577369451522827e-02 1.012382656335830688e-01 -9.358628839254379272e-02 8.388982713222503662e-02 -9.383287397213280201e-05 -2.752269804477691650e-02 7.125122100114822388e-02 4.441880434751510620e-02 -4.029366374015808105e-02 -1.531244628131389618e-02 6.890107691287994385e-02 -3.027880378067493439e-02 5.871871858835220337e-02 5.898048728704452515e-02 -6.458988785743713379e-02 -6.679353863000869751e-02 4.402909055352210999e-02 -1.091142967343330383e-01 -6.575082987546920776e-02 -5.241755023598670959e-02 7.598227262496948242e-02 2.013637125492095947e-02 1.603633537888526917e-02 -4.990302398800849915e-02 -6.751798093318939209e-02 -4.479593783617019653e-02 1.921242801472544670e-03 -2.374675869941711426e-02 -3.057641163468360901e-02 -2.133498340845108032e-02 2.407285012304782867e-02 1.079632416367530823e-01 -4.990944266319274902e-02 -2.085949294269084930e-02 9.394252672791481018e-03 1.060559675097465515e-01 -9.604424238204956055e-02 9.509036689996719360e-02 6.469135731458663940e-02 -6.570982187986373901e-02 2.005504257977008820e-02 1.529263146221637726e-02 5.958951264619827271e-02 -2.666142210364341736e-02 3.843655809760093689e-02
-4.124866798520088196e-02 8.620525896549224854e-02 -7.970669865608215332e-02 9.851462393999099731e-02 -1.839701645076274872e-02 3.665892779827117920e-02 4.386797547340393066e-02 5.637005716562271118e-02 2.562281675636768341e-02 -3.122935071587562561e-02 -2.220524661242961884e-02 8.545819669961929321e-02 9.366918355226516724e-02 -9.063094109296798706e-02 7.679835706949234009e-02 6.037617847323417664e-02 -6.633305549621582031e-02 -2.892405353486537933e-02 -9.033891558647155762e-02 -7.495559751987457275e-02 9.669883549213409424e-02 -8.804263919591903687e-02 6.176922097802162170e-02 -1.671454869210720062e-02 2.327776979655027390e-03 2.974005974829196930e-02 -3.971325233578681946e-02 1.137940213084220886e-01 -3.366924077272415161e-02 3.200068324804306030e-02 -3.710876032710075378e-02 -1.036360338330268860e-01 -9.878031164407730103e-02 5.424723401665687561e-02 4.017437249422073364e-02 5.203232169151306152e-02 2.001454494893550873e-02 2.894053934141993523e-03 9.219008684158325195e-02 2.561096288263797760e-02 7.792884856462478638e-02 7.579217851161956787e-02 4.104923829436302185e-02 -1.345653459429740906e-02 -1.109295412898063660e-01 1.282012648880481720e-02 -8.823084086179733276e-02 4.769037291407585144e-02 6.614735722541809082e-02 -8.308903127908706665e-02 -9.664609283208847046e-02 8.842028677463531494e-02 -4.630209133028984070e-02 4.122029989957809448e-02 -4.650196805596351624e-02 4.169913381338119507e-02 -7.485327124595642090e-02 -1.410493105649948120e-01 7.266975194215774536e-02 1.032828018069267273e-01 6.849849969148635864e-02 -9.961967915296554565e-02 -6.292456388473510742e-02 -7.612504810094833374e-02 4.523035138845443726e-03 5.927084758877754211e-02 -5.524666607379913330e-02 -8.696674555540084839e-02 7.561144977807998657e-02 2.546111121773719788e-02 -5.262092500925064087e-02 6.173063442111015320e-02 -7.636839896440505981e-02 4.880872741341590881e-02 7.627613097429275513e-02 3.224306926131248474e-02 -1.021531447768211365e-01 1.016132980585098267e-01 -6.117783486843109131e-03 1.446789316833019257e-02 1.496196817606687546e-02 8.247926086187362671e-02 -7.908566296100616455e-02 5.745933577418327332e-02 -4.509708378463983536e-03 -7.711253315210342407e-02 6.798958033323287964e-02 -1.907257921993732452e-02 1.976656913757324219e-02 6.111770123243331909e-02 2.023618668317794800e-02 -3.780994564294815063e-02 3.930527344346046448e-02 2.470720559358596802e-02 -7.832941412925720215e-02 -7.242062687873840332e-02 -3.789678215980529785e-02 5.575422197580337524e-02 5.718624219298362732e-02 1.039748173207044601e-02
7.205372303724288940e-02 4.379196837544441223e-02 1.657509803771972656e-02 4.252673313021659851e-02 -4.610238224267959595e-02 -3.360705077648162842e-02 -6.129149720072746277e-02 5.512149259448051453e-02 4.677969962358474731e-02 -9.244138002395629883e-02 5.483569577336311340e-02 -3.497793897986412048e-02 8.869405835866928101e-02 -2.701717428863048553e-02 -9.356780350208282471e-02 -4.527418687939643860e-02 8.816175162792205811e-02 2.223502844572067261e-02 -2.483977563679218292e-02 8.772469311952590942e-02 -9.909807890653610229e-02 3.428078442811965942e-02 -4.348955303430557251e-02 -4.794333875179290771e-02 2.878576144576072693e-02 5.568165332078933716e-02 -8.686973154544830322e-02 -3.249960765242576599e-02 -1.559220440685749054e-02 -1.790519617497920990e-02 8.191046118736267090e-02 9.740792959928512573e-02 -4.140439908951520920e-03 2.369801700115203857e-02 1.316486895084381104e-01 5.124582722783088684e-02 -8.943292498588562012e-02 9.142531454563140869e-02 -1.083095520734786987e-01 7.499868981540203094e-03 5.584833212196826935e-03 -2.495260350406169891e-02 -2.707810327410697937e-02 9.539774805307388306e-02 3.248724341392517090e-02 4.749156907200813293e-02 6.422885507345199585e-02 -7.616889476776123047e-02 1.015696525573730469e-01 5.333388596773147583e-02 -4.189473018050193787e-02 1.566007919609546661e-02 5.412728711962699890e-02 1.389642711728811264e-02 3.406592644751071930e-03 -4.833555594086647034e-02 -7.472997903823852539e-02 -2.336863987147808075e-02 1.233297511935234070e-01 -6.684698909521102905e-02 6.506274640560150146e-02 2.521727792918682098e-02 4.956630989909172058e-02 -8.435586839914321899e-02 2.578931674361228943e-02 -2.706563659012317657e-02 -9.289108216762542725e-02 -3.478455170989036560e-02 -1.094552427530288696e-01 -7.708826661109924316e-02 1.184821054339408875e-01 6.461929529905319214e-02 7.938314974308013916e-02 -1.150250211358070374e-01 1.135613117367029190e-02 4.776615276932716370e-02 -7.254936546087265015e-02 1.038705185055732727e-01 -9.517375379800796509e-02 5.496741458773612976e-02 7.732858648523688316e-05 1.034545302391052246e-01 -2.937515266239643097e-02 -8.765399456024169922e-02 1.260454803705215454e-01 9.346943348646163940e-02 -1.012976989150047302e-01 5.548554658889770508e-02 7.140029221773147583e-02 -1.131616979837417603e-01 1.079786382615566254e-02 -2.382247708737850189e-02 -8.322949707508087158e-02 -7.621337473392486572e-02 7.338441163301467896e-02 -1.229405310004949570e-02 -6.277398765087127686e-02 6.786736100912094116e-02 1.072438433766365051e-02 -6.118820235133171082e-02
-8.847386389970779419e-02 5.008964240550994873e-02 3.889241814613342285e-02 -7.236581295728683472e-02 6.431874353438615799e-03 -1.718313992023468018e-02 -8.069153875112533569e-02 -1.351409219205379486e-02 5.498075112700462341e-02 -7.407243549823760986e-02 5.384494736790657043e-02 1.711481809616088867e-02 7.781741023063659668e-02 9.344089031219482422e-02 5.499184131622314453e-03 5.876730382442474365e-02 -2.122227288782596588e-02 4.154185205698013306e-02 3.216008096933364868e-02 8.390823379158973694e-03 -7.491076737642288208e-02 -1.268674135208129883e-01 1.126139014959335327e-01 8.362083137035369873e-02 1.093337461352348328e-01 -7.001200225204229355e-03 -5.565101653337478638e-02 3.881519287824630737e-02 -1.896724849939346313e-02 -8.531662635505199432e-03 8.647068589925765991e-02 9.325747936964035034e-02 -6.568990647792816162e-03 5.792137235403060913e-03 -1.401957776397466660e-02 8.337534964084625244e-02 -2.518681995570659637e-02 1.104372926056385040e-02 -3.149930853396654129e-03 -5.476913601160049438e-02 -4.748357087373733521e-02 8.332249522209167480e-02 2.357635088264942169e-02 7.168048620223999023e-02 -6.254503130912780762e-02 -4.664017632603645325e-02 -6.894854828715324402e-03 -8.144513517618179321e-02 1.154810041189193726e-01 -6.457517296075820923e-02 -5.608698725700378418e-02 -3.003499843180179596e-02 -8.413947187364101410e-03 4.755266942083835602e-03 6.359438598155975342e-02 5.005385726690292358e-02 8.261889964342117310e-02 -4.420221969485282898e-02 7.417280972003936768e-02 -8.055031299591064453e-02 -7.904525846242904663e-02 3.654341399669647217e-02 8.813823014497756958e-02 -9.267446584999561310e-03 -5.484781786799430847e-02 8.282428234815597534e-02 3.074120171368122101e-02 7.354699075222015381e-02 -5.808896571397781372e-02 -9.044802282005548477e-04 3.659305721521377563e-02 6.983823329210281372e-02 1.709289103746414185e-02 -2.597210695967078209e-03 -7.440836727619171143e-02 3.333171829581260681e-02 -4.071503877639770508e-02 -1.128094494342803955e-01 4.883980378508567810e-02 1.142653357237577438e-02 5.964941903948783875e-02 -7.995557039976119995e-02 -4.620314761996269226e-02 -7.740870863199234009e-02 -3.259124979376792908e-02 -3.943722322583198547e-02 5.519846826791763306e-02 3.430809080600738525e-02 7.934359461069107056e-02 -5.372140184044837952e-02 -6.465477868914604187e-03 -1.170256659388542175e-01 -9.322877973318099976e-02 -9.455529972910881042e-03 -1.032015234231948853e-01 -2.532516419887542725e-02 4.102087765932083130e-02 -2.765450067818164825e-02 -1.240545790642499924e-02 9.358599036931991577e-02
-6.241333484649658203e-02 -7.973247021436691284e-02 7.192096114158630371e-02 -4.049112275242805481e-02 -6.058247014880180359e-02 5.337265878915786743e-02 3.511916846036911011e-02 -6.728096865117549896e-03 9.139727056026458740e-02 2.735808864235877991e-02 -5.128578469157218933e-02 -9.395548701286315918e-02 1.373418122529983521e-01 6.426717340946197510e-02 2.659552264958620071e-03 6.555105000734329224e-02 8.436977118253707886e-02 9.749474376440048218e-02 4.128242656588554382e-02 -2.887556515634059906e-02 9.131161868572235107e-02 -3.074916312471032143e-03 1.946598663926124573e-02 -1.365726254880428314e-02 6.322432309389114380e-02 3.423802182078361511e-02 5.373254045844078064e-02 -1.184425037354230881e-02 7.324673235416412354e-02 2.558389306068420410e-02 -1.217830367386341095e-02 -3.354296088218688965e-02 7.564502209424972534e-02 4.661315679550170898e-02 -5.498433485627174377e-02 -4.817537590861320496e-02 -5.135633423924446106e-02 -8.502695709466934204e-02 6.297713518142700195e-02 7.644230872392654419e-02 -7.440944015979766846e-02 -6.409384310245513916e-02 1.861872151494026184e-02 3.359293565154075623e-02 -9.879115037620067596e-03 4.486068710684776306e-02 4.566494002938270569e-02 -2.355864271521568298e-02 -1.006348580121994019e-01 4.319476336240768433e-02 5.057151615619659424e-02 1.170466281473636627e-02 1.011834573000669479e-02 -1.854024082422256470e-02 8.725264668464660645e-02 -7.670655101537704468e-02 3.585191443562507629e-02 -2.747680619359016418e-02 1.224366389214992523e-02 -4.444888979196548462e-02 5.846611456945538521e-04 -1.576673425734043121e-02 -1.010433584451675415e-02 6.189623102545738220e-02 -4.693638533353805542e-02 -5.038049072027206421e-02 -7.287103682756423950e-02 -7.169157266616821289e-02 1.739480416290462017e-03 7.270959671586751938e-03 -5.763688683509826660e-02 4.825818538665771484e-02 -7.336707413196563721e-02 -5.870583001524209976e-03 1.383954938501119614e-02 7.760717719793319702e-02 4.078799858689308167e-02 7.992606610059738159e-02 4.761476442217826843e-02 1.474284473806619644e-02 5.671482160687446594e-02 5.473642423748970032e-02 -9.613914042711257935e-02 -4.585967212915420532e-02 -1.773767359554767609e-02 -2.433246001601219177e-02 -1.297494955360889435e-02 -1.019408255815505981e-01 7.123672217130661011e-02 -2.529748016968369484e-04 -1.046804059296846390e-02 -3.545394167304039001e-02 -1.002654246985912323e-02 5.960818752646446228e-02 -8.097553625702857971e-03 -5.644943937659263611e-02 3.582930564880371094e-02 7.376858592033386230e-02 -9.014254063367843628e-02 7.227387279272079468e-02
-5.970245599746704102e-02 7.256516069173812866e-02 -1.126293465495109558e-01 2.466258406639099121e-02 -2.840009517967700958e-02 -9.004878252744674683e-02 -7.949960976839065552e-02 3.673602361232042313e-03 3.742194548249244690e-02 -3.128762822598218918e-03 -9.715377539396286011e-02 5.369766149669885635e-03 -1.400547772645950317e-01 5.432593077421188354e-02 -2.474912442266941071e-02 8.971009403467178345e-02 1.882943697273731232e-02 -1.684967428445816040e-02 9.225926548242568970e-02 -7.298404816538095474e-04 5.802205577492713928e-02 2.371725626289844513e-03 -2.514742687344551086e-02 -6.474336236715316772e-02 8.848354965448379517e-02 -5.706426873803138733e-02 1.387897133827209473e-01 3.551938012242317200e-02 -6.180874258279800415e-02 -1.001063957810401917e-01 -9.964984655380249023e-02 6.512030959129333496e-02 5.753561854362487793e-02 6.446307897567749023e-02 -9.058135002851486206e-02 1.005088072270154953e-02 -8.396920561790466309e-02 5.731105059385299683e-02 -7.384198158979415894e-02 2.020331798121333122e-03 -2.542936615645885468e-02 -1.029384206049144268e-03 -6.484439224004745483e-02 8.936628699302673340e-02 -7.884414494037628174e-02 4.617139697074890137e-02 -1.110915839672088623e-02 5.534126609563827515e-02 -1.015783399343490601e-01 -8.557173609733581543e-02 -1.229189857840538025e-01 1.142088174819946289e-01 -3.843842446804046631e-02 -6.998677551746368408e-02 3.803032264113426208e-02 1.245595049113035202e-02 3.449524194002151489e-02 2.634113281965255737e-02 -8.534358814358711243e-03 -6.320128589868545532e-02 3.257746994495391846e-02 4.534180834889411926e-02 2.109825843945145607e-03 -7.504109293222427368e-02 -6.224577873945236206e-02 -4.386369138956069946e-02 -5.796248465776443481e-02 5.987120792269706726e-02 7.653325051069259644e-02 -3.491215035319328308e-02 -5.970936641097068787e-02 -9.698434174060821533e-02 -8.206170052289962769e-02 -1.738313585519790649e-02 4.718471318483352661e-02 -5.939113721251487732e-02 -3.233045339584350586e-02 -4.344796389341354370e-02 4.169699922204017639e-02 7.835052162408828735e-02 -5.582116078585386276e-03 2.907030656933784485e-02 -3.779880702495574951e-02 7.571208290755748749e-03 -5.872153490781784058e-02 -5.135095864534378052e-02 6.161388382315635681e-02 -8.726771920919418335e-02 4.255476966500282288e-02 -1.067611649632453918e-01 6.157298758625984192e-02 1.175304949283599854e-01 3.245577681809663773e-03 -8.385702967643737793e-02 -6.461230665445327759e-02 -7.827696949243545532e-02 -3.788851574063301086e-02 -2.918041683733463287e-02 -7.596702873706817627e-02 8.423005044460296631e-02
-6.182176992297172546e-03 5.063403770327568054e-02 1.781343482434749603e-02 -1.781271398067474365e-02 -6.465180218219757080e-02 7.602409925311803818e-03 4.336043447256088257e-02 3.170554712414741516e-02 -6.180354207754135132e-02 -9.038295596837997437e-02 6.828629225492477417e-02 -1.929450221359729767e-02 -5.340088903903961182e-02 -7.464870065450668335e-02 1.232205405831336975e-01 1.084388326853513718e-02 -2.984970994293689728e-02 -2.771683409810066223e-02 -8.006913214921951294e-02 -5.828213319182395935e-02 -5.848148837685585022e-02 -3.989208862185478210e-02 -5.965362861752510071e-02 1.056836917996406555e-01 8.928585797548294067e-03 6.978427618741989136e-02 -8.152174204587936401e-02 4.227090999484062195e-02 -5.477587506175041199e-02 -1.671555638313293457e-02 -4.706466197967529297e-02 7.763886451721191406e-02 -5.833071097731590271e-02 3.650335222482681274e-02 -3.094730712473392487e-02 -7.998532801866531372e-02 3.418695181608200073e-02 5.876950453966856003e-03 -2.375076524913311005e-03 -1.119389198720455170e-02 -5.215954035520553589e-02 -4.173984751105308533e-02 -9.200443327426910400e-02 -2.251251600682735443e-02 -4.253906011581420898e-02 -3.755217790603637695e-02 -9.712830185890197754e-02 -7.019857317209243774e-02 7.387807965278625488e-02 4.300102591514587402e-02 4.537596181035041809e-02 -7.704132795333862305e-02 3.506858274340629578e-02 3.716870024800300598e-02 -1.824285462498664856e-02 -5.220473185181617737e-02 2.774997986853122711e-02 3.506189212203025818e-02 -7.029032707214355469e-02 1.286473684012889862e-02 -5.599013715982437134e-02 4.269346594810485840e-03 -1.252260506153106689e-01 -2.220075204968452454e-02 1.570087671279907227e-02 -9.184459596872329712e-02 -1.267319321632385254e-01 -9.351265430450439453e-02 -6.905029714107513428e-02 -7.993490993976593018e-02 6.135058938525617123e-04 7.325265556573867798e-02 -5.993184819817543030e-02 -1.913287490606307983e-02 -9.294076263904571533e-02 3.349213628098368645e-03 -1.324175577610731125e-02 9.681262820959091187e-02 -1.726515963673591614e-02 -7.205785950645804405e-04 6.468553841114044189e-02 2.947779744863510132e-02 9.192126244306564331e-02 -1.287619769573211670e-02 8.576692640781402588e-02 4.437227547168731689e-02 -1.207334026694297791e-01 -5.620643496513366699e-02 -7.075279019773006439e-03 -5.639765784144401550e-02 -9.205459058284759521e-02 1.349875517189502716e-02 -5.012857913970947266e-02 4.489164799451828003e-02 -7.197812944650650024e-02 1.883160136640071869e-02 1.818536035716533661e-02 1.070778965950012207e-01 9.715000540018081665e-02 -1.007327660918235779e-01
-5.560722202062606812e-02 2.447648160159587860e-02 1.495781913399696350e-02 -4.826363921165466309e-02 -9.385410696268081665e-02 -4.199714958667755127e-02 6.955499202013015747e-02 2.407035417854785919e-02 1.659164577722549438e-02 8.592736721038818359e-02 8.728128671646118164e-02 8.053096383810043335e-02 -8.624581247568130493e-02 8.822599798440933228e-02 2.093132119625806808e-03 1.184127479791641235e-02 -2.675551921129226685e-02 1.135436235927045345e-03 4.362257197499275208e-02 -5.383257288485765457e-03 7.685180753469467163e-02 -1.085269451141357422e-01 -5.097796395421028137e-02 -2.158275991678237915e-02 1.739017665386199951e-02 -1.080916728824377060e-02 -1.472973544150590897e-02 7.610000669956207275e-02 6.544322520494461060e-02 7.523626089096069336e-02 3.866209834814071655e-02 2.062095515429973602e-02 4.867265932261943817e-03 8.906633406877517700e-02 -8.897504210472106934e-02 -3.673351183533668518e-02 -5.934379249811172485e-02 4.444107040762901306e-02 1.594536565244197845e-02 5.991112440824508667e-02 -3.358994051814079285e-02 -6.399317830801010132e-02 4.696146398782730103e-02 -1.001313403248786926e-01 6.814622879028320312e-02 -6.257852911949157715e-02 3.768762201070785522e-02 1.182489618659019470e-01 -4.304394498467445374e-02 7.210655603557825089e-03 7.247680425643920898e-02 2.850810810923576355e-02 5.282217264175415039e-02 -7.999686151742935181e-02 8.622974157333374023e-02 -4.869494587182998657e-03 1.418441161513328552e-02 -1.643646857701241970e-03 -4.199546761810779572e-03 8.715167641639709473e-02 9.185340255498886108e-02 -6.935533881187438965e-02 -9.775320440530776978e-02 -7.628349214792251587e-02 2.600384317338466644e-02 -6.196572631597518921e-02 -4.227995499968528748e-02 3.221461083739995956e-03 3.189509734511375427e-02 3.960794582962989807e-02 -2.742243371903896332e-02 -2.077813632786273956e-02 -8.710443973541259766e-02 -6.441352516412734985e-02 6.976529490202665329e-03 1.969075575470924377e-02 8.370631188154220581e-02 5.529167875647544861e-02 2.891370467841625214e-02 -2.161564119160175323e-02 6.921934336423873901e-02 4.753523040562868118e-03 2.855166606605052948e-02 -4.440397396683692932e-02 2.165189944207668304e-02 7.617661263793706894e-03 3.630365012213587761e-03 -1.054986659437417984e-02 2.150947414338588715e-02 -6.449636071920394897e-02 -7.114057242870330811e-02 1.070128157734870911e-01 4.673232138156890869e-02 -5.533444508910179138e-02 2.590997517108917236e-02 -2.731764316558837891e-02 -1.392564550042152405e-02 -1.761370338499546051e-02 1.925111562013626099e-02 -7.563433051109313965e-02
6.026372779160737991e-03 3.884522616863250732e-02 8.145090192556381226e-02 -3.933109343051910400e-02 8.090076968073844910e-03 -1.991553232073783875e-02 3.231129609048366547e-03 -6.342401355504989624e-02 6.833686679601669312e-02 9.230851382017135620e-02 -3.969078510999679565e-02 8.388547599315643311e-02 -1.157471835613250732e-01 2.832634374499320984e-02 6.452178955078125000e-02 -4.660356044769287109e-02 -3.263984993100166321e-02 2.790067344903945923e-02 5.726727098226547241e-02 -2.321790531277656555e-02 -1.032142490148544312e-01 -8.489787578582763672e-02 6.368560343980789185e-02 -1.325959116220474243e-01 2.014573663473129272e-02 7.498406618833541870e-02 -6.573667377233505249e-02 -3.932858631014823914e-02 1.200965493917465210e-01 -1.857973262667655945e-02 1.955943554639816284e-02 5.028546229004859924e-02 6.488853832706809044e-04 -1.418574154376983643e-02 1.388326436281204224e-01 -1.327607408165931702e-02 -9.916812926530838013e-02 -5.393104627728462219e-02 6.958185881376266479e-02 -7.065656781196594238e-02 1.066185012459754944e-01 9.734630002640187740e-04 4.547331482172012329e-02 9.367734938859939575e-02 8.809947967529296875e-02 6.179271265864372253e-02 -7.918041199445724487e-02 7.699356880038976669e-03 6.434050947427749634e-02 -8.271347731351852417e-02 3.622258082032203674e-02 -4.016988724470138550e-02 -3.827856853604316711e-02 -2.103565074503421783e-02 2.566768974065780640e-02 -5.527890170924365520e-04 2.199479378759860992e-02 1.446358277462422848e-03 -9.929633140563964844e-02 -3.601587563753128052e-02 2.061647176742553711e-02 -9.598908573389053345e-02 8.231019973754882812e-02 -7.378023862838745117e-02 -7.077331095933914185e-02 -6.703093647956848145e-02 -4.081339389085769653e-02 -5.507061257958412170e-02 7.002318650484085083e-02 2.498485706746578217e-02 -3.980038315057754517e-02 8.365542441606521606e-02 1.159465219825506210e-02 -3.961962461471557617e-02 5.067778378725051880e-02 -8.710077404975891113e-02 -7.857631146907806396e-02 -1.489447150379419327e-02 6.019134540110826492e-03 -6.046445108950138092e-03 -6.749578565359115601e-02 -3.302077203989028931e-02 -1.232265308499336243e-01 -4.820699617266654968e-02 -1.493422128260135651e-02 -2.385246008634567261e-02 -7.697971165180206299e-02 8.736383169889450073e-02 -4.290244728326797485e-02 -9.881342202425003052e-02 1.092691272497177124e-01 -7.404942810535430908e-02 5.273963138461112976e-02 -4.096226766705513000e-02 -5.738696455955505371e-02 5.127469822764396667e-02 -2.147569321095943451e-02 -5.065234377980232239e-02 8.891397714614868164e-02 1.044578775763511658e-01
-4.369116574525833130e-02 -8.273799717426300049e-02 9.564742445945739746e-02 2.032255008816719055e-02 -2.276077307760715485e-02 5.186996981501579285e-02 1.005591452121734619e-01 5.809889361262321472e-02 -2.340696007013320923e-02 -6.551368534564971924e-02 -5.230832472443580627e-02 7.469552010297775269e-02 4.195795394480228424e-03 5.260044708847999573e-02 6.352499872446060181e-02 -6.166166067123413086e-02 1.197895258665084839e-01 1.669887155294418335e-01 8.813696354627609253e-02 1.512614730745553970e-02 5.604206025600433350e-02 6.497697532176971436e-02 1.073854714632034302e-01 2.781321294605731964e-02 8.032980561256408691e-02 2.396598830819129944e-02 -8.653359115123748779e-02 6.792999058961868286e-02 -5.739912018179893494e-02 7.837208360433578491e-02 -1.016786471009254456e-01 -4.809265211224555969e-02 4.810965806245803833e-02 -3.578374907374382019e-02 6.792064290493726730e-03 -2.471465151757001877e-03 7.151257246732711792e-02 7.731533050537109375e-02 -8.692606538534164429e-02 -4.370955377817153931e-02 4.965455457568168640e-02 6.692987680435180664e-02 1.781163923442363739e-02 1.205455213785171509e-01 -3.099227510392665863e-02 2.444312907755374908e-02 -6.615446414798498154e-03 -7.621658593416213989e-02 -5.662860348820686340e-02 6.745821237564086914e-02 -5.020267143845558167e-02 4.403737559914588928e-02 -4.604337736964225769e-02 -4.824009165167808533e-02 4.216538369655609131e-02 -8.487869054079055786e-02 -1.302749384194612503e-02 -1.239157170057296753e-01 -8.915475755929946899e-02 -6.378617137670516968e-02 4.983770102262496948e-02 -1.587073318660259247e-02 -4.473454132676124573e-02 -5.164973810315132141e-02 -6.855507194995880127e-02 2.614362724125385284e-02 9.389668703079223633e-03 1.716509833931922913e-02 -4.808120429515838623e-03 1.170397084206342697e-02 8.859931677579879761e-02 -4.131405055522918701e-02 6.739105284214019775e-02 6.278477609157562256e-03 8.812488615512847900e-02 -5.338491871953010559e-02 8.744055032730102539e-02 3.420243738219141960e-03 1.082249954342842102e-01 4.459678381681442261e-02 -2.913680300116539001e-02 -1.107491925358772278e-01 -9.866032004356384277e-02 7.959802448749542236e-02 7.941478490829467773e-02 -1.312655955553054810e-02 -1.131188403815031052e-02 3.919466584920883179e-02 8.956374228000640869e-02 4.935570061206817627e-02 -7.385173439979553223e-02 -5.046612769365310669e-02 3.452443331480026245e-02 -6.693502515554428101e-02 4.893842339515686035e-02 7.884936779737472534e-02 4.639738425612449646e-02 -4.642898589372634888e-02 8.148296922445297241e-02 -1.874709725379943848e-01
1.601924374699592590e-02 9.374947100877761841e-02 -1.715047284960746765e-02 1.624742336571216583e-02 4.250733181834220886e-03 3.637965023517608643e-02 -3.580113872885704041e-03 1.234624609351158142e-01 -4.745710641145706177e-02 3.904436901211738586e-02 -1.231528073549270630e-01 -2.199820056557655334e-02 1.001788005232810974e-01 1.039732694625854492e-01 -1.028201207518577576e-01 8.047571778297424316e-02 6.606478244066238403e-02 -3.720809519290924072e-02 2.193541266024112701e-02 -9.674546867609024048e-02 -8.604547008872032166e-03 -6.309413909912109375e-02 3.363300487399101257e-02 -5.685636028647422791e-02 -3.421456366777420044e-02 -9.856273978948593140e-02 -6.083936989307403564e-02 8.110515028238296509e-02 -3.462052717804908752e-02 -9.322925657033920288e-02 -2.669682353734970093e-02 -1.490620616823434830e-02 4.473480209708213806e-02 -5.909270048141479492e-02 -7.324913889169692993e-02 -4.797204956412315369e-02 6.786733120679855347e-02 6.183758378028869629e-02 -9.653066098690032959e-02 -8.682397007942199707e-02 5.354423820972442627e-02 -6.550136208534240723e-02 -1.591031439602375031e-02 5.932974815368652344e-02 -7.741960883140563965e-02 -2.582699246704578400e-02 6.088730320334434509e-02 8.638061583042144775e-03 3.038238547742366791e-02 -3.786810487508773804e-02 8.475103229284286499e-02 9.694254549685865641e-05 -2.969491668045520782e-02 8.773708716034889221e-03 2.810747176408767700e-02 -2.652215212583541870e-02 1.377611011266708374e-01 -8.226563781499862671e-02 -9.649275802075862885e-03 -2.914246544241905212e-02 1.863152347505092621e-02 -8.708436042070388794e-03 -3.896965458989143372e-02 -8.821745216846466064e-02 -1.750267669558525085e-02 -1.042481809854507446e-01 2.024263888597488403e-02 -3.512210771441459656e-02 -1.173981204628944397e-01 -7.716678082942962646e-02 -1.179544068872928619e-02 -9.119657427072525024e-02 -2.715867944061756134e-02 6.203140318393707275e-02 -1.254601627588272095e-01 -8.513781242072582245e-03 -1.173309888690710068e-02 4.126406833529472351e-02 -3.465485200285911560e-02 6.507729738950729370e-02 8.669640123844146729e-02 6.984182447195053101e-02 1.412455737590789795e-01 2.047262713313102722e-02 2.847071550786495209e-02 2.391719073057174683e-02 1.161079779267311096e-01 -5.316856503486633301e-02 -1.160447001457214355e-01 -7.816623896360397339e-02 3.802969679236412048e-02 -4.322209209203720093e-02 -1.259232014417648315e-01 2.351356483995914459e-02 1.345207691192626953e-01 -7.954228669404983521e-02 5.696331337094306946e-02 5.283099040389060974e-02 1.137837544083595276e-01 -1.627175137400627136e-02
2.261946536600589752e-02 6.584290415048599243e-03 -4.661108180880546570e-02 -6.027017720043659210e-03 -1.132487058639526367e-01 -2.055604569613933563e-02 -5.696966499090194702e-02 8.219685405492782593e-03 3.510575369000434875e-02 -3.938471153378486633e-02 1.624510809779167175e-02 -7.502276450395584106e-02 -3.649992123246192932e-02 -2.022433280944824219e-02 -1.290697371587157249e-03 -7.285709679126739502e-02 -1.583645865321159363e-02 -4.876593127846717834e-03 7.594213634729385376e-02 -2.986205555498600006e-02 6.240474432706832886e-02 5.399999022483825684e-02 6.238187104463577271e-02 -4.937823116779327393e-02 6.812481442466378212e-04 -4.984741285443305969e-02 3.977267537266016006e-03 -5.855970084667205811e-02 6.783803552389144897e-02 -8.859656006097793579e-02 2.549928054213523865e-02 -5.805636197328567505e-02 6.138961762189865112e-02 6.373295933008193970e-02 -7.779248524457216263e-03 -1.167433522641658783e-02 -1.058789342641830444e-01 4.604650661349296570e-03 -1.203351747244596481e-02 6.601176410913467407e-02 -4.259545356035232544e-02 -2.899447456002235413e-03 2.869944274425506592e-02 -5.207782611250877380e-02 -2.223506197333335876e-02 1.068404987454414368e-01 -2.062777522951364517e-03 8.279251051135361195e-04 4.244467243552207947e-02 2.140829339623451233e-02 -1.484786123037338257e-01 -4.345712810754776001e-02 -9.919825941324234009e-02 -2.252267673611640930e-02 -4.843067005276679993e-02 1.996072754263877869e-02 -1.817831955850124359e-02 8.811052888631820679e-03 1.990550197660923004e-02 -2.542700152844190598e-03 -7.462010532617568970e-02 1.012618020176887512e-01 1.237662658095359802e-01 2.409902587532997131e-02 3.717819601297378540e-02 8.707127720117568970e-02 7.783322781324386597e-02 7.224909216165542603e-02 -6.943533569574356079e-02 -8.104138821363449097e-02 -2.241525612771511078e-02 -4.766724631190299988e-02 6.337780505418777466e-02 1.062283366918563843e-01 4.669008404016494751e-02 5.421645194292068481e-02 7.218027114868164062e-02 4.328513517975807190e-02 1.948246546089649200e-02 1.122531890869140625e-01 8.136443048715591431e-02 7.245612889528274536e-02 6.418578326702117920e-02 -4.804631695151329041e-02 5.610261857509613037e-02 7.830183953046798706e-02 -6.791657209396362305e-02 3.134027868509292603e-02 8.086892962455749512e-02 5.109960213303565979e-02 7.905968278646469116e-02 1.960092224180698395e-03 -1.023024246096611023e-01 -3.613821417093276978e-02 -1.254200488328933716e-01 1.010300591588020325e-01 -1.607391238212585449e-02 -6.716248393058776855e-02 4.737344756722450256e-02 -3.067694418132305145e-02
1.716556213796138763e-02 4.964987188577651978e-02 4.301014915108680725e-02 -7.739476859569549561e-02 4.560894146561622620e-02 -9.552492760121822357e-03 -4.189430177211761475e-02 -7.702784240245819092e-02 1.800737902522087097e-02 -7.171732187271118164e-02 8.213612437248229980e-02 -2.732080407440662384e-03 5.431612953543663025e-02 -7.752869278192520142e-02 -9.917537868022918701e-02 3.210482001304626465e-02 4.718726873397827148e-02 -5.398265272378921509e-02 -4.018131643533706665e-02 3.988068550825119019e-02 7.413898408412933350e-02 5.873123928904533386e-02 -1.887658424675464630e-02 5.709095671772956848e-02 -7.647597789764404297e-02 -9.333595633506774902e-02 -7.741237431764602661e-02 -1.430489122867584229e-02 -8.321631699800491333e-02 -5.058893561363220215e-02 3.317373991012573242e-02 -1.185782849788665771e-01 1.034489572048187256e-01 -7.790704816579818726e-02 -9.351967275142669678e-02 1.007514521479606628e-01 1.789387688040733337e-02 9.655802510678768158e-03 2.927760779857635498e-02 -7.769559323787689209e-02 1.051576063036918640e-01 -1.090860087424516678e-02 -5.680301040410995483e-02 -7.037883996963500977e-02 -5.728161334991455078e-02 9.155027568340301514e-02 -2.630426175892353058e-02 3.219494223594665527e-02 5.617195740342140198e-02 -6.782665103673934937e-02 -9.391216933727264404e-02 1.562911570072174072e-01 4.486883059144020081e-02 6.222283467650413513e-02 -4.116107523441314697e-02 -7.936639338731765747e-02 -2.224881754955276847e-04 2.828818559646606445e-02 -1.194313764572143555e-01 3.074062801897525787e-02 5.260797217488288879e-03 6.963910907506942749e-02 5.481332913041114807e-02 -1.275494508445262909e-02 -6.072439253330230713e-02 3.054051473736763000e-02 5.852692201733589172e-02 5.322151351720094681e-03 6.951677799224853516e-02 -3.813168406486511230e-02 -2.130276523530483246e-02 -6.274777650833129883e-02 7.524897903203964233e-02 -1.673089340329170227e-02 4.289111122488975525e-02 3.333855792880058289e-02 4.068412631750106812e-02 2.699918299913406372e-02 -1.211369633674621582e-01 7.165725529193878174e-02 -4.563296213746070862e-02 8.595975488424301147e-02 -1.101177632808685303e-01 -1.579997688531875610e-02 -5.178897827863693237e-02 9.336744993925094604e-02 -3.152166679501533508e-02 -8.038808405399322510e-02 4.384584352374076843e-02 -7.525258511304855347e-02 6.218147650361061096e-02 1.127089280635118484e-02 -3.110682778060436249e-02 -1.331895962357521057e-02 1.259730197489261627e-02 -6.119981035590171814e-02 5.874707177281379700e-02 -7.186586409807205200e-02 8.811067789793014526e-02 -1.365602910518646240e-01
9.344779700040817261e-02 -5.171680450439453125e-02 1.762764714658260345e-02 9.622553735971450806e-02 3.979944740422070026e-04 -1.118569821119308472e-01 2.901315689086914062e-03 -2.201709337532520294e-02 -5.287810415029525757e-02 7.288940995931625366e-02 -6.560310721397399902e-02 -4.838528484106063843e-02 7.798480987548828125e-02 -6.250784266740083694e-03 -4.465068131685256958e-02 8.741247653961181641e-02 -1.901078410446643829e-02 1.282909065485000610e-01 9.938213229179382324e-02 4.071431979537010193e-02 9.588278830051422119e-02 7.749456167221069336e-02 2.393545955419540405e-02 -3.948896750807762146e-02 -8.270126581192016602e-02 -6.815164536237716675e-02 -1.937824673950672150e-02 8.573420345783233643e-02 1.601902209222316742e-02 -1.077101156115531921e-01 3.607137128710746765e-02 3.035810030996799469e-02 1.133003011345863342e-01 6.557525694370269775e-02 1.036616712808609009e-01 1.084470823407173157e-01 5.095936730504035950e-02 4.149110987782478333e-02 -1.232218220829963684e-01 -5.604089051485061646e-02 -4.982651397585868835e-02 -2.352490834891796112e-02 -2.098048105835914612e-02 4.392182081937789917e-02 6.242046877741813660e-02 -3.711229190230369568e-02 -1.335230283439159393e-02 1.828042231500148773e-02 -5.284335464239120483e-02 6.268168985843658447e-02 -8.903461508452892303e-03 -5.033761262893676758e-02 8.701575547456741333e-02 -3.228649497032165527e-02 5.017549172043800354e-02 -5.299069732427597046e-02 -5.683501437306404114e-02 -8.686606585979461670e-02 3.217608481645584106e-02 -3.458348289132118225e-02 -7.705353200435638428e-02 7.858154922723770142e-02 6.784732639789581299e-02 -4.405357688665390015e-02 2.716824226081371307e-02 5.694670602679252625e-02 -9.701617993414402008e-03 1.258246786892414093e-02 -5.064234137535095215e-03 6.247443612664937973e-03 6.822846829891204834e-02 -8.440560661256313324e-03 3.754553943872451782e-02 4.050424322485923767e-02 -1.135153099894523621e-01 -7.829441875219345093e-02 4.374327883124351501e-02 6.607431173324584961e-02 -3.029186464846134186e-02 -4.188366234302520752e-02 -3.089905716478824615e-02 9.354419261217117310e-02 -2.808322198688983917e-02 3.165637701749801636e-02 5.638281628489494324e-02 1.008644700050354004e-02 1.048769503831863403e-01 2.253405563533306122e-02 -8.074419572949409485e-03 3.439053520560264587e-02 8.063510060310363770e-02 -5.437867343425750732e-02 -1.181477680802345276e-01 5.265794694423675537e-02 -8.017110824584960938e-02 -4.635326564311981201e-02 -4.549537843558937311e-04 3.924635425209999084e-02 1.043693721294403076e-01 -2.826680988073348999e-02
5.617194250226020813e-02 4.390782117843627930e-02 -9.811596572399139404e-02 -3.508801385760307312e-02 1.417127344757318497e-02 3.541615977883338928e-02 1.186208426952362061e-01 9.457418322563171387e-02 -3.888453124091029167e-03 3.945273905992507935e-02 -3.962547704577445984e-02 2.401519939303398132e-02 4.655009135603904724e-02 -9.738973528146743774e-02 9.003139287233352661e-02 -6.585899740457534790e-02 -6.934776157140731812e-02 -6.573102623224258423e-02 7.891528308391571045e-03 -4.055548459291458130e-03 5.084131285548210144e-02 -8.946052193641662598e-02 -3.019040077924728394e-02 3.066683188080787659e-02 -5.124326795339584351e-02 8.088324218988418579e-02 -5.878583341836929321e-02 1.030910164117813110e-01 9.188325144350528717e-03 -3.437186032533645630e-02 1.599569991230964661e-02 6.097833465901203454e-05 -5.358600243926048279e-02 6.936049461364746094e-02 -6.179796159267425537e-02 -5.297877267003059387e-02 1.046657562255859375e-01 8.760399371385574341e-02 4.719515517354011536e-02 -9.159293025732040405e-02 1.138073485344648361e-02 -6.613171845674514771e-02 1.024543121457099915e-01 -4.701963439583778381e-02 -3.509059920907020569e-02 7.390296459197998047e-02 1.527673471719026566e-02 4.478331655263900757e-02 6.657696515321731567e-02 -7.985682785511016846e-02 -8.215122669935226440e-02 4.192620143294334412e-02 1.197965368628501892e-01 5.810858309268951416e-02 -4.944938421249389648e-02 1.632587984204292297e-02 -4.973159357905387878e-02 3.828242793679237366e-02 1.334286332130432129e-01 -6.313496828079223633e-02 -8.215865492820739746e-02 -3.363665938377380371e-02 -6.359145790338516235e-02 -3.787129744887351990e-02 -8.014039136469364166e-03 -3.597819432616233826e-02 -6.600745022296905518e-03 -9.355779737234115601e-02 5.144325643777847290e-02 -4.969168454408645630e-02 6.940900348126888275e-03 -3.666767850518226624e-02 4.703230410814285278e-02 7.212737202644348145e-02 -6.991562247276306152e-02 -1.011446565389633179e-01 1.029625236988067627e-01 7.346892356872558594e-02 -2.402550540864467621e-02 6.978175044059753418e-02 1.089823152869939804e-02 -1.031948998570442200e-01 7.988891005516052246e-02 -6.397769600152969360e-02 2.543899789452552795e-02 1.022630482912063599e-01 -3.806960582733154297e-02 3.478704020380973816e-02 4.263912513852119446e-02 5.474002659320831299e-02 5.687571316957473755e-02 -2.998836897313594818e-02 1.132243499159812927e-01 -9.276115894317626953e-02 -1.158898174762725830e-01 -3.011549264192581177e-02 9.432786703109741211e-02 -1.025223582983016968e-01 8.287672698497772217e-02 -8.299913257360458374e-02
5.256142839789390564e-02 5.846585705876350403e-02 8.538978546857833862e-02 4.268244281411170959e-02 1.208474561572074890e-01 -6.962677836418151855e-02 -9.674416482448577881e-02 -9.659174829721450806e-02 -7.625422626733779907e-02 6.539738271385431290e-03 8.804315328598022461e-02 -4.967802762985229492e-02 -4.731938242912292480e-02 8.751609176397323608e-02 1.589587181806564331e-01 1.769684702157974243e-01 8.138957619667053223e-02 -7.197697460651397705e-02 -2.584217116236686707e-03 2.804240398108959198e-02 -2.128076739609241486e-02 1.388026773929595947e-01 -1.012118905782699585e-01 -1.145008206367492676e-01 7.106892019510269165e-02 7.560545206069946289e-02 -4.026488959789276123e-02 6.000696495175361633e-02 -9.554971009492874146e-02 -2.017823979258537292e-02 1.406279206275939941e-01 1.135504469275474548e-01 7.130803912878036499e-02 -7.709307968616485596e-02 1.560256034135818481e-01 3.987729176878929138e-02 9.387368708848953247e-02 -5.334507301449775696e-02 -7.573786377906799316e-02 -4.991910606622695923e-02 3.466883301734924316e-02 1.282543689012527466e-02 7.333112508058547974e-02 1.058479920029640198e-01 7.990051060914993286e-02 4.029214382171630859e-02 -6.228586286306381226e-02 1.424043178558349609e-01 6.094287708401679993e-02 1.573976874351501465e-01 2.274935133755207062e-03 -6.571679562330245972e-02 -9.755772352218627930e-02 -6.299299746751785278e-02 5.948453396558761597e-02 -3.329912945628166199e-02 -6.939056515693664551e-02 8.154284209012985229e-02 1.372900754213333130e-01 -8.259150385856628418e-02 1.468329690396785736e-03 -7.328417152166366577e-02 -6.847620010375976562e-02 -8.255701512098312378e-02 -3.516407683491706848e-02 -1.870028302073478699e-02 7.879950851202011108e-02 -4.263447970151901245e-02 -1.834802888333797455e-02 -7.107851654291152954e-02 1.684466935694217682e-02 -5.765850841999053955e-02 -4.039866104722023010e-02 2.820839360356330872e-02 -6.036537885665893555e-02 5.606359615921974182e-02 -7.001305371522903442e-02 4.519370943307876587e-02 -3.732495382428169250e-02 9.303866885602474213e-03 8.626597374677658081e-02 -5.231891945004463196e-02 -7.440511137247085571e-02 7.238958030939102173e-02 1.936217211186885834e-02 7.687753438949584961e-02 -1.904441975057125092e-02 -7.174684852361679077e-02 7.389622926712036133e-02 -6.944707036018371582e-02 6.884627044200897217e-02 -3.346244990825653076e-02 -8.818414807319641113e-02 8.101956546306610107e-02 -2.708501182496547699e-02 3.206159546971321106e-02 1.903925463557243347e-02 1.344894804060459137e-02 -1.354319136589765549e-02 2.714002877473831177e-02
-9.301903843879699707e-02 8.515962213277816772e-02 2.972358465194702148e-02 -8.079592883586883545e-02 6.504386663436889648e-02 5.447868257761001587e-02 2.458103373646736145e-02 -1.968265883624553680e-02 2.855325676500797272e-02 2.283581532537937164e-02 -1.806179806590080261e-02 5.129779502749443054e-02 -1.369020193815231323e-01 7.143096625804901123e-02 3.911612555384635925e-02 6.757289171218872070e-02 -3.826098144054412842e-02 -2.320461347699165344e-02 8.093545585870742798e-02 -2.078558690845966339e-02 -1.140208728611469269e-02 -3.460031747817993164e-02 -3.717935830354690552e-02 -2.310520783066749573e-02 8.008861541748046875e-02 8.214624971151351929e-02 6.572268903255462646e-03 -3.946169093251228333e-02 -1.097290441393852234e-01 4.756474122405052185e-02 -8.919113315641880035e-04 -8.375874906778335571e-02 -1.900831237435340881e-02 5.248608440160751343e-02 -7.213317602872848511e-02 -3.122131898999214172e-02 -6.046553701162338257e-02 -1.003090143203735352e-01 2.363853901624679565e-02 -4.655993357300758362e-02 2.976435609161853790e-02 2.200617082417011261e-02 -3.640432609245181084e-03 1.415167748928070068e-02 -2.615033648908138275e-02 -4.032796621322631836e-02 9.429852664470672607e-02 -4.054639115929603577e-02 4.556042328476905823e-02 -9.179966151714324951e-02 -1.346962619572877884e-02 -1.161354780197143555e-01 -1.214121356606483459e-01 -7.526647299528121948e-02 9.274248965084552765e-03 2.251099562272429466e-03 -5.965524166822433472e-02 4.434089735150337219e-02 -4.278178513050079346e-02 1.496056765317916870e-01 9.278295189142227173e-02 5.671171844005584717e-02 -2.954081818461418152e-02 -5.616049841046333313e-02 2.060069330036640167e-02 1.009460538625717163e-02 3.001076355576515198e-02 3.272995352745056152e-02 1.313395891338586807e-02 5.494969710707664490e-02 1.804491505026817322e-02 -2.978438697755336761e-02 4.905858635902404785e-02 4.428883548825979233e-03 -9.616094827651977539e-02 -8.523253351449966431e-02 8.985302597284317017e-02 5.866443365812301636e-02 -1.750285364687442780e-02 7.434749603271484375e-02 -8.694269694387912750e-03 -6.589791923761367798e-02 -2.965987659990787506e-02 -1.750830188393592834e-02 6.128452345728874207e-02 -5.610500276088714600e-02 -8.078472316265106201e-02 8.685872703790664673e-02 5.867064371705055237e-02 -7.729623466730117798e-02 -6.916370987892150879e-02 8.139996230602264404e-02 4.665113240480422974e-02 -1.343514770269393921e-01 1.009700298309326172e-01 -1.164320185780525208e-01 9.856876730918884277e-02 5.337654799222946167e-02 1.067521721124649048e-01 1.530000865459442139e-01
1.507281884551048279e-02 9.356898814439773560e-02 -1.177467256784439087e-01 4.402733594179153442e-02 8.040055632591247559e-02 1.781267970800399780e-01 4.243610426783561707e-02 -1.276231091469526291e-02 -5.932224169373512268e-02 -3.403107449412345886e-02 -8.501706272363662720e-02 -7.840444147586822510e-02 1.026135832071304321e-01 -3.260140120983123779e-02 -9.174646809697151184e-03 -3.543592244386672974e-02 -1.766863167285919189e-01 -6.520594656467437744e-02 7.618874311447143555e-02 -3.984155878424644470e-02 -1.000165268778800964e-01 -4.308919608592987061e-02 -9.745132923126220703e-02 1.566315144300460815e-01 -3.855829313397407532e-02 4.433078318834304810e-02 -7.140637934207916260e-02 4.374650120735168457e-02 4.157110303640365601e-02 -7.092989981174468994e-02 4.086090717464685440e-03 -1.396419387310743332e-02 -1.065383292734622955e-02 -2.359423786401748657e-02 -1.259961575269699097e-01 2.162847854197025299e-02 -4.096881952136754990e-03 -8.324272185564041138e-02 1.905704266391694546e-03 -2.989581972360610962e-02 -9.708677232265472412e-02 8.825872838497161865e-02 8.903012424707412720e-02 -6.026870757341384888e-02 1.032373011112213135e-01 2.646061219274997711e-02 7.559848576784133911e-02 4.908452183008193970e-02 -8.621687442064285278e-02 -1.393219083547592163e-02 4.738704115152359009e-02 -9.086649864912033081e-02 1.762332976795732975e-03 1.031784191727638245e-01 5.405888706445693970e-02 -7.521100342273712158e-02 2.577875507995486259e-03 5.294299498200416565e-02 4.196914285421371460e-02 1.340167373418807983e-01 -8.341688662767410278e-02 -3.240321204066276550e-02 -6.654333323240280151e-02 7.955610007047653198e-02 3.067376324906945229e-03 9.620476514101028442e-02 -1.814667508006095886e-02 7.229208946228027344e-02 1.260294672101736069e-02 5.727395787835121155e-02 3.289397060871124268e-02 -8.128090947866439819e-02 -7.476406544446945190e-02 2.034345455467700958e-02 8.823212981224060059e-02 8.707567304372787476e-02 1.885734125971794128e-02 -1.457885373383760452e-02 -3.601827472448348999e-02 1.834648475050926208e-02 -5.705737695097923279e-02 7.444126904010772705e-02 -3.413726389408111572e-02 4.858901724219322205e-02 -7.310381531715393066e-02 5.129714310169219971e-02 -4.129864647984504700e-02 -6.323209404945373535e-02 4.212633147835731506e-02 2.191209606826305389e-02 4.639179259538650513e-02 9.003863483667373657e-02 8.353763818740844727e-02 -9.533597528934478760e-02 7.013171166181564331e-02 7.539127767086029053e-02 4.461053013801574707e-02 -4.106000065803527832e-02 6.682599335908889771e-02 -6.604479253292083740e-02
-2.202657051384449005e-02 -4.509321600198745728e-02 8.005209267139434814e-03 2.378528378903865814e-02 -1.266173738986253738e-02 -1.805618777871131897e-02 -2.013256773352622986e-03 8.344846218824386597e-02 4.292319715023040771e-02 -4.910479113459587097e-02 -4.812972620129585266e-02 -1.780855096876621246e-02 1.279588937759399414e-01 -2.342046238481998444e-02 6.089179590344429016e-02 -2.520721592009067535e-02 -1.583131030201911926e-02 7.040169090032577515e-02 -1.009707152843475342e-02 2.176618948578834534e-02 3.945189714431762695e-02 2.332604257389903069e-03 6.835246831178665161e-02 4.528042394667863846e-03 7.113299518823623657e-02 1.775999180972576141e-02 -6.055100634694099426e-02 -9.020788595080375671e-03 4.450584296137094498e-03 -4.001623764634132385e-02 -7.814650237560272217e-02 -8.948130160570144653e-02 8.323108404874801636e-02 -9.563495963811874390e-02 2.990569733083248138e-02 1.388284415006637573e-01 4.139599576592445374e-02 -1.026358455419540405e-01 -3.899886459112167358e-02 -2.211163192987442017e-02 -4.328919574618339539e-02 2.365243621170520782e-02 3.399251773953437805e-02 4.799323529005050659e-02 -7.916856557130813599e-02 5.843674764037132263e-02 -9.595933556556701660e-02 1.385814603418111801e-02 5.336003750562667847e-02 4.345224052667617798e-02 -3.663365170359611511e-02 7.406119257211685181e-02 -3.837967291474342346e-02 5.465664714574813843e-02 5.894294381141662598e-02 -2.306387200951576233e-02 -5.128310620784759521e-02 9.057615697383880615e-02 -9.688626229763031006e-02 9.418964385986328125e-02 -4.116217419505119324e-02 4.597751796245574951e-02 8.327353745698928833e-02 8.746165037155151367e-02 8.192069828510284424e-03 8.207020908594131470e-02 3.015816956758499146e-02 2.820945158600807190e-02 -5.884934589266777039e-02 -9.727504104375839233e-02 3.976339474320411682e-03 1.045527458190917969e-01 -4.397749528288841248e-02 -1.835934258997440338e-02 -2.733631245791912079e-02 -4.188924655318260193e-02 -2.410079352557659149e-02 2.482942305505275726e-02 4.679751768708229065e-02 1.051285071298480034e-03 7.387356460094451904e-02 8.241411298513412476e-02 -1.662218011915683746e-02 -9.666404128074645996e-02 1.478153374046087265e-02 6.068195030093193054e-02 -7.385667413473129272e-02 6.811910134274512529e-05 -3.816702216863632202e-02 5.140130594372749329e-02 4.378029704093933105e-02 6.783991307020187378e-02 -6.669173389673233032e-02 6.426842883229255676e-03 1.014654710888862610e-01 6.116037443280220032e-02 1.631117239594459534e-02 -5.236469209194183350e-02 2.558688865974545479e-03 -3.515767306089401245e-02
-3.426988376304507256e-03 -9.640796482563018799e-02 7.993422448635101318e-02 7.769816368818283081e-02 3.719780221581459045e-02 4.875487461686134338e-02 -1.043731644749641418e-01 1.169441044330596924e-01 3.835394978523254395e-02 6.050109863281250000e-02 -3.387519717216491699e-02 -5.433663725852966309e-02 -3.103967197239398956e-02 1.248419564217329025e-02 2.520502312108874321e-04 -8.506789803504943848e-02 -9.314066171646118164e-02 -1.895716600120067596e-02 -1.066947169601917267e-02 -1.727137528359889984e-02 6.943284999579191208e-03 2.573968656361103058e-02 -1.252921670675277710e-01 -3.916734084486961365e-02 5.426386371254920959e-02 1.048798412084579468e-01 -5.528772994875907898e-02 -9.648928418755531311e-03 -6.715565919876098633e-03 3.523391112685203552e-02 8.723588287830352783e-02 -8.351102471351623535e-02 8.564875274896621704e-02 -4.551008343696594238e-02 -2.877406589686870575e-02 -7.738496363162994385e-02 2.081909216940402985e-02 -5.422889441251754761e-02 -1.103010028600692749e-01 5.918094888329505920e-02 -6.717851758003234863e-02 1.044262051582336426e-01 -1.163920685648918152e-01 -4.930975660681724548e-02 8.197309821844100952e-02 9.455285221338272095e-02 -6.901388615369796753e-02 6.681405752897262573e-02 -8.193313330411911011e-02 6.375208031386137009e-03 3.236161917448043823e-02 -9.199412167072296143e-02 1.197079196572303772e-01 -3.632229194045066833e-02 -4.585615172982215881e-02 -5.768165364861488342e-02 3.173222392797470093e-02 6.599312275648117065e-02 3.048114851117134094e-02 -1.807234622538089752e-02 -1.075386926531791687e-01 -7.125452160835266113e-02 9.195571392774581909e-02 3.366483747959136963e-02 -7.949443906545639038e-02 2.042667195200920105e-02 2.426376380026340485e-02 3.424926474690437317e-02 6.616970896720886230e-02 2.851496916264295578e-03 6.184841319918632507e-02 -2.050320850685238838e-03 -2.621672675013542175e-02 4.678881540894508362e-02 1.661413232795894146e-03 -4.858531802892684937e-02 -1.081637740135192871e-01 7.625069469213485718e-02 8.973612636327743530e-02 5.229836329817771912e-02 -3.290636837482452393e-02 -5.930867791175842285e-02 -1.500316429883241653e-02 -9.058324992656707764e-02 -2.665262669324874878e-02 -7.044611126184463501e-02 3.723530331626534462e-03 8.983336389064788818e-02 -1.015373170375823975e-01 -1.883066259324550629e-02 9.292670525610446930e-03 5.910940468311309814e-03 4.410972073674201965e-02 -5.616613104939460754e-02 -7.154677063226699829e-02 -4.022591933608055115e-02 -1.418668329715728760e-01 -9.635103493928909302e-02 5.434332415461540222e-02 -4.777172207832336426e-02
-9.450007346458733082e-04 9.336112998425960541e-03 -5.918381735682487488e-02 -6.257566064596176147e-02 -1.679630391299724579e-02 9.351266175508499146e-02 -5.928479135036468506e-02 3.854623809456825256e-02 4.430676996707916260e-02 6.428852677345275879e-02 -5.454882606863975525e-02 5.031771957874298096e-02 -5.127219483256340027e-02 6.929862429387867451e-04 5.598992481827735901e-02 9.073819220066070557e-02 4.124796390533447266e-02 -8.892709761857986450e-02 -2.722337655723094940e-02 -7.787168025970458984e-02 -1.957176066935062408e-02 -2.611362189054489136e-02 7.641036808490753174e-02 6.828113924711942673e-03 7.482083141803741455e-02 8.511628955602645874e-02 2.339250780642032623e-02 6.742016971111297607e-02 1.826216466724872589e-02 -3.908599168062210083e-02 1.981292443815618753e-04 -6.418551504611968994e-02 7.081767171621322632e-02 7.521590590476989746e-02 -8.988291025161743164e-03 4.103414714336395264e-02 6.474650651216506958e-02 5.786606296896934509e-02 -3.001180477440357208e-02 2.880080603063106537e-02 -2.942466735839843750e-02 8.550870418548583984e-02 -2.649920352268964052e-04 1.097042337059974670e-01 -3.830256685614585876e-02 6.119917705655097961e-02 8.145339787006378174e-02 5.869226902723312378e-02 -5.052715912461280823e-02 4.201502725481987000e-02 -5.281518772244453430e-02 2.922166325151920319e-02 -9.821095317602157593e-02 -5.323043838143348694e-02 -1.095720678567886353e-01 -5.856755003333091736e-02 1.593951322138309479e-02 1.901614665985107422e-02 5.586421862244606018e-02 -1.773853786289691925e-02 -5.201273784041404724e-02 -2.749015577137470245e-02 -2.053984068334102631e-02 3.783049061894416809e-02 -7.871498353779315948e-03 3.138754889369010925e-02 7.996872067451477051e-02 9.027156233787536621e-02 5.219975020736455917e-03 -1.347452681511640549e-02 6.185771524906158447e-02 5.222961679100990295e-02 -1.837570033967494965e-02 3.604264184832572937e-02 6.879400461912155151e-03 -3.910712897777557373e-02 -8.004388213157653809e-02 9.012278169393539429e-02 4.610119014978408813e-02 -8.688427507877349854e-02 -7.343523204326629639e-02 8.004784584045410156e-02 -7.611864060163497925e-02 -8.245147764682769775e-02 -4.763034731149673462e-02 -9.541894495487213135e-02 -7.469139993190765381e-02 -7.332440931349992752e-03 -6.369360536336898804e-02 7.722943276166915894e-02 2.624689787626266479e-02 6.934588402509689331e-02 -6.501866970211267471e-03 5.326128378510475159e-02 -3.585404902696609497e-02 -3.801362961530685425e-02 1.248828843235969543e-01 9.393759816884994507e-02 5.188608914613723755e-02 1.465952955186367035e-02
9.053526818752288818e-02 -4.223488643765449524e-02 1.078776195645332336e-01 -1.385187506675720215e-01 3.277644515037536621e-02 2.586129866540431976e-02 6.465827673673629761e-02 8.533141762018203735e-02 -1.569948159158229828e-02 9.416838735342025757e-02 -1.110126823186874390e-01 -6.627394258975982666e-02 -1.209457367658615112e-01 -1.267326176166534424e-01 -1.092274207621812820e-02 -2.249206416308879852e-03 2.301832474768161774e-02 -8.022557199001312256e-02 -3.902883082628250122e-02 -8.904442191123962402e-02 3.449355717748403549e-03 -1.245432943105697632e-01 1.461792588233947754e-01 2.896028943359851837e-02 -5.990758165717124939e-02 -8.673640340566635132e-02 2.743108756840229034e-02 -2.693768143653869629e-01 6.244690343737602234e-02 -1.005354225635528564e-01 -2.027275739237666130e-03 -9.381675720214843750e-02 8.930498361587524414e-02 2.205497957766056061e-02 6.795114278793334961e-02 3.287253156304359436e-02 5.010937154293060303e-02 2.295823022723197937e-02 8.409663103520870209e-03 1.744940294884145260e-03 -1.261237710714340210e-01 -1.580355316400527954e-02 4.977618157863616943e-02 1.292901933193206787e-01 -4.670539498329162598e-02 -1.218899041414260864e-01 -3.115872852504253387e-02 -6.535241752862930298e-02 -6.750914035364985466e-04 2.653566189110279083e-02 -9.973152726888656616e-02 4.931319504976272583e-03 -9.002754837274551392e-02 1.093578897416591644e-02 -4.102512449026107788e-02 -1.352730095386505127e-01 -1.250986903905868530e-01 5.475563555955886841e-02 1.186363026499748230e-01 1.704724580049514771e-01 6.932987598702311516e-04 -1.433120220899581909e-01 -1.113366633653640747e-01 1.502052787691354752e-02 3.016438782215118408e-01 8.682922273874282837e-02 5.392792448401451111e-02 1.108755618333816528e-01 -6.618016958236694336e-02 -9.749878197908401489e-02 4.168498143553733826e-02 6.931543350219726562e-02 -2.999060088768601418e-03 -2.614090405404567719e-02 -5.039666220545768738e-02 1.003295928239822388e-01 7.239837944507598877e-02 1.061265077441930771e-02 6.781508028507232666e-02 -3.755121305584907532e-02 -1.057926639914512634e-01 4.462711513042449951e-02 4.990493133664131165e-02 -9.937925636768341064e-02 -1.526360213756561279e-01 1.141162812709808350e-01 -1.422308385372161865e-01 3.558571264147758484e-02 2.278537116944789886e-02 7.216114550828933716e-02 6.011586263775825500e-02 3.291967511177062988e-02 -3.938740584999322891e-03 8.217832073569297791e-03 -7.896627485752105713e-02 -3.255731612443923950e-02 1.924580335617065430e-02 -6.001773104071617126e-02 1.470587588846683502e-02 -1.711464822292327881e-01
-2.338661998510360718e-02 6.810093671083450317e-02 -2.997811511158943176e-02 1.009371206164360046e-01 -1.718284934759140015e-02 6.721145659685134888e-02 6.666624546051025391e-02 -6.297598034143447876e-02 9.671045839786529541e-02 -9.911914914846420288e-02 -9.448951482772827148e-02 -1.768192648887634277e-02 -3.797175362706184387e-02 -1.000782288610935211e-02 -3.047389164566993713e-02 5.767069384455680847e-02 7.801441848278045654e-02 6.472876667976379395e-02 6.409420073032379150e-02 -7.130006700754165649e-02 9.251794219017028809e-02 7.786396890878677368e-02 -1.862342096865177155e-02 9.101872891187667847e-02 -4.171657375991344452e-03 -9.014496579766273499e-03 9.217769652605056763e-02 1.443890668451786041e-02 -4.589341580867767334e-02 -8.367556333541870117e-02 -1.223598420619964600e-02 -1.477357838302850723e-02 -3.142988681793212891e-02 1.002372428774833679e-01 -5.605272948741912842e-02 5.335007235407829285e-02 -4.975782707333564758e-02 -2.788041345775127411e-02 -9.401965141296386719e-02 -1.031678542494773865e-01 5.495180562138557434e-02 -7.159642130136489868e-02 -3.395615145564079285e-02 6.752558052539825439e-02 -4.181880876421928406e-02 4.274765029549598694e-02 -1.807348686270415783e-03 4.223698377609252930e-02 9.624765813350677490e-02 -6.228445470333099365e-02 3.307098522782325745e-02 -3.201197832822799683e-02 8.428501337766647339e-02 8.615970611572265625e-02 4.798335488885641098e-03 -9.382072836160659790e-02 -6.784974783658981323e-02 -4.224745862302370369e-05 -1.991029083728790283e-02 -2.891086041927337646e-02 4.609318450093269348e-03 -1.677896082401275635e-02 3.737663477659225464e-02 8.868677914142608643e-02 -4.931753128767013550e-02 -5.094572529196739197e-02 -2.740825712680816650e-02 6.319651007652282715e-02 -7.855816930532455444e-02 -3.861560299992561340e-02 5.552132055163383484e-02 2.383858337998390198e-02 6.142178550362586975e-02 9.752210974693298340e-02 5.917219072580337524e-02 3.967572003602981567e-02 -4.631453007459640503e-02 8.853061497211456299e-02 -8.259057998657226562e-02 1.012029200792312622e-01 -2.707389183342456818e-03 -4.598780348896980286e-02 7.386469095945358276e-02 1.589185930788516998e-02 5.184471979737281799e-02 8.471535891294479370e-02 6.186453625559806824e-02 7.348715327680110931e-03 7.855189032852649689e-03 -2.706677839159965515e-02 -3.218260407447814941e-02 4.061824828386306763e-02 -3.401309996843338013e-02 -1.210595816373825073e-01 -2.905435673892498016e-02 -6.615561246871948242e-02 8.199844509363174438e-02 -5.903405323624610901e-02 -5.189681053161621094e-02 -3.329915180802345276e-02
2.200704440474510193e-02 7.513563032262027264e-04 2.955429069697856903e-02 3.353105112910270691e-02 1.028759628534317017e-01 -9.172784537076950073e-02 -6.209740415215492249e-02 3.424655646085739136e-02 8.097133785486221313e-02 -1.044592633843421936e-01 -3.155636414885520935e-02 5.093587562441825867e-02 -2.518580667674541473e-02 6.654088944196701050e-02 7.670941948890686035e-02 9.365317411720752716e-03 1.269830465316772461e-01 -8.693154156208038330e-02 -7.989714294672012329e-02 1.080611199140548706e-01 1.203769445419311523e-02 -3.538022935390472412e-02 3.746959194540977478e-02 -5.515140295028686523e-02 -5.842642486095428467e-02 -1.289206277579069138e-02 4.250735044479370117e-02 -4.018089547753334045e-02 6.439071893692016602e-02 -6.152376905083656311e-02 1.000110954046249390e-01 -4.355470836162567139e-02 -1.222840398550033569e-01 -6.064908578991889954e-02 -3.258901834487915039e-02 -9.674933552742004395e-02 3.750452399253845215e-02 -2.313061989843845367e-02 5.280447751283645630e-02 -8.559784293174743652e-02 -6.325683742761611938e-02 1.168251559138298035e-01 1.003211736679077148e-01 1.215385925024747849e-02 6.985854357481002808e-02 -6.291392445564270020e-02 3.246748819947242737e-02 7.738045603036880493e-02 1.742725074291229248e-02 8.576308935880661011e-02 2.102125808596611023e-02 5.844910815358161926e-02 -2.891243249177932739e-02 -9.695736318826675415e-02 1.233436446636915207e-02 2.850261144340038300e-02 7.761933654546737671e-02 -2.763937413692474365e-02 -1.075622364878654480e-01 -8.151406794786453247e-02 -6.128112971782684326e-02 4.562018904834985733e-03 5.219679698348045349e-02 -2.052040956914424896e-02 -8.095441013574600220e-02 -5.901228263974189758e-02 9.062215103767812252e-04 -5.420108139514923096e-02 -5.315944552421569824e-02 1.143557578325271606e-02 3.918600454926490784e-02 2.465457888320088387e-03 6.670421361923217773e-02 5.212665535509586334e-03 4.644415900111198425e-02 8.000416681170463562e-03 -4.169054701924324036e-02 -3.209036216139793396e-02 -9.042964875698089600e-02 -1.956233754754066467e-02 8.883342146873474121e-03 -3.573226183652877808e-02 5.849365144968032837e-02 -8.602640591561794281e-03 -6.323125958442687988e-02 7.847108878195285797e-03 -3.516028868034482002e-03 3.398126456886529922e-03 3.801119700074195862e-02 -7.326868921518325806e-02 4.431563615798950195e-02 3.860488161444664001e-02 7.591824978590011597e-02 -5.008785799145698547e-02 -1.141393929719924927e-02 -8.644940331578254700e-03 8.581398427486419678e-02 2.346706949174404144e-02 -9.672453254461288452e-02 -1.154899876564741135e-02
-5.563963204622268677e-02 9.510369971394538879e-03 -7.202573865652084351e-02 -8.566527068614959717e-02 4.092473536729812622e-02 2.626587264239788055e-02 6.692843884229660034e-02 2.200315793743357062e-04 2.575141564011573792e-02 5.285140499472618103e-02 1.088139563798904419e-01 -1.517210900783538818e-01 5.811900272965431213e-02 1.258315742015838623e-01 1.070756465196609497e-02 1.323708295822143555e-01 -1.491147000342607498e-02 -6.111559923738241196e-03 -6.543461233377456665e-02 -3.365787863731384277e-02 -1.804064586758613586e-02 5.456786975264549255e-02 -8.290976285934448242e-02 2.166787162423133850e-04 9.259199351072311401e-02 9.493651986122131348e-02 -3.619095683097839355e-02 -2.234836108982563019e-02 3.517426550388336182e-02 1.224412918090820312e-01 3.525296226143836975e-02 -6.738767027854919434e-02 -3.050857968628406525e-02 -6.425608694553375244e-02 -4.658480361104011536e-02 6.838368624448776245e-02 -6.022521853446960449e-02 2.430773340165615082e-02 1.329684108495712280e-01 -5.008748546242713928e-02 6.512631475925445557e-02 -1.020647957921028137e-02 4.436938464641571045e-02 -4.764217510819435120e-02 -7.516980916261672974e-02 5.855239182710647583e-02 -4.213957861065864563e-02 6.138834729790687561e-02 2.029894106090068817e-02 6.263255141675472260e-03 -2.336601726710796356e-02 -8.248035795986652374e-03 -4.792596772313117981e-02 -9.364666044712066650e-02 -1.021956801414489746e-01 2.351171523332595825e-02 -9.797628037631511688e-03 8.746323734521865845e-02 1.103015914559364319e-01 1.263854792341589928e-03 -8.086109906435012817e-02 -5.105270445346832275e-02 4.851454868912696838e-02 4.147675260901451111e-02 7.802567631006240845e-02 6.314400583505630493e-02 7.430922985076904297e-02 -3.311226889491081238e-02 -3.131867572665214539e-02 3.636955469846725464e-02 5.760656297206878662e-02 5.573739483952522278e-02 9.216550737619400024e-02 3.812890872359275818e-02 -9.307715296745300293e-02 6.049946695566177368e-02 8.408369868993759155e-02 -6.576674431562423706e-02 -3.551808744668960571e-02 -1.398606300354003906e-01 -4.383940249681472778e-02 -1.925147138535976410e-02 -4.524969309568405151e-02 -5.705537740141153336e-03 -3.387719020247459412e-02 1.751204282045364380e-01 -1.623670905828475952e-01 1.769846864044666290e-02 -9.007268399000167847e-02 -5.847791582345962524e-02 -7.207535952329635620e-02 -9.552089869976043701e-02 -1.761014759540557861e-02 1.761700026690959930e-02 -1.134631633758544922e-01 3.175596892833709717e-02 2.969486638903617859e-02 2.566683851182460785e-02 8.745046332478523254e-03 3.848918154835700989e-02
-1.006110757589340210e-01 7.900869846343994141e-02 1.138042286038398743e-01 6.844402290880680084e-03 -8.243001997470855713e-02 2.064283750951290131e-02 -5.416544899344444275e-02 -8.590082824230194092e-02 -8.452251553535461426e-02 1.574235036969184875e-02 6.049034744501113892e-02 3.192420676350593567e-02 -6.964288186281919479e-04 3.576705604791641235e-02 -6.061819195747375488e-02 -8.468760550022125244e-02 -1.534935086965560913e-02 5.875520035624504089e-02 -9.540247917175292969e-02 -9.189671277999877930e-02 6.082522869110107422e-02 3.637040778994560242e-02 -2.864158898591995239e-02 -7.960743270814418793e-03 4.316617920994758606e-02 1.007963642477989197e-01 2.466667070984840393e-02 4.228357970714569092e-02 -2.586789801716804504e-02 -9.352552890777587891e-02 1.278073061257600784e-02 5.925437062978744507e-02 -1.156943887472152710e-01 7.620887458324432373e-02 -3.693250194191932678e-02 8.130882680416107178e-02 8.534365892410278320e-02 7.700381428003311157e-02 -6.905065476894378662e-02 -2.158182673156261444e-02 1.492706942372024059e-03 -1.820315956138074398e-03 7.868513464927673340e-02 5.048343539237976074e-02 3.965202346444129944e-02 -2.541366033256053925e-02 4.030997678637504578e-02 -9.470237419009208679e-03 9.200318902730941772e-02 -6.286986172199249268e-02 3.571482002735137939e-02 -4.103653877973556519e-02 -1.080605834722518921e-01 5.907204747200012207e-02 -5.715572461485862732e-02 -1.187050994485616684e-02 -8.846887946128845215e-02 -2.312449365854263306e-02 -9.128560312092304230e-03 4.869612306356430054e-02 -5.634556338191032410e-02 6.375351548194885254e-02 5.792092531919479370e-02 -8.297105878591537476e-02 7.856312207877635956e-03 -6.625330448150634766e-02 -9.379082173109054565e-02 6.470561027526855469e-03 6.631281971931457520e-02 -9.035149961709976196e-02 1.157195121049880981e-01 -8.620102307759225368e-04 -5.889330431818962097e-02 -1.775243878364562988e-02 8.026415109634399414e-02 3.436543419957160950e-02 -2.669057436287403107e-02 5.730651319026947021e-02 -6.195188686251640320e-02 -2.094033546745777130e-02 -7.770520448684692383e-02 -3.301340341567993164e-02 -7.328888028860092163e-02 -7.030747830867767334e-02 -3.065832890570163727e-02 -6.057297810912132263e-02 -1.558364182710647583e-02 1.271965447813272476e-02 6.262899935245513916e-02 7.354138046503067017e-02 -9.184762090444564819e-02 -3.565803915262222290e-02 -7.149535813368856907e-04 -1.888473145663738251e-02 6.395182106643915176e-03 4.267153143882751465e-02 -1.085994690656661987e-01 -3.091311454772949219e-02 -8.308794349431991577e-02 -1.390539854764938354e-01
-2.857630327343940735e-02 5.332516133785247803e-02 -1.382896956056356430e-02 -3.987151011824607849e-02 -6.494931876659393311e-02 -1.205320656299591064e-01 -4.032569471746683121e-03 1.195294130593538284e-02 -3.248953446745872498e-02 5.238631367683410645e-02 5.177489668130874634e-02 -1.899102143943309784e-02 -3.263634396716952324e-03 -8.045186847448348999e-02 5.223265290260314941e-02 -8.659926801919937134e-02 6.482415646314620972e-02 3.897287696599960327e-02 4.569033533334732056e-02 -9.819601476192474365e-02 -2.836504206061363220e-02 4.923040419816970825e-02 4.796014353632926941e-02 4.172394424676895142e-02 -5.957822315394878387e-03 -3.452469781041145325e-02 -2.229722216725349426e-02 -6.124019273556768894e-04 -4.842357337474822998e-02 -1.211984455585479736e-01 -6.604696065187454224e-02 -5.062361061573028564e-02 1.696032285690307617e-02 5.770581215620040894e-02 1.045571342110633850e-01 1.191153973340988159e-01 2.234734222292900085e-02 -3.328051045536994934e-02 -9.627247601747512817e-02 -9.082236886024475098e-02 -5.394342169165611267e-02 5.886649247258901596e-03 -6.385634094476699829e-02 -2.964680315926671028e-03 -3.582176566123962402e-02 5.428566783666610718e-02 8.923302590847015381e-02 6.832899991422891617e-03 4.520308971405029297e-02 4.662686586380004883e-02 -3.920336440205574036e-02 1.067534182220697403e-02 -7.856432348489761353e-03 -4.337424878031015396e-03 8.048856630921363831e-03 4.718454927206039429e-02 7.320147752761840820e-02 2.883855998516082764e-02 7.836168259382247925e-02 -3.041190095245838165e-02 8.495013229548931122e-03 -2.691752836108207703e-02 3.078514337539672852e-02 6.562425941228866577e-02 1.463819742202758789e-01 -7.676061242818832397e-02 4.982932005077600479e-03 8.795473724603652954e-02 3.148501366376876831e-02 -8.756071329116821289e-02 5.640358477830886841e-02 7.192835956811904907e-02 -4.665795713663101196e-02 -5.110542476177215576e-02 -5.312520265579223633e-02 -6.911216676235198975e-02 1.864082925021648407e-02 -3.167551476508378983e-03 -4.895800352096557617e-02 -2.583911642432212830e-02 9.424989111721515656e-03 -4.718418698757886887e-03 6.073719263076782227e-02 9.041716344654560089e-03 -8.111738413572311401e-02 -4.491446167230606079e-02 4.772930964827537537e-02 1.853197999298572540e-02 8.177853375673294067e-02 7.628542929887771606e-02 1.102384775876998901e-01 2.818894572556018829e-02 -9.957174211740493774e-02 6.292126327753067017e-02 -8.953895419836044312e-03 1.013993695378303528e-01 -7.031598687171936035e-02 -2.480237185955047607e-02 -7.332275807857513428e-02 -6.804591417312622070e-02
-1.341188699007034302e-02 1.683409698307514191e-02 1.199546232819557190e-01 -6.818608939647674561e-02 -9.766401723027229309e-03 -1.230358034372329712e-01 -6.742660701274871826e-02 5.182112380862236023e-02 8.625363558530807495e-02 4.891296476125717163e-02 1.774786412715911865e-02 -4.464562516659498215e-03 6.308913975954055786e-02 -1.054244861006736755e-01 -2.589103579521179199e-02 -4.820850118994712830e-02 -4.210659861564636230e-02 4.406923800706863403e-02 -5.318211019039154053e-02 6.482227146625518799e-02 9.308018535375595093e-02 2.553632296621799469e-02 1.044971048831939697e-01 -9.194217622280120850e-02 7.494442164897918701e-02 8.060966432094573975e-02 -7.549881935119628906e-02 -1.105555216781795025e-03 -5.937320366501808167e-02 6.371310353279113770e-02 4.327648878097534180e-02 3.866362944245338440e-02 -5.253735184669494629e-02 -3.511719033122062683e-02 7.245109230279922485e-02 -3.877743333578109741e-02 -6.008521839976310730e-02 5.726340785622596741e-02 -6.543017923831939697e-02 -7.937626540660858154e-02 9.762320667505264282e-03 -3.075362369418144226e-02 -7.723312079906463623e-02 -9.299953281879425049e-02 -4.821084439754486084e-02 -2.825220674276351929e-02 7.384033501148223877e-02 -4.552031308412551880e-02 -1.995756756514310837e-03 4.492000490427017212e-02 -9.775036573410034180e-02 -4.085538163781166077e-02 4.975979030132293701e-02 -4.228805378079414368e-02 -4.984749108552932739e-02 -7.314406335353851318e-02 -1.382483839988708496e-01 -5.119947716593742371e-03 2.804832719266414642e-02 -1.226581558585166931e-01 -5.079019442200660706e-02 -2.446282655000686646e-02 -2.748166210949420929e-02 2.944762073457241058e-02 3.912471607327461243e-02 6.507256627082824707e-02 -7.742364704608917236e-02 7.982735335826873779e-02 -8.514591306447982788e-02 9.370087645947933197e-03 2.659589610993862152e-02 6.714673340320587158e-02 -3.933512605726718903e-03 -2.150294370949268341e-02 9.045871347188949585e-02 -2.288414537906646729e-02 -2.468309924006462097e-02 8.949643373489379883e-02 1.333116739988327026e-02 -2.286743931472301483e-02 7.082070410251617432e-02 -2.703804522752761841e-02 1.040701940655708313e-01 1.959145255386829376e-02 -3.576127067208290100e-02 9.478386491537094116e-02 -1.124581396579742432e-01 4.896670579910278320e-02 6.407075375318527222e-02 -8.754602819681167603e-02 -4.591114446520805359e-02 -5.435108765959739685e-02 8.239162713289260864e-02 -8.809389173984527588e-02 -1.249425206333398819e-02 -9.068030864000320435e-03 -1.550772320479154587e-02 5.008943378925323486e-02 9.892147965729236603e-03 -4.303826019167900085e-02
-2.891881158575415611e-03 -7.412284612655639648e-02 7.862024009227752686e-03 2.079482801491394639e-04 1.154352501034736633e-01 -6.978803128004074097e-02 -2.189449034631252289e-02 6.399572640657424927e-02 -5.669296905398368835e-02 5.924835428595542908e-02 3.367259353399276733e-02 7.889254949986934662e-03 -1.089835390448570251e-01 -7.951878011226654053e-03 -9.018992632627487183e-02 -6.950860470533370972e-02 -4.850233718752861023e-02 9.246117621660232544e-02 1.199472974985837936e-02 -1.255688667297363281e-01 -5.245343968272209167e-02 7.579989731311798096e-02 -1.197616476565599442e-02 1.499736402183771133e-02 -5.063170939683914185e-02 -4.881805926561355591e-02 -4.252458363771438599e-02 5.797261372208595276e-02 3.136289119720458984e-02 -7.228513062000274658e-02 7.927722483873367310e-02 5.744792148470878601e-02 5.219440534710884094e-02 -4.125285893678665161e-02 2.381170727312564850e-02 -1.036571040749549866e-01 9.186700917780399323e-03 -1.115960069000720978e-02 -1.371945738792419434e-01 5.028718709945678711e-02 -8.370937407016754150e-02 3.506680950522422791e-02 6.326165050268173218e-03 -5.233098939061164856e-02 -3.900627046823501587e-02 1.127087138593196869e-02 -1.893911324441432953e-02 7.978101819753646851e-02 -1.130238026380538940e-01 -6.932719051837921143e-02 -3.655169904232025146e-02 2.046161703765392303e-02 7.375347614288330078e-02 6.507191061973571777e-02 -1.088808570057153702e-02 -1.768878474831581116e-02 3.218158613890409470e-03 -1.076032966375350952e-01 -5.581585317850112915e-02 7.677043974399566650e-02 3.674425184726715088e-02 -8.433508686721324921e-03 -8.289227634668350220e-02 8.223431557416915894e-02 -2.171765826642513275e-02 -6.617717444896697998e-02 2.199920266866683960e-02 3.710356354713439941e-02 5.040137097239494324e-02 -2.571775577962398529e-02 -8.802059292793273926e-02 6.539446860551834106e-02 6.274434179067611694e-02 -7.298867404460906982e-02 2.968614362180233002e-02 -3.352620825171470642e-02 -1.044286265969276428e-01 1.957679353654384613e-02 2.605766989290714264e-02 -8.625011891126632690e-02 7.406591624021530151e-02 -2.089338749647140503e-02 -3.222107514739036560e-02 3.041787538677453995e-03 -2.449630014598369598e-02 -4.355022311210632324e-02 -4.047332331538200378e-02 5.148902162909507751e-02 -1.175158843398094177e-02 3.761208802461624146e-02 7.530745118856430054e-02 -1.949010044336318970e-02 7.272601127624511719e-02 1.732922345399856567e-02 8.562099188566207886e-02 -1.065925061702728271e-01 1.123336423188447952e-02 -7.226154953241348267e-02 -4.379219561815261841e-02 3.213161230087280273e-02
-4.808824509382247925e-02 4.061286151409149170e-02 -1.193892657756805420e-01 1.491021085530519485e-02 -1.650365418754518032e-03 -9.723459929227828979e-02 -2.426401712000370026e-02 -8.629111200571060181e-02 -1.060948707163333893e-02 7.896113395690917969e-02 7.565262913703918457e-02 -3.265771269798278809e-02 4.822195693850517273e-02 7.025479525327682495e-02 9.199264645576477051e-02 -3.910099342465400696e-02 2.227181568741798401e-02 3.195346519351005554e-02 -5.705106630921363831e-02 -5.216434597969055176e-02 6.595667451620101929e-02 -4.853814095258712769e-02 3.676976636052131653e-02 1.733726635575294495e-02 6.868682801723480225e-02 -9.110782295465469360e-02 3.096474707126617432e-02 6.454426050186157227e-02 5.619113519787788391e-02 7.113622128963470459e-02 6.641905754804611206e-02 -4.405077174305915833e-02 -8.537749201059341431e-02 -1.070453450083732605e-01 2.421549148857593536e-02 -3.589417412877082825e-02 -5.714838951826095581e-02 -1.106181517243385315e-01 7.177791092544794083e-03 1.071648858487606049e-02 -5.973533540964126587e-02 2.451390027999877930e-02 -2.567119896411895752e-02 2.775329537689685822e-02 -4.401266947388648987e-02 8.234270662069320679e-02 2.201658487319946289e-02 -9.652630239725112915e-02 -1.159618026576936245e-03 6.318709999322891235e-02 3.439044579863548279e-02 -5.458790808916091919e-03 4.064768180251121521e-02 5.098777636885643005e-02 -1.286890357732772827e-01 1.025126799941062927e-01 -7.556723803281784058e-02 -5.833207163959741592e-03 9.016788564622402191e-03 -4.022844880819320679e-02 1.283164508640766144e-02 -4.803637415170669556e-02 -3.589991107583045959e-02 -3.154760599136352539e-02 -5.903647094964981079e-02 -7.148732244968414307e-02 6.636317819356918335e-02 6.747260689735412598e-02 -7.901678979396820068e-02 -7.479682564735412598e-02 -4.031545016914606094e-03 2.526663802564144135e-02 -3.834240138530731201e-02 4.245526343584060669e-02 2.697600983083248138e-02 -7.532486319541931152e-02 -7.381542772054672241e-02 -3.683999180793762207e-02 -5.075858160853385925e-02 -7.850214093923568726e-02 -8.783593028783798218e-02 -4.837176203727722168e-02 -2.629806287586688995e-02 -1.040569469332695007e-01 3.726175799965858459e-02 -6.066605076193809509e-02 -3.885797411203384399e-02 9.309960901737213135e-02 -5.822209175676107407e-03 -1.032157614827156067e-01 -3.721581399440765381e-02 1.164200529456138611e-02 -4.759224876761436462e-02 5.893762037158012390e-02 -4.069952294230461121e-02 -3.043377213180065155e-02 4.369701072573661804e-02 -1.599955372512340546e-03 -6.241783557925373316e-05 -1.669278144836425781e-01
9.598132222890853882e-02 -1.502092462033033371e-02 -3.835706785321235657e-02 1.206470429897308350e-01 -2.539244852960109711e-02 -1.284741461277008057e-01 3.073211014270782471e-02 -1.361141260713338852e-02 -1.027406565845012665e-02 -4.006374999880790710e-02 1.005305126309394836e-01 -3.510659933090209961e-02 3.463940694928169250e-02 7.381084561347961426e-02 1.059925183653831482e-01 8.622211217880249023e-02 9.989830851554870605e-02 -5.602001026272773743e-02 -5.460319668054580688e-02 -6.417798250913619995e-02 4.727111756801605225e-02 -2.098403126001358032e-02 -4.653013870120048523e-02 6.230824813246726990e-02 8.998195827007293701e-02 4.909317567944526672e-02 6.485641747713088989e-02 6.361295003443956375e-03 5.776186939328908920e-03 1.921207830309867859e-02 1.024091243743896484e-01 2.366366982460021973e-02 6.359006464481353760e-02 1.109686866402626038e-01 -8.733556419610977173e-02 8.786926418542861938e-02 -1.473858207464218140e-02 3.823858499526977539e-02 3.930771723389625549e-02 -3.731530159711837769e-02 1.023846641182899475e-01 -3.577073663473129272e-02 -9.865962713956832886e-02 -6.457323580980300903e-02 -5.386580899357795715e-02 8.275818079710006714e-02 6.355734169483184814e-02 6.587155163288116455e-02 -5.285738408565521240e-02 -1.061674766242504120e-02 9.759399294853210449e-02 -3.507021442055702209e-02 -2.754408121109008789e-02 8.788326382637023926e-02 9.557754732668399811e-03 -8.905123919248580933e-02 8.705896139144897461e-02 -5.144438147544860840e-02 6.843002140522003174e-02 -3.321874886751174927e-03 1.003152206540107727e-01 7.513961941003799438e-02 4.079858586192131042e-02 9.916561841964721680e-02 -6.475083529949188232e-02 2.135109901428222656e-02 -1.498764660209417343e-02 1.575533673167228699e-02 1.046041920781135559e-01 7.883425056934356689e-02 -6.844388693571090698e-02 -4.813508130609989166e-03 -8.841532468795776367e-02 6.237913668155670166e-02 -1.098545566201210022e-01 -7.458282262086868286e-02 3.684118017554283142e-02 -7.393247913569211960e-03 -1.818837225437164307e-02 -3.626768290996551514e-02 -6.582763791084289551e-02 7.266019284725189209e-02 9.653357416391372681e-02 3.156268969178199768e-02 -2.852142415940761566e-02 1.019482240080833435e-01 -3.924859687685966492e-02 -8.220368623733520508e-02 -4.155753552913665771e-02 -7.818966358900070190e-02 8.264037966728210449e-02 4.235660284757614136e-02 1.613483391702175140e-02 -6.222674250602722168e-02 6.128601729869842529e-02 5.978643894195556641e-02 -3.573939949274063110e-02 -1.117082126438617706e-02 -3.903781622648239136e-02 -7.300477009266614914e-03
-2.918808488175272942e-03 -8.343565464019775391e-02 1.625208370387554169e-02 -5.090367421507835388e-02 -1.037548929452896118e-01 -8.330152370035648346e-03 -4.004155925940722227e-04 6.997639685869216919e-02 3.584873629733920097e-03 5.491388589143753052e-02 4.225150868296623230e-02 4.005072638392448425e-02 5.853748694062232971e-02 -4.259906336665153503e-02 -6.930521130561828613e-02 8.273432403802871704e-02 1.003628410398960114e-02 4.619355499744415283e-02 -3.236562758684158325e-02 4.590153694152832031e-02 -1.713959686458110809e-02 -7.984796911478042603e-02 -7.818944007158279419e-02 -4.950984194874763489e-02 9.436928480863571167e-02 7.640274614095687866e-02 -4.335597902536392212e-02 -6.463757157325744629e-02 7.101837545633316040e-03 -6.902374327182769775e-03 -1.664967648684978485e-02 5.200135335326194763e-02 9.931577742099761963e-02 -1.587471365928649902e-02 -2.275639027357101440e-02 4.553109779953956604e-02 -5.237532034516334534e-02 -1.715839281678199768e-02 -2.291597984731197357e-02 -7.227992266416549683e-02 -7.773243635892868042e-02 8.130255341529846191e-02 1.447979081422090530e-02 7.571926712989807129e-02 -5.834345147013664246e-02 -3.272822871804237366e-02 -2.325580269098281860e-02 -8.424560725688934326e-02 -4.234536550939083099e-03 1.589267980307340622e-03 -1.570248976349830627e-02 2.131586708128452301e-02 7.219872623682022095e-02 4.211234301328659058e-02 1.870388723909854889e-02 -1.015200372785329819e-02 1.007509417831897736e-02 -7.773495465517044067e-02 3.690549358725547791e-02 -3.887190297245979309e-02 3.912089020013809204e-02 8.142432570457458496e-02 7.710657268762588501e-02 -9.902252256870269775e-02 1.619550585746765137e-02 4.483417794108390808e-02 7.046958804130554199e-02 8.270047605037689209e-02 8.175325393676757812e-02 7.330285757780075073e-02 -6.735883653163909912e-03 3.506381064653396606e-02 3.545366972684860229e-02 4.187254235148429871e-02 4.918778687715530396e-02 -3.003072738647460938e-02 -1.070394646376371384e-02 -7.664208859205245972e-02 1.725983992218971252e-02 1.664745272137224674e-03 -9.858945757150650024e-02 -5.184940993785858154e-02 -6.149046123027801514e-02 -3.646101104095578194e-03 2.321841754019260406e-02 7.474965602159500122e-02 -3.947538137435913086e-02 -6.789137423038482666e-02 7.412107195705175400e-03 -3.246493637561798096e-02 1.156640797853469849e-02 -3.514773026108741760e-02 7.609392050653696060e-03 4.178054630756378174e-02 -2.202257700264453888e-02 -1.013999059796333313e-01 -3.921642526984214783e-02 -8.098135888576507568e-02 5.060297623276710510e-02 -3.091782145202159882e-02
2.766046486794948578e-02 1.036355718970298767e-01 -8.693490922451019287e-02 1.989395730197429657e-02 -4.694157838821411133e-02 9.016775339841842651e-02 -4.938914626836776733e-02 -1.642403565347194672e-02 -9.741575270891189575e-02 3.471616655588150024e-02 4.796512052416801453e-02 1.216890942305326462e-02 6.822963804006576538e-02 3.627248480916023254e-02 -3.644250333309173584e-02 5.640506371855735779e-02 -8.893021196126937866e-02 -1.048952862620353699e-01 -6.605385243892669678e-02 -7.511553913354873657e-02 1.080666854977607727e-01 -8.151230961084365845e-02 8.518922328948974609e-02 -3.963762894272804260e-02 3.004709258675575256e-02 7.916429080069065094e-03 -3.852622210979461670e-02 -6.997235864400863647e-02 -1.981787616387009621e-03 -7.267627120018005371e-02 -8.973080664873123169e-02 -5.965313315391540527e-02 6.614925712347030640e-02 -8.162540197372436523e-02 -6.992771476507186890e-02 9.156360477209091187e-02 7.548413425683975220e-02 -9.498754888772964478e-02 4.073689877986907959e-02 4.480692371726036072e-02 8.694586902856826782e-02 9.045783430337905884e-02 6.838767230510711670e-02 3.518601879477500916e-02 -4.783695563673973083e-02 3.747561713680624962e-03 -8.231720328330993652e-02 -8.359099924564361572e-02 5.209949985146522522e-02 -9.396717697381973267e-02 -1.711064390838146210e-02 -4.493258893489837646e-02 -2.864810451865196228e-02 -1.563584804534912109e-02 -3.546153381466865540e-02 -9.160065650939941406e-02 8.786138147115707397e-03 4.578104242682456970e-02 3.549318760633468628e-02 5.434368550777435303e-02 -7.960114744491875172e-04 -1.074111983180046082e-01 5.551923532038927078e-03 -1.089238841086626053e-02 2.491505630314350128e-02 -5.255017429590225220e-02 -6.398501247167587280e-02 8.658809214830398560e-02 -4.073989763855934143e-02 6.405673176050186157e-02 -1.010959371924400330e-01 -7.462085038423538208e-02 1.457597315311431885e-02 5.306357145309448242e-02 -5.420585721731185913e-02 -5.020376667380332947e-02 5.497569590806961060e-02 2.129485644400119781e-02 6.936124712228775024e-02 -4.269196093082427979e-02 5.240047350525856018e-02 -9.618631005287170410e-02 3.888308629393577576e-02 -1.077301949262619019e-01 -6.230215728282928467e-02 -4.604111984372138977e-02 -4.123931378126144409e-02 -5.567937344312667847e-02 2.594521269202232361e-02 4.891062900424003601e-02 -6.913437694311141968e-02 1.143992021679878235e-01 5.823333933949470520e-02 5.216860398650169373e-02 6.968919187784194946e-02 1.009587105363607407e-02 5.547967925667762756e-02 6.404109299182891846e-02 -7.688551396131515503e-02 -1.575704365968704224e-01
4.909951239824295044e-02 2.588546648621559143e-02 7.621456682682037354e-02 -7.154610753059387207e-02 1.043697744607925415e-01 -2.741827070713043213e-02 -6.240260601043701172e-02 7.202553004026412964e-02 -2.849412336945533752e-02 -8.962477743625640869e-02 9.808331727981567383e-02 -5.402125045657157898e-02 -5.011625587940216064e-03 7.390939444303512573e-02 -4.748590290546417236e-02 -1.718689315021038055e-02 -5.132410302758216858e-02 7.607914507389068604e-02 -6.374799460172653198e-02 7.717631012201309204e-02 -5.769111588597297668e-02 6.769266724586486816e-02 4.418274387717247009e-02 8.822738379240036011e-02 5.797583982348442078e-02 4.610095918178558350e-02 -4.167379811406135559e-02 -1.202815398573875427e-02 -8.928011357784271240e-02 7.502288371324539185e-02 8.085907250642776489e-02 4.435953125357627869e-02 -9.411969222128391266e-03 1.769596710801124573e-02 3.186611086130142212e-02 -5.021680518984794617e-02 7.089583575725555420e-02 -5.971801653504371643e-02 6.174027919769287109e-02 -2.666914835572242737e-02 -4.515378177165985107e-02 -3.847841918468475342e-02 -1.006682310253381729e-02 5.871485173702239990e-02 -1.833332702517509460e-02 -5.879379436373710632e-02 -3.609872981905937195e-02 -2.412794716656208038e-02 -1.009358325973153114e-03 -5.693468730896711349e-03 -4.619763791561126709e-02 -3.369037061929702759e-02 -2.314482815563678741e-02 9.990910440683364868e-02 4.467343538999557495e-02 -4.973295703530311584e-02 -1.948078046552836895e-03 -6.646908819675445557e-02 -1.184830442070960999e-02 5.589279904961585999e-02 3.189005702733993530e-02 -1.066596247255802155e-02 7.649573683738708496e-02 2.275294065475463867e-02 7.209705561399459839e-02 -3.032404929399490356e-02 -5.871861241757869720e-03 -8.466234430670738220e-03 -7.770434767007827759e-02 2.378298155963420868e-02 9.663678705692291260e-02 -8.488181978464126587e-03 -1.587020233273506165e-02 1.689113862812519073e-02 3.081315197050571442e-02 -2.731892839074134827e-02 5.536518618464469910e-02 5.338498950004577637e-02 -2.430230379104614258e-02 4.945624247193336487e-02 5.510687455534934998e-02 -1.670869253575801849e-02 3.158453479409217834e-02 -4.804109409451484680e-02 5.676652118563652039e-02 5.297057703137397766e-02 -9.100847691297531128e-02 2.878351695835590363e-02 4.870746657252311707e-02 5.667743459343910217e-02 3.630637750029563904e-02 3.130314499139785767e-02 -3.471534699201583862e-02 -5.133153870701789856e-02 -2.987362444400787354e-02 9.287902712821960449e-02 8.958592265844345093e-02 -9.990639239549636841e-02 4.379130154848098755e-02 3.918309882283210754e-02
7.528478652238845825e-02 2.159896306693553925e-02 4.783752188086509705e-02 -9.417523443698883057e-02 2.868820354342460632e-02 9.747752547264099121e-02 -6.358287483453750610e-02 -3.166713938117027283e-02 4.889974743127822876e-02 -4.542948212474584579e-03 -1.250918675214052200e-02 -6.503456830978393555e-02 -3.336287662386894226e-02 1.113772243261337280e-01 -1.358961313962936401e-01 -1.346028447151184082e-01 -5.665684491395950317e-02 3.910272940993309021e-02 6.873688101768493652e-02 4.284747317433357239e-02 4.298416525125503540e-02 -6.626643985509872437e-02 -9.578455239534378052e-02 1.897301152348518372e-02 7.441125065088272095e-02 6.703788042068481445e-02 -6.683210283517837524e-02 -7.688824087381362915e-02 -1.151951327919960022e-01 5.419146642088890076e-02 -4.331217706203460693e-02 -1.032053530216217041e-01 7.045076042413711548e-02 6.530101597309112549e-02 -8.133918046951293945e-02 -2.562183886766433716e-02 -8.931463211774826050e-02 -1.008952152915298939e-03 -3.171816095709800720e-02 -1.063220873475074768e-01 -1.233537197113037109e-01 7.544086128473281860e-02 3.274944424629211426e-02 4.604160040616989136e-02 -6.503982096910476685e-02 -1.209830678999423981e-02 2.444348856806755066e-02 -3.345910459756851196e-02 1.553406566381454468e-02 -1.442448422312736511e-02 1.098660901188850403e-01 5.275297909975051880e-02 -1.058481410145759583e-01 -1.442359481006860733e-02 -5.234799534082412720e-02 -3.625211864709854126e-02 -9.262455999851226807e-02 -1.161934733390808105e-01 -7.010422646999359131e-02 -1.685004681348800659e-02 7.872045785188674927e-02 3.327345848083496094e-02 7.479666173458099365e-02 -6.551419198513031006e-02 2.215135842561721802e-02 -1.473574154078960419e-02 -6.803026795387268066e-02 1.083073839545249939e-01 8.032167702913284302e-02 -8.180049061775207520e-02 3.486932814121246338e-02 2.127733081579208374e-02 -6.207934767007827759e-02 -9.754375554621219635e-03 -8.366730809211730957e-02 -3.300327435135841370e-02 -7.732193917036056519e-02 7.005068007856607437e-03 8.157602697610855103e-02 8.860531263053417206e-03 -4.782014340162277222e-02 -6.450785696506500244e-02 3.224137052893638611e-02 -1.001129671931266785e-01 8.005049079656600952e-02 -4.847776517271995544e-02 -8.036315441131591797e-02 1.076286807656288147e-01 -8.557336777448654175e-02 -9.551516175270080566e-02 9.731078147888183594e-02 4.442485794425010681e-02 6.100854277610778809e-02 6.772362440824508667e-02 5.511295422911643982e-02 -5.593915283679962158e-02 -6.338472664356231689e-02 -6.066355109214782715e-02 1.010317206382751465e-01 -7.782719284296035767e-02
-8.884645998477935791e-02 -8.086244761943817139e-02 -4.601689428091049194e-02 -5.083965882658958435e-02 7.748040556907653809e-02 -8.422163315117359161e-03 6.097596138715744019e-02 2.306501194834709167e-02 4.329565167427062988e-02 1.937798410654067993e-02 -6.433737464249134064e-03 -4.488033428788185120e-02 5.104539170861244202e-02 3.463889705017209053e-03 1.359499711543321609e-02 -1.865482144057750702e-02 7.124434411525726318e-02 3.640773519873619080e-02 4.473953321576118469e-02 5.697951838374137878e-02 5.583361163735389709e-02 -4.545216634869575500e-02 3.501241654157638550e-02 -2.279515378177165985e-02 5.529079958796501160e-02 4.333625733852386475e-02 9.893526881933212280e-02 -2.040704712271690369e-02 -6.236926186829805374e-03 -4.416449740529060364e-02 -5.793597549200057983e-02 3.252201527357101440e-02 -1.062372475862503052e-01 4.611975327134132385e-02 -5.027590319514274597e-02 1.072513237595558167e-01 -4.328354820609092712e-02 -1.649124547839164734e-02 -3.522905707359313965e-02 -4.417564254254102707e-03 5.434785038232803345e-02 -1.004237532615661621e-01 -2.916299551725387573e-02 -2.390477457083761692e-04 -9.850632399320602417e-02 -8.898220211267471313e-02 9.193778783082962036e-02 5.586031824350357056e-03 8.757358044385910034e-02 5.652798712253570557e-02 -3.515192773193120956e-03 1.052615940570831299e-01 -5.304176360368728638e-02 -3.165694698691368103e-02 -4.901435598731040955e-02 4.230033140629529953e-03 -1.378400810062885284e-02 2.407570183277130127e-02 -8.460704237222671509e-02 -4.961739107966423035e-02 5.751409567892551422e-03 -6.997433304786682129e-02 -3.972331178374588490e-04 -7.417047023773193359e-02 1.043787226080894470e-02 9.415906853973865509e-03 9.114565700292587280e-02 8.474756032228469849e-02 -3.454604372382164001e-02 -5.518118664622306824e-02 -3.232565894722938538e-02 6.477473676204681396e-02 8.585792779922485352e-02 2.299406006932258606e-02 -8.828204125165939331e-02 1.085892468690872192e-01 -7.954882457852363586e-03 8.288267999887466431e-03 4.408937320113182068e-02 -6.079615280032157898e-02 9.747394919395446777e-02 6.000395864248275757e-02 4.075007885694503784e-02 -2.411726862192153931e-03 -3.307330608367919922e-02 9.290187805891036987e-02 -2.994510158896446228e-02 5.623747035861015320e-02 6.851344555616378784e-02 2.277921885251998901e-02 -7.114820182323455811e-02 7.086879760026931763e-02 -5.377979949116706848e-03 -3.100155293941497803e-02 -9.007305651903152466e-02 3.418535366654396057e-02 -4.410524666309356689e-02 -5.498791113495826721e-02 -6.842490285634994507e-02 -7.214054465293884277e-02
1.981860212981700897e-02 8.783428370952606201e-02 -1.807484775781631470e-02 5.453360825777053833e-02 2.671954594552516937e-02 -6.094478443264961243e-02 6.027589365839958191e-02 4.710880666971206665e-02 9.209669381380081177e-02 -8.869563788175582886e-02 -2.989642322063446045e-02 5.366727337241172791e-02 -5.073411762714385986e-02 9.513435885310173035e-03 1.959798112511634827e-02 2.529081143438816071e-02 -7.935948669910430908e-02 6.595958769321441650e-02 -8.598659932613372803e-02 7.605906575918197632e-02 -1.583223603665828705e-02 -1.200451925396919250e-01 8.522591739892959595e-02 8.374693803489208221e-03 -4.385639913380146027e-03 1.911504752933979034e-02 9.204294532537460327e-02 1.058996766805648804e-01 5.440009757876396179e-02 -5.212121456861495972e-02 -2.665243856608867645e-02 5.530509352684020996e-02 2.031784318387508392e-02 4.283544141799211502e-03 3.309710323810577393e-02 2.370085194706916809e-02 2.727861329913139343e-02 9.038107842206954956e-02 -9.342829883098602295e-02 7.106342911720275879e-02 8.798607438802719116e-02 9.039576351642608643e-02 -6.144128367304801941e-02 2.427609637379646301e-02 7.277791947126388550e-02 3.430618206039071083e-03 6.082415953278541565e-02 -5.351941660046577454e-02 5.899527296423912048e-02 8.349505066871643066e-02 1.885031163692474365e-02 4.369484633207321167e-02 -5.091626942157745361e-02 6.497815996408462524e-02 -4.299328476190567017e-02 5.708802863955497742e-02 -1.094761416316032410e-01 -2.989480830729007721e-02 1.864987425506114960e-02 2.340882085263729095e-02 -3.329110145568847656e-02 -3.861882491037249565e-03 -1.950191892683506012e-02 3.783987089991569519e-02 -7.077734917402267456e-02 2.744951471686363220e-02 -1.634342223405838013e-02 -5.311248078942298889e-02 8.480808883905410767e-02 1.978338323533535004e-02 -3.685048595070838928e-02 -3.767520934343338013e-02 -4.721413925290107727e-02 -7.925343513488769531e-02 5.143924057483673096e-02 -2.239095792174339294e-02 2.725058048963546753e-02 -3.981319442391395569e-02 6.318522989749908447e-02 -1.104414910078048706e-01 7.918762043118476868e-03 1.834339112974703312e-03 4.712540283799171448e-02 6.676559150218963623e-02 -5.912910774350166321e-02 9.549520164728164673e-02 6.298424303531646729e-02 1.007050424814224243e-01 -2.729170210659503937e-02 7.985089719295501709e-02 4.746277257800102234e-02 -9.948272258043289185e-02 -4.366098716855049133e-02 -9.139211848378181458e-03 5.695038940757513046e-03 -9.461807087063789368e-03 -7.829708606004714966e-02 5.670538917183876038e-02 6.732913851737976074e-02 8.343140780925750732e-02
2.767118625342845917e-02 1.664451882243156433e-02 3.160334005951881409e-02 4.742985591292381287e-03 2.063873456791043282e-03 -1.479647122323513031e-02 -4.346829280257225037e-02 -1.502323709428310394e-02 -7.698275148868560791e-02 -7.226097583770751953e-02 1.243824698030948639e-02 2.990532666444778442e-03 4.934586584568023682e-02 4.000119492411613464e-02 -5.062466487288475037e-02 3.683245927095413208e-02 -1.102715656161308289e-01 1.441608369350433350e-02 2.885110862553119659e-02 -6.950204074382781982e-02 7.272256910800933838e-02 3.570852801203727722e-02 -2.049635350704193115e-02 -7.712936401367187500e-02 5.443913117051124573e-02 -3.986648470163345337e-02 -5.069864913821220398e-02 1.024142652750015259e-01 -2.684041857719421387e-02 -1.004243195056915283e-01 -2.571468800306320190e-02 3.896316885948181152e-02 -8.143680542707443237e-02 -3.126537054777145386e-02 7.908194512128829956e-02 2.072278037667274475e-02 7.550723105669021606e-02 -6.001886446028947830e-03 7.652611285448074341e-02 -8.920685201883316040e-02 5.915419757366180420e-02 3.096912056207656860e-03 -1.166387833654880524e-02 9.363080561161041260e-02 3.875614702701568604e-02 3.613780019804835320e-03 -6.635574996471405029e-02 -2.854689583182334900e-02 5.522131547331809998e-02 -2.595932036638259888e-02 -2.030185982584953308e-02 9.813439100980758667e-02 -4.526211693882942200e-02 -3.915137425065040588e-02 6.145771220326423645e-02 -1.577913202345371246e-02 -9.804920107126235962e-02 -6.552960723638534546e-02 7.754669338464736938e-02 2.522945404052734375e-02 -7.622513920068740845e-02 1.175949629396200180e-02 4.171049222350120544e-02 -7.811636477708816528e-02 -9.013793617486953735e-02 3.839435055851936340e-02 -1.039580479264259338e-01 3.849161416292190552e-02 -4.516034573316574097e-02 4.249337315559387207e-02 -4.128599911928176880e-02 -4.938847199082374573e-02 -4.638173431158065796e-02 4.235536605119705200e-02 -8.920272439718246460e-02 -5.203137174248695374e-02 7.939286530017852783e-02 -2.032972313463687897e-02 -4.349349439144134521e-02 -8.936519175767898560e-02 -9.772071242332458496e-02 7.197809219360351562e-02 -1.629590801894664764e-02 2.027745358645915985e-02 -8.930843323469161987e-02 -9.140126407146453857e-02 -2.252792380750179291e-02 2.464719675481319427e-02 -2.433883259072899818e-03 -5.590904504060745239e-02 4.118165001273155212e-02 1.278838375583291054e-03 -3.699392825365066528e-02 3.984452411532402039e-02 -6.928860396146774292e-02 -4.437987878918647766e-02 -5.403881147503852844e-02 -7.807862758636474609e-02 3.373673930764198303e-02 5.554882064461708069e-02
3.866689652204513550e-02 5.651265382766723633e-02 -3.733536601066589355e-02 -6.276474893093109131e-02 6.821915507316589355e-02 3.303839638829231262e-02 8.660186827182769775e-02 1.609224267303943634e-02 -1.017778441309928894e-01 3.762933239340782166e-02 -7.676052860915660858e-03 7.124168425798416138e-02 6.027267873287200928e-02 5.459351465106010437e-02 1.288064010441303253e-02 7.984805107116699219e-02 6.067053228616714478e-02 -1.074731424450874329e-01 4.487525671720504761e-02 6.834525149315595627e-03 -1.186894159764051437e-02 -9.878358244895935059e-02 -7.962481118738651276e-03 1.796568930149078369e-02 2.805544063448905945e-02 4.977561533451080322e-02 -4.599917307496070862e-02 1.081639435142278671e-02 -4.489626362919807434e-02 5.527006462216377258e-02 8.513630181550979614e-02 1.902945898473262787e-02 4.028356447815895081e-02 6.042397394776344299e-02 -5.928588099777698517e-03 3.528406098484992981e-02 -2.756414748728275299e-02 -2.964442968368530273e-02 -1.024645119905471802e-01 -4.365214332938194275e-02 2.092691883444786072e-02 2.946234773844480515e-03 5.680492147803306580e-03 4.451086744666099548e-02 7.331047207117080688e-02 7.333033531904220581e-02 -7.149656862020492554e-02 -4.918858781456947327e-02 9.054458886384963989e-02 6.051443144679069519e-02 2.829883620142936707e-02 5.408781021833419800e-02 9.426243603229522705e-02 8.102854713797569275e-03 -7.564082741737365723e-02 -4.917571321129798889e-02 -6.004174053668975830e-02 -1.427646260708570480e-02 2.813669480383396149e-02 -5.229081958532333374e-02 6.272885203361511230e-02 -8.394759893417358398e-02 1.615772582590579987e-02 2.178522758185863495e-02 6.020737811923027039e-02 7.232658565044403076e-02 -9.124774485826492310e-02 -9.406217932701110840e-02 7.726167887449264526e-02 -5.613141693174839020e-03 -7.049560546875000000e-02 1.248915307223796844e-02 -7.669737190008163452e-02 1.658568345010280609e-02 7.442763447761535645e-02 -4.791017994284629822e-02 3.159894049167633057e-02 8.920804411172866821e-02 2.835495164617896080e-03 -4.788564518094062805e-03 7.955702394247055054e-02 -5.598239600658416748e-02 8.280003815889358521e-02 -3.359695523977279663e-02 6.805284321308135986e-02 3.313169255852699280e-02 -4.187161847949028015e-02 -9.497782588005065918e-02 5.984896793961524963e-02 -5.868645384907722473e-02 -5.002158880233764648e-02 -1.109773200005292892e-02 -4.233720526099205017e-02 -4.473692551255226135e-02 9.895178675651550293e-02 -7.640738040208816528e-02 6.743561476469039917e-02 6.699305772781372070e-02 -3.366125747561454773e-02 4.055530950427055359e-02
-2.256979234516620636e-02 -2.107188291847705841e-02 -9.314890205860137939e-02 4.901209473609924316e-02 -8.594983071088790894e-02 3.603303804993629456e-02 7.812074571847915649e-02 3.698167577385902405e-02 2.847547829151153564e-02 3.249638155102729797e-02 -1.748204603791236877e-02 6.901586800813674927e-02 -2.221845276653766632e-02 8.249086141586303711e-02 -2.392973285168409348e-03 4.346694797277450562e-02 3.592102229595184326e-02 -7.194919884204864502e-02 1.064450964331626892e-01 -1.109389439225196838e-01 -3.767476975917816162e-02 -9.362604469060897827e-02 3.973246738314628601e-02 -7.354795932769775391e-02 -1.460905000567436218e-02 4.273356497287750244e-02 7.247319817543029785e-02 -7.664483040571212769e-02 -4.792470112442970276e-02 -6.887853145599365234e-02 -2.762063778936862946e-02 -7.722899317741394043e-02 -1.773229800164699554e-02 -7.089534401893615723e-02 6.349541246891021729e-02 -7.959806919097900391e-02 -2.822277322411537170e-02 7.478336244821548462e-02 5.615425854921340942e-02 -8.323942869901657104e-02 -4.957644641399383545e-02 -7.888448983430862427e-02 2.357554808259010315e-02 -2.920564496889710426e-03 -5.738447979092597961e-02 -1.156937256455421448e-01 7.410138100385665894e-02 8.115580305457115173e-03 9.027454257011413574e-02 1.669324934482574463e-02 1.186380013823509216e-01 -9.955244511365890503e-02 -4.818972945213317871e-02 -1.016461700201034546e-01 -1.095143854618072510e-01 -9.360902011394500732e-02 1.096585839986801147e-01 -5.169283226132392883e-02 -5.572531744837760925e-02 -8.355671912431716919e-02 4.372290521860122681e-02 -8.786340802907943726e-02 8.404780179262161255e-02 4.123201221227645874e-02 -5.132209882140159607e-02 -2.051510661840438843e-02 1.255926638841629028e-01 -6.423831917345523834e-03 -7.803214341402053833e-02 4.879093542695045471e-02 2.541930973529815674e-02 8.803689479827880859e-02 -1.103070378303527832e-01 8.184480667114257812e-02 1.671254634857177734e-02 5.241689831018447876e-02 -4.919259250164031982e-02 -6.356158107519149780e-02 -4.497610032558441162e-02 -8.816989511251449585e-02 4.598204791545867920e-02 -4.366800561547279358e-02 8.574594557285308838e-02 -8.944161236286163330e-02 -4.904757067561149597e-02 1.179753169417381287e-01 -2.507435344159603119e-02 1.039958372712135315e-01 -1.723850332200527191e-02 -7.916533201932907104e-02 1.517168153077363968e-02 3.416223078966140747e-02 -2.633406966924667358e-02 3.783675841987133026e-03 1.517229620367288589e-02 -7.942408323287963867e-02 5.513118579983711243e-02 -4.876676574349403381e-02 1.023748964071273804e-01 -1.287232898175716400e-02
-1.930575072765350342e-02 -7.874517701566219330e-03 -4.004831984639167786e-02 -4.521591961383819580e-02 5.343153700232505798e-02 1.252634227275848389e-01 -6.152280140668153763e-03 7.949353754520416260e-02 6.794206798076629639e-02 -9.089811705052852631e-03 3.969161584973335266e-02 -1.704718768596649170e-01 5.967949982732534409e-03 1.237841397523880005e-01 -1.572271995246410370e-02 1.892045140266418457e-02 -9.388408064842224121e-02 2.211416698992252350e-02 -9.563927352428436279e-02 4.499165713787078857e-02 -2.745183557271957397e-02 1.671410538256168365e-02 -3.894672961905598640e-03 5.544232949614524841e-02 7.984917610883712769e-02 1.702625676989555359e-02 -2.623847872018814087e-02 1.408610492944717407e-01 -1.067533195018768311e-01 -1.021073833107948303e-01 9.045714884996414185e-02 -8.514901995658874512e-02 3.671839658636599779e-04 7.827021181583404541e-03 -5.010397359728813171e-02 8.148852735757827759e-02 -9.174232929944992065e-02 1.025775671005249023e-01 9.587803483009338379e-02 -1.253979280591011047e-02 -7.048478722572326660e-02 -4.349623620510101318e-02 -3.426462411880493164e-02 -3.305881842970848083e-02 -4.610110819339752197e-02 2.316938771400600672e-04 4.950464144349098206e-02 -7.189605385065078735e-02 8.695855736732482910e-02 1.525165587663650513e-01 -7.636918872594833374e-02 9.570073336362838745e-02 5.417848005890846252e-03 -4.491271823644638062e-02 5.470327660441398621e-02 -5.833034962415695190e-02 -4.124785959720611572e-02 -6.649181991815567017e-02 2.137969247996807098e-02 -3.387886285781860352e-02 1.059157401323318481e-01 4.655136913061141968e-02 -9.098213165998458862e-02 9.581207484006881714e-02 -1.077448129653930664e-01 3.552685678005218506e-02 -7.760320603847503662e-02 -1.066560074687004089e-01 -6.782216578722000122e-02 -4.305802751332521439e-03 9.117782860994338989e-02 -3.317588940262794495e-02 -8.417292684316635132e-02 6.825160235166549683e-02 8.349163085222244263e-02 -6.295493990182876587e-02 -2.362472936511039734e-02 1.087672542780637741e-02 6.013676896691322327e-02 3.184338333085179329e-03 2.150128781795501709e-02 -1.255430728197097778e-01 -6.081473827362060547e-02 -6.889355368912220001e-03 -3.521788120269775391e-02 -8.166140317916870117e-02 -8.140728622674942017e-02 6.453131884336471558e-02 -9.643517434597015381e-02 2.684994786977767944e-02 -1.379623413085937500e-01 -6.904242932796478271e-02 -7.128008455038070679e-02 -8.344417065382003784e-02 1.420966815203428268e-02 3.014123998582363129e-02 4.507733881473541260e-02 5.791580677032470703e-02 5.155402794480323792e-02 3.477796539664268494e-02
-2.030065469443798065e-02 6.624051928520202637e-02 6.785335391759872437e-02 1.001147255301475525e-01 8.117699623107910156e-02 4.493632912635803223e-02 9.538157284259796143e-02 -8.353280276060104370e-02 -9.697810560464859009e-02 -2.524757757782936096e-02 -2.776706963777542114e-02 9.842041879892349243e-02 1.184895932674407959e-01 -5.138393025845289230e-03 -7.103255018591880798e-03 -1.294129900634288788e-02 6.798645853996276855e-02 4.794107005000114441e-02 -5.563742667436599731e-02 4.149433970451354980e-02 9.976226091384887695e-02 1.703897118568420410e-02 -6.661371141672134399e-02 3.392091894056648016e-04 -9.991315007209777832e-02 5.308686941862106323e-02 -3.539856057614088058e-03 -2.161527052521705627e-02 -1.540284138172864914e-02 2.558492496609687805e-02 -9.397101402282714844e-02 1.488954108208417892e-02 -8.876479417085647583e-02 -2.005760371685028076e-02 -4.434963315725326538e-02 -2.883141115307807922e-02 2.868781983852386475e-02 -1.943788304924964905e-02 -9.674219042062759399e-02 -8.917885273694992065e-02 -9.118041396141052246e-02 1.917807385325431824e-02 -6.026845425367355347e-02 -7.075761258602142334e-02 -2.309584058821201324e-02 5.603487603366374969e-03 8.042883127927780151e-02 -6.809967756271362305e-02 -2.999006025493144989e-02 -1.003414019942283630e-01 4.239984601736068726e-02 2.188300527632236481e-02 -1.046903207898139954e-01 9.695479273796081543e-02 -8.889738470315933228e-02 1.559237390756607056e-02 2.412689849734306335e-02 2.301914058625698090e-02 -4.895073361694812775e-03 9.551357477903366089e-02 8.046075701713562012e-03 5.271748080849647522e-02 -9.861292317509651184e-03 -6.249994505196809769e-03 7.248677313327789307e-03 5.892482027411460876e-02 -2.499723993241786957e-02 8.024303615093231201e-02 -3.760994598269462585e-02 1.877225004136562347e-02 5.624498799443244934e-02 9.865079075098037720e-02 1.913729682564735413e-02 4.758945852518081665e-02 -4.356345534324645996e-02 -8.157077431678771973e-02 5.199341103434562683e-03 2.771752327680587769e-02 5.527998320758342743e-03 9.358320385217666626e-02 -9.047652035951614380e-02 -3.212936595082283020e-02 9.660545736551284790e-02 -7.781458646059036255e-02 6.899956613779067993e-02 -4.548829048871994019e-02 8.024303615093231201e-02 6.123220175504684448e-02 -2.400754485279321671e-03 9.028808027505874634e-02 9.394191205501556396e-02 -1.897452957928180695e-02 -4.768919199705123901e-02 -5.263966321945190430e-02 7.598181068897247314e-02 -1.117790956050157547e-02 -6.857907027006149292e-02 -7.995482534170150757e-02 4.688388481736183167e-02 -2.723959647119045258e-02
1.012156456708908081e-01 4.175975546240806580e-02 -8.224541693925857544e-02 -2.800250239670276642e-02 8.501380681991577148e-02 6.351623684167861938e-02 -1.121568307280540466e-02 -6.838896870613098145e-02 1.323422510176897049e-02 9.869227558374404907e-02 6.864386051893234253e-02 2.370790578424930573e-02 -2.666790096554905176e-04 -6.510299444198608398e-02 -4.923429340124130249e-02 -6.659250706434249878e-02 -9.108719229698181152e-02 2.059581503272056580e-02 4.631017893552780151e-02 1.254979427903890610e-02 -5.682696402072906494e-02 3.503317758440971375e-02 -6.711070984601974487e-02 -5.078031681478023529e-03 -8.922562748193740845e-02 -1.103046312928199768e-01 -1.698821224272251129e-02 -4.015607759356498718e-02 1.171306800097227097e-02 -2.422005310654640198e-02 1.804482936859130859e-02 -1.142736673355102539e-01 -6.029209122061729431e-02 3.409140557050704956e-02 -5.463725700974464417e-02 -3.608076600357890129e-03 3.400817885994911194e-02 5.603175982832908630e-02 -1.530487276613712311e-02 2.897296508308500051e-04 -5.137567967176437378e-02 2.969816327095031738e-02 -5.002818629145622253e-02 -2.070036157965660095e-02 -5.111710354685783386e-02 2.261175028979778290e-02 1.371807232499122620e-02 2.654475905001163483e-02 7.218202203512191772e-02 5.142902955412864685e-03 8.182070404291152954e-02 7.027203589677810669e-02 -3.397138789296150208e-02 2.388313040137290955e-02 -6.064759939908981323e-02 3.448847681283950806e-02 7.963506132364273071e-02 -4.959842935204505920e-02 -8.491570502519607544e-02 -7.857767492532730103e-02 8.665520697832107544e-02 -2.036522328853607178e-02 7.685698568820953369e-02 8.132686465978622437e-02 -7.536523789167404175e-02 9.022023528814315796e-03 -5.620814859867095947e-02 5.082815885543823242e-02 3.673768788576126099e-02 7.922967523336410522e-02 -5.453769862651824951e-02 -1.588423736393451691e-02 -1.053474247455596924e-01 2.778890542685985565e-02 4.294434562325477600e-02 2.895247004926204681e-02 1.547538675367832184e-02 -4.710434377193450928e-02 -8.931981772184371948e-02 -6.292589008808135986e-02 -6.654033064842224121e-02 8.752761781215667725e-02 -1.783509366214275360e-02 2.664432395249605179e-03 -8.728889375925064087e-02 4.682896286249160767e-02 1.109209805727005005e-01 -1.836144365370273590e-02 1.034670230001211166e-02 7.189391553401947021e-02 1.018042955547571182e-02 -6.835683435201644897e-02 2.878764271736145020e-02 -3.376719728112220764e-02 1.469527051085606217e-04 -9.542592614889144897e-02 -4.049737751483917236e-02 3.761126846075057983e-02 -1.508781919255852699e-03 6.371790915727615356e-02
3.451410308480262756e-02 9.643609821796417236e-02 8.543692529201507568e-02 7.352502644062042236e-02 -5.172093212604522705e-02 4.158068820834159851e-02 -7.181130349636077881e-02 -3.690358251333236694e-02 -4.105860739946365356e-02 9.340220689773559570e-02 7.520356774330139160e-02 3.255715966224670410e-02 -1.181837469339370728e-01 5.010223761200904846e-02 -1.335825175046920776e-01 5.583446100354194641e-02 6.658364087343215942e-02 -1.486517675220966339e-02 1.075067836791276932e-02 -8.949469029903411865e-02 -7.883046567440032959e-02 7.275104522705078125e-02 1.115807518362998962e-01 -5.587246268987655640e-03 1.447396725416183472e-02 9.629634767770767212e-02 1.411245614290237427e-01 -1.038393378257751465e-01 9.361979365348815918e-02 7.788691669702529907e-02 -7.187691051512956619e-03 8.068494498729705811e-02 3.338466212153434753e-02 -4.388355091214179993e-02 6.600315868854522705e-02 -9.750170260667800903e-02 -8.272892981767654419e-02 3.835528716444969177e-02 -1.207166984677314758e-01 7.759568281471729279e-03 -8.710753917694091797e-02 -1.380370091646909714e-02 7.792507112026214600e-02 -2.107772231101989746e-02 4.726978391408920288e-02 6.539439782500267029e-03 -3.055395372211933136e-02 9.277348220348358154e-02 -7.376264780759811401e-03 -1.891247034072875977e-01 -7.160194218158721924e-02 6.283771991729736328e-02 -5.197490379214286804e-02 5.539597570896148682e-02 -3.447832539677619934e-02 -3.425516560673713684e-02 4.934715852141380310e-02 -1.297686547040939331e-01 4.192185774445533752e-02 -1.112855598330497742e-01 -2.348494157195091248e-02 7.254878431558609009e-02 -9.645897150039672852e-02 3.439639508724212646e-02 -7.257800549268722534e-02 -8.597648143768310547e-02 1.060691624879837036e-01 -5.682601779699325562e-02 1.599179394543170929e-02 -1.559403445571660995e-02 8.173100650310516357e-02 -7.575865834951400757e-02 -8.676621317863464355e-02 6.416568998247385025e-03 3.187933191657066345e-02 2.611899748444557190e-02 -3.613572195172309875e-02 -7.780129089951515198e-03 -4.033910855650901794e-02 9.519268572330474854e-02 6.211301684379577637e-02 -9.805185347795486450e-02 1.145316585898399353e-01 4.101290181279182434e-02 -8.124632388353347778e-02 3.549589589238166809e-02 1.055426746606826782e-01 -2.084668166935443878e-02 -1.620556786656379700e-02 7.411400228738784790e-02 -3.249128349125385284e-03 6.031075119972229004e-02 7.521165162324905396e-02 2.234390750527381897e-02 1.228828206658363342e-01 2.500539459288120270e-02 1.571426354348659515e-02 -1.492010988295078278e-02 4.964155703783035278e-02 -3.304269909858703613e-02
-2.814318612217903137e-02 2.693931199610233307e-02 -2.927733957767486572e-02 -6.726533919572830200e-02 7.724861800670623779e-02 -7.943490520119667053e-03 -9.664231538772583008e-02 6.103246659040451050e-02 -6.193713471293449402e-02 9.328876622021198273e-03 5.918209627270698547e-02 4.157953336834907532e-02 7.553313672542572021e-02 -4.849793016910552979e-02 5.819697305560112000e-02 -3.311421349644660950e-02 -6.834132131189107895e-03 -4.150367900729179382e-02 -3.457610309123992920e-02 2.184907346963882446e-02 -4.103992506861686707e-02 -6.225462630391120911e-02 -7.584026455879211426e-02 7.999970763921737671e-02 1.709488104097545147e-03 -8.620660006999969482e-02 -1.085465960204601288e-02 -5.761874467134475708e-02 1.377350464463233948e-02 6.821246445178985596e-02 8.035065233707427979e-02 4.414964094758033752e-02 5.731788650155067444e-02 -1.002926677465438843e-01 -8.199306577444076538e-02 5.692356452345848083e-02 -9.316734038293361664e-03 -4.916595295071601868e-02 -6.495887041091918945e-02 -6.267786957323551178e-03 -5.736643075942993164e-02 -7.260733842849731445e-02 7.214397192001342773e-02 4.614868015050888062e-02 -4.643331840634346008e-02 6.366634368896484375e-02 5.764600937254726887e-04 -5.233621224761009216e-02 -1.944988965988159180e-02 -5.321153253316879272e-02 -5.888127908110618591e-02 -4.215044900774955750e-02 9.527387097477912903e-03 3.578890487551689148e-02 4.094647988677024841e-02 4.637498036026954651e-02 4.380877315998077393e-02 9.347617626190185547e-02 6.470239162445068359e-02 -1.969451084733009338e-02 4.714461788535118103e-02 -6.412394344806671143e-02 6.858423352241516113e-02 -6.554877012968063354e-02 5.093376338481903076e-02 4.253470525145530701e-02 5.429632589221000671e-02 -4.147426038980484009e-02 -1.054974049329757690e-01 -3.157930076122283936e-02 9.778361767530441284e-02 -9.205137938261032104e-02 6.660903990268707275e-02 -1.998197287321090698e-02 -5.466694384813308716e-02 6.585314869880676270e-02 -8.676861762069165707e-04 -5.800471827387809753e-02 7.391082495450973511e-02 -4.348697513341903687e-02 6.186453998088836670e-02 1.122306734323501587e-01 4.928225651383399963e-02 -6.699958443641662598e-02 6.851927191019058228e-02 5.678996071219444275e-02 -8.075739257037639618e-03 -3.678940935060381889e-03 -8.238612860441207886e-02 -3.211147338151931763e-02 -3.303080424666404724e-02 8.680202066898345947e-02 -9.205798804759979248e-02 9.705878794193267822e-02 6.505304574966430664e-02 4.565430060029029846e-02 8.532138168811798096e-02 8.710710704326629639e-02 -4.364546388387680054e-02 -3.249727562069892883e-02
7.871954888105392456e-02 6.465063989162445068e-02 -3.399353101849555969e-02 -1.775229535996913910e-02 -5.032247304916381836e-02 -1.950916089117527008e-02 -4.298198036849498749e-03 -3.357271477580070496e-02 -2.284124307334423065e-02 1.451871357858181000e-02 1.941078715026378632e-02 -6.927681714296340942e-02 -1.101420726627111435e-02 2.850095555186271667e-02 -6.381975859403610229e-02 -9.552691131830215454e-02 -1.067036166787147522e-01 9.569252841174602509e-03 6.433969736099243164e-02 -4.368776828050613403e-02 -1.008219458162784576e-02 -8.103549480438232422e-02 -4.669107496738433838e-02 5.338152870535850525e-02 4.273964092135429382e-02 -6.947693228721618652e-02 1.160105168819427490e-01 -1.372373756021261215e-02 5.888932198286056519e-02 3.274665400385856628e-02 -2.558123692870140076e-02 1.448974665254354477e-02 3.903932869434356689e-02 7.734212279319763184e-02 5.142479762434959412e-02 1.187730059027671814e-01 -5.635625496506690979e-02 5.816349014639854431e-02 3.105455636978149414e-02 4.264923930168151855e-02 4.202593490481376648e-02 -7.283411175012588501e-02 8.460944145917892456e-02 -6.155811250209808350e-02 7.570660859346389771e-02 -5.514191836118698120e-02 -3.709148243069648743e-02 1.850069873034954071e-02 -1.502731628715991974e-02 -3.952456638216972351e-02 -8.555292338132858276e-02 7.826787233352661133e-02 2.378979325294494629e-02 6.512266397476196289e-02 -7.077294285409152508e-04 -1.154591608792543411e-02 -5.276588350534439087e-02 1.920478790998458862e-02 3.266884014010429382e-02 4.184012115001678467e-02 -4.873999953269958496e-02 -2.265113964676856995e-02 -8.060107007622718811e-03 5.051684007048606873e-02 -3.254031296819448471e-03 -6.698164343833923340e-02 7.249721884727478027e-02 -2.847344242036342621e-02 -9.785747528076171875e-02 -1.559605449438095093e-02 1.103262975811958313e-02 -3.528475388884544373e-02 7.402983307838439941e-02 -3.366795927286148071e-02 -7.936865836381912231e-02 7.594319432973861694e-02 5.955222621560096741e-02 5.336489155888557434e-02 -2.452982589602470398e-02 1.304079890251159668e-01 -1.839610375463962555e-02 -4.509582743048667908e-02 7.249621301889419556e-02 9.519606828689575195e-02 9.998576343059539795e-02 -8.633602410554885864e-02 8.244855701923370361e-02 2.999558579176664352e-03 3.739849478006362915e-02 -9.065093845129013062e-02 -1.850029453635215759e-02 8.470342308282852173e-02 -3.526072204113006592e-02 4.194032400846481323e-02 1.564486324787139893e-02 4.795171320438385010e-02 -7.662978768348693848e-02 5.353443324565887451e-02 -1.784019870683550835e-03 5.911723151803016663e-02
3.605917468667030334e-02 -1.128376647830009460e-01 7.006750255823135376e-02 -3.373594954609870911e-02 2.202564501203596592e-04 -1.012794207781553268e-03 -4.212611541152000427e-02 5.126240849494934082e-02 1.291186064481735229e-01 -4.035106673836708069e-02 -9.383416734635829926e-03 1.084470674395561218e-01 -8.609036356210708618e-02 2.931249141693115234e-02 -2.227012626826763153e-02 -1.376458909362554550e-02 -1.695499850029591471e-05 -1.525916010141372681e-01 -2.579272026196122169e-03 4.403472319245338440e-02 -6.729579530656337738e-03 -4.231977462768554688e-02 -1.548935920000076294e-01 2.155385725200176239e-02 4.021725431084632874e-02 2.591121010482311249e-02 1.285608205944299698e-02 -4.147187247872352600e-02 -4.763334244489669800e-02 -1.896297372877597809e-02 3.476302698254585266e-02 4.749207571148872375e-02 4.899676516652107239e-02 -1.214403309859335423e-03 5.458837747573852539e-02 -5.159118026494979858e-02 -5.445656552910804749e-02 1.383959650993347168e-01 3.503204882144927979e-02 8.087188005447387695e-02 -4.033242911100387573e-02 7.708949595689773560e-02 1.263756603002548218e-01 9.877240657806396484e-02 6.042231246829032898e-02 6.160644069314002991e-02 -3.075483813881874084e-02 -6.115559861063957214e-02 -5.333210527896881104e-02 -7.988137751817703247e-02 6.153975054621696472e-02 9.675710648298263550e-02 4.183301329612731934e-02 7.899813354015350342e-02 1.597643643617630005e-01 7.190425693988800049e-02 -2.414131723344326019e-02 6.447905302047729492e-02 6.359145045280456543e-02 1.037464067339897156e-01 -2.294470556080341339e-02 5.694428831338882446e-02 -7.835265249013900757e-03 7.911816984415054321e-02 2.618491351604461670e-01 -4.561977460980415344e-03 -9.861864149570465088e-02 1.738621969707310200e-03 2.444909885525703430e-02 1.474473625421524048e-01 -6.442309170961380005e-02 -1.750119216740131378e-02 -5.454682931303977966e-02 1.140779256820678711e-01 -9.665531106293201447e-03 -5.159309878945350647e-02 4.665112122893333435e-02 1.445287466049194336e-02 1.956034451723098755e-01 1.470030751079320908e-02 9.488474577665328979e-02 -6.546890735626220703e-02 -1.120465919375419617e-01 3.870785236358642578e-02 6.415934115648269653e-02 5.404841527342796326e-02 1.248294413089752197e-01 -1.325844675302505493e-01 -2.055181376636028290e-02 4.934161528944969177e-02 1.873473078012466431e-02 1.679086685180664062e-02 -4.788215830922126770e-02 7.779336720705032349e-02 -8.606537431478500366e-02 1.058156117796897888e-01 -2.758629433810710907e-02 4.248482733964920044e-02 -9.145834296941757202e-02 1.549705862998962402e-02
2.076033875346183777e-02 -2.038092724978923798e-02 1.120441854000091553e-01 -4.981642588973045349e-02 9.081513620913028717e-03 5.093469843268394470e-02 7.781764864921569824e-02 -1.112194955348968506e-01 -7.019685208797454834e-02 7.835974544286727905e-02 3.853524103760719299e-02 -1.083868648856878281e-02 -8.394605666399002075e-02 4.045707732439041138e-02 -1.733309030532836914e-01 -7.480778545141220093e-02 -5.668997764587402344e-02 3.184772655367851257e-02 7.598766684532165527e-02 -1.656678877770900726e-02 4.436969012022018433e-02 -1.433589905500411987e-01 -2.484119124710559845e-02 -7.131063193082809448e-02 4.890227690339088440e-02 -4.031289368867874146e-02 9.002886712551116943e-03 -6.214478239417076111e-02 8.746859431266784668e-02 -8.761347830295562744e-02 -1.973799429833889008e-02 -2.883344143629074097e-02 -1.021191328763961792e-01 -5.530206859111785889e-02 2.415242604911327362e-02 3.065444529056549072e-02 -6.929925084114074707e-02 1.676610670983791351e-02 -2.186734974384307861e-02 -3.293314576148986816e-02 3.048748895525932312e-02 -3.965904191136360168e-02 4.680315032601356506e-02 2.177915070205926895e-03 8.866729587316513062e-02 -1.559509709477424622e-02 -8.486045151948928833e-02 -1.654466614127159119e-02 -4.583792015910148621e-02 -7.316593080759048462e-02 -2.849236316978931427e-02 -9.459406137466430664e-02 -8.499257266521453857e-02 -8.063302934169769287e-02 8.743868768215179443e-02 1.953766122460365295e-02 2.513012103736400604e-02 5.304420366883277893e-03 -1.179972887039184570e-01 -8.775577694177627563e-02 -1.573933521285653114e-03 -1.065619960427284241e-01 3.604011842980980873e-03 3.540260717272758484e-02 7.067327201366424561e-02 -9.463258832693099976e-02 3.602716699242591858e-02 -5.396805331110954285e-02 -9.465105831623077393e-02 -6.856500357389450073e-02 -9.515333920717239380e-02 -7.900039106607437134e-02 1.148795615881681442e-02 7.667217403650283813e-02 -9.570930153131484985e-02 -4.607174172997474670e-02 4.325919598340988159e-02 9.540506452322006226e-02 3.767455741763114929e-02 -1.071967631578445435e-01 8.298850618302822113e-03 5.149626731872558594e-02 -5.106226727366447449e-02 2.948846668004989624e-02 -3.719029575586318970e-02 5.131439119577407837e-02 -5.134947597980499268e-02 -8.678556233644485474e-02 -8.290742337703704834e-02 3.177930414676666260e-02 1.227314695715904236e-01 -9.612919762730598450e-03 -4.418342933058738708e-02 3.844495862722396851e-02 -5.219317600131034851e-02 4.251960292458534241e-02 7.876802980899810791e-02 2.644058130681514740e-02 -6.686709076166152954e-02 -1.489472389221191406e-01
-8.145929127931594849e-02 8.935523033142089844e-02 -5.600501969456672668e-02 -8.071185648441314697e-02 7.461081445217132568e-02 -5.791977047920227051e-02 -3.520213812589645386e-02 4.178227484226226807e-02 -1.727560348808765411e-02 2.650554664433002472e-02 6.752169132232666016e-02 6.082909926772117615e-02 1.040513291954994202e-01 6.861765682697296143e-02 8.137268573045730591e-02 -5.443364009261131287e-02 5.772237852215766907e-02 5.072739906609058380e-03 7.897095382213592529e-02 -3.164916858077049255e-02 -3.787912800908088684e-02 9.044451266527175903e-02 7.045924663543701172e-02 -8.461391180753707886e-02 6.173400324769318104e-04 8.138345927000045776e-02 -7.093811780214309692e-02 6.614204030483961105e-03 3.808816894888877869e-02 -4.145468771457672119e-02 -4.985099285840988159e-02 8.083681575953960419e-03 -8.860446512699127197e-02 -9.274320304393768311e-02 1.120118238031864166e-02 3.561908006668090820e-02 -5.033791530877351761e-03 3.378017246723175049e-02 -6.429352611303329468e-02 -1.159397047013044357e-02 6.852809339761734009e-02 -6.916664540767669678e-02 -3.928797319531440735e-02 1.017074286937713623e-01 5.245045945048332214e-02 9.776040911674499512e-02 -9.423997998237609863e-02 3.479175269603729248e-03 -3.916462138295173645e-02 -3.063431568443775177e-02 -3.467231243848800659e-02 -8.087589591741561890e-02 -1.839953474700450897e-02 -5.067797377705574036e-02 4.027010127902030945e-02 5.330616142600774765e-03 -1.901661604642868042e-02 1.036042869091033936e-01 1.933282800018787384e-02 4.079876840114593506e-02 -6.021575629711151123e-02 -6.906827539205551147e-02 8.078901469707489014e-02 -4.203492030501365662e-02 8.831590414047241211e-02 -6.051238998770713806e-02 1.225404962897300720e-01 1.341998130083084106e-01 -1.342536322772502899e-02 -4.945632815361022949e-02 6.784495711326599121e-02 -7.237939536571502686e-02 3.999635949730873108e-02 -9.780439734458923340e-02 7.099325209856033325e-02 5.190981179475784302e-02 -8.419262617826461792e-02 5.575680360198020935e-02 1.058208290487527847e-02 2.371512120589613914e-03 9.090449661016464233e-02 -4.949956014752388000e-02 -4.735926911234855652e-02 -6.928841769695281982e-02 -7.569868862628936768e-02 7.084952294826507568e-02 -3.866367274895310402e-03 -5.233605578541755676e-02 -6.454815715551376343e-02 7.236109673976898193e-02 7.389883697032928467e-02 9.134703129529953003e-02 3.114241361618041992e-02 9.422454982995986938e-02 3.556000441312789917e-02 -6.606239080429077148e-02 6.337279081344604492e-02 -1.081511471420526505e-02 9.783501923084259033e-02 4.960971884429454803e-03
-9.812543541193008423e-02 -2.528861630707979202e-03 3.314586728811264038e-02 -8.899078518152236938e-02 -1.199918165802955627e-01 -4.955092072486877441e-02 -7.015358656644821167e-02 1.390569610521197319e-03 8.912974968552589417e-03 2.020741067826747894e-02 2.815459296107292175e-02 -1.004093065857887268e-01 -3.414204111322760582e-04 -7.454095780849456787e-02 4.391900822520256042e-02 7.614730298519134521e-02 -7.775384001433849335e-03 -2.994870208203792572e-02 -1.043465733528137207e-01 1.035662740468978882e-02 -3.579949960112571716e-02 4.706324264407157898e-02 4.158716276288032532e-02 -1.301558911800384521e-01 -4.636683687567710876e-02 -1.023662611842155457e-01 -9.081823378801345825e-02 1.216479763388633728e-01 -4.046499356627464294e-02 -5.884840711951255798e-02 -4.614676162600517273e-02 -4.394280910491943359e-02 5.137569084763526917e-02 -6.060364842414855957e-02 -4.291025176644325256e-02 -6.883851438760757446e-02 -8.296876400709152222e-02 -1.040071398019790649e-01 -6.703442335128784180e-02 -8.726860582828521729e-02 2.316792123019695282e-02 -1.098908204585313797e-02 6.520782411098480225e-02 -6.241349503397941589e-02 -5.178904533386230469e-02 4.189452901482582092e-02 6.534004211425781250e-02 3.255581855773925781e-02 -4.134821146726608276e-02 4.055655747652053833e-02 5.974898859858512878e-02 -6.232528388500213623e-02 7.556916773319244385e-02 -1.379183493554592133e-02 6.746730208396911621e-02 -6.612315028905868530e-02 -2.823144011199474335e-02 3.029040247201919556e-02 -2.386793028563261032e-03 -8.488558232784271240e-02 -1.297203171998262405e-02 -8.358094841241836548e-02 1.006685793399810791e-01 3.365886956453323364e-02 -4.941986873745918274e-02 2.741434797644615173e-02 -2.696938626468181610e-02 2.465973421931266785e-02 1.566590368747711182e-02 -1.861710473895072937e-02 -6.371150910854339600e-02 -3.379189595580101013e-02 -7.393880188465118408e-02 -6.467324495315551758e-02 -4.933443386107683182e-03 1.093447208404541016e-01 5.473513528704643250e-02 3.018655441701412201e-02 -9.562846273183822632e-02 -3.040765598416328430e-02 -9.891942143440246582e-03 -9.390524029731750488e-02 7.069147378206253052e-02 -3.752807527780532837e-02 -1.042488291859626770e-01 -2.358024381101131439e-02 -9.298861026763916016e-02 -6.179346516728401184e-02 6.306253373622894287e-02 7.600760459899902344e-02 -3.830677643418312073e-02 4.371250048279762268e-02 8.114580065011978149e-02 4.046134650707244873e-02 3.629423305392265320e-02 9.596589207649230957e-02 3.088392503559589386e-02 3.170296177268028259e-02 1.009191274642944336e-01 4.073746502399444580e-02
5.442513525485992432e-02 5.743662267923355103e-02 2.052502473816275597e-03 -3.881607204675674438e-02 -2.678245678544044495e-02 -2.935467986389994621e-03 -2.626940794289112091e-02 5.602122470736503601e-02 6.915973871946334839e-02 1.530162990093231201e-01 4.572924599051475525e-02 1.080695819109678268e-02 -1.314377414018963464e-06 1.616178005933761597e-01 -6.110883131623268127e-02 -1.194086447358131409e-01 -1.060244590044021606e-01 1.208145916461944580e-01 9.865486621856689453e-02 1.832831534557044506e-03 -2.727599442005157471e-02 -2.841646373271942139e-01 4.874353855848312378e-02 7.921803742647171021e-02 -1.903101801872253418e-02 1.056110486388206482e-01 4.124987125396728516e-02 -6.251169741153717041e-02 2.548566646873950958e-02 -3.395513445138931274e-02 -8.519577234983444214e-02 7.395599782466888428e-02 -9.633126854896545410e-02 2.579754404723644257e-02 3.633557120338082314e-03 9.205570816993713379e-02 -3.249076381325721741e-02 -2.616800181567668915e-02 2.653673849999904633e-02 -3.016129136085510254e-03 -1.373628973960876465e-01 -1.221260726451873779e-01 6.071776896715164185e-02 -2.062365226447582245e-02 -1.055005043745040894e-01 -9.854995459318161011e-02 -2.107524573802947998e-01 2.183282375335693359e-02 2.084024809300899506e-02 9.511821717023849487e-02 1.169580593705177307e-01 6.558862328529357910e-02 8.096975088119506836e-02 -1.474543809890747070e-01 -6.039111316204071045e-02 8.532021939754486084e-02 8.383389562368392944e-02 2.750083804130554199e-01 -7.359176874160766602e-02 5.783054232597351074e-02 1.189172416925430298e-01 2.480041049420833588e-02 2.788677625358104706e-02 -9.047088772058486938e-02 1.088330056518316269e-02 -1.348577737808227539e-01 1.342499107122421265e-01 -3.216386586427688599e-02 -1.598411500453948975e-01 -9.178480505943298340e-02 1.151234284043312073e-01 -1.465594768524169922e-02 5.177036300301551819e-02 -4.086346924304962158e-02 -1.886336505413055420e-01 -4.260684922337532043e-02 -1.345008015632629395e-01 2.322872541844844818e-02 7.700373977422714233e-02 -2.136155962944030762e-02 -3.284779377281665802e-03 1.172809377312660217e-01 2.195981517434120178e-02 -1.522714793682098389e-01 5.724821612238883972e-02 2.013761699199676514e-01 4.660300910472869873e-02 8.317611366510391235e-02 8.247884362936019897e-02 -5.048926547169685364e-02 -6.453748047351837158e-02 4.951601848006248474e-02 -9.500808268785476685e-02 1.547622587531805038e-02 -1.784767396748065948e-02 -1.063049957156181335e-01 3.724085539579391479e-02 1.390898972749710083e-01 1.400325596332550049e-01 -1.412423998117446899e-01
9.935498237609863281e-02 5.499185621738433838e-02 -3.808999434113502502e-03 -5.774600058794021606e-02 7.357297092676162720e-02 9.253922849893569946e-02 -6.033496186137199402e-02 -2.127915434539318085e-02 8.065804094076156616e-02 -6.875880062580108643e-03 -8.557251840829849243e-02 -6.225303933024406433e-02 -9.798607975244522095e-02 -2.890008268877863884e-03 -1.679957029409706593e-03 -4.609373584389686584e-02 -2.466126903891563416e-02 -8.212996274232864380e-02 3.469843789935112000e-02 7.947468012571334839e-02 4.649537429213523865e-02 -4.403382539749145508e-03 6.637535244226455688e-02 3.405969962477684021e-02 -9.326165914535522461e-02 -7.936638593673706055e-02 2.783354371786117554e-03 -4.989463463425636292e-02 -9.915334731340408325e-02 -4.230196774005889893e-02 -6.493856012821197510e-02 -9.143827110528945923e-02 -2.616348862648010254e-02 6.190834939479827881e-02 -3.827332705259323120e-02 -3.466318594291806221e-03 1.900957152247428894e-02 -4.253764078021049500e-02 8.831534534692764282e-02 1.690667308866977692e-02 4.391675349324941635e-03 6.458371132612228394e-02 2.437345683574676514e-02 -3.091601096093654633e-02 4.767750203609466553e-02 -1.258760690689086914e-03 -3.049091808497905731e-02 -8.552063256502151489e-02 2.885429188609123230e-02 8.254292607307434082e-02 8.804485201835632324e-02 1.051512882113456726e-01 -1.531939394772052765e-02 6.647360045462846756e-03 -5.636206269264221191e-02 4.664803668856620789e-02 -4.894809424877166748e-02 -3.069024160504341125e-02 5.891198664903640747e-02 -7.246427983045578003e-02 -4.841932654380798340e-02 -7.513057440519332886e-02 -2.813249593600630760e-03 9.345391392707824707e-02 1.956907287240028381e-02 -5.746886879205703735e-02 5.804727226495742798e-02 -9.858249686658382416e-03 8.498207479715347290e-02 8.826282806694507599e-03 1.590383984148502350e-02 9.057188034057617188e-02 6.576286256313323975e-02 9.012819081544876099e-02 9.200568497180938721e-02 -4.607530776411294937e-03 -1.752186566591262817e-02 -3.872204199433326721e-02 4.133304208517074585e-02 8.823575824499130249e-02 5.338647961616516113e-02 -8.689898252487182617e-02 -6.201006844639778137e-02 -4.104111716151237488e-02 7.528661191463470459e-02 5.130851641297340393e-02 8.597958832979202271e-02 5.296490713953971863e-02 1.650248467922210693e-02 -2.245649695396423340e-02 6.861474364995956421e-02 -9.175161272287368774e-02 4.592656344175338745e-02 -6.657570600509643555e-02 -8.539404720067977905e-02 -5.501026287674903870e-02 8.596520870923995972e-02 6.228675320744514465e-02 -4.495956748723983765e-02 -6.921512633562088013e-02
-8.512091636657714844e-02 -8.403417468070983887e-02 8.761137723922729492e-02 6.756541877985000610e-02 6.292039901018142700e-02 -5.674764886498451233e-02 -5.034146830439567566e-03 8.396075665950775146e-02 -5.510457605123519897e-02 2.712026610970497131e-02 -3.580138832330703735e-02 -1.046045273542404175e-01 -3.183222189545631409e-02 6.366503238677978516e-02 3.129858523607254028e-02 -4.764460027217864990e-02 6.959626078605651855e-02 -1.314717680215835571e-01 -1.008045747876167297e-01 -7.967346347868442535e-03 7.023797184228897095e-02 1.969234459102153778e-02 8.718661218881607056e-02 -1.218810752034187317e-01 5.100916326045989990e-02 -5.454414337873458862e-02 6.035110726952552795e-02 -3.241864964365959167e-02 7.613741606473922729e-02 3.373062610626220703e-02 5.333906412124633789e-02 -1.012814566493034363e-01 3.137858211994171143e-02 8.025617152452468872e-02 6.564386188983917236e-02 -4.264769330620765686e-02 5.589125677943229675e-02 -3.093473426997661591e-02 -7.974415272474288940e-02 -2.771934866905212402e-02 -1.803453452885150909e-02 -4.573200270533561707e-02 6.378650665283203125e-02 1.009330824017524719e-01 -4.785039275884628296e-02 -4.038819670677185059e-02 3.799996525049209595e-02 -8.004212379455566406e-02 8.517358452081680298e-02 1.390180140733718872e-01 2.107853256165981293e-02 2.399725094437599182e-02 -8.660812675952911377e-02 7.363133877515792847e-02 -6.142488494515419006e-02 2.864513918757438660e-02 -7.596792280673980713e-02 -2.221250534057617188e-02 7.000941038131713867e-02 1.589116081595420837e-02 -2.655036933720111847e-02 6.150494143366813660e-02 4.778492078185081482e-02 -2.384710125625133514e-02 5.293696001172065735e-02 8.128208108246326447e-03 -6.113548949360847473e-02 -4.977166280150413513e-02 1.272175833582878113e-02 -2.851065481081604958e-03 -2.583050169050693512e-02 -6.281748414039611816e-02 5.355941504240036011e-02 -4.540786892175674438e-02 -7.733079791069030762e-02 1.596985384821891785e-02 7.469821721315383911e-02 9.131775796413421631e-02 -7.631289190612733364e-04 -1.639049500226974487e-02 -8.288057148456573486e-02 8.302275836467742920e-02 5.745957046747207642e-02 -1.557297818362712860e-02 -6.843091547489166260e-02 1.281056366860866547e-02 -8.812909573316574097e-02 -4.591174796223640442e-02 8.525279164314270020e-02 -7.595418393611907959e-02 -1.389656309038400650e-02 -3.917005285620689392e-02 -2.845910936594009399e-02 6.948699802160263062e-02 4.946381971240043640e-02 -7.075323164463043213e-02 -5.531450361013412476e-02 -7.310659438371658325e-02 4.959452152252197266e-02 5.377427861094474792e-02
-2.238796278834342957e-02 -6.358595937490463257e-02 -5.876452103257179260e-02 -4.359739273786544800e-02 2.087061665952205658e-02 9.539272636175155640e-02 -4.316740110516548157e-02 -5.264307558536529541e-02 -6.883277744054794312e-02 8.479157090187072754e-02 -2.505369484424591064e-03 -5.419656168669462204e-03 7.840898633003234863e-02 -9.125229716300964355e-02 -3.224121406674385071e-02 -4.959861934185028076e-02 1.075218841433525085e-01 -6.018119305372238159e-02 -9.692939370870590210e-02 -2.272290736436843872e-02 3.692781925201416016e-02 -2.566555701196193695e-02 -3.081000968813896179e-02 6.676856894046068192e-03 1.044318228960037231e-01 -6.268322467803955078e-02 5.584396421909332275e-02 -1.900967583060264587e-02 -1.066355314105749130e-02 4.071202129125595093e-02 9.066683799028396606e-02 8.352761715650558472e-02 2.347112400457262993e-03 -7.669363170862197876e-02 4.561945050954818726e-02 -1.534876134246587753e-02 -9.475234150886535645e-02 2.908474579453468323e-02 1.040826886892318726e-01 -9.436582773923873901e-02 6.144939363002777100e-02 -5.961564555764198303e-02 -8.593342453241348267e-02 4.178012162446975708e-02 1.563489437103271484e-02 -8.414987474679946899e-02 5.462868139147758484e-02 3.925048932433128357e-02 3.514607250690460205e-02 2.072962000966072083e-02 3.423862531781196594e-02 -9.678614139556884766e-02 3.389631863683462143e-03 -3.256251337006688118e-03 9.349430911242961884e-03 8.998392522335052490e-02 -6.170166656374931335e-02 1.605885475873947144e-01 3.094438835978507996e-02 -9.293866902589797974e-02 8.667171001434326172e-02 1.455295085906982422e-02 6.169552449136972427e-03 -1.253545284271240234e-02 -2.325358334928750992e-03 6.811959296464920044e-02 -7.400204427540302277e-03 -3.790060430765151978e-02 -8.045152574777603149e-02 2.881522523239254951e-03 9.342109411954879761e-02 -1.324273878708481789e-03 2.195244096219539642e-02 -1.359490957111120224e-02 3.450200334191322327e-02 -4.074904322624206543e-02 4.955227021127939224e-03 1.645352505147457123e-02 -3.177087754011154175e-02 -1.008190587162971497e-01 -8.916850388050079346e-02 5.339153110980987549e-02 1.091986056417226791e-02 5.240067839622497559e-02 4.139943420886993408e-02 8.007946610450744629e-02 -6.071699783205986023e-02 5.738021805882453918e-02 -2.965703420341014862e-02 4.281703848391771317e-03 2.601869590580463409e-02 4.793574102222919464e-03 -9.487112052738666534e-03 -5.666305869817733765e-02 -2.425459586083889008e-02 -8.376971632242202759e-02 1.296421736478805542e-01 -2.764595299959182739e-02 -2.781482785940170288e-02 -7.129394263029098511e-02
-4.515731334686279297e-02 9.232599288225173950e-02 -4.675502888858318329e-03 -8.318256586790084839e-02 3.068800456821918488e-02 -2.407305873930454254e-03 2.332973107695579529e-02 -2.090890705585479736e-02 -5.215888842940330505e-02 -5.536154378205537796e-03 -6.225676089525222778e-02 1.007496491074562073e-01 5.805600434541702271e-02 -3.525807335972785950e-02 4.329952597618103027e-02 -7.206643372774124146e-02 -3.488473966717720032e-02 4.730303958058357239e-02 1.056725904345512390e-01 -8.428482711315155029e-02 -6.779857911169528961e-03 -1.053832843899726868e-01 -1.193460915237665176e-02 7.509876787662506104e-02 8.389500528573989868e-02 3.910348191857337952e-02 8.400426805019378662e-02 -1.804828271269798279e-02 -1.092166453599929810e-02 4.045485332608222961e-02 1.004453003406524658e-01 -7.726057618856430054e-02 1.017359048128128052e-01 -3.144025430083274841e-02 2.144524268805980682e-02 -7.938361912965774536e-02 5.495850741863250732e-02 -7.956723868846893311e-02 5.784875527024269104e-02 7.931992411613464355e-02 -9.281926602125167847e-02 -5.479021370410919189e-02 -4.033878818154335022e-02 9.056263417005538940e-02 -5.249029770493507385e-02 7.880882360041141510e-03 4.691388458013534546e-02 -5.716477334499359131e-02 -1.514626946300268173e-02 -2.917437255382537842e-02 -7.933831959962844849e-02 5.403653532266616821e-02 7.275798916816711426e-02 -6.026991456747055054e-02 4.125652089715003967e-02 -8.057986199855804443e-02 -7.073195278644561768e-02 8.877980709075927734e-02 1.749801822006702423e-02 8.204271644353866577e-02 6.352108716964721680e-02 4.555232077836990356e-02 4.696900770068168640e-02 8.256268501281738281e-02 -2.830306999385356903e-02 -6.024434044957160950e-02 -1.327236555516719818e-02 -2.336470782756805420e-02 8.158805966377258301e-02 2.635478228330612183e-02 4.808522015810012817e-02 5.454101040959358215e-02 -5.796912126243114471e-03 4.524796828627586365e-02 7.567817717790603638e-02 1.042553558945655823e-01 -7.235583662986755371e-02 8.223734796047210693e-02 -1.479218713939189911e-02 -5.815597996115684509e-02 9.454686939716339111e-02 4.018599167466163635e-02 -3.088300302624702454e-02 -7.226693630218505859e-02 1.052999570965766907e-01 7.529761642217636108e-02 6.316975504159927368e-02 7.657909393310546875e-02 7.331512123346328735e-02 3.184749558568000793e-02 -8.514087647199630737e-02 -1.352387666702270508e-02 1.594854705035686493e-02 -7.151028513908386230e-02 -8.566089905798435211e-03 8.207854628562927246e-02 -7.019034773111343384e-02 -9.257027506828308105e-02 4.107124730944633484e-02 -2.815201506018638611e-02
2.677044644951820374e-02 1.361780147999525070e-02 -3.192482143640518188e-02 9.227053821086883545e-02 3.402756899595260620e-02 7.453872263431549072e-02 -9.311260282993316650e-02 6.173965334892272949e-02 2.277929708361625671e-02 -5.094816908240318298e-02 5.127596110105514526e-02 -2.373844571411609650e-02 -8.305206894874572754e-02 2.787032630294561386e-03 -1.310218870639801025e-01 6.780581921339035034e-02 1.352898404002189636e-02 3.515762090682983398e-02 8.669496327638626099e-02 -6.818969547748565674e-02 8.696911856532096863e-03 -4.307039827108383179e-02 6.184073165059089661e-02 -1.076701432466506958e-01 -8.856581151485443115e-02 -5.250681564211845398e-02 5.905318260192871094e-02 3.686685487627983093e-02 3.690573945641517639e-02 -2.168469876050949097e-02 -3.975560143589973450e-02 -7.720936089754104614e-02 -3.039295040071010590e-02 -9.989364445209503174e-02 -3.046177700161933899e-02 -2.864016219973564148e-02 1.107820868492126465e-01 -1.049505025148391724e-01 -3.713047876954078674e-02 3.965478017926216125e-02 2.703907666727900505e-03 4.586775321513414383e-03 -8.413600176572799683e-02 -3.885157406330108643e-02 -1.088829934597015381e-01 2.194476127624511719e-02 5.965057387948036194e-02 -6.952306628227233887e-02 8.025200106203556061e-03 5.289501044899225235e-03 -1.255290210247039795e-02 -1.469761226326227188e-02 6.463772058486938477e-02 -5.099430307745933533e-02 7.895920425653457642e-02 6.765814125537872314e-02 4.453042522072792053e-02 -1.213767156004905701e-01 -8.334242738783359528e-05 8.832794427871704102e-02 8.305820822715759277e-02 5.304756108671426773e-03 -7.546165585517883301e-02 -1.020548492670059204e-01 1.003748625516891479e-01 4.987879656255245209e-03 -7.959926128387451172e-02 6.461203098297119141e-02 -9.750282019376754761e-02 1.091947127133607864e-02 5.374081060290336609e-02 6.640557944774627686e-02 -1.868900470435619354e-02 5.838074535131454468e-02 4.530667886137962341e-02 -2.135585993528366089e-02 4.082665219902992249e-02 6.977397948503494263e-02 -4.183240234851837158e-02 -4.544990882277488708e-02 -1.323976088315248489e-02 -3.307909145951271057e-02 1.058911606669425964e-01 -6.091867387294769287e-02 -1.102141216397285461e-01 -1.824718900024890900e-02 1.918356306850910187e-02 4.133471846580505371e-02 -1.094170734286308289e-01 -2.814793027937412262e-02 5.711024254560470581e-02 -7.092285156250000000e-02 6.587871164083480835e-02 3.821971267461776733e-02 7.861385494470596313e-02 5.876218155026435852e-02 3.515652194619178772e-02 -2.339903451502323151e-02 7.927995175123214722e-02 6.809929758310317993e-02
7.989529520273208618e-02 -2.552262321114540100e-02 -4.101534560322761536e-02 2.692729048430919647e-02 -6.302219629287719727e-02 -1.519459038972854614e-01 -1.098185330629348755e-01 4.754099994897842407e-02 -1.088214367628097534e-01 -1.960735954344272614e-02 -1.206836625933647156e-01 1.258131023496389389e-02 -1.203768551349639893e-01 1.215005852282047272e-02 -5.263717100024223328e-02 6.682281941175460815e-02 8.744225651025772095e-02 -2.537206746637821198e-03 3.902868553996086121e-02 -7.943062484264373779e-02 6.393130868673324585e-02 -2.037397958338260651e-02 -8.257040381431579590e-02 -6.140058115124702454e-02 -2.438093721866607666e-02 3.510170429944992065e-02 -7.375672459602355957e-02 -1.057120412588119507e-01 -1.438358146697282791e-02 1.194715872406959534e-01 1.214821357280015945e-02 8.535286039113998413e-02 1.197325810790061951e-01 1.557687390595674515e-02 2.347089163959026337e-02 -6.766852736473083496e-02 -7.570078223943710327e-02 8.505290001630783081e-02 -6.764920055866241455e-02 -1.359556056559085846e-02 -1.512694172561168671e-03 1.004187762737274170e-01 -3.143082372844219208e-03 -1.682821661233901978e-02 2.369368076324462891e-02 -3.742195293307304382e-02 -5.996539443731307983e-02 4.560037329792976379e-02 1.343814730644226074e-01 -4.846694413572549820e-03 7.823871821165084839e-02 6.333568133413791656e-03 7.470735162496566772e-02 -4.442296177148818970e-02 5.397635046392679214e-03 1.493748556822538376e-02 -1.139778736978769302e-02 -6.366440653800964355e-02 -3.296935232356190681e-03 1.211029291152954102e-01 -6.288479268550872803e-02 -3.459247201681137085e-02 -1.021437570452690125e-01 -3.264519199728965759e-02 -7.586634159088134766e-02 -4.367472603917121887e-02 -2.073357999324798584e-02 1.590486913919448853e-01 1.243766490370035172e-02 -8.198495954275131226e-03 9.992445260286331177e-02 -3.839769400656223297e-03 1.347239594906568527e-02 6.385880522429943085e-03 6.203406304121017456e-02 8.471862971782684326e-02 -6.282236427068710327e-02 -8.491769433021545410e-02 -7.251136004924774170e-02 8.142387866973876953e-02 5.361502617597579956e-02 6.093979626893997192e-02 -4.309649392962455750e-02 2.439122088253498077e-02 -1.534286886453628540e-01 -5.170275270938873291e-02 -5.281797423958778381e-02 5.398901551961898804e-02 -3.031602688133716583e-02 2.292979136109352112e-02 1.811356097459793091e-01 8.506891317665576935e-03 -5.610072240233421326e-02 1.855192705988883972e-02 -1.019932981580495834e-02 1.007462814450263977e-01 -4.423846304416656494e-02 1.896736328490078449e-03 -1.829414442181587219e-02 5.653763934969902039e-02
