1.854451672761787615e-02 7.089013704123231507e-02 1.256296052985912404e-01 1.808937223155180629e-01 2.365545850500669900e-01 2.925943737053809390e-01 3.490143634657916216e-01 4.058141317405490334e-01 4.629853754345123473e-01 5.205120227825181800e-01 5.783712261614464278e-01 6.365346267675894287e-01 6.949699191679057364e-01 7.536413985343177746e-01 8.125112569001646801e-01 8.715404620315241324e-01 9.306892441231124913e-01 9.899181700545622853e-01 1.049187974348706032e+00 1.108460423378776927e+00 1.167697766313578134e+00 1.226861684574393374e+00 1.285912615474963827e+00 1.344807449721860282e+00 1.403496523997207479e+00 1.461920278073612911e+00 1.520004214927619168e+00 1.577649709354563612e+00 1.634718361538148423e+00 1.759737290278662769e+00
1.994468328922860412e-03 2.218272681583759870e-02 3.549329599983990641e-02 4.761494876146431243e-02 5.882021495466787514e-02 6.911025515743890457e-02 7.843424111118589559e-02 8.673674676748049928e-02 9.396928710589602662e-02 1.000921564184038826e-01 1.050733498740643312e-01 1.088870086949213084e-01 1.115121852538509262e-01 1.129320798462985220e-01 1.131338774954432636e-01 1.121090218223536189e-01 1.098538630455401788e-01 1.063705210681486629e-01 1.016678715131308364e-01 9.576239568717087591e-02 8.867887640079671896e-02 8.045082714097528953e-02 7.112041242387981410e-02 6.073799394675104268e-02 4.936097684670136959e-02 3.705109890932582750e-02 2.386822270579860156e-02 9.854810451066460530e-03 -5.010215512156624557e-03 -5.023788594501289728e-02
4.664440566802870863e-04 -4.055414730433437587e-02 -8.264442636612252813e-02 -1.249632908354207095e-01 -1.673896461724382334e-01 -2.098714899008324863e-01 -2.523743351328035511e-01 -2.948673276011771760e-01 -3.373178515678220135e-01 -3.796904915046844242e-01 -4.219467932959404255e-01 -4.640455140414421753e-01 -5.059433975830966990e-01 -5.475955186345380366e-01 -5.889564559176345693e-01 -6.299814151504035120e-01 -6.706272897050939985e-01 -7.108542706932855504e-01 -7.506266579815843443e-01 -7.899143300377753363e-01 -8.286931021977654854e-01 -8.669445253626186787e-01 -9.046556065516131451e-01 -9.418170764932876082e-01 -9.784207178377951619e-01 -1.014455696011570929e+00 -1.049902248773636693e+00 -1.084718929285723110e+00 -1.118814012767703758e+00 -1.188821573812873789e+00
8.859021973917210677e-03 2.731513647790166643e-02 3.998717824974903218e-02 5.165118258926561928e-02 6.257043973130946291e-02 7.277300621279184090e-02 8.223697835048375537e-02 9.093168753586916564e-02 9.882860331370404983e-02 1.059039025359334862e-01 1.121383323882583771e-01 1.175164513149136447e-01 1.220259633531744631e-01 1.256572573853718677e-01 1.284033527569242716e-01 1.302600969662729424e-01 1.312265838221647885e-01 1.313057321171053338e-01 1.305048910061894774e-01 1.288363990326218123e-01 1.263179899907596326e-01 1.229730147376765226e-01 1.188303473436732871e-01 1.139239819011509808e-01 1.082921105191448075e-01 1.019750468640449603e-01 9.501046136439236789e-02 8.742143128920190631e-02 7.918123191147741213e-02 5.169060572250978869e-02
-5.906675823264520911e-03 -6.641518314235081433e-03 -4.219369787983576550e-03 -1.122947306657795519e-03 2.433912565779962692e-03 6.376725369699420137e-03 1.066936401189341917e-02 1.528938880375900478e-02 2.021980925396307457e-02 2.544607261197529002e-02 3.095487606946450976e-02 3.673370340594347278e-02 4.277068413669053715e-02 4.905446519124254806e-02 5.557418803181439493e-02 6.231941662760280554e-02 6.927998835342666362e-02 7.644588886530509497e-02 8.380693105196179715e-02 9.135250631653006603e-02 9.907111623231477926e-02 1.069497904982402853e-01 1.149735215153083745e-01 1.231244722651822221e-01 1.313811100687928279e-01 1.397174144597118084e-01 1.481022070275611613e-01 1.564989164407354083e-01 1.648677669576408822e-01 1.842831733760714186e-01
2.588825411798028296e-03 -2.036537802462724117e-02 -3.190293242255807377e-02 -4.128695104727418685e-02 -4.903093982242220927e-02 -5.519218539039219551e-02 -5.973254832546451981e-02 -6.259820325378487316e-02 -6.374057070471561559e-02 -6.312065353780740851e-02 -6.070831723038655481e-02 -5.648047649394367931e-02 -5.041949611878068782e-02 -4.251234445523277561e-02 -3.275045501078047844e-02 -2.113030149808411973e-02 -7.654625855059960307e-03 7.666058425458959630e-03 2.481149420121672375e-02 4.375000604717468183e-02 6.443673049906929740e-02 8.681208017675078048e-02 1.108009606930330238e-01 1.363122000848298598e-01 1.632388114948067348e-01 1.914603362104473905e-01 2.208496443559803124e-01 2.512916370160804824e-01 2.827425353770697813e-01 3.686729461117524975e-01
1.852574315305780678e-02 -2.431110850796692341e-02 -6.716401361446627805e-02 -1.100962918282096248e-01 -1.529305735777176933e-01 -1.955371640743280848e-01 -2.378136629667366442e-01 -2.796744763269239931e-01 -3.210437202970414794e-01 -3.618516020676396661e-01 -4.020318547893308447e-01 -4.415202179116900494e-01 -4.802540069342242091e-01 -5.181718184691168627e-01 -5.552144725101986200e-01 -5.913262736266133857e-01 -6.264565079409161186e-01 -6.605616016611167707e-01 -6.936066469590445038e-01 -7.255674173626649459e-01 -7.564312391062624208e-01 -7.861971193316463768e-01 -8.148754137244678120e-01 -8.424858805430748276e-01 -8.690544385169562958e-01 -8.946081942102910300e-01 -9.191664031735835572e-01 -9.427212865093366201e-01 -9.651903018146366087e-01 -1.004081636503259656e+00
-4.265141947141049689e-03 -2.256499400822118556e-02 -3.567953746297148482e-02 -4.777669045154706723e-02 -5.912061047518046841e-02 -6.976552413583510248e-02 -7.971629365043744753e-02 -8.896489413556461778e-02 -9.750073302417339161e-02 -1.053137070750806703e-01 -1.123947404349044804e-01 -1.187356320310810343e-01 -1.243288797229893938e-01 -1.291675865262292833e-01 -1.332457156588751912e-01 -1.365585603414958826e-01 -1.391034264779227037e-01 -1.408805207538131876e-01 -1.418938834684618233e-01 -1.421523692268419625e-01 -1.416705070818978229e-01 -1.404692307588770728e-01 -1.385763810204686253e-01 -1.360269268445211954e-01 -1.328627715992505287e-01 -1.291316837780123183e-01 -1.248842150464289091e-01 -1.201652935331551375e-01 -1.149886312777935043e-01 -9.691537714672213144e-02
1.747654097699880005e-02 6.563148889372278499e-03 -7.614458866912924423e-03 -2.240797045623699538e-02 -3.756251971898158515e-02 -5.298309314099205330e-02 -6.861976412315873297e-02 -8.443858074513890810e-02 -1.004112380957881134e-01 -1.165112863354598738e-01 -1.327125145851354437e-01 -1.489883234177157845e-01 -1.653116851953797539e-01 -1.816551450684824320e-01 -1.979912712197477442e-01 -2.142931761023103565e-01 -2.305350734996901574e-01 -2.466930916725745826e-01 -2.627457793543298004e-01 -2.786748609282589384e-01 -2.944655050219898151e-01 -3.101063051798668702e-01 -3.255891651250301111e-01 -3.409085438002213975e-01 -3.560603203271991424e-01 -3.710403897481110991e-01 -3.858426373992154823e-01 -4.004555970901734208e-01 -4.148568271048385658e-01 -4.460227646399710366e-01
4.184451312786604399e-03 5.574187257151062141e-03 1.007453132260468370e-03 -4.617613171223446458e-03 -1.101946099720171532e-02 -1.816445463795244783e-02 -2.607050978277614117e-02 -3.476310638826995980e-02 -4.426339789436196936e-02 -5.458584758850980323e-02 -6.573862907393206167e-02 -7.772469691618706655e-02 -9.054287880083732032e-02 -1.041885067259175762e-01 -1.186539188149539209e-01 -1.339286338946148458e-01 -1.499992341105196858e-01 -1.668492852598614240e-01 -1.844588816107629869e-01 -2.028045205924709771e-01 -2.218586908637469046e-01 -2.415894516668034564e-01 -2.619603572714811479e-01 -2.829301436695442762e-01 -3.044526145785018123e-01 -3.264773701290464292e-01 -3.489522935359853362e-01 -3.718309195573964443e-01 -3.950976815353782201e-01 -4.540750907448668494e-01
1.565711130533599740e-02 1.309399939401170720e-02 1.655775400906033673e-02 2.116835546945916580e-02 2.670389238062215870e-02 3.317375827292990548e-02 4.062806066789514947e-02 4.911719528268574525e-02 5.868242516439706180e-02 6.935527997296743463e-02 8.115920617628497036e-02 9.411146045913618141e-02 1.082246660289005041e-01 1.235075659178208329e-01 1.399653649312258552e-01 1.575994790493214226e-01 1.764067573078375029e-01 1.963786052803598858e-01 2.174995902662088532e-01 2.397464303588527634e-01 2.630867143134363317e-01 2.874777336573451358e-01 3.128659114799484664e-01 3.391861309665975543e-01 3.663614871242257265e-01 3.943042520537856088e-01 4.229191859053327840e-01 4.521131315468937539e-01 4.818275226421118163e-01 5.571554877573681175e-01
-1.005045348182215248e-03 -6.849161300437577038e-03 -3.348642495828238475e-03 1.961100103246727483e-03 8.609495301776010426e-03 1.651145619597748151e-02 2.566773112898526263e-02 3.609699868851615201e-02 4.781677475926954940e-02 6.083883518213020758e-02 7.516904523069217747e-02 9.080837375870345896e-02 1.077540419111831516e-01 1.260000704543267624e-01 1.455375996347010870e-01 1.663546934874039485e-01 1.884356530128118989e-01 2.117602878359035601e-01 2.363025926486427009e-01 2.620298238036441463e-01 2.889011549116716759e-01 3.168663191941711865e-01 3.458647690775487615e-01 3.758245481637135788e-01 4.066614927470507124e-01 4.382796680560551161e-01 4.705742914241261010e-01 5.034414563970200929e-01 5.368128934223727056e-01 6.209259935125858165e-01
2.892010609410192862e-03 -4.008531196470388469e-02 -8.759934688477929998e-02 -1.360173562559458260e-01 -1.850289944706319800e-01 -2.345402836933606627e-01 -2.845084245790113209e-01 -3.349017019882561952e-01 -3.856864435986387951e-01 -4.368240758734829310e-01 -4.882707018220456829e-01 -5.399776856938860448e-01 -5.918928998901824556e-01 -6.439613189224686618e-01 -6.961264725640304851e-01 -7.483316885784290218e-01 -8.005211165293015796e-01 -8.526413514872650534e-01 -9.046419769624856055e-01 -9.564769556548913254e-01 -1.008104630527291157e+00 -1.059487070563705391e+00 -1.110589456421771093e+00 -1.161377714797108496e+00 -1.211815159027668232e+00 -1.261858341458973243e+00 -1.311450648499196348e+00 -1.360510671194676613e+00 -1.408910337934546231e+00 -1.512981710938327007e+00
1.098693380527286309e-03 2.372988792460973412e-02 4.363854986203554581e-02 6.314271254205339190e-02 8.230411584913584211e-02 1.010874220715894806e-01 1.194433729843702024e-01 1.373252391029846642e-01 1.546916343884860157e-01 1.715064235281862359e-01 1.877376825000283966e-01 2.033567192142273217e-01 2.183375066756744198e-01 2.326562555808643629e-01 2.462915753525699025e-01 2.592248379187304108e-01 2.714406958866832920e-01 2.829278693164085645e-01 2.936797101588824455e-01 3.036948953074121715e-01 3.129776620721373415e-01 3.215377170465584244e-01 3.293898654027973549e-01 3.365529805750683279e-01 3.430483251529991007e-01 3.488967742811809325e-01 3.541134081987414861e-01 3.586952433976295374e-01 3.625881810881297906e-01 3.630506780293284996e-01
3.863290235376209969e-03 -3.450315296778528468e-02 -7.087687751131478697e-02 -1.069025594118730299e-01 -1.425960498682004307e-01 -1.779177210268599596e-01 -2.128211105674787662e-01 -2.472611506713288665e-01 -2.811945089993287406e-01 -3.145793517299886877e-01 -3.473745939556021067e-01 -3.795393711629606592e-01 -4.110330697615460771e-01 -4.418152792370219073e-01 -4.718466344479114172e-01 -5.010898418308309399e-01 -5.295108547359571594e-01 -5.570805700781984449e-01 -5.837760265509854829e-01 -6.095820395207043330e-01 -6.344919764133654105e-01 -6.585080156885725344e-01 -6.816411254697772870e-01 -7.039098281975695315e-01 -7.253379919915838858e-01 -7.459512676916225660e-01 -7.657702328142532711e-01 -7.847952151809138854e-01 -8.029675527184804151e-01 -8.344023380397674883e-01
1.319466585383010336e-02 5.920724935289444629e-02 1.062246366170745415e-01 1.535277270049907328e-01 2.010307063944473116e-01 2.487035007047861124e-01 2.965275739699306801e-01 3.444848298512507290e-01 3.925535403531945633e-01 4.407082078129289093e-01 4.889198607035472044e-01 5.371566144538537646e-01 5.853846141086586075e-01 6.335682839870477867e-01 6.816713364702516875e-01 7.296575461267236218e-01 7.774912900046015984e-01 8.251386154254218841e-01 8.725673151681531126e-01 9.197478090959949615e-01 9.666528243721150826e-01 1.013256590055228390e+00 1.059534206302654269e+00 1.105459578330503678e+00 1.151002594072885632e+00 1.196125656054197517e+00 1.240778019153795597e+00 1.284884627436063242e+00 1.328322831688959038e+00 1.420624833828079137e+00
1.249997187666218590e-02 -4.700732244431533174e-03 -1.995053038187070624e-02 -3.483392583273692972e-02 -4.936413802349837177e-02 -6.349691201789101069e-02 -7.718390285572281073e-02 -9.038188915011938218e-02 -1.030533298169174911e-01 -1.151653735673985324e-01 -1.266885005297321842e-01 -1.375954416101407007e-01 -1.478605874945096432e-01 -1.574596820100974681e-01 -1.663701031281489828e-01 -1.745714475594714321e-01 -1.820463728323634678e-01 -1.887817299995970810e-01 -1.947696314514080207e-01 -2.000086030644879220e-01 -2.045044072370464927e-01 -2.082705724902546018e-01 -2.113285901985766657e-01 -2.137075615596558398e-01 -2.154432662011943889e-01 -2.165762787408395396e-01 -2.171479887412924858e-01 -2.171912555104506537e-01 -2.167044242489744033e-01 -2.091037758507252320e-01
1.224237356497972357e-02 -1.670325260586183122e-03 -1.792739345696809511e-03 6.668401939314283489e-04 5.121086864728396915e-03 1.153076866921048937e-02 1.996508902911949337e-02 3.050558985593303934e-02 4.322167539213350035e-02 5.816666836023265397e-02 7.537968987144476329e-02 9.488864364859994627e-02 1.167128360271528636e-01 1.408643138452046750e-01 1.673484491952367814e-01 1.961635039244052081e-01 2.272992747241717459e-01 2.607355418620993515e-01 2.964396490143663687e-01 3.343647317286716492e-01 3.744475207429570074e-01 4.166063560754105777e-01 4.607402691751428248e-01 5.067279720346012928e-01 5.544277412692849571e-01 6.036798312589209958e-01 6.543140465609779133e-01 7.061711653076625517e-01 7.591734249085007047e-01 8.966472352981189609e-01
-5.319413774339525058e-03 1.160665368503705462e-02 2.911903375728473048e-02 4.685506463936628396e-02 6.469169888143014302e-02 8.254935021920993543e-02 1.003685352836311273e-01 1.181015435095575383e-01 1.357078550319538168e-01 1.531517907442744297e-01 1.704009410812071801e-01 1.874252023513146015e-01 2.041963586516046536e-01 2.206877473153898706e-01 2.368744492971430748e-01 2.527335871674681322e-01 2.682446794448444249e-01 2.833902362334707048e-01 2.981560317243344693e-01 3.125315633498854107e-01 3.265099916319176288e-01 3.400877539768288882e-01 3.532640036685369411e-01 3.660393674277679921e-01 3.784141748427514163e-01 3.903859826279313938e-01 4.019453609499307190e-01 4.130672639565579063e-01 4.236900321943055658e-01 4.423774405160298406e-01
-1.049201250584238035e-02 -1.922098787711690529e-02 -4.100869788548164308e-02 -6.519649870116583923e-02 -9.121538271021685518e-02 -1.190270753430285045e-01 -1.486953494906863016e-01 -1.802918251580234998e-01 -2.138718271920656555e-01 -2.494711799958964082e-01 -2.871085631025491747e-01 -3.267889497140856747e-01 -3.685068399167175102e-01 -4.122479966198552281e-01 -4.579908629624676042e-01 -5.057069944266554540e-01 -5.553606149348108145e-01 -6.069082921029953503e-01 -6.602974209839088671e-01 -7.154656631569384917e-01 -7.723394292208991541e-01 -8.308322614298159214e-01 -8.908441349475082482e-01 -9.522598799278619852e-01 -1.014947876233528001e+00 -1.078760467449894733e+00 -1.143537632591649977e+00 -1.209119880732591135e+00 -1.275397657318051436e+00 -1.437773772932172900e+00
-3.486090074536981470e-03 5.165095930041697925e-03 1.522207356823454191e-02 2.563694346111008993e-02 3.627471825859109045e-02 4.707041623413967674e-02 5.798219124623927440e-02 6.897864187627789079e-02 8.003371026831708479e-02 9.112452197814313593e-02 1.022302327566425723e-01 1.133314176596454670e-01 1.244098356778719217e-01 1.354482189299028860e-01 1.464303572565590628e-01 1.573412045883212651e-01 1.681669723828929097e-01 1.788953500718639122e-01 1.895154763963922684e-01 2.000180382138051494e-01 2.103950184105087551e-01 2.206392388250303926e-01 2.307438317823831131e-01 2.407012786499881374e-01 2.505021538730138886e-01 2.601335387026453838e-01 2.695765811467185635e-01 2.788019272233448476e-01 2.877596797642836268e-01 3.054421790914325641e-01
-8.960334703849142518e-04 1.175440096104496054e-02 1.968194053168923971e-02 2.681867008163200602e-02 3.333204698249804532e-02 3.920583639021599232e-02 4.439160199332938678e-02 4.884080268635059008e-02 5.251212019033477119e-02 5.537214459309038050e-02 5.739418123390801346e-02 5.855684836292242984e-02 5.884298675229194392e-02 5.823899630950379186e-02 5.673462404803712028e-02 5.432310288039193802e-02 5.100158380174107942e-02 4.677170835814141447e-02 4.164029752194051831e-02 3.561989587829982040e-02 2.872922161087020781e-02 2.099341098962610036e-02 1.244385334392232936e-02 3.117772858836902194e-03 -6.942708648190947657e-03 -1.769267648402983450e-02 -2.908911196668884785e-02 -4.110246471095957421e-02 -5.375100458521649138e-02 -9.101183979523562451e-02
-2.413062525876315256e-04 3.057633134147141191e-02 7.149557975292290812e-02 1.144022784010274157e-01 1.587314849158571739e-01 2.043552375205678895e-01 2.512456978165624188e-01 2.993969225510392240e-01 3.488014032136934617e-01 3.994445156429953236e-01 4.513039543225573214e-01 5.043507626817774758e-01 5.585509693255441555e-01 6.138662409367101613e-01 6.702550352557030688e-01 7.276731770312356851e-01 7.860738676248970602e-01 8.454081310647560965e-01 9.056239541213676469e-01 9.666664424141675482e-01 1.028476615247079229e+00 1.090989767003337496e+00 1.154134393460513941e+00 1.217829675467140937e+00 1.281982651701117470e+00 1.346486049045498845e+00 1.411216805076693337e+00 1.476036888929996183e+00 1.540808679702053263e+00 1.690971220627495164e+00
9.254516602158056882e-03 7.366391698261454124e-02 1.368371800291313389e-01 1.999087970353775612e-01 2.628461304558123435e-01 3.255950456263569937e-01 3.881016342768236482e-01 4.503140719560957961e-01 5.121807133897460229e-01 5.736498386307774533e-01 6.346690949121303049e-01 6.951852674020391198e-01 7.551447797011023866e-01 8.144936424928551633e-01 8.731786621582823260e-01 9.311486164506997953e-01 9.883553634232307150e-01 1.044755729402230049e+00 1.100312271090782001e+00 1.154994968943274580e+00 1.208781384660933655e+00 1.261656091854449713e+00 1.313610066080380001e+00 1.364638145165129046e+00 1.414735261767619434e+00 1.463891247370940230e+00 1.512081572813716246e+00 1.559247691660455404e+00 1.605250293192098443e+00 1.697405516324656638e+00
-3.333808838509500286e-03 2.242392470120323916e-02 4.770951087770043675e-02 7.303192954997919650e-02 9.831306755121581309e-02 1.234775363469029497e-01 1.484610916188361662e-01 1.732092397760198188e-01 1.976743904491823356e-01 2.218140289806358190e-01 2.455891763103057457e-01 2.689633592818865271e-01 2.919021865413186645e-01 3.143729762366623826e-01 3.363450796540748411e-01 3.577903468361675610e-01 3.786836788083696170e-01 3.990039224943096041e-01 4.187343511429633125e-01 4.378634182625614213e-01 4.563848372130253628e-01 4.742972483966314545e-01 4.916036669845925133e-01 5.083100314285129429e-01 5.244230390115356411e-01 5.399469821268839675e-01 5.548780977633283040e-01 5.691925475300501081e-01 5.828162968410681710e-01 6.059973919352321658e-01
5.342896034772946431e-03 3.545371036706124190e-02 6.492842627066289229e-02 9.438931260848426597e-02 1.238088281308701299e-01 1.531478222434253522e-01 1.823689719124080566e-01 2.114379496644641920e-01 2.403222964957561769e-01 2.689909854726921234e-01 2.974138811501767510e-01 3.255614179910668038e-01 3.534046803980080420e-01 3.809152755750457864e-01 4.080658269900410140e-01 4.348304719441552502e-01 4.611853357005375464e-01 4.871093590542253660e-01 5.125845885097983778e-01 5.375968642798751862e-01 5.621357610912190994e-01 5.861941485189540169e-01 6.097676737050298224e-01 6.328532923180558711e-01 6.554471390568075151e-01 6.775415566223123021e-01 6.991198492490697802e-01 7.201452150332789959e-01 7.405340081851327083e-01 7.798748955235272895e-01
-1.791677821451170827e-02 -3.898486039449520352e-02 -6.297550004041682636e-02 -8.745206967176340218e-02 -1.123563193187860632e-01 -1.377409922640263629e-01 -1.636676628259584043e-01 -1.901865593138751531e-01 -2.173331084852895834e-01 -2.451297733879020391e-01 -2.735885921245732044e-01 -3.027134999687494110e-01 -3.325023243870522949e-01 -3.629478149750251514e-01 -3.940386667385322728e-01 -4.257600453379802308e-01 -4.580936956976824348e-01 -4.910182548405626068e-01 -5.245088652814418051e-01 -5.585374294911695792e-01 -5.930722299333521796e-01 -6.280774510245630271e-01 -6.635131670390695957e-01 -6.993346560771102061e-01 -7.354916391014114652e-01 -7.719279696429066639e-01 -8.085818302617626685e-01 -8.453875332678726373e-01 -8.822865540029372067e-01 -9.685753476826030051e-01
9.209224114695232707e-03 2.396142317791510531e-02 3.993522316669392835e-02 5.620539715674594677e-02 7.270774752634670546e-02 8.942936268778656217e-02 1.063673919476290919e-01 1.235197064938000494e-01 1.408822010261346347e-01 1.584486320376357615e-01 1.762109189370357765e-01 1.941595695240423136e-01 2.122841832907698123e-01 2.305736014928941591e-01 2.490162385971518288e-01 2.676002327334926489e-01 2.863134210122575407e-01 3.051434548736762231e-01 3.240774873358790997e-01 3.431021667886147708e-01 3.622031748016729669e-01 3.813646054826220211e-01 4.005684798181953221e-01 4.197937515588447410e-01 4.390150953056602412e-01 4.582015951505339357e-01 4.773148923924761533e-01 4.963060195250504902e-01 5.151103590979635438e-01 5.563351343249309799e-01
5.634871290098862964e-03 -2.180694017694581599e-02 -4.206635225119254723e-02 -6.097894297091994986e-02 -7.882783238757584687e-02 -9.562114610989236319e-02 -1.113129772216310959e-01 -1.258508442802460103e-01 -1.391871444727233453e-01 -1.512811377266031765e-01 -1.620979816676000884e-01 -1.716073158648242780e-01 -1.797822453677045962e-01 -1.865987805487765161e-01 -1.920360562778074265e-01 -1.960770623363637666e-01 -1.987098305876365267e-01 -1.999289889713386503e-01 -1.997374106320111697e-01 -1.981478481229538846e-01 -1.951842964646656742e-01 -1.908830153915902772e-01 -1.852929909837583433e-01 -1.784758122331819019e-01 -1.705046942628612450e-01 -1.614617864836473127e-01 -1.514316757553561543e-01 -1.404849040664722104e-01 -1.286291531880460193e-01 -8.961497844816018743e-02
-7.546136882329650478e-03 -8.047145396277308182e-03 -5.198912924592182308e-03 -1.636236154043804736e-03 2.407873799973357133e-03 6.849782016255899844e-03 1.164762893233213525e-02 1.677484464045763887e-02 2.221117541515618687e-02 2.793932217511211138e-02 3.394355897720279652e-02 4.020915966820068355e-02 4.672220063562539105e-02 5.346940321482556574e-02 6.043811427185896701e-02 6.761625386664191217e-02 7.499219696830598803e-02 8.255469121746775163e-02 9.029257110362233496e-02 9.819454552126384572e-02 1.062487435563817667e-01 1.144421264117114478e-01 1.227598969367740128e-01 1.311846510256609866e-01 1.396954284432399551e-01 1.482668066536936835e-01 1.568680564655692278e-01 1.654625896749784275e-01 1.740094165264482184e-01 1.936391352321356063e-01
-2.940417891036163980e-03 2.516361964405487359e-02 5.779800683211701318e-02 9.139984452462712738e-02 1.256518505158603638e-01 1.604465374285456158e-01 1.957311285775126808e-01 2.314694912886784972e-01 2.676292533168690424e-01 3.041779866830843226e-01 3.410819590211059960e-01 3.783059597197929169e-01 4.158137730854811198e-01 4.535682515845569363e-01 4.915320180069137068e-01 5.296679923094425035e-01 5.679397138687278801e-01 6.063120558164597496e-01 6.447511113587107712e-01 6.832246902395804344e-01 7.217018094669127581e-01 7.601517440938931891e-01 7.985431970853178463e-01 8.368422919473331723e-01 8.750100029154583847e-01 9.129992927269141578e-01 9.507511157793121503e-01 9.881877733117252482e-01 1.025202389389520574e+00 1.106157769423938397e+00
-5.081816160528241158e-03 2.229681394331701344e-02 4.781101266197512745e-02 7.310815198361980682e-02 9.816311006496900027e-02 1.228992428129026260e-01 1.472411791168575235e-01 1.711229206385097845e-01 1.944872567017196519e-01 2.172841682126054053e-01 2.394689698417791779e-01 2.610008888218482981e-01 2.818423187153206166e-01 3.019582785022064675e-01 3.213166659859223451e-01 3.398887703733052823e-01 3.576499740851304399e-01 3.745808217826949726e-01 3.906677609667450479e-01 4.059040833235538770e-01 4.202902226030507116e-01 4.338336042189606112e-01 4.465481488658747944e-01 4.584528698386959311e-01 4.695696473213256672e-01 4.799197143356433437e-01 4.895170635671192705e-01 4.983538968160805549e-01 5.063623995057315863e-01 5.148103393437354347e-01
-9.769134401305824139e-03 -4.008224333360209390e-02 -7.356673471422998933e-02 -1.076303235934473468e-01 -1.421335813465170184e-01 -1.770738344241282458e-01 -2.124706268613972826e-01 -2.483404698472211070e-01 -2.846903445770490038e-01 -3.215178061553130573e-01 -3.588123285332268098e-01 -3.965568741669552311e-01 -4.347295301259179734e-01 -4.733043268683574945e-01 -5.122524104923704691e-01 -5.515428523444451114e-01 -5.911431402372602228e-01 -6.310200368453467989e-01 -6.711396070368926825e-01 -7.114679589528846160e-01 -7.519710639780292638e-01 -7.926142593322949015e-01 -8.333620328841316871e-01 -8.741767163155114151e-01 -9.150167289760650080e-01 -9.558347369691124751e-01 -9.965751220715735048e-01 -1.037170059202862760e+00 -1.077536063493856222e+00 -1.168035541666970323e+00
6.130356568904978681e-03 3.936884108977509872e-02 7.877495332598280497e-02 1.194274061340908077e-01 1.609775345960276494e-01 2.033459860603585023e-01 2.465138836516759524e-01 2.904742662039346834e-01 3.352174282439452924e-01 3.807278629542963921e-01 4.269841782167628219e-01 4.739599796971536438e-01 5.216251961628786127e-01 5.699465705021848905e-01 6.188886696125147635e-01 6.684144589835402384e-01 7.184854518727770145e-01 7.690622773284406799e-01 8.201041478052661926e-01 8.715691890589815083e-01 9.234135787050122834e-01 9.755902775307708774e-01 1.028048161088434442e+00 1.080729837962599138e+00 1.133569040117983207e+00 1.186488186719867777e+00 1.239395622912678574e+00 1.292182376381811437e+00 1.344723453072699471e+00 1.463748508869398446e+00
6.745500136596839502e-04 -1.003736677694856173e-02 -2.857361656188835836e-02 -4.854614682169881845e-02 -6.957417932010824535e-02 -9.160560835342954067e-02 -1.146563894829687735e-01 -1.387518640307920936e-01 -1.639106701632677687e-01 -1.901417941281407509e-01 -2.174452303425434829e-01 -2.458135491366585934e-01 -2.752335841692463148e-01 -3.056873373533055549e-01 -3.371529207429400099e-01 -3.696050144534824278e-01 -4.030148856271101865e-01 -4.373505924596675087e-01 -4.725764321757549569e-01 -5.086530133190827474e-01 -5.455366190360652068e-01 -5.831784036185815312e-01 -6.215240421704171236e-01 -6.605126463011770088e-01 -7.000756628497888379e-01 -7.401365510725291808e-01 -7.806118583039933778e-01 -8.214164292148715685e-01 -8.624863304123462360e-01 -9.611673695780945659e-01
3.874225272309796478e-03 -2.701745007735180740e-02 -5.244701625673291873e-02 -7.685546305761117858e-02 -1.004449099309739635e-01 -1.232137772303297796e-01 -1.451208291756111990e-01 -1.661199216962975789e-01 -1.861680272135781133e-01 -2.052266796071309518e-01 -2.232612278770571834e-01 -2.402398164266229819e-01 -2.561327790991412279e-01 -2.709122807971318103e-01 -2.845527481175069706e-01 -2.970316822967637993e-01 -3.083308110757493337e-01 -3.184376508014614138e-01 -3.273469630334776559e-01 -3.350623547768071253e-01 -3.415974229011647934e-01 -3.469765166099918474e-01 -3.512350589419912517e-01 -3.544190966324844982e-01 -3.565839890632758746e-01 -3.577915591546063645e-01 -3.581037224483805126e-01 -3.575669675376462742e-01 -3.561683302436793319e-01 -3.420058847919260625e-01
-1.289121160829728371e-02 2.083628759116150711e-03 1.019143569596599012e-02 1.713781028030285022e-02 2.311970391097961652e-02 2.807750946879732090e-02 3.191359132985634173e-02 3.453694600492850791e-02 3.587216932557187044e-02 3.585899526638365586e-02 3.444947811282710742e-02 3.160518469155878390e-02 2.729508048493395692e-02 2.149433252169640277e-02 1.418388990802293970e-02 5.350751988202076537e-03 -5.011188536516237441e-03 -1.690007854403421245e-02 -3.030472317254459189e-02 -4.520353313345140678e-02 -6.156353820784314645e-02 -7.933974331125590029e-02 -9.847524749299860214e-02 -1.189016942518788811e-01 -1.405405437980413452e-01 -1.633062139242676403e-01 -1.871131883716467270e-01 -2.118936689142954521e-01 -2.376508460811788126e-01 -3.093281839063688476e-01
5.890319863176594201e-03 2.763662857745997209e-02 5.142150432908096369e-02 7.567610398975606334e-02 1.002645270130742838e-01 1.251438959890753544e-01 1.502937352975140806e-01 1.756989435856431692e-01 2.013441873529014103e-01 2.272126847567361163e-01 2.532860163619631844e-01 2.795443469766490940e-01 3.059669288785263341e-01 3.325322222888424939e-01 3.592183929005339227e-01 3.860036369048169269e-01 4.128663269136819691e-01 4.397854101624301681e-01 4.667402162558906831e-01 4.937106987061022911e-01 5.206769907045781798e-01 5.476186832328349130e-01 5.745142210798033222e-01 6.013395021912806282e-01 6.280660895372847108e-01 6.546591739924191300e-01 6.810745822050441323e-01 7.072534673530770366e-01 7.331128407812510517e-01 7.891596054039002883e-01
-8.463426369111921171e-03 9.328406130157876688e-03 2.918290978413316458e-02 4.954827021434887735e-02 7.021066883121082625e-02 9.106483421386572796e-02 1.120419775046280764e-01 1.330898608447666220e-01 1.541645550360047912e-01 1.752269438857120831e-01 1.962408171546392577e-01 2.171718625256450208e-01 2.379873200327420890e-01 2.586556778918972510e-01 2.791469431973329085e-01 2.994329840887801075e-01 3.194878874722066886e-01 3.392885923444315388e-01 3.588150966685972332e-01 3.780509261873562510e-01 3.969829707458123469e-01 4.156009506488269611e-01 4.338967453527160512e-01 4.518629201427669106e-01 4.694907046208171564e-01 4.867673539223003054e-01 5.036719360307919668e-01 5.201672002144450691e-01 5.361812607109820439e-01 5.677181967032456367e-01
1.358707646202547692e-02 3.496842079412753462e-02 6.570574907388918029e-02 9.824309480628112823e-02 1.321469464564193619e-01 1.673684713783709643e-01 2.039361845409405072e-01 2.418875648720006377e-01 2.812506282318602002e-01 3.220411202160404773e-01 3.642637345474394328e-01 4.079142564166388651e-01 4.529817710388607255e-01 4.994496547294610678e-01 5.472966217473486106e-01 5.964970082441057864e-01 6.470203539473725618e-01 6.988312227276953781e-01 7.518878470852143892e-01 8.061417044515697405e-01 8.615360424335214429e-01 9.180042089293211083e-01 9.754687441651052060e-01 1.033839466646224503e+00 1.093011613795102477e+00 1.152865135683311282e+00 1.213265797675598279e+00 1.274071412191887909e+00 1.335160972233569554e+00 1.480524463264271340e+00
-1.535779149261101012e-02 1.897469322783355145e-02 5.675417894841588984e-02 9.534692322160004396e-02 1.344025841388840348e-01 1.737542424033019228e-01 2.132947140611293479e-01 2.529426732441013570e-01 2.926288503840205335e-01 3.322904505840393319e-01 3.718681979787427094e-01 4.113048529577264523e-01 4.505448347077040117e-01 4.895338290433841055e-01 5.282194225143530542e-01 5.665518423774993373e-01 6.044847189186545178e-01 6.419763819534441973e-01 6.789903820964335868e-01 7.154965551531073942e-01 7.514709493095490522e-01 7.868951189088730924e-01 8.217552341809921668e-01 8.560397530881549422e-01 8.897361609330527443e-01 9.228267255327713414e-01 9.552816665274527219e-01 9.870459027840217114e-01 1.018009563431240716e+00 1.080484584496038902e+00
4.377067312058237000e-03 6.961380541781038434e-02 1.397337343507190632e-01 2.108907995111400369e-01 2.827408341736485364e-01 3.551751757526603326e-01 4.281425603367472466e-01 5.016054833940769564e-01 5.755253202767295351e-01 6.498589582408944576e-01 7.245580650403968814e-01 7.995695143312180342e-01 8.748366971933313474e-01 9.502998673916893679e-01 1.025897709819549197e+00 1.101568565551819479e+00 1.177251297857976553e+00 1.252887000951696361e+00 1.328419150024533479e+00 1.403795043882271720e+00 1.478965359377297784e+00 1.553882949297170413e+00 1.628501969918925596e+00 1.702774805046789464e+00 1.776647982858711394e+00 1.850057562474554773e+00 1.922922233039846995e+00 1.995130826540065794e+00 2.066520460801925196e+00 2.222232056522002175e+00
-1.349437695519512849e-02 2.605721251735949873e-03 2.430637061749800487e-02 4.718668375150132654e-02 7.083846717209765775e-02 9.511285965111081209e-02 1.199329695886245523e-01 1.452472398986244806e-01 1.710133085453059421e-01 1.971923149062222713e-01 2.237465979672483007e-01 2.506388531451676505e-01 2.778320955277531201e-01 3.052895174994362248e-01 3.329749075981461859e-01 3.608530071371408576e-01 3.888897499421786752e-01 4.170527959029961540e-01 4.453114399488389274e-01 4.736369260961706407e-01 5.020019598192152488e-01 5.303798167387103746e-01 5.587434558732534695e-01 5.870636886703987090e-01 6.153068786874756890e-01 6.434324186532612844e-01 6.713894570818010887e-01 6.991119898898104923e-01 7.265121892298740391e-01 7.866868458037752365e-01
-2.390637781169165088e-03 1.700003203609480942e-02 3.902884770125161773e-02 6.166179356271069001e-02 8.469009845601038755e-02 1.080310231846547814e-01 1.316374572462006842e-01 1.554749684218457162e-01 1.795135148935536051e-01 2.037246732986578990e-01 2.280804843492069134e-01 2.525530565769141811e-01 2.771146741207254904e-01 3.017377184479370089e-01 3.263950678809395267e-01 3.510604294218054311e-01 3.757085707873192293e-01 4.003158200907347419e-01 4.248600279366346322e-01 4.493208985460783733e-01 4.736796358452868838e-01 4.979182595856740390e-01 5.220189314366454614e-01 5.459624588311176030e-01 5.697263407644443944e-01 5.932824367119602371e-01 6.165934893889490898e-01 6.396068604221535336e-01 6.622423241110200198e-01 7.102942543431093325e-01
1.427158786314637953e-03 -1.691616098258251835e-02 -3.804335571876275857e-02 -5.967007184626582639e-02 -8.164031250736705769e-02 -1.039241927589116543e-01 -1.265184413899044513e-01 -1.494232873552973351e-01 -1.726356327027999682e-01 -1.961478623946358857e-01 -2.199480399533172981e-01 -2.440205418731288822e-01 -2.683469057185192130e-01 -2.929062713035932575e-01 -3.176761323969358175e-01 -3.426329236131399059e-01 -3.677524561973978257e-01 -3.930106215923295232e-01 -4.183835836664471231e-01 -4.438484185558216888e-01 -4.693831464027439226e-01 -4.949665237545605168e-01 -5.205779648262117698e-01 -5.461967270011827136e-01 -5.718007796373502094e-01 -5.973656101871246404e-01 -6.228626368502788724e-01 -6.482568998777686886e-01 -6.735055135223966261e-01 -7.302578540596449397e-01
8.934526017722037305e-03 1.298189231245421016e-02 1.847147451656665912e-02 2.428203458856301872e-02 3.035876436537589262e-02 3.670093545573857585e-02 4.331717942415999612e-02 5.021603014213118360e-02 5.740369425231574285e-02 6.488404775269679403e-02 7.265911236380108440e-02 8.072957240661755851e-02 8.909522353200197142e-02 9.775513344929646908e-02 1.067077554642933274e-01 1.159508462734505502e-01 1.254812017961842718e-01 1.352943954474939148e-01 1.453842638145741994e-01 1.557425528311041085e-01 1.663583653266976214e-01 1.772175838519580993e-01 1.883024616975998711e-01 1.995910419738588515e-01 2.110565913448341491e-01 2.226672209199820618e-01 2.343857244521027339e-01 2.461700242640966763e-01 2.579768894441659688e-01 2.855838371029296718e-01
-4.710011179042291468e-03 1.053720372837829711e-02 2.374655487481003302e-02 3.668448179392710257e-02 4.936078082140175904e-02 6.171865493900760558e-02 7.369740090324621018e-02 8.524361588531893796e-02 9.631212228818505916e-02 1.068648316877284371e-01 1.168691459413368772e-01 1.262966283915977206e-01 1.351221624528218257e-01 1.433234066747091084e-01 1.508807807307039339e-01 1.577777083007477210e-01 1.640010560363388825e-01 1.695417781062648621e-01 1.743954577144560814e-01 1.785628636906367028e-01 1.820501804025846382e-01 1.848689474962874058e-01 1.870356749844706012e-01 1.885709564540546668e-01 1.894980173359764597e-01 1.898402588363009846e-01 1.896165031341685570e-01 1.888302412375905126e-01 1.874402006067361071e-01 1.768591028099638363e-01
3.413240902723144177e-03 5.175121010781138370e-02 1.014573973134347273e-01 1.515456451655746439e-01 2.018510257152107135e-01 2.522924703032946026e-01 3.028143448744557431e-01 3.533700876954698478e-01 4.039152136182329600e-01 4.544053666241131273e-01 5.047953900851693820e-01 5.550390845009015583e-01 6.050896767842464108e-01 6.548998175134277400e-01 7.044225694581780495e-01 7.536123074942315814e-01 8.024254960235686074e-01 8.508220764913908551e-01 8.987658601745791564e-01 9.462257051823116383e-01 9.931753846961963728e-01 1.039592845205306926e+00 1.085459481316821240e+00 1.130757801095625181e+00 1.175468142595583743e+00 1.219564441428643509e+00 1.263007189180328727e+00 1.305729324443043904e+00 1.347604992689256598e+00 1.434336592079206829e+00
3.350537446886776502e-03 2.964137873765016612e-02 4.610390464356010215e-02 6.083011589739847902e-02 7.423063049296471649e-02 8.632501457214303286e-02 9.705518941083243756e-02 1.063538022810966294e-01 1.141614007478227166e-01 1.204295511253753864e-01 1.251196826323055511e-01 1.282011342676475651e-01 1.296495471875877548e-01 1.294458889942576851e-01 1.275762400065433844e-01 1.240321752506894776e-01 1.188116658331817288e-01 1.119202560239177108e-01 1.033724646525634588e-01 9.319298195522532358e-02 8.141773122198744939e-02 6.809461215676848589e-02 5.328356691014539404e-02 3.705622592318832953e-02 1.949466251125224481e-02 6.880958900422097513e-04 -1.927499179803758567e-02 -4.032699274764850461e-02 -6.248191811330929685e-02 -1.278608250442504202e-01
-3.096725473264044098e-03 3.707779234634786016e-03 1.580547173009359124e-02 2.898369780260398598e-02 4.292760192933514629e-02 5.755101279096162814e-02 7.282389244642449577e-02 8.873166396922957389e-02 1.052626170968034014e-01 1.224042827115314480e-01 1.401425589453371701e-01 1.584617826917291139e-01 1.773451600518628490e-01 1.967749001156233468e-01 2.167325166472376941e-01 2.371989051844325680e-01 2.581541830096567569e-01 2.795776464697088404e-01 3.014472219630194849e-01 3.237392486290311400e-01 3.464277409175325895e-01 3.694834652798200114e-01 3.928732071396652259e-01 4.165584971702002148e-01 4.404942206623534418e-01 4.646275029357324060e-01 4.888969673336608368e-01 5.132332042408891404e-01 5.375659104512953146e-01 5.943126502379085796e-01
1.216887693980727228e-02 5.918467301113781651e-03 -1.819622625675207730e-03 -9.816300591813684889e-03 -1.794435410507883369e-02 -2.615366554109389841e-02 -3.441669134809000052e-02 -4.271427865424971826e-02 -5.103043077278259648e-02 -5.935027279391462407e-02 -6.765911011395381314e-02 -7.594201853269479108e-02 -8.418377471914095800e-02 -9.236885376235000333e-02 -1.004817027889424452e-01 -1.085070957946423914e-01 -1.164305498784094783e-01 -1.242389022799228471e-01 -1.319207605105587044e-01 -1.394670811715819636e-01 -1.468715051870077837e-01 -1.541305354316089560e-01 -1.612436337390584506e-01 -1.682129762411682938e-01 -1.750429874441454536e-01 -1.817396888862083670e-01 -1.883096567383626130e-01 -1.947581285925541472e-01 -2.010852590023028408e-01 -2.144695386912514878e-01
-1.147907134027811686e-02 -3.008367484807194722e-02 -3.854640231656192989e-02 -4.504779619461979356e-02 -5.013138952035724183e-02 -5.391778243702634310e-02 -5.642754752382762168e-02 -5.765552545692080588e-02 -5.759247309812229321e-02 -5.623131195162545809e-02 -5.356829478999761140e-02 -4.960265975340025224e-02 -4.433601723050289989e-02 -3.777202785091807874e-02 -2.991639538797769005e-02 -2.077725292923090356e-02 -1.036594211467426960e-02 1.302055472217292925e-03 1.420582805826150347e-02 2.831791728082828918e-02 4.360302467468996079e-02 6.001676082172498206e-02 7.750479673333490749e-02 9.600201252033835342e-02 1.154321015221452112e-01 1.357085080840589320e-01 1.567383110280206049e-01 1.784340843740842564e-01 2.007532129403958032e-01 2.609990688943242820e-01
1.556252925090162963e-02 -3.235081344720369678e-02 -8.330279033664454713e-02 -1.349160301476865498e-01 -1.868692090688693075e-01 -2.390135066943822884e-01 -2.912526106133349613e-01 -3.435099711299490766e-01 -3.957157270943309491e-01 -4.478021465553806979e-01 -4.997014581666093802e-01 -5.513450389916433325e-01 -6.026637115054712668e-01 -6.535878248566079352e-01 -7.040485769468785016e-01 -7.539794346882525700e-01 -8.033175872783466787e-01 -8.520061221472639001e-01 -8.999952280399126092e-01 -9.472441340507323781e-01 -9.937215848985517797e-01 -1.039405484558193260e+00 -1.084282250660943525e+00 -1.128344216452504156e+00 -1.171585680577480471e+00 -1.213997451572422337e+00 -1.255557674648836608e+00 -1.296213637526590245e+00 -1.335840633247758147e+00 -1.415226694925121098e+00
7.669009105231395715e-03 -2.732826918302785207e-04 -1.366973500621469252e-02 -2.806387054202437101e-02 -4.315743529006971224e-02 -5.888915503151729430e-02 -7.525119094911890405e-02 -9.224667716271381379e-02 -1.098772606357241721e-01 -1.281400916782753918e-01 -1.470275768556272844e-01 -1.665279818710122539e-01 -1.866262995242882750e-01 -2.073047322134248249e-01 -2.285433273688244338e-01 -2.503203836894416501e-01 -2.726126405941977082e-01 -2.953956433639696733e-01 -3.186436259171320784e-01 -3.423297992364897624e-01 -3.664261292715984553e-01 -3.909029461789454984e-01 -4.157287703574043536e-01 -4.408695730253319733e-01 -4.662879374414712896e-01 -4.919426073730217008e-01 -5.177887329842144615e-01 -5.437802949307615208e-01 -5.698824106614940321e-01 -6.320272821896188997e-01
1.088682380384262821e-02 1.365840497532167484e-03 9.721794162380198445e-04 2.306631708747959586e-03 4.985927858447680369e-03 8.987090272982563299e-03 1.435779859823080144e-02 2.115331103221943648e-02 2.942055245164703139e-02 3.919567999586611590e-02 5.050544305590073946e-02 6.336922862125274336e-02 7.780082710889339725e-02 9.380931481924414950e-02 1.113994031596203943e-01 1.305710811339914623e-01 1.513186198759094436e-01 1.736294254035143370e-01 1.974822985325509206e-01 2.228461219503224122e-01 2.496782667239419162e-01 2.779231480816787281e-01 3.075115086470123771e-01 3.383596504680537187e-01 3.703692685494215375e-01 4.034289629120771936e-01 4.374191499696084562e-01 4.722260938569547983e-01 5.077883474203829239e-01 5.998162360479658561e-01
-1.145620427556931151e-02 2.225759537146544675e-02 6.028930188194805972e-02 9.928189976998788580e-02 1.388681114116611937e-01 1.788950179195455958e-01 2.192727556677978029e-01 2.599352740013486374e-01 3.008256623876789382e-01 3.418908856949021136e-01 3.830793778702067942e-01 4.243400544941524077e-01 4.656223060843195372e-01 5.068757994219601493e-01 5.480511959924823095e-01 5.891008545953322351e-01 6.299794538025522694e-01 6.706451235586803339e-01 7.110597222087888802e-01 7.511897301911423241e-01 7.910059863429701466e-01 8.304828363286120840e-01 8.695972280165255031e-01 9.083263888690555898e-01 9.466446845036112778e-01 9.845197665789584551e-01 1.021906678177958661e+00 1.058736974210386483e+00 1.094896637267880113e+00 1.170982748857031908e+00
-8.494882396084058387e-03 2.780502201888686992e-02 6.774296181840641640e-02 1.085132878157879788e-01 1.497938670567108277e-01 1.914467330131114919e-01 2.333886102602827917e-01 2.755569901709927771e-01 3.178972010180503016e-01 3.603578409880378031e-01 4.028886559303310744e-01 4.454396769961186942e-01 4.879612814539153187e-01 5.304040160793737080e-01 5.727193481337830017e-01 6.148603914230172940e-01 6.567825488580687487e-01 6.984446803265214054e-01 7.398094006823304758e-01 7.808440197370885016e-01 8.215203091330947061e-01 8.618136831662528419e-01 9.017023375368451443e-01 9.411649463125720816e-01 9.801775158837071622e-01 1.018709468963866049e+00 1.056717510736538079e+00 1.094134031514919725e+00 1.130842865895765659e+00 1.207637482958826780e+00
-4.886659975476033077e-03 -1.190940890128189614e-03 3.063565391144700695e-03 7.511196318935234491e-03 1.205987963432712980e-02 1.665117807349660028e-02 2.124243493962749835e-02 2.580066499535205171e-02 3.029931235871430317e-02 3.471634967062213473e-02 3.903300744990990945e-02 4.323294450310762038e-02 4.730175763593808674e-02 5.122665865415951258e-02 5.499638411355989298e-02 5.860119909026470508e-02 6.203295486057325281e-02 6.528521227635583624e-02 6.835327597523754850e-02 7.123422365368919928e-02 7.392675386941786886e-02 7.643088212553396377e-02 7.874749944224665454e-02 8.087768729116440181e-02 8.282179776006827476e-02 8.457817277283471991e-02 8.614104441463221740e-02 8.749633503000982249e-02 8.861116269212304664e-02 8.844771268700701849e-02
-2.119611160322150065e-03 -2.327047448662367471e-02 -3.670780216746556690e-02 -4.866432534678508115e-02 -5.950723179842534738e-02 -6.929380260509034051e-02 -7.801287193297136435e-02 -8.563884101619079203e-02 -9.214634236544613777e-02 -9.751389541330737765e-02 -1.017239981687113881e-01 -1.047623525244844589e-01 -1.066171575134771954e-01 -1.072787329266509104e-01 -1.067396459906294198e-01 -1.049952453959517862e-01 -1.020445785604044420e-01 -9.789155194312113006e-02 -9.254628701368282362e-02 -8.602640211017723026e-02 -7.835823830291901992e-02 -6.957790607619793177e-02 -5.973189956258655176e-02 -4.887743242856353032e-02 -3.708218129095692400e-02 -2.442266729874315728e-02 -1.097962196124021086e-02 3.174666646177895513e-03 1.801566591364417089e-02 6.138262508171813542e-02
3.179630467502135224e-03 -3.133073443733745689e-02 -6.278906594416755471e-02 -9.368864264822973631e-02 -1.241099183263324052e-01 -1.540307541256519808e-01 -1.834109855461216465e-01 -2.122091541743002518e-01 -2.403854832878920267e-01 -2.679023113371402087e-01 -2.947234556684195095e-01 -3.208136022688369282e-01 -3.461381654873945113e-01 -3.706631599654631737e-01 -3.943558838182351645e-01 -4.171858328426125140e-01 -4.391258123112447564e-01 -4.601535127802853786e-01 -4.802527317637809157e-01 -4.994149285190075949e-01 -5.176400879924523135e-01 -5.349371414271286707e-01 -5.513240810458196473e-01 -5.668270604837647442e-01 -5.814786119987540580e-01 -5.953145314775136754e-01 -6.083675794533383030e-01 -6.206530555187950160e-01 -6.321305814078245211e-01 -6.485503121723372733e-01
-7.268093821094421397e-03 -3.886156090639940330e-02 -6.761969573031954839e-02 -9.582623818974431162e-02 -1.236180354777483004e-01 -1.510242137329422529e-01 -1.780461742023276561e-01 -2.046755417998881721e-01 -2.308990988485455365e-01 -2.567009328574357818e-01 -2.820631645441601387e-01 -3.069663104761809480e-01 -3.313897568156885520e-01 -3.553119597604156299e-01 -3.787111861260192280e-01 -4.015662916923546932e-01 -4.238575450885123663e-01 -4.455678251292412018e-01 -4.666834310459883617e-01 -4.871952793389531244e-01 -5.070995039798645854e-01 -5.263977534081100140e-01 -5.450973947523727325e-01 -5.632108870032128678e-01 -5.807545214307762160e-01 -5.977462738973393641e-01 -6.142013694121821743e-01 -6.301220099727845581e-01 -6.454707795126035652e-01 -6.735727517826635147e-01
-4.393329229633556599e-04 -4.218375209395858888e-02 -7.808267887380274108e-02 -1.129012719310195922e-01 -1.468597005472161987e-01 -1.799607322760102823e-01 -2.121630527078265382e-01 -2.434181101674857961e-01 -2.736787226009591567e-01 -3.029010343949659623e-01 -3.310440476439043822e-01 -3.580688147946092803e-01 -3.839380822079903610e-01 -4.086160288008294228e-01 -4.320689584767737346e-01 -4.542663377791119061e-01 -4.751821390214708840e-01 -4.947967111874218005e-01 -5.130983511171283151e-01 -5.300851774555692675e-01 -5.457662978399990816e-01 -5.601624808771148434e-01 -5.733063906135451582e-01 -5.852417265246550038e-01 -5.960212902000916468e-01 -6.057032606248267115e-01 -6.143432422859974595e-01 -6.219753920096041666e-01 -6.285604990226603128e-01 -6.304904263059419867e-01
1.725314685978099338e-03 2.731832027826942150e-03 -4.161307507689806368e-03 -1.247883458169558868e-02 -2.185763572389453832e-02 -3.226000881363479816e-02 -4.371452537611340144e-02 -5.625836503945353534e-02 -6.992198614490210962e-02 -8.472633563133137591e-02 -1.006836228199640970e-01 -1.177989041999202291e-01 -1.360716386504141895e-01 -1.554965552546484497e-01 -1.760643169004990072e-01 -1.977616991701567906e-01 -2.205713369115905043e-01 -2.444715092197316531e-01 -2.694353807183935134e-01 -2.954307063748347062e-01 -3.224191320618706724e-01 -3.503554913523193037e-01 -3.791876014575670806e-01 -4.088557279385950372e-01 -4.392923191697817864e-01 -4.704228736723621851e-01 -5.021691180381436803e-01 -5.344585987424304019e-01 -5.672580404241351903e-01 -6.498398215120473331e-01
5.609992501033358309e-03 4.029791138848740767e-02 6.960978078617757747e-02 9.802493225331362914e-02 1.257350704668603325e-01 1.527275142679422881e-01 1.789509859119903235e-01 2.043506965033038691e-01 2.288763028238257058e-01 2.524833310670192010e-01 2.751323601915953709e-01 2.967879293594283818e-01 3.174178761927436421e-01 3.369928214429723234e-01 3.554864640185466107e-01 3.728761690191618738e-01 3.891437954428069723e-01 4.042769152159629842e-01 4.182697622852132868e-01 4.311243687459161422e-01 4.428511027243130505e-01 4.534687786095454309e-01 4.630043775172052456e-01 4.714918796560705339e-01 4.789701861094038948e-01 4.854794350818955051e-01 4.910534578681474693e-01 4.957021143374873984e-01 4.993626622243824698e-01 4.953900283738556509e-01
-3.931255522700270039e-03 -1.385890696566330696e-02 -2.838396442681626747e-02 -4.372114311339388160e-02 -5.967617855590606063e-02 -7.624403016366075592e-02 -9.345423735596269932e-02 -1.113370616917510048e-01 -1.299149069574903892e-01 -1.492015048322023474e-01 -1.692030200972607368e-01 -1.899195075539853450e-01 -2.113463070321734971e-01 -2.334747912184338137e-01 -2.562931007890075774e-01 -2.797865061452268209e-01 -3.039374443780658019e-01 -3.287256947871675106e-01 -3.541280233816603285e-01 -3.801183041193460510e-01 -4.066671626646299331e-01 -4.337415413963516264e-01 -4.613046329661248945e-01 -4.893153254117212914e-01 -5.177276679643598722e-01 -5.464909154916921530e-01 -5.755505744011498725e-01 -6.048523643024041885e-01 -6.343586741548254970e-01 -7.052631498221384465e-01
-1.449112165968778274e-02 -4.616253456224551910e-02 -7.724895691974723033e-02 -1.081911195219326938e-01 -1.390573211379462770e-01 -1.698928300608100184e-01 -2.007276202819198441e-01 -2.315794534968993734e-01 -2.624557465169375936e-01 -2.933559683661174367e-01 -3.242733683899964303e-01 -3.551963375974401815e-01 -3.861096827123749464e-01 -4.169952472692085577e-01 -4.478328930379838480e-01 -4.786012632418726320e-01 -5.092783712110136030e-01 -5.398425350502930042e-01 -5.702727074910731719e-01 -6.005493710368430271e-01 -6.306547185781194997e-01 -6.605725775334605476e-01 -6.902884918960310312e-01 -7.197889127352766758e-01 -7.490599160792814626e-01 -7.780855163262662133e-01 -8.068446222310072802e-01 -8.353046702063198214e-01 -8.634082061249075402e-01 -9.236723844235281700e-01
9.239967845543315891e-03 3.077225908766173523e-02 5.283846580032566798e-02 7.508485762901895288e-02 9.746702355246149307e-02 1.199674886708097105e-01 1.425746081167540147e-01 1.652772995078231055e-01 1.880631203519086414e-01 2.109182077815510425e-01 2.338274221255957630e-01 2.567746097060865096e-01 2.797430361224015893e-01 3.027154731684498223e-01 3.256746252940500574e-01 3.486034195506617084e-01 3.714851568682455696e-01 3.943038894663768446e-01 4.170443007511245304e-01 4.396919538128397642e-01 4.622329533255263301e-01 4.846533676526114665e-01 5.069387321224871901e-01 5.290728573007014157e-01 5.510362562538615450e-01 5.728042160653583625e-01 5.943436982109190359e-01 6.156072914245691585e-01 6.365204616702337947e-01 6.805751819699554783e-01
7.306083814212990107e-03 3.166041937564878506e-02 5.833186311469197582e-02 8.552317255473750046e-02 1.130885530930559740e-01 1.409866934304430108e-01 1.692003276787190924e-01 1.977171187117512385e-01 2.265235544498286346e-01 2.556037842356387868e-01 2.849395746242057159e-01 3.145106838418647577e-01 3.442955133531351852e-01 3.742712954441446138e-01 4.044146797698205398e-01 4.347021072842941480e-01 4.651099696980053322e-01 4.956150492664089802e-01 5.261942921799509509e-01 5.568250821840325937e-01 5.874847522165070890e-01 6.181497995702465165e-01 6.487952590526653296e-01 6.793931980493745915e-01 7.099108067495407681e-01 7.403082703536981724e-01 7.705356985300128025e-01 8.005277895980982272e-01 8.301949210354470088e-01 8.949889896922322841e-01
-1.291320705504653277e-03 4.089964529607903465e-02 7.347840836657620889e-02 1.044039057443928165e-01 1.340166427176417152e-01 1.622902773161256085e-01 1.891318302445729738e-01 2.144451018143467558e-01 2.381450372263894111e-01 2.601595618937482812e-01 2.804275717855460592e-01 2.988964972876815285e-01 3.155205859273280122e-01 3.302598146446355520e-01 3.430799925490557456e-01 3.539535358029503587e-01 3.628608108129957044e-01 3.697919863368378524e-01 3.747488419826625616e-01 3.777465784239643076e-01 3.788150609831925086e-01 3.779994912909636073e-01 3.753602891811402831e-01 3.709719796460004826e-01 3.649207697923589344e-01 3.572995506398942700e-01 3.481970033119841101e-01 3.376711494877753239e-01 3.256732593714928292e-01 2.793850671373265815e-01
5.125891528156704610e-03 -1.818506576602152425e-02 -4.047587057884082656e-02 -6.256758250831137569e-02 -8.445696131187073463e-02 -1.061171904271465127e-01 -1.275198218381185522e-01 -1.486379018466575941e-01 -1.694455650425281679e-01 -1.899176750904246203e-01 -2.100292941333092300e-01 -2.297553438104215084e-01 -2.490706351721169443e-01 -2.679498676170755100e-01 -2.863681895756556295e-01 -3.043018886841672987e-01 -3.217291905871311197e-01 -3.386313935714262979e-01 -3.549937108904365202e-01 -3.708063898149204229e-01 -3.860653077609677575e-01 -4.007722517576173260e-01 -4.149350236867410668e-01 -4.285668021182725274e-01 -4.416849198848209479e-01 -4.543088537934318882e-01 -4.664563136138556443e-01 -4.781345511962235562e-01 -4.893181952667111645e-01 -5.090837860870529585e-01
-1.805205974725917692e-02 8.859355142626358648e-02 1.911229237688301663e-01 2.931346711848593078e-01 3.945107030096455802e-01 4.950476052696179408e-01 5.945540298718977601e-01 6.928619225743879451e-01 7.898215388398075465e-01 8.852970969006108692e-01 9.791621563217154378e-01 1.071296358224276934e+00 1.161584232397065097e+00 1.249914063860032565e+00 1.336179462646485572e+00 1.420281523001205581e+00 1.502131410385033172e+00 1.581654418933244877e+00 1.658792562336357523e+00 1.733508415724924756e+00 1.805786515784389312e+00 1.875633363769576345e+00 1.943076803468180902e+00 2.008162168272414227e+00 2.070946034796542712e+00 2.131486725709071273e+00 2.189826415321952435e+00 2.245951465312686857e+00 2.299690930670920341e+00 2.395306674573636219e+00
7.650386285074153858e-04 6.889668374701596321e-02 1.404582007348237072e-01 2.128007240532516220e-01 2.856206982409320583e-01 3.587966512411061570e-01 4.322566137117341833e-01 5.059437293894770704e-01 5.798032238671744221e-01 6.537789283932119444e-01 7.278119594769182354e-01 8.018405622607087668e-01 8.758009871134475599e-01 9.496276035911270785e-01 1.023254402177181666e+00 1.096616307365439802e+00 1.169650263595169104e+00 1.242297213501406539e+00 1.314502598141362721e+00 1.386218073612873081e+00 1.457401334380012514e+00 1.528015106234248854e+00 1.598026294184230700e+00 1.667402857831475238e+00 1.736109494926531882e+00 1.804102375785685553e+00 1.871320718349678724e+00 1.937670475281944249e+00 2.002990841227075158e+00 2.142052169208169765e+00
3.595300790014259798e-03 -6.208108698999185299e-03 -8.521355059524240994e-03 -9.388958925624035085e-03 -9.158192454935761700e-03 -7.875258045978524371e-03 -5.522499565582001529e-03 -2.071143548648457511e-03 2.504591073863816561e-03 8.224527711431893137e-03 1.510290389568375372e-02 2.314950733134250524e-02 3.237073992496042329e-02 4.277013658952832920e-02 5.434852056021257510e-02 6.710367603589061092e-02 8.102957275208354238e-02 9.611546588106670286e-02 1.123445775243615691e-01 1.296930490926110346e-01 1.481286909096730664e-01 1.676098191029758988e-01 1.880845841774080318e-01 2.094902636034270405e-01 2.317529810314506444e-01 2.547886372592464976e-01 2.785063393588486091e-01 3.028185532492151943e-01 3.276750434516435551e-01 3.923518653547789503e-01
3.633150193484365603e-03 -2.852607535412137602e-02 -4.636118823217386803e-02 -6.151677280646056234e-02 -7.461947060483427319e-02 -8.572705782066150637e-02 -9.478030265326604920e-02 -1.017022651297068425e-01 -1.064239379326231832e-01 -1.088893163337911751e-01 -1.090542157313978966e-01 -1.068838145620843172e-01 -1.023505647456003642e-01 -9.543306423148845141e-02 -8.611591762817652485e-02 -7.439051377181619962e-02 -6.025663409795443959e-02 -4.372444907969313954e-02 -2.481704200114599745e-02 -3.572587252227126670e-03 1.995345221386516169e-02 4.568648773995096640e-02 7.353195551628062543e-02 1.033748675611855239e-01 1.350805208663023727e-01 1.684979783995217417e-01 2.034695308970486949e-01 2.398560777526126953e-01 2.776162611167815597e-01 3.827843904363286698e-01
-2.603565067883006900e-03 6.494664867058081402e-03 2.052461230338626513e-02 3.556806757364425198e-02 5.132568692702438318e-02 6.771285633593168707e-02 8.469806945630023454e-02 1.022646467872860843e-01 1.203987497504882126e-01 1.390859209364133653e-01 1.583102129294119698e-01 1.780542297006580954e-01 1.982995433518511541e-01 2.190268148823179550e-01 2.402161299817998086e-01 2.618471257254151308e-01 2.838988938942413887e-01 3.063500274022168957e-01 3.291781432792140194e-01 3.523597525473232128e-01 3.758695731410687801e-01 3.996796321569652255e-01 4.237585375673570409e-01 4.480701549292915309e-01 4.725721147946908562e-01 4.972145068908848664e-01 5.219387305353139217e-01 5.466769892711321743e-01 5.713567308873236383e-01 6.282094146799369616e-01
9.239390982325897811e-03 1.639582485025699310e-02 2.053559566328190186e-02 2.416887109296350991e-02 2.745091320153054959e-02 3.040837512849220090e-02 3.303874824592396842e-02 3.533312066491164916e-02 3.728264486951418655e-02 3.888032772059753228e-02 4.012126618388860144e-02 4.100243801897482387e-02 4.152243028148006054e-02 4.168121529339609277e-02 4.148002881329448249e-02 4.092131911994539850e-02 4.000875833421402294e-02 3.874727730035938678e-02 3.714312109491522962e-02 3.520385925948528449e-02 3.293837559932097370e-02 3.035681682218216090e-02 2.747043624161590175e-02 2.429137591005485139e-02 2.083226792380876019e-02 1.710535276450783279e-02 1.312043138054320296e-02 8.879645320800492320e-03 4.361887458242062407e-03 -9.781732846742607901e-03
1.627432562864785867e-03 -3.537799158925362952e-02 -6.615585056330311464e-02 -9.577627429686302873e-02 -1.244774047775823733e-01 -1.522634103335133715e-01 -1.790916315204025555e-01 -2.049125017660903270e-01 -2.296789727723198005e-01 -2.533484504798425574e-01 -2.758821599331944818e-01 -2.972441418891809128e-01 -3.174006842165535414e-01 -3.363199634204849242e-01 -3.539725811368708008e-01 -3.703324972614454591e-01 -3.853783153926139682e-01 -3.990950433440583200e-01 -4.114756808039304881e-01 -4.225230091444273084e-01 -4.322508166756708903e-01 -4.406846813768939830e-01 -4.478622814133830787e-01 -4.538327795052121694e-01 -4.586552119203778366e-01 -4.623951247399168407e-01 -4.651171488415155597e-01 -4.668670318163597455e-01 -4.676210997191747598e-01 -4.567029522953277576e-01
-7.749496800942685254e-03 2.003326435036917319e-02 2.499396863877122524e-02 2.578279966999150186e-02 2.337976101822789726e-02 1.785051267574656181e-02 9.080285061904745658e-03 -3.065339327025360175e-03 -1.869951483875119044e-02 -3.790745949464011805e-02 -6.074960587006139612e-02 -8.726664138583625774e-02 -1.174839596687807242e-01 -1.514141436358150128e-01 -1.890582027716420643e-01 -2.304052547102160564e-01 -2.754308245176663728e-01 -3.240948394222779028e-01 -3.763383754855765817e-01 -4.320813698466681174e-01 -4.912197407801982552e-01 -5.536228182758375915e-01 -6.191323389575413838e-01 -6.875612784011273515e-01 -7.586939931565073181e-01 -8.322902206462213792e-01 -9.080972220875401790e-01 -9.858841012375607615e-01 -1.065554462876544761e+00 -1.274108130431837793e+00
-3.125464456640959093e-03 2.279863626281705344e-03 -2.332831248702175661e-03 -8.745670269642118189e-03 -1.652980789981003951e-02 -2.566108870623905538e-02 -3.619407164501019236e-02 -4.819058081245121417e-02 -6.170150513151805016e-02 -7.676405006436662348e-02 -9.340329645637522604e-02 -1.116345885869265836e-01 -1.314656977687947148e-01 -1.528980244008922851e-01 -1.759273661355856277e-01 -2.005439891077485659e-01 -2.267320850901909379e-01 -2.544691925180825876e-01 -2.837249621129389610e-01 -3.144604767296833026e-01 -3.466271676885794850e-01 -3.801658157131367899e-01 -4.150062701521416431e-01 -4.510669170446778842e-01 -4.882546441537330972e-01 -5.264664670939120938e-01 -5.655945757647126149e-01 -6.055407466691759000e-01 -6.462645937237104787e-01 -7.505134634910179958e-01
1.983645367642731389e-04 3.017812876965496327e-02 5.497406251225771256e-02 7.892429802468550748e-02 1.021889247935661577e-01 1.247346891152385923e-01 1.464957604300789473e-01 1.674069334603826564e-01 1.874105263172023139e-01 2.064569485253039682e-01 2.245032904674009733e-01 2.415118057704465915e-01 2.574489238007555691e-01 2.722845759160320567e-01 2.859923347369974223e-01 2.985499248536819250e-01 3.099400362535209563e-01 3.201514978787260990e-01 3.291802866684147011e-01 3.370306268929111893e-01 3.437155847514273832e-01 3.492572454946165084e-01 3.536864292960559819e-01 3.570416152285309508e-01 3.593669696218625420e-01 3.607087320748610382e-01 3.611077596556790947e-01 3.605819909210684626e-01 3.590775082148738306e-01 3.433465544591702279e-01
7.754550496574244209e-03 -4.585442090243131014e-02 -9.988925103594081811e-02 -1.540812615434746236e-01 -2.082680074681776128e-01 -2.623464011761267312e-01 -3.162366076715121821e-01 -3.698692522157533968e-01 -4.231786119208609809e-01 -4.761002463729697709e-01 -5.285695623367259177e-01 -5.805212182570705925e-01 -6.318894685832475711e-01 -6.826082545546143798e-01 -7.326125589271506033e-01 -7.818398893265110505e-01 -8.302318362940286356e-01 -8.777363770398363130e-01 -9.243092475827913157e-01 -9.699160423325579039e-01 -1.014532876730308564e+00 -1.058146228286361179e+00 -1.100752451165508461e+00 -1.142355343248544486e+00 -1.182962289088323571e+00 -1.222578651304333741e+00 -1.261197836732445454e+00 -1.298780657959146989e+00 -1.335206088204644370e+00 -1.405325223230412757e+00
4.828082711242654215e-03 -3.075395458643276347e-02 -6.087159999062923682e-02 -8.998081983827090069e-02 -1.182677053279890533e-01 -1.457186701129281614e-01 -1.722828252507584423e-01 -1.979058228158946664e-01 -2.225372483530639878e-01 -2.461317669979984912e-01 -2.686481625787626726e-01 -2.900481942495412579e-01 -3.102959673531275331e-01 -3.293575480171062608e-01 -3.472014881803029973e-01 -3.637997536499868456e-01 -3.791290042626627721e-01 -3.931723499256561394e-01 -4.059209234613487816e-01 -4.173756540636314738e-01 -4.275484594974823249e-01 -4.364629808231230146e-01 -4.441548386532235826e-01 -4.506709464354194949e-01 -4.560678302824634489e-01 -4.604082359184106799e-01 -4.637537875976762702e-01 -4.661474309366074320e-01 -4.675644191936302319e-01 -4.585211650816846118e-01
7.830117631780738122e-03 2.095578531811360945e-02 4.154760304593434206e-02 6.359826314290775717e-02 8.674240234492038015e-02 1.109238323906266005e-01 1.361516009508909053e-01 1.624450974350163390e-01 1.898188356690440060e-01 2.182796083274955445e-01 2.478269904492806375e-01 2.784546949711634301e-01 3.101520532347889492e-01 3.429046666302542068e-01 3.766950986914603394e-01 4.115030225558740651e-01 4.473048579084056842e-01 4.840735602605698018e-01 5.217775585975319430e-01 5.603803350968912245e-01 5.998392404771367703e-01 6.401041506152752580e-01 6.811166488167939015e-01 7.228084758111816832e-01 7.651000049861396146e-01 8.078995354579409094e-01 8.511038898803855446e-01 8.946027411111986405e-01 9.382995735805530479e-01 1.042302070370099809e+00
-5.178104257026024809e-03 -1.454652238383428303e-02 -1.992217404043464604e-02 -2.448324462415698427e-02 -2.846114490662235083e-02 -3.191986534996715114e-02 -3.488094337797092992e-02 -3.735276427799197330e-02 -3.933951722553993141e-02 -4.084418023326025216e-02 -4.186941089563603335e-02 -4.241774425364812362e-02 -4.249161328383377345e-02 -4.209338767293135247e-02 -4.122552536990110872e-02 -3.989084357948307485e-02 -3.809292360949421974e-02 -3.583660462448930162e-02 -3.312858663065862408e-02 -2.997802956465091262e-02 -2.639719567775263356e-02 -2.240208566615056393e-02 -1.801296546843763474e-02 -1.325486414707210611e-02 -8.157913627417927652e-03 -2.757249255248887809e-03 2.908082751019910525e-03 8.798900039406101770e-03 1.488877680145741893e-02 3.184136800961433200e-02
8.548258096162953887e-03 5.658993580953909294e-03 4.369771346098523697e-03 3.420720510246742785e-03 2.761564295323056147e-03 2.398701040785680000e-03 2.347748668139311434e-03 2.623871853152303854e-03 3.239790797555200039e-03 4.205841824870537420e-03 5.530541783210040155e-03 7.221146759644453579e-03 9.284053707500338273e-03 1.172495996045380684e-02 1.454883066497452901e-02 1.775966298984219677e-02 2.136006555015730959e-02 2.535075270734747643e-02 2.972990071952216762e-02 3.449257110965703310e-02 3.963010264559095608e-02 4.512956612077753671e-02 5.097341028863931062e-02 5.713915525181501032e-02 6.359925386491468990e-02 7.032133101390460050e-02 7.726914081907834686e-02 8.440539741345669256e-02 9.170127347110035299e-02 1.105599595448733818e-01
-2.115019991675954475e-02 -1.762190001481147780e-02 -2.475948178641360770e-02 -3.378733175026051028e-02 -4.434435353710308725e-02 -5.648060074021905852e-02 -7.031248641495757568e-02 -8.595046928341808223e-02 -1.034830568452330957e-01 -1.229767039922024796e-01 -1.444796031865366315e-01 -1.680257389610996521e-01 -1.936382037843436543e-01 -2.213309896139380450e-01 -2.511100228423580050e-01 -2.829731566826798606e-01 -3.169092704599726362e-01 -3.528972664768764145e-01 -3.909042079116261670e-01 -4.308842137785847126e-01 -4.727769133481767860e-01 -5.165061249345055394e-01 -5.619796026719281468e-01 -6.090885837065712627e-01 -6.577080793585075025e-01 -7.076993725028929427e-01 -7.589169086622791216e-01 -8.112270954056219896e-01 -8.645702299115303191e-01 -1.000826115032996455e+00
1.238313279673275424e-03 -5.138492217419050878e-02 -9.888878153107710789e-02 -1.454817384515380285e-01 -1.913128095056040590e-01 -2.363526937603867561e-01 -2.805395114091927544e-01 -3.238082819817373892e-01 -3.660966742582930644e-01 -4.073460324795198928e-01 -4.475004960256119824e-01 -4.865060627395998427e-01 -5.243103312142205485e-01 -5.608622602821253800e-01 -5.961131436389393023e-01 -6.300179281226617745e-01 -6.625368226667531779e-01 -6.936375871965982931e-01 -7.232972825232814040e-01 -7.515044942890278801e-01 -7.782605114837379823e-01 -8.035798255371564558e-01 -8.274901432871484275e-01 -8.500308623324561719e-01 -8.712501719038916459e-01 -8.912000294877230333e-01 -9.099260644622984007e-01 -9.274445039664436230e-01 -9.436809075968961569e-01 -9.651113086376521544e-01
-4.519110709547309590e-04 2.733389700568727640e-02 6.463123200104523014e-02 1.038059146791605880e-01 1.443234955051694024e-01 1.860609179365257104e-01 2.289898516649565563e-01 2.731030762201674955e-01 3.183923577983500119e-01 3.648431367496723365e-01 4.124339263158215418e-01 4.611372271426429359e-01 5.109210163853787900e-01 5.617493384284664160e-01 6.135833530963658022e-01 6.663818498889645392e-01 7.201012360027891912e-01 7.746959198464997698e-01 8.301174873957872791e-01 8.863148077060650776e-01 9.432328807277053917e-01 1.000811280633640221e+00 1.058983114485032573e+00 1.117672647034952949e+00 1.176792632467784427e+00 1.236242244538921398e+00 1.295905635673727740e+00 1.355652604351949897e+00 1.415352677973013673e+00 1.553738732282624380e+00
-3.032534186259348147e-03 5.435773945121483153e-02 1.065853720063061338e-01 1.580187161151063724e-01 2.087470903882119588e-01 2.586875303987749564e-01 3.077348660068755515e-01 3.557901776118486681e-01 4.027646429789070726e-01 4.485789073325081588e-01 4.931608325659045389e-01 5.364435401946830995e-01 5.783644610958798005e-01 6.188645742114526893e-01 6.578890961899404033e-01 6.953886020223631892e-01 7.313204796382076767e-01 7.656511203925462361e-01 7.983574799942552147e-01 8.294291205802482025e-01 8.588690576144739630e-01 8.866938283771892415e-01 9.129330123195541491e-01 9.376270692276651442e-01 9.608236912639401828e-01 9.825718230011076804e-01 1.002909987490206767e+00 1.021839829097706209e+00 1.039255793253928140e+00 1.060874523098200406e+00
4.115091984226226102e-03 -5.692428340898496308e-02 -1.078614980234198772e-01 -1.569715105865804317e-01 -2.046090834349717502e-01 -2.507538495541603574e-01 -2.953146613838467660e-01 -3.381935319648354255e-01 -3.792999646606147746e-01 -4.185532958277199400e-01 -4.558810415169908259e-01 -4.912168236859784098e-01 -5.244991547397621634e-01 -5.556706710272379945e-01 -5.846789174275096590e-01 -6.114778321683216333e-01 -6.360298381663009870e-01 -6.583087178217092994e-01 -6.783021888716205261e-01 -6.960147687408579920e-01 -7.114696588907278851e-01 -7.247098361865855765e-01 -7.357982810370724547e-01 -7.448166024907885152e-01 -7.518619117588428713e-01 -7.570406035850342219e-01 -7.604550170699151401e-01 -7.621716352158698360e-01 -7.621322009841793310e-01 -7.398317862762644470e-01
9.286336766315900562e-03 1.249336098643959517e-02 3.833199116689296748e-02 6.839338315772615362e-02 1.016375998638404943e-01 1.379487562165629955e-01 1.774011560521654984e-01 2.200961421186995448e-01 2.661184191362250262e-01 3.155279920774803348e-01 3.683621318461024474e-01 4.246396458773117888e-01 4.843651004177821351e-01 5.475309256542075786e-01 6.141189699578804007e-01 6.841005224498558634e-01 7.574349351372940964e-01 8.340683264668790065e-01 9.139304764045743656e-01 9.969331510754342318e-01 1.082967092364613970e+00 1.171899000094365206e+00 1.263570149888682437e+00 1.357794043518772309e+00 1.454355028461616239e+00 1.553010564416112071e+00 1.653500600504500317e+00 1.755576222971843237e+00 1.859099719403533912e+00 2.118073356261619189e+00
1.677032738140903090e-02 -6.419040191738242807e-02 -1.412401761829603364e-01 -2.177233885156717730e-01 -2.935693839923462223e-01 -3.686162344846119487e-01 -4.427050273647527012e-01 -5.156925152487898956e-01 -5.874484938824824365e-01 -6.578528504775726926e-01 -7.267922088940147463e-01 -7.941575923952693961e-01 -8.598436986761410772e-01 -9.237483587839434573e-01 -9.857741268158204395e-01 -1.045830444273860849e+00 -1.103836245731958154e+00 -1.159723689276269898e+00 -1.213440841654258140e+00 -1.264955134365927547e+00 -1.314254874719545718e+00 -1.361349458699456783e+00 -1.406268678911396730e+00 -1.449059222361214871e+00 -1.489778729837061499e+00 -1.528486300917600182e+00 -1.565224664055068438e+00 -1.599981331709090515e+00 -1.632589040689207849e+00 -1.681523037047125246e+00
2.825524686396539698e-03 -8.854339285569778895e-03 -2.272459353955217504e-02 -3.697053202287867851e-02 -5.147252994199509601e-02 -6.620981253907839981e-02 -8.118239762225029632e-02 -9.639303613961461292e-02 -1.118419369093105881e-01 -1.275258045148390251e-01 -1.434379753012288705e-01 -1.595688919669395189e-01 -1.759067254813481695e-01 -1.924377171689754251e-01 -2.091467216640092719e-01 -2.260176362516591597e-01 -2.430337287612756025e-01 -2.601781514069481660e-01 -2.774341164092040124e-01 -2.947853858524983606e-01 -3.122163611913930659e-01 -3.297120219701510369e-01 -3.472579676751343936e-01 -3.648399768939196708e-01 -3.824433830928782307e-01 -4.000524831636713130e-01 -4.176498637773963796e-01 -4.352157350168236460e-01 -4.527293481497907668e-01 -4.927243491942524534e-01
3.958627546068703429e-03 2.857310991061957385e-03 6.505019416505914732e-03 1.109854622108522731e-02 1.640598630889382459e-02 2.238854064795339771e-02 2.904939504478146542e-02 3.639976224228574225e-02 4.444951109737119849e-02 5.320513322482556262e-02 6.266985846901541868e-02 7.284431027000759507e-02 8.372718949418622714e-02 9.531557010000418773e-02 1.076050675456692585e-01 1.205896917342297314e-01 1.342614002835414710e-01 1.486096270491241711e-01 1.636204380322260343e-01 1.792759264281247877e-01 1.955533385107497135e-01 2.124241836747675638e-01 2.298536445899258818e-01 2.477997905044944937e-01 2.662129412877456969e-01 2.850356486605940542e-01 3.042038474132407466e-01 3.236512122636907018e-01 3.433257914214338236e-01 3.919475559828423106e-01
3.257677164821039251e-03 1.365366155291926689e-03 7.278286317458196146e-03 1.470648343669002378e-02 2.326977792814330370e-02 3.290749593643204490e-02 4.362806560797493488e-02 5.545272206450427982e-02 6.839998607083193349e-02 8.248230337715205251e-02 9.770625111658406969e-02 1.140736441439552107e-01 1.315826958928633383e-01 1.502285611392450981e-01 1.700036846969966708e-01 1.908976586255017316e-01 2.128966171069378577e-01 2.359826126450178807e-01 2.601324123390715282e-01 2.853166947073438320e-01 3.114988239612768717e-01 3.386336043574210142e-01 3.666665199428275623e-01 3.955326631003323601e-01 4.251559255592342601e-01 4.554492429325491254e-01 4.863168881601286353e-01 5.176623783066690576e-01 5.494175249218218315e-01 6.284561026726861455e-01
7.598796886814824375e-03 -5.801402415722031747e-02 -1.300961328703533759e-01 -2.035301636508642376e-01 -2.778273078211374592e-01 -3.528150688378233757e-01 -4.284004597886588162e-01 -5.045111587348266591e-01 -5.810755187044468473e-01 -6.580174494956128051e-01 -7.352551479464750628e-01 -8.127015067881542265e-01 -8.902656925497400842e-01 -9.678539061123738740e-01 -1.045371564263769759e+00 -1.122725266492375029e+00 -1.199824505657107077e+00 -1.276584290815146572e+00 -1.352926147050870664e+00 -1.428780284497670694e+00 -1.504085585908591094e+00 -1.578788461698715784e+00 -1.652841539975413943e+00 -1.726199539448851628e+00 -1.798813359637252862e+00 -1.870622461342354770e+00 -1.941542809965517868e+00 -2.011444372919878099e+00 -2.080105015277110336e+00 -2.224035575279865284e+00
-5.833698245497990001e-03 -6.097266314934559478e-02 -1.198092447387152648e-01 -1.794067320929177978e-01 -2.395153346577528763e-01 -3.000646741530661465e-01 -3.610228825159990107e-01 -4.223627138255140467e-01 -4.840507844469012499e-01 -5.460460478518113225e-01 -6.083001855111573875e-01 -6.707587405597716934e-01 -7.333628330580368448e-01 -7.960499781560215204e-01 -8.587558825629929560e-01 -9.214159496150535755e-01 -9.839664996583805667e-01 -1.046346697072286114e+00 -1.108499176656988272e+00 -1.170371687186441134e+00 -1.231917079077177402e+00 -1.293092522321797277e+00 -1.353858777041146322e+00 -1.414177365933018571e+00 -1.474006512153896331e+00 -1.533295978991787489e+00 -1.591978799087701235e+00 -1.649955637564083588e+00 -1.707063365300575342e+00 -1.828478170375950507e+00
-2.819759055469859416e-03 2.259165732977162777e-02 5.172698701928728215e-02 8.167733427193946127e-02 1.121690507030590755e-01 1.431032976719788241e-01 1.744281804361097754e-01 2.061069602018579805e-01 2.381070209133495930e-01 2.703964564187826269e-01 3.029428325047563986e-01 3.357129030538425485e-01 3.686729295882652524e-01 4.017886869607182332e-01 4.350260569865457838e-01 4.683514944833186977e-01 5.017323342207459236e-01 5.351374506434591893e-01 5.685371957548472910e-01 6.019038587261942297e-01 6.352112304481696281e-01 6.684337612109372273e-01 7.015457871090077235e-01 7.345196962192609424e-01 7.673235527377380016e-01 7.999183628584448646e-01 8.322541234025683243e-01 8.642629673948322155e-01 8.958470276147534328e-01 9.641313184845961004e-01
-6.301917595965780827e-03 2.731863831233738785e-02 5.265148052087603031e-02 7.657532425087149042e-02 9.935465886223522614e-02 1.209426568189672369e-01 1.412403983740450619e-01 1.601506661031593670e-01 1.775893917094567009e-01 1.934863434895111034e-01 2.077827094986748058e-01 2.204284976446785338e-01 2.313806938281175729e-01 2.406021425692417837e-01 2.480615074721878310e-01 2.537339059950851072e-01 2.576021087437344592e-01 2.596581667603991006e-01 2.599050828535079960e-01 2.583583930572883602e-01 2.550473061079651105e-01 2.500153238631057651e-01 2.433200777661500003e-01 2.350323411167778986e-01 2.252338698144498719e-01 2.140128992606657177e-01 2.014543763681173327e-01 1.876163021743438852e-01 1.724612735392888896e-01 1.209462193173382882e-01
1.650661110838434059e-02 -4.750956315071822034e-02 -9.978526665818787666e-02 -1.499649951065631925e-01 -1.984053726346701740e-01 -2.450363576458425841e-01 -2.897162139652961210e-01 -3.323042364181471586e-01 -3.726756072930322850e-01 -4.107223167481621195e-01 -4.463498532152890830e-01 -4.794737659468409352e-01 -5.100174876108902744e-01 -5.379110538067034541e-01 -5.630917059812889924e-01 -5.855055014657237766e-01 -6.051097830084989360e-01 -6.218765255194083075e-01 -6.357955333371854145e-01 -6.468777810883261647e-01 -6.551577590599773071e-01 -6.606948790582939379e-01 -6.635736905742817271e-01 -6.639023635004346335e-01 -6.618090975955946975e-01 -6.574347461913166990e-01 -6.509169312906816218e-01 -6.423520736491775684e-01 -6.316879672426932713e-01 -5.806992012972411743e-01
-3.957208496584391916e-03 -2.960165448326220958e-02 -6.138477096927512366e-02 -9.431289501082693039e-02 -1.280789200412698337e-01 -1.626389193496785290e-01 -1.980018870370237050e-01 -2.341821664447580331e-01 -2.711862621164325415e-01 -3.090108999270104184e-01 -3.476438855185163823e-01 -3.870656877160068010e-01 -4.272512178317616760e-01 -4.681707421346986697e-01 -5.097911035514749445e-01 -5.520764984320275515e-01 -5.949888487600559772e-01 -6.384885221299820834e-01 -6.825341205430921487e-01 -7.270830346433766467e-01 -7.720910025223490791e-01 -8.175113348368494570e-01 -8.632944996259190873e-01 -9.093865658882293035e-01 -9.557272747578329231e-01 -1.002248331601530040e+00 -1.048871714087869389e+00 -1.095508556454924509e+00 -1.142065400869044733e+00 -1.248997286533886086e+00
4.802233884543370343e-03 2.385332465773608301e-02 3.524370742680610347e-02 4.528938016321994164e-02 5.431963716128134639e-02 6.235594081789878895e-02 6.935764349746645352e-02 7.527593194985898739e-02 8.006761768698147930e-02 8.369779608144048422e-02 8.613910198798536977e-02 8.737028212849048958e-02 8.737497885371983686e-02 8.614097893320621369e-02 8.365999747627909933e-02 7.992789650299812754e-02 7.494528275966161335e-02 6.871828806400687162e-02 6.125953222187694586e-02 5.258891271440820775e-02 4.273432408652178688e-02 3.173215881221892049e-02 1.962730910525234754e-02 6.472896521104571504e-03 -7.670646439084837648e-03 -2.273803386257552267e-02 -3.866503503953388349e-02 -5.540363000605637994e-02 -7.296789850241168496e-02 -1.242293173465124773e-01
4.658832276586097679e-03 6.928435068723308443e-04 -1.530461674374731726e-03 -3.381132119110275697e-03 -4.936607204642892016e-03 -6.207726237134704450e-03 -7.191166581447642342e-03 -7.880918083624576659e-03 -8.271251936938775126e-03 -8.357319516293981732e-03 -8.135032973329594380e-03 -7.600805837079923147e-03 -6.751348802826189974e-03 -5.583605152464848204e-03 -4.094828901682754513e-03 -2.282808947699280916e-03 -1.462332711061010634e-04 2.314867781461647095e-03 5.098574315603062596e-03 8.200556795076746966e-03 1.161353083477799884e-02 1.532674840511439457e-02 1.932561852232683036e-02 2.359136880285910703e-02 2.810083879410932989e-02 3.282657818772913294e-02 3.773755298427996369e-02 4.280144683374385861e-02 4.799253959427438043e-02 6.167494203774961936e-02
9.699744917699090058e-03 1.417889151574661111e-02 1.349815436615976055e-02 1.189957630624471560e-02 9.650894840217890194e-03 6.800497702955070854e-03 3.347494538471696389e-03 -7.193632680564474718e-04 -5.410571185094161656e-03 -1.073302929557693082e-02 -1.668978599366360491e-02 -2.328052310366044569e-02 -3.050217532914679258e-02 -3.834932379122106549e-02 -4.681451447451025205e-02 -5.588838749229545211e-02 -6.555963172553073981e-02 -7.581496246191854471e-02 -8.663887468818165516e-02 -9.801359737009146533e-02 -1.099188733261653728e-01 -1.223317276670934095e-01 -1.352264509149018468e-01 -1.485744434699526328e-01 -1.623442258700552032e-01 -1.765021135048521761e-01 -1.910143670919925429e-01 -2.058534401366657884e-01 -2.210187382288418545e-01 -2.605383043070834681e-01
5.447463078761755409e-03 1.013035338378071373e-02 1.438006115037831698e-02 1.861131873952994245e-02 2.283778850586878212e-02 2.705426845417368761e-02 3.125229006693699962e-02 3.542347012851254640e-02 3.956025810550657662e-02 4.365610780985941519e-02 4.770541522545049262e-02 5.170341840471061323e-02 5.564613224017567195e-02 5.953024138571979401e-02 6.335306556853469162e-02 6.711250331929433099e-02 7.080694576619042668e-02 7.443521168801564558e-02 7.799638089367708083e-02 8.148966231325477372e-02 8.491414384484675948e-02 8.826848289949172643e-02 9.155058445199629191e-02 9.475714204101443050e-02 9.788306411403289997e-02 1.009207058965809201e-01 1.038585626687956870e-01 1.066785327818341178e-01 1.093490825431061436e-01 1.136451902129598235e-01
-2.637593158593805331e-03 7.073826545680729841e-03 2.304985431637519844e-02 4.028709501465690263e-02 5.842156341360757454e-02 7.735939432126574811e-02 9.707158482727853976e-02 1.175458972213464792e-01 1.387721691658528878e-01 1.607383029174304645e-01 1.834294574657945875e-01 2.068283089359743698e-01 2.309157015423522474e-01 2.556708865136912423e-01 2.810719608784966739e-01 3.070960153793406699e-01 3.337189836169776047e-01 3.609156477753309722e-01 3.886590116598412359e-01 4.169201076403580841e-01 4.456671570242224378e-01 4.748645094056842542e-01 5.044718367067917431e-01 5.344426555825605440e-01 5.647227165592993980e-01 5.952487615152159961e-01 6.259477862899638367e-01 6.567379107845197073e-01 6.875378844296462510e-01 7.594911194970699331e-01
4.895608103133448907e-03 -2.475414241836321194e-02 -5.268476379071225513e-02 -8.029848596409935868e-02 -1.076126816744127634e-01 -1.345961188724192625e-01 -1.612114776208583844e-01 -1.874226710522882977e-01 -2.131952780308755957e-01 -2.384963115094290709e-01 -2.632935497813907455e-01 -2.875550482297090094e-01 -3.112491057997020527e-01 -3.343442114942546395e-01 -3.568097015262245986e-01 -3.786165909201729685e-01 -3.997385505927079086e-01 -4.201532986278507242e-01 -4.398436361042988851e-01 -4.587988087780651147e-01 -4.770152207985159931e-01 -4.944967474353643144e-01 -5.112548079452337024e-01 -5.273075106019493585e-01 -5.426780407203085632e-01 -5.573919828013700339e-01 -5.714720795938751374e-01 -5.849265073817444538e-01 -5.977186050112248683e-01 -6.190949217731356313e-01
-4.212126415282773512e-03 -2.522270137583596666e-02 -5.485994140003785935e-02 -8.610156263594247184e-02 -1.185307872548347907e-01 -1.520936560092924494e-01 -1.868094064669338639e-01 -2.227054301147981252e-01 -2.597995763245626311e-01 -2.980973643490762992e-01 -3.375930877153890952e-01 -3.782718677167021259e-01 -4.201118453277744025e-01 -4.630853291615338874e-01 -5.071601004797545720e-01 -5.523001170095235279e-01 -5.984656716937488685e-01 -6.456138468435910216e-01 -6.936979316308576893e-01 -7.426676761271396865e-01 -7.924685191912447246e-01 -8.430405250768225889e-01 -8.943178354544696340e-01 -9.462270051939325466e-01 -9.986851274202064310e-01 -1.051598609837566478e+00 -1.104862900695377181e+00 -1.158365313035077726e+00 -1.212003891570043734e+00 -1.338120539860053970e+00
-5.824112749619837770e-03 7.132950068756001294e-02 1.454289958359429868e-01 2.191519513639341998e-01 2.924414252752539634e-01 3.651691250489832452e-01 4.372098289236872604e-01 5.084513103403414114e-01 5.787919090572078984e-01 6.481382378563116387e-01 7.164024578002876620e-01 7.835003539140539264e-01 8.493507592535364248e-01 9.138748906553866291e-01 9.769975422110938057e-01 1.038648616148269088e+00 1.098764887182074990e+00 1.157292785875835950e+00 1.214190067984661781e+00 1.269428391029097103e+00 1.322994103536006882e+00 1.374888024229525385e+00 1.425124793317533722e+00 1.473729856901825785e+00 1.520734685288687160e+00 1.566169587290136000e+00 1.610050329011452508e+00 1.652348777259442292e+00 1.692918504186052164e+00 1.765768139090433841e+00
1.514442847238334743e-02 8.802068499184297762e-03 4.496382798127923283e-03 5.907920001689548339e-04 -2.940418025543088676e-03 -6.058298248297278726e-03 -8.718604463336035795e-03 -1.088261890560451861e-02 -1.251835815020378891e-02 -1.359951907859096448e-02 -1.410402060072232962e-02 -1.401278093415141840e-02 -1.330889855829186369e-02 -1.197726833831873165e-02 -1.000460103103577303e-02 -7.379787510128915304e-03 -4.094560754852616738e-03 -1.443195177103524102e-04 4.470895524926648060e-03 9.745522659278034461e-03 1.566765339551528732e-02 2.221837999754706916e-02 2.937149424546226656e-02 3.709338874544677866e-02 4.534332816491017104e-02 5.407445805919421089e-02 6.323628158041151581e-02 7.278094271329860199e-02 8.268243436055869311e-02 1.098845695612465645e-01
-2.045589338388003817e-03 3.670583166926814911e-02 6.906635389633197786e-02 1.003733921472452356e-01 1.308146710717710826e-01 1.603428822064006665e-01 1.888722080418538951e-01 2.163185333056471538e-01 2.426075168519051528e-01 2.676750613477496543e-01 2.914654186181052653e-01 3.139292273253596610e-01 3.350222657262019732e-01 3.547046155003005241e-01 3.729408934625607075e-01 3.897009710422992823e-01 4.049610928017545741e-01 4.187054761724161023e-01 4.309276953615544525e-01 4.416321959647804829e-01 4.508351446574780930e-01 4.585647314459104784e-01 4.648608751803715577e-01 4.697738892045831283e-01 4.733619936308417486e-01 4.756867436877426636e-01 4.768035951351325408e-01 4.767397274212090696e-01 4.754322218440156234e-01 4.568962694759159948e-01
-4.383467415795462563e-03 4.416166750053651668e-02 9.031842556568475677e-02 1.361914747200816955e-01 1.817459591488043147e-01 2.268854203809405057e-01 2.715146074255526121e-01 3.155486482851810326e-01 3.589118526430785105e-01 4.015359373843676583e-01 4.433578842306884482e-01 4.843183634865906861e-01 5.243610999228075498e-01 5.634323027258985039e-01 6.014813301553196823e-01 6.384616362381378973e-01 6.743319168017704035e-01 7.090578946295764684e-01 7.426134357518089368e-01 7.749821660477411722e-01 8.061579539103478353e-01 8.361447030107576062e-01 8.649557621021020104e-01 8.926117968721385409e-01 9.191374212345775341e-01 9.445560360922986565e-01 9.688802011757152721e-01 9.920904982399065819e-01 1.014081257888205467e+00 1.050078142532782977e+00
-6.072052753004389403e-03 -3.738836897728239558e-03 1.179007202887303457e-03 6.675784675287537405e-03 1.255790050226097271e-02 1.874926471266187555e-02 2.520814356588869584e-02 3.190625348034565462e-02 3.882136357333598742e-02 4.593439871202753544e-02 5.322813325971603726e-02 6.068658401828763704e-02 6.829477237570497072e-02 7.603852838271552006e-02 8.390448106528178296e-02 9.188003811846615076e-02 9.995332148114609294e-02 1.081131663849590890e-01 1.163489134934172775e-01 1.246502878376660323e-01 1.330070148182602718e-01 1.414082875741759504e-01 1.498422103971441821e-01 1.582949411570618858e-01 1.667496719172718023e-01 1.751855174750046040e-01 1.835761354414275348e-01 1.918877592216136352e-01 2.000764718941186460e-01 2.178548231075578823e-01
5.531784372773982349e-03 -1.019950864675840674e-02 -1.859897394224542880e-02 -2.560075639835064643e-02 -3.152105222106284244e-02 -3.638733768038207583e-02 -4.016824939709071063e-02 -4.282389726201536739e-02 -4.431873052230947407e-02 -4.462395045423619283e-02 -4.371678833681514470e-02 -4.157917434156535585e-02 -3.819662518744292024e-02 -3.355767527229968489e-02 -2.765383324846695801e-02 -2.048004765143708605e-02 -1.203563633987244155e-02 -2.325428916222236145e-03 8.638776752422061209e-03 2.083694711639061392e-02 3.423950692892299003e-02 4.880621487914600654e-02 6.448556884816296353e-02 8.121439448649941939e-02 9.891801892657872686e-02 1.175118518824209424e-01 1.369059554004900536e-01 1.570175644857498831e-01 1.778107046383604617e-01 2.347285492600794110e-01
6.013769307734149333e-03 4.417073808885246117e-02 8.061558215447882370e-02 1.168558954279906997e-01 1.529045780973463942e-01 1.887224994728924632e-01 2.242642839869511961e-01 2.594863626038382831e-01 2.943474367420735871e-01 3.288083947730530143e-01 3.628316681159475809e-01 3.963807429669911619e-01 4.294201586916304714e-01 4.619153079519036087e-01 4.938330354890798635e-01 5.251422970237398236e-01 5.558148427912145140e-01 5.858263518203410403e-01 6.151569612879173032e-01 6.437922581252104592e-01 6.717233860673799128e-01 6.989466844983452942e-01 7.254631840862044712e-01 7.512769505306413631e-01 7.763925830033104880e-01 8.008115637080029936e-01 8.245255771390256339e-01 8.475020336414115230e-01 8.696479798147696005e-01 9.106070135639010577e-01
2.441338818429287377e-03 2.882487444045751801e-02 7.051604070272561586e-02 1.151352337350881605e-01 1.619018964460466337e-01 2.106800590407540974e-01 2.614740975841708392e-01 3.143140536811601660e-01 3.692229712972754374e-01 4.262099578142105605e-01 4.852704170136758477e-01 5.463882807085183035e-01 6.095387021423497309e-01 6.746892672506255018e-01 7.418014354775521735e-01 8.108310239986751267e-01 8.817277886194331282e-01 9.544353920246098077e-01 1.028889741352346565e+00 1.105018618755859938e+00 1.182739791161075527e+00 1.261958778954386240e+00 1.342567621465999395e+00 1.424442178625697997e+00 1.507439513394603470e+00 1.591397013175610775e+00 1.676134425275069173e+00 1.761464108836737097e+00 1.847236495621880970e+00 2.052385123505711562e+00
-1.464950648824887500e-03 3.485985310137044990e-02 6.716937569898660809e-02 9.886415989794683501e-02 1.300261697466351674e-01 1.605981872399357135e-01 1.905040161719969427e-01 2.196718434837692802e-01 2.480379053626478314e-01 2.755461433447582986e-01 3.021465397603254055e-01 3.277936072523252031e-01 3.524455557189618560e-01 3.760636752649050840e-01 3.986126753865146810e-01 4.200613553769891872e-01 4.403835326962007302e-01 4.595594276157832780e-01 4.775766955243097023e-01 4.944316972054330073e-01 5.101300337679244290e-01 5.246865641352509435e-01 5.381249920315457347e-01 5.504763896311019034e-01 5.617767045561887773e-01 5.720625865798332210e-01 5.813631890508319522e-01 5.896814962837892971e-01 5.969440459656001341e-01 6.006823050936720421e-01
-7.980150021500757862e-03 3.192453598015082550e-02 7.332300825079610118e-02 1.151576106327996535e-01 1.572038128211103170e-01 1.993346264569942905e-01 2.414595889212677871e-01 2.835060283665503111e-01 3.254101638611948122e-01 3.671133856414500185e-01 4.085600158260408454e-01 4.496961117116684559e-01 4.904692191306722071e-01 5.308280294735248095e-01 5.707230775222069674e-01 6.101075409188732035e-01 6.489380708591077074e-01 6.871761835701011290e-01 7.247888731840013143e-01 7.617497953165054403e-01 7.980393058550692142e-01 8.336438740995331109e-01 8.685553123970866096e-01 9.027685424671013648e-01 9.362783727893652097e-01 9.690751229731244809e-01 1.001137209994097166e+00 1.032416068661571096e+00 1.062800861678615316e+00 1.122529820854541782e+00
1.064138758116815048e-03 4.027933840359538414e-02 7.566167953431959803e-02 1.104607654667127542e-01 1.447592544971785800e-01 1.785068622189986132e-01 2.116340269597344892e-01 2.440741212704824470e-01 2.757670226907912303e-01 3.066590409874328516e-01 3.367015280985679593e-01 3.658495997475330608e-01 3.940614988972465094e-01 4.212980679606643797e-01 4.475231845987907020e-01 4.727044746026438649e-01 4.968142368776267137e-01 5.198308501739186127e-01 5.417397459545305605e-01 5.625346941582021199e-01 5.822182797194910275e-01 6.008018516128283970e-01 6.183050966092455969e-01 6.347544734247106968e-01 6.501806211515036571e-01 6.646141294692315959e-01 6.780773064841277842e-01 6.905655478880636799e-01 7.019977999155824211e-01 7.153509728725964134e-01
2.835200822620951785e-03 3.320429808667194060e-02 6.894700631882719200e-02 1.057956067103944520e-01 1.434235516587119563e-01 1.817433581565307266e-01 2.207240229514152441e-01 2.603478263311349017e-01 3.005967819835878019e-01 3.414494009507796357e-01 3.828801871317230043e-01 4.248601089918410678e-01 4.673575746627725569e-01 5.103387568280846054e-01 5.537684606503638918e-01 5.976106641324867574e-01 6.418287259054321625e-01 6.863859877872012794e-01 7.312454083719145403e-01 7.763699376567980703e-01 8.217218018397225432e-01 8.672613781558287105e-01 9.129463509371122942e-01 9.587296403119774935e-01 1.004556861165979420e+00 1.050363769595987540e+00 1.096073076649185740e+00 1.141589948604175841e+00 1.186798662853578712e+00 1.288084962335495742e+00
-5.824173110315730706e-03 4.156176978031395595e-03 1.487606730584987991e-02 2.583529257495848636e-02 3.691447550083126056e-02 4.804047885438174348e-02 5.916026126151217868e-02 7.023228783125644303e-02 8.122215720324760246e-02 9.210029581566225865e-02 1.028404627665827631e-01 1.134188221951679676e-01 1.238134771015816371e-01 1.340041382525788416e-01 1.439721762398612492e-01 1.537007772841602893e-01 1.631751553396916798e-01 1.723829174937351882e-01 1.813142214720467327e-01 1.899620208434126267e-01 1.983219549127134551e-01 2.063919936419713608e-01 2.141719206547377241e-01 2.216623481528428030e-01 2.288633481995066554e-01 2.357725563987743966e-01 2.423820188268379361e-01 2.486718459728988750e-01 2.545947485888045980e-01 2.640478779656188490e-01
-8.847252318436683166e-03 2.351051840745833205e-02 4.890087371078701006e-02 7.313363661921397363e-02 9.639727214140406120e-02 1.186257413576988218e-01 1.397147944325608238e-01 1.595657065190634050e-01 1.780936743491052521e-01 1.952275737949111245e-01 2.109073130352055458e-01 2.250812334201997000e-01 2.377043367787773365e-01 2.487372065149186517e-01 2.581460053300109747e-01 2.659031104222118191e-01 2.719882743183903440e-01 2.763902156838135005e-01 2.791081957384595746e-01 2.801535409209934824e-01 2.795506718158898285e-01 2.773375978813509835e-01 2.735656643112343023e-01 2.682984303760366784e-01 2.616093991176233757e-01 2.535775295024493836e-01 2.442777639861749561e-01 2.337584535067866454e-01 2.219768371343242286e-01 1.790714567933825441e-01
9.011047236886365885e-05 1.328346576320961481e-02 2.657208759157450584e-02 3.997312920990009344e-02 5.342607827330825288e-02 6.688486638071719503e-02 8.031265865845947649e-02 9.367890307075936451e-02 1.069571626670162701e-01 1.201239504367384858e-01 1.331578652286649622e-01 1.460390412201483246e-01 1.587489228955520359e-01 1.712700423398084981e-01 1.835861462881340500e-01 1.956823662126737084e-01 2.075453999252335202e-01 2.191638559739939596e-01 2.305283416135912311e-01 2.416316982872781793e-01 2.524688569719091280e-01 2.630364706031961264e-01 2.733324490708096688e-01 2.833550051524619806e-01 2.931013259214901856e-01 3.025657321435503144e-01 3.117365313305494601e-01 3.205895266726026538e-01 3.290722069065170619e-01 3.442417137978530661e-01
-9.024996152841659874e-03 8.376401010744095182e-03 2.299429789084068282e-02 3.721415848667106868e-02 5.105225231021095350e-02 6.443399286896939193e-02 7.727937894366317118e-02 8.951832277644627966e-02 1.010919928937127898e-01 1.119512228757475747e-01 1.220543102161300575e-01 1.313651816341214751e-01 1.398522021045597030e-01 1.474874451014194787e-01 1.542466388442490510e-01 1.601094900045827996e-01 1.650603033163625111e-01 1.690888537124441426e-01 1.721912009040873492e-01 1.743704716456687120e-01 1.756372888888963479e-01 1.760098419111904011e-01 1.755134996111871459e-01 1.741798467777146697e-01 1.720450148655102707e-01 1.691467203757061055e-01 1.655184130833611822e-01 1.611758765627453460e-01 1.560799258574465664e-01 1.351325875299126122e-01
-1.104739273592362202e-02 -3.522370049082626520e-02 -6.891319225829915796e-02 -1.043688554208199865e-01 -1.411617675432326746e-01 -1.792565313766814328e-01 -2.186926293308609770e-01 -2.595139295806049295e-01 -3.017502996430491136e-01 -3.454154939698118598e-01 -3.905091027713910590e-01 -4.370193409283104069e-01 -4.849258238918572328e-01 -5.342010209909726637e-01 -5.848117876941544280e-01 -6.367201326053846255e-01 -6.898833005430252685e-01 -7.442541587782214307e-01 -7.997803747846963240e-01 -8.564045662048642704e-01 -9.140632969359976379e-01 -9.726857794385753708e-01 -1.032193229445877769e+00 -1.092496986432010431e+00 -1.153496445593275910e+00 -1.215077811888503723e+00 -1.277114063899890795e+00 -1.339468763093808912e+00 -1.402019281669140582e+00 -1.549407245283840551e+00
4.799581846031797383e-03 1.224800385103983445e-02 1.300525130269167967e-02 1.257598104688009005e-02 1.126752228317339302e-02 9.112144217095156928e-03 6.085240209720536517e-03 2.153901763510815068e-03 -2.710163893734586146e-03 -8.528043777762049985e-03 -1.531409589160328232e-02 -2.307713141605705759e-02 -3.182155104210596108e-02 -4.154801688365195034e-02 -5.225386024044299110e-02 -6.393312251105290334e-02 -7.657627083110021826e-02 -9.016987870957796081e-02 -1.046959889005018851e-01 -1.201317589314312567e-01 -1.364489334573449342e-01 -1.536133826622366472e-01 -1.715850424114117867e-01 -1.903177822149963172e-01 -2.097596257709066769e-01 -2.298540625491945766e-01 -2.505437165146088274e-01 -2.717804478806302715e-01 -2.935579660915327294e-01 -3.510145281218881030e-01
7.046729447897947737e-03 3.708962962774739469e-02 6.553377707256685669e-02 9.377798393164903101e-02 1.218506073442742199e-01 1.497267739416418553e-01 1.773732961761666227e-01 2.047572317189522151e-01 2.318470173225284647e-01 2.586127033066329961e-01 2.850255767824540487e-01 3.110578336116479603e-01 3.366825946289122018e-01 3.618737494092980622e-01 3.866064063006270368e-01 4.108573771998780821e-01 4.346056707703152000e-01 4.578333250795112996e-01 4.805257638945342746e-01 5.026725051623077700e-01 5.242671817996846784e-01 5.453071996255833831e-01 5.657932841179762473e-01 5.857281337693867052e-01 6.051144084120210209e-01 6.239517937809926362e-01 6.422316275398539664e-01 6.599252376663637953e-01 6.769547647656470879e-01 7.080946936566353545e-01
1.594496075102567328e-03 2.094406841093256200e-02 3.813476921931378827e-02 5.502170459960403770e-02 7.164881370050751874e-02 8.798355493310794362e-02 1.039830450465497047e-01 1.196069966068394608e-01 1.348197958159359500e-01 1.495903376254757444e-01 1.638911238484361821e-01 1.776974327961945432e-01 1.909868443705375896e-01 2.037388690637733923e-01 2.159350752122706774e-01 2.275593749544765620e-01 2.385984272664911365e-01 2.490422671483349393e-01 2.588847260569058784e-01 2.681239706593671057e-01 2.767626373437396259e-01 2.848076861872792520e-01 2.922700284092061285e-01 2.991635800227712694e-01 3.055037625314147021e-01 3.113050778336085012e-01 3.165764464695466907e-01 3.213107152571684777e-01 3.254566111876213697e-01 3.277520605391959219e-01
-4.335070397238471179e-04 -3.180080189763825893e-02 -6.322226329983646198e-02 -9.465669759126429939e-02 -1.260613796709717516e-01 -1.574130200370606747e-01 -1.886929568141827440e-01 -2.198824733160610334e-01 -2.509605787480508332e-01 -2.819038453495620322e-01 -3.126864300165749233e-01 -3.432803106298952800e-01 -3.736558596882721961e-01 -4.037820994079382442e-01 -4.336275705298984207e-01 -4.631611818729305385e-01 -4.923530369533875573e-01 -5.211756775338494130e-01 -5.496047732557574061e-01 -5.776203008091456148e-01 -6.052069397278376783e-01 -6.323540800205965651e-01 -6.590557774462635354e-01 -6.853096732817258729e-01 -7.111152353264417192e-01 -7.364712474287804511e-01 -7.613713042672740627e-01 -7.857943911823910277e-01 -8.096830873733777967e-01 -8.582964276517259794e-01
9.250219462433746306e-03 -1.385016896640987871e-02 -2.323603302857448621e-02 -3.005892197173651997e-02 -3.490259672482839970e-02 -3.780781705929846248e-02 -3.870683354097956275e-02 -3.751832937865778872e-02 -3.417155518812524384e-02 -2.861049961339126591e-02 -2.079222506366814466e-02 -1.068409599440649053e-02 1.738588416024821476e-03 1.649383634611338231e-02 3.359331770233309200e-02 5.304175110576073160e-02 7.483541946415955826e-02 9.896038459610363713e-02 1.253900219535852567e-01 1.540830390084052814e-01 1.849812941826917412e-01 2.180079120460842179e-01 2.530664228522410131e-01 2.900400810109919347e-01 3.287922163384181529e-01 3.691692215710464242e-01 4.110090809131287104e-01 4.541646927926124566e-01 4.985782013277847424e-01 6.175961830557442633e-01
6.148908575696641204e-03 2.935126954924948892e-02 6.110273355585920524e-02 9.453197930938062044e-02 1.291959110558495161e-01 1.650127480367927224e-01 2.019793141544842519e-01 2.401065652439188236e-01 2.794010753763597199e-01 3.198612717640867964e-01 3.614776458786312929e-01 4.042340924977841921e-01 4.481095622423604263e-01 4.930787558695520212e-01 5.391130756168164284e-01 5.861809912338376005e-01 6.342478491577012711e-01 6.832759793948115501e-01 7.332237033387638547e-01 7.840451940618770044e-01 8.356892627275909202e-01 8.880978564034776035e-01 9.412051254483372320e-01 9.949353920530029649e-01 1.049200975495578447e+00 1.103900755487927210e+00 1.158919704357318725e+00 1.214131354505414651e+00 1.269415742817885828e+00 1.398828910609823506e+00
1.087266460827612802e-02 -2.032245923426388018e-02 -4.099890198534718311e-02 -5.972480793549124478e-02 -7.690515015323813597e-02 -9.254075779162981852e-02 -1.065557210547384281e-01 -1.188674527403763559e-01 -1.294033909239575841e-01 -1.381033808079432101e-01 -1.449178244133956239e-01 -1.498052344931261048e-01 -1.527303797155147858e-01 -1.536632787820623736e-01 -1.525792230928987026e-01 -1.494596047800058058e-01 -1.442934577746141922e-01 -1.370794271137590337e-01 -1.278280483372153387e-01 -1.165638320944992479e-01 -1.033271561062185234e-01 -8.817572848909020766e-02 -7.118517682841964123e-02 -5.244903347802649940e-02 -3.207758994009241721e-02 -1.019430990585994470e-02 1.307304869617264761e-02 3.761526742648922672e-02 6.341073164029403797e-02 1.390269986603058228e-01
6.248978488444720952e-03 -1.342430883036014114e-02 -3.664983376394082004e-02 -6.053571763531012673e-02 -8.485743532419137702e-02 -1.095548754924404039e-01 -1.346066930426952635e-01 -1.600002698351029040e-01 -1.857222339704389102e-01 -2.117561122460175638e-01 -2.380819325781976248e-01 -2.646765478303181318e-01 -2.915143472332010210e-01 -3.185676240136601223e-01 -3.458073632388172225e-01 -3.732039032475870655e-01 -4.007274690272849549e-01 -4.283490186359084073e-01 -4.560405290632961184e-01 -4.837757516820898607e-01 -5.115302638173614413e-01 -5.392812083178706306e-01 -5.670071105383520660e-01 -5.946868289246872719e-01 -6.222980910820636868e-01 -6.498158649873682080e-01 -6.772101268633964333e-01 -7.044424237509205877e-01 -7.314619535281284834e-01 -7.916200744858529204e-01
-1.724297326274642356e-03 -4.090382281024655675e-02 -8.545136126219064765e-02 -1.310390637216501675e-01 -1.773515519313123567e-01 -2.243163284960497661e-01 -2.719134744415762639e-01 -3.201310885311776655e-01 -3.689518802094083894e-01 -4.183507629702810093e-01 -4.682951278075782042e-01 -5.187460037584140649e-01 -5.696596881105570054e-01 -6.209885529385938963e-01 -6.726825214773416439e-01 -7.246902019185622601e-01 -7.769596940505871796e-01 -8.294399260835014775e-01 -8.820808861466948869e-01 -9.348347312872280490e-01 -9.876555702248094315e-01 -1.040498682693423937e+00 -1.093319925530462200e+00 -1.146073518102770361e+00 -1.198709024722838468e+00 -1.251167913625392814e+00 -1.303378631491646011e+00 -1.355248457828089670e+00 -1.406651641502756345e+00 -1.520024796005612355e+00
1.325014407631784630e-02 -3.769095297392247024e-02 -6.972658787904523203e-02 -9.829227941981250050e-02 -1.241374472219297503e-01 -1.472766966841650427e-01 -1.675830358282995036e-01 -1.849156679471190556e-01 -1.991510617273256067e-01 -2.101877382831005003e-01 -2.179432738391910984e-01 -2.223500800935415689e-01 -2.233520966263310148e-01 -2.209029610531171861e-01 -2.149658528562101156e-01 -2.055147087425057140e-01 -1.925366513788049627e-01 -1.760350796830244535e-01 -1.560333544666839267e-01 -1.325780674862568898e-01 -1.057420815592082092e-01 -7.562688459233571359e-02 -4.236343645198800689e-02 -6.112104163731091333e-03 3.293931294535897003e-02 7.458181584577100454e-02 1.186006685299976771e-01 1.648152574925011993e-01 2.132000787614142800e-01 3.528812733197850271e-01
-4.644566687607083397e-03 -2.984954633398141308e-02 -5.122439453699856315e-02 -7.185015317137899427e-02 -9.191206509803989677e-02 -1.114454521102625911e-01 -1.304498411449297735e-01 -1.489145723020812162e-01 -1.668258239113046271e-01 -1.841689586007479451e-01 -2.009290285559170164e-01 -2.170908151898039429e-01 -2.326389498859219029e-01 -2.475579518532966816e-01 -2.618327330051403168e-01 -2.754492365184436076e-01 -2.883952089120080386e-01 -3.006612712084847372e-01 -3.122418084592802345e-01 -3.231360824531961384e-01 -3.333489665743743502e-01 -3.428914505703447579e-01 -3.517809773421233244e-01 -3.600411993435356228e-01 -3.677011966231875650e-01 -3.747938038408598072e-01 -3.813517686362509762e-01 -3.873982910289470172e-01 -3.929207421671124245e-01 -3.988696981941781683e-01
-1.614974794379411133e-03 5.630807114046548073e-02 1.133389477432154985e-01 1.703643735302181883e-01 2.272802879921329011e-01 2.839845735657196557e-01 3.403884012478102239e-01 3.964139247525889642e-01 4.519899521132335063e-01 5.070498556092438713e-01 5.615297398462153478e-01 6.153673229046827675e-01 6.685018006702302396e-01 7.208734899940427709e-01 7.724248091919301284e-01 8.231013955725149378e-01 8.728532910887263352e-01 9.216368814552029498e-01 9.694158718054957102e-01 1.016163024360138945e+00 1.061860463959352741e+00 1.106499219782436372e+00 1.150078543679331267e+00 1.192603376203452470e+00 1.234080518151438710e+00 1.274513166472342807e+00 1.313891114698572560e+00 1.352169862269103850e+00 1.389219545580450355e+00 1.460037658029322394e+00
2.658572592880874275e-03 4.014197521544606018e-02 7.207165186132670487e-02 1.030883738648517567e-01 1.333697428420990705e-01 1.628865768815131454e-01 1.915733008734685217e-01 2.193633043742138633e-01 2.461964153319092796e-01 2.720198366248145483e-01 2.967869001833379206e-01 3.204556620497548969e-01 3.429880563936240079e-01 3.643492705331887738e-01 3.845080511596342121e-01 4.034373655147133197e-01 4.211153508454023586e-01 4.375267071291089049e-01 4.526638030694249970e-01 4.665279797791853644e-01 4.791301886547317257e-01 4.904911412302731533e-01 5.006410032119368303e-01 5.096180935499812215e-01 5.174665609564365054e-01 5.242322697668339027e-01 5.299544121375987515e-01 5.346459338769338210e-01 5.382396934114312970e-01 5.328003493553723491e-01
1.154760755780730869e-03 -7.605502641376179693e-03 -2.573695893188512884e-02 -4.559412451381998632e-02 -6.672230983765410628e-02 -8.905876148691632688e-02 -1.126223157666418340e-01 -1.374435831166482824e-01 -1.635458420884367547e-01 -1.909414315102205828e-01 -2.196324660192855438e-01 -2.496126326165303833e-01 -2.808691043048295310e-01 -3.133835722292327985e-01 -3.471332525748361264e-01 -3.820913236796115720e-01 -4.182268451205502502e-01 -4.555048445158225157e-01 -4.938855702202729070e-01 -5.333244207335329223e-01 -5.737711202254145437e-01 -6.151687350360114381e-01 -6.574532254325926584e-01 -7.005522415396046032e-01 -7.443839696963139296e-01 -7.888569768203923527e-01 -8.338719239770212566e-01 -8.793287055863436841e-01 -9.251558932187835538e-01 -1.036234318789835074e+00
-1.561593100204713980e-02 2.374330892148130215e-02 5.735824911124487446e-02 9.007969680834418402e-02 1.219836079469461820e-01 1.529540302620111814e-01 1.828564061726633827e-01 2.115698538863871048e-01 2.389911153605981109e-01 2.650325006230686009e-01 2.896183224432475889e-01 3.126818429609366512e-01 3.341633623553151300e-01 3.540090371494392651e-01 3.721710339859145567e-01 3.886083665389001851e-01 4.032882801574586562e-01 4.161881998454117215e-01 4.272974947729241135e-01 4.366193119171452031e-01 4.441716511538627565e-01 4.499877497585890729e-01 4.541156612527584846e-01 4.566166242432719846e-01 4.575620620627797175e-01 4.570281483948610002e-01 4.550848463180501291e-01 4.517705304846694192e-01 4.470214339641627177e-01 4.184764070351548737e-01
-1.134345306082469931e-02 -5.502103799933888428e-02 -1.030776888768798472e-01 -1.519798262041947012e-01 -2.015043928298717868e-01 -2.516218970257838583e-01 -3.023382044499562937e-01 -3.536587109218887748e-01 -4.055784392663285276e-01 -4.580814848197682365e-01 -5.111423439002564795e-01 -5.647277188218424726e-01 -6.187985634645747357e-01 -6.733110933781136787e-01 -7.282183980399834500e-01 -7.834716119452951322e-01 -8.390206858856118499e-01 -8.948156934391863215e-01 -9.508069600180049097e-01 -1.006946148080844372e+00 -1.063185979902245615e+00 -1.119479425862496491e+00 -1.175779167259920710e+00 -1.232035407334462818e+00 -1.288192886875752396e+00 -1.344187486737835613e+00 -1.399941250511502977e+00 -1.455353908089774606e+00 -1.510290190312249425e+00 -1.631467582028458541e+00
7.259731576228089719e-03 -2.141732553831662139e-02 -4.805565164660716149e-02 -7.432481321071426894e-02 -1.002462751439611166e-01 -1.257816104977839133e-01 -1.508856403913814148e-01 -1.755157544222610555e-01 -1.996326025463331932e-01 -2.231996299427047026e-01 -2.461821094662851594e-01 -2.685463920302241236e-01 -2.902596663223899753e-01 -3.112897950282221826e-01 -3.316058923716392881e-01 -3.511791337030662485e-01 -3.699837591426274885e-01 -3.879984904680277014e-01 -4.052076498172901275e-01 -4.216025582629526203e-01 -4.371823265168519046e-01 -4.519542421406611554e-01 -4.659338656238281029e-01 -4.791442301730231001e-01 -4.916142635757960733e-01 -5.033760594873285532e-01 -5.144594372614322841e-01 -5.248796135819691067e-01 -5.346047273146324885e-01 -5.484903714159354848e-01
2.355334713918853448e-03 3.519409477834437722e-02 6.450357198917934520e-02 9.326776267474332083e-02 1.215744012904293458e-01 1.493857530220032981e-01 1.766445109755500065e-01 2.032949250814396203e-01 2.292865745470873684e-01 2.545745484040279338e-01 2.791183479936878431e-01 3.028808222260167549e-01 3.258276175385767526e-01 3.479267247893694237e-01 3.691488233552477349e-01 3.894678604291460511e-01 4.088618107372231636e-01 4.273138280441836079e-01 4.448130446440531349e-01 4.613556120725880172e-01 4.769450762201606908e-01 4.915923108970162714e-01 5.053151225729757279e-01 5.181369141787444121e-01 5.300844823999995015e-01 5.411844058820987069e-01 5.514560027064190351e-01 5.608953601662314270e-01 5.694326886620874051e-01 5.779789842340039563e-01
-1.794503505748714853e-03 9.814157514973824437e-03 2.365267564930277969e-02 3.800464622151294297e-02 5.269965055696569645e-02 6.767100331951513004e-02 8.288137754504532051e-02 9.830408252760075571e-02 1.139164064181809599e-01 1.296973205964096210e-01 1.456265235882646669e-01 1.616840900600832187e-01 1.778504910779732939e-01 1.941065019246379364e-01 2.104334181517377167e-01 2.268132148849529572e-01 2.432286228637483005e-01 2.596633649197111482e-01 2.761020185507983560e-01 2.925301119883424450e-01 3.089337543166390532e-01 3.252990385668314000e-01 3.416114520789891862e-01 3.578547367784716271e-01 3.740094474698886784e-01 3.900512752567151242e-01 4.059486451367848581e-01 4.216585649093727017e-01 4.371189283408897785e-01 4.700919801522143726e-01
-1.598858972980017612e-04 2.627356743776315326e-02 4.562766573244880774e-02 6.377315498821167772e-02 8.096684418731606159e-02 9.719221676503535245e-02 1.123829228317907575e-01 1.264702463471269744e-01 1.393940467056444810e-01 1.511041561161304281e-01 1.615589105567090122e-01 1.707233294880206032e-01 1.785677703386417958e-01 1.850670864074147048e-01 1.902005652704325256e-01 1.939523572227116466e-01 1.963123174197893839e-01 1.972771550988652034e-01 1.968516237550176073e-01 1.950496370338090923e-01 1.918950761133511596e-01 1.874222284139540062e-01 1.816756491086902736e-01 1.747094321632129132e-01 1.665856013314723494e-01 1.573706865144857414e-01 1.471281871008308928e-01 1.359001471046565601e-01 1.236535620397685858e-01 8.246792387476357955e-02
4.221816231621732841e-03 1.397299268359758831e-02 3.161742459146478501e-02 5.080851934345248511e-02 7.114556920585105027e-02 9.255679073358864806e-02 1.150422534814095066e-01 1.386155400129256976e-01 1.632872350049995869e-01 1.890613912134569419e-01 2.159356576890326396e-01 2.439024051301136586e-01 2.729500412039086443e-01 3.030635863052234535e-01 3.342252805707591756e-01 3.664146807174097908e-01 3.996082721280286298e-01 4.337792100748613100e-01 4.688962617064832417e-01 5.049233372162662548e-01 5.418183068379798240e-01 5.795316656644775577e-01 6.180056921505817646e-01 6.571729305597276971e-01 6.969547199974781559e-01 7.372605583675709839e-01 7.779888710828790632e-01 8.190317764816227308e-01 8.602970633856298344e-01 9.590519630164706655e-01
-4.740740559587494629e-03 -5.519598601496021606e-02 -9.852545905472628873e-02 -1.405453587875450383e-01 -1.815417409635531887e-01 -2.215310472177663692e-01 -2.604727605852634742e-01 -2.983152459664503153e-01 -3.350069310170084580e-01 -3.704991981562792969e-01 -4.047461825492507659e-01 -4.377040391160825772e-01 -4.693306600056077471e-01 -4.995854224622456874e-01 -5.284300265185237766e-01 -5.558296930248632917e-01 -5.817546834718155813e-01 -6.061824342012274158e-01 -6.290993019692063815e-01 -6.505026927139294646e-01 -6.704023417391770101e-01 -6.888210220898711711e-01 -7.057947761057046243e-01 -7.213718472648105173e-01 -7.356103528402606617e-01 -7.485738544458885313e-01 -7.603219172282378313e-01 -7.708877129725950628e-01 -7.802166022038663495e-01 -7.859891832801112477e-01
1.945370663819653498e-02 -9.020507571480915199e-03 -2.568725109609366203e-02 -4.018332269708624338e-02 -5.293135831494190369e-02 -6.390490541418791803e-02 -7.299754033175720469e-02 -8.010080784274914434e-02 -8.512201731617294320e-02 -8.798583105348145583e-02 -8.863134742900760643e-02 -8.700872094907793897e-02 -8.307658175588927829e-02 -7.680066173318608747e-02 -6.815358118192722803e-02 -5.711566149772240308e-02 -4.367663692004879888e-02 -2.783779708580615131e-02 -9.614639928409420000e-03 1.096085031455196895e-02 3.383799976329455311e-02 5.894571124799898032e-02 8.619183170556037055e-02 1.154630513224620403e-01 1.466260595032672920e-01 1.795315293424641356e-01 2.140240899308895883e-01 2.499681194680704599e-01 2.873268422046028059e-01 3.916198906627431642e-01
6.863974482235624813e-05 -4.830165557801581813e-03 -8.935725622937703422e-03 -1.283383128352537372e-02 -1.658058335066961778e-02 -2.020006854869929938e-02 -2.370611641580219059e-02 -2.710770625750636570e-02 -3.041087051524635557e-02 -3.361962540560976126e-02 -3.673644665676428778e-02 -3.976255869831883671e-02 -4.269816175438558709e-02 -4.554258979620172398e-02 -4.829452409994322570e-02 -5.095221886577694370e-02 -5.351375307100474099e-02 -5.597735365411263264e-02 -5.834170530908272534e-02 -6.060633483180234704e-02 -6.277195460543671945e-02 -6.484079510895786325e-02 -6.681694290988320073e-02 -6.870660139753856366e-02 -7.051830122837376980e-02 -7.226305157677197222e-02 -7.395434135357920047e-02 -7.560777514936443955e-02 -7.723971719289235427e-02 -8.062829311745761673e-02
1.659830587634580912e-03 3.131886837123367545e-02 6.926116115476724233e-02 1.088517157348487530e-01 1.496225508158323114e-01 1.914651234573396532e-01 2.343533608393032486e-01 2.782792069359253939e-01 3.232331835259805164e-01 3.691998494838405476e-01 4.161573445126007242e-01 4.640782583376829029e-01 5.129310348146888243e-01 5.626805115127604395e-01 6.132889434740498302e-01 6.647165348580813538e-01 7.169214858526741230e-01 7.698604440649436942e-01 8.234877925184883596e-01 8.777558388333979167e-01 9.326137739421860307e-01 9.880062247435299483e-01 1.043872275381584558e+00 1.100143163501735799e+00 1.156739630498982541e+00 1.213569704248469883e+00 1.270526741860977360e+00 1.327488581216926811e+00 1.384326676806770795e+00 1.515014182390825637e+00
-1.407060400831277105e-02 -2.511015217051996290e-02 -3.749086830763383171e-02 -5.004415460603194726e-02 -6.279036340504834390e-02 -7.579336995447519265e-02 -8.911286910373966696e-02 -1.027964634932660715e-01 -1.168795688758718365e-01 -1.313875855285442651e-01 -1.463380894912326424e-01 -1.617426414920791200e-01 -1.776082171749024663e-01 -1.939379674634564565e-01 -2.107318539253220935e-01 -2.279869334856911012e-01 -2.456973621696130206e-01 -2.638544865128908956e-01 -2.824465597017330465e-01 -3.014588491243705981e-01 -3.208734609111344449e-01 -3.406691921049439520e-01 -3.608217451523277330e-01 -3.813036741131836660e-01 -4.020844188399123054e-01 -4.231308071232485202e-01 -4.444082898906899781e-01 -4.658842188600694767e-01 -4.875398886991523240e-01 -5.395963320074579350e-01
-3.665462186210744280e-03 2.676872254869295392e-02 6.240652932092241589e-02 9.914253737414124856e-02 1.366197233978857506e-01 1.747206430875081207e-01 2.133896253657227571e-01 2.525893535875298745e-01 2.922863233837201813e-01 3.324465959045965757e-01 3.730344671522881628e-01 4.140123332531611133e-01 4.553412568821441631e-01 4.969810759154685842e-01 5.388911875314532640e-01 5.810311260988523241e-01 6.233609055049027514e-01 6.658417906708531397e-01 7.084361547879509668e-01 7.511080191460239863e-01 7.938224924447688791e-01 8.365447382875573767e-01 8.792390964413780985e-01 9.218669231788871876e-01 9.643838427191372409e-01 1.006736742675381269e+00 1.048859664601115238e+00 1.090667157542499321e+00 1.132044590924828453e+00 1.223062550112028690e+00
9.384225308703548346e-03 4.904443954061240424e-02 8.505308856405566220e-02 1.204888221791804159e-01 1.554739481388382472e-01 1.899956672139710978e-01 2.240149230780543177e-01 2.574891584666416655e-01 2.903771969704972422e-01 3.226404643611577860e-01 3.542426384257811867e-01 3.851491284869559828e-01 4.153269496911017877e-01 4.447444563610378765e-01 4.733718800859539888e-01 5.011819897225269216e-01 5.281508392842335642e-01 5.542589604453116436e-01 5.794920441041072623e-01 6.038420193331310859e-01 6.273073281758057007e-01 6.498927500863843632e-01 6.716090163654511169e-01 6.924713387532290820e-01 7.124970496344982251e-01 7.317018864271593870e-01 7.500928008614083931e-01 7.676517380350795783e-01 7.842933180509084057e-01 8.112574855238425808e-01
-5.830052229559228028e-03 -2.956040310471520424e-02 -5.206721398037839760e-02 -7.431064718154684057e-02 -9.635928725731970901e-02 -1.182371982959428275e-01 -1.399539564774034683e-01 -1.615116798020498901e-01 -1.829071978730038572e-01 -2.041335489667365777e-01 -2.251807766786428910e-01 -2.460365023286353037e-01 -2.666865419773035151e-01 -2.871152072962138146e-01 -3.073059696567618237e-01 -3.272420809508252981e-01 -3.469071682454015759e-01 -3.662861131441986773e-01 -3.853655742314983645e-01 -4.041348667246191795e-01 -4.225863525799566367e-01 -4.407156148081060043e-01 -4.585216412493771654e-01 -4.760063572382727259e-01 -4.931737378370548153e-01 -5.100284328407870271e-01 -5.265730415574018108e-01 -5.428020063177397825e-01 -5.586868478412616579e-01 -5.909593358190774470e-01
-1.876621077365641169e-02 1.389925304705309783e-03 2.371643121625541251e-02 4.660694169049781760e-02 6.977762255146777171e-02 9.307120735801055478e-02 1.163791324270306154e-01 1.396181231541562262e-01 1.627194273585999829e-01 1.856235170276487045e-01 2.082768659020136359e-01 2.306300411797287120e-01 2.526368048407948708e-01 2.742535142327803821e-01 2.954393475460328489e-01 3.161567719980948876e-01 3.363721604374116381e-01 3.560567686773190577e-01 3.751873051814622606e-01 3.937467224184267311e-01 4.117242789399888081e-01 4.291151009614140310e-01 4.459194209430302203e-01 4.621408410498088482e-01 4.777838316984455158e-01 4.928502463777957865e-01 5.073335244408712086e-01 5.212070892750173545e-01 5.343964355272398103e-01 5.571098615238295748e-01
9.401814800144991588e-03 -2.927935403779131918e-02 -6.491601195413701508e-02 -1.000163616631110641e-01 -1.346150389331198793e-01 -1.686546043105762172e-01 -2.020672813943165114e-01 -2.347895383975906469e-01 -2.667633886207958493e-01 -2.979356832199727689e-01 -3.282566340145394723e-01 -3.576786404895995197e-01 -3.861558378902708588e-01 -4.136438012751070259e-01 -4.401002728935951569e-01 -4.654862306108632497e-01 -4.897672377694193280e-01 -5.129153418925864738e-01 -5.349105843874015775e-01 -5.557428477164327862e-01 -5.754128801200091292e-01 -5.939327523798004771e-01 -6.113258714501383917e-01 -6.276257749933564778e-01 -6.428738323442506619e-01 -6.571152882067308187e-01 -6.703914323676694043e-01 -6.827219023566808431e-01 -6.940578440334785881e-01 -7.079874002605464067e-01
-7.982958360282430693e-03 1.302328510330864539e-02 3.186858432373040201e-02 5.043809056763213367e-02 6.871675078600887610e-02 8.662527258117350137e-02 1.040843169462536966e-01 1.210250134224852558e-01 1.373889469693443388e-01 1.531263799647199497e-01 1.681941387965424362e-01 1.825539397396498953e-01 1.961713838529854925e-01 2.090153075132891169e-01 2.210578537181958625e-01 2.322748671184393654e-01 2.426465353767314759e-01 2.521583278123868399e-01 2.608017595800057320e-01 2.685752215845876312e-01 2.754843345688488543e-01 2.815419069985515277e-01 2.867674869314528197e-01 2.911862001159024604e-01 2.948268408014591002e-01 2.977186947521550109e-01 2.998854490129853057e-01 3.013315377145636687e-01 3.020052031164250916e-01 2.941933532315422761e-01
-3.929892323713305227e-03 3.333036456222953497e-02 6.956200139018986484e-02 1.057407515847699625e-01 1.417898132671844835e-01 1.776200315327594592e-01 2.131521195302714111e-01 2.483175080798177836e-01 2.830554758984054065e-01 3.173111657050503576e-01 3.510337549127793833e-01 3.841752168520398136e-01 4.166898635072830981e-01 4.485339164740804740e-01 4.796660397200321335e-01 5.100480627946655243e-01 5.396458267513044582e-01 5.684305236259326044e-01 5.963794631674942393e-01 6.234772463133271270e-01 6.497160061364786188e-01 6.750950894102565325e-01 6.996204537319351546e-01 7.233028204117296633e-01 7.461548566191134046e-01 7.681870099534580110e-01 7.893999667282204369e-01 8.097684541504091005e-01 8.292004914280811656e-01 8.628239573861820055e-01
1.115480714235673153e-02 -6.123353332912825908e-02 -1.280388415960261872e-01 -1.939208642699953022e-01 -2.589451889773248805e-01 -3.230047551188726662e-01 -3.859723023779352280e-01 -4.477278836932284678e-01 -5.081615850471967732e-01 -5.671724672856646166e-01 -6.246660075917427335e-01 -6.805520470976014202e-01 -7.347440283847627152e-01 -7.871584451054440823e-01 -8.377161503317962499e-01 -8.863442308831678274e-01 -9.329783367835172703e-01 -9.775659926190960469e-01 -1.020069110993874872e+00 -1.060467129102583561e+00 -1.098758561109572485e+00 -1.134961469707352677e+00 -1.169113118145202801e+00 -1.201267290731188542e+00 -1.231489508847670722e+00 -1.259849039435959606e+00 -1.286403380406456964e+00 -1.311163617910686252e+00 -1.334003562341866456e+00 -1.362985885114417872e+00
1.000530606390245478e-02 1.433806486057479651e-02 1.946166063477640026e-02 2.478650212915124718e-02 3.029457426245332069e-02 3.599376607301572883e-02 4.189463321234843107e-02 4.800594473330831169e-02 5.433394545402844139e-02 6.088277467830776474e-02 6.765502294250762272e-02 7.465222021714829070e-02 8.187522510221176275e-02 8.932434869301211777e-02 9.699943042906231105e-02 1.048997395940780425e-01 1.130237166786569880e-01 1.213687136914295972e-01 1.299305182619420185e-01 1.387030165358908718e-01 1.476776925126675744e-01 1.568431150928835671e-01 1.661845758656481653e-01 1.756835865167552524e-01 1.853173823837635514e-01 1.950585476518650330e-01 2.048747146287027421e-01 2.147284688611803827e-01 2.245790498206862718e-01 2.472633611881250026e-01
3.638327060064934157e-04 6.860170040339025159e-03 1.359809618352525451e-02 2.046092138290609916e-02 2.739651236864521638e-02 3.436884147008188728e-02 4.135025661731214774e-02 4.831847839674278250e-02 5.525480269766667313e-02 6.214311227598574155e-02 6.896918620623768148e-02 7.572025415950658922e-02 8.238477022930848492e-02 8.895221634643922515e-02 9.541310273749939452e-02 1.017589937770544267e-01 1.079825344211384347e-01 1.140775505205254281e-01 1.200389988457835899e-01 1.258629761955664672e-01 1.315465098558012413e-01 1.370872123476956916e-01 1.424828673313461302e-01 1.477307411945150140e-01 1.528266752087484859e-01 1.577638659406933042e-01 1.625308576838341845e-01 1.671075071377091659e-01 1.714552258027272902e-01 1.787972308217719575e-01
9.165941747343305662e-03 6.525099977811362612e-04 -7.900138497965862247e-03 -1.643682708579085466e-02 -2.491286178783271021e-02 -3.329867673843130149e-02 -4.157213823098521166e-02 -4.971530494199414424e-02 -5.771249145019442806e-02 -6.554925445149192842e-02 -7.321170552920998331e-02 -8.068610631799752464e-02 -8.795873692759939577e-02 -9.501585217831046148e-02 -1.018439329509888136e-01 -1.084300566844124125e-01 -1.147623694261948046e-01 -1.208307270822702451e-01 -1.266272572134875540e-01 -1.321470242683457919e-01 -1.373884865951950363e-01 -1.423538031799647385e-01 -1.470490214981408639e-01 -1.514839451796291259e-01 -1.556717386777098366e-01 -1.596281899392492376e-01 -1.633702220717843379e-01 -1.669125599236738755e-01 -1.702590913780983595e-01 -1.756827658267773318e-01
-5.097750639946226070e-03 6.952043724320737528e-02 1.419207761198256756e-01 2.140968036362404792e-01 2.859607692250714095e-01 3.573855426527613455e-01 4.282529404757896008e-01 4.984581067497395046e-01 5.679057930367900076e-01 6.365079066384193851e-01 7.041809575633735108e-01 7.708443467598276033e-01 8.364199501647451296e-01 9.008315437799556680e-01 9.640060015698177498e-01 1.025874765916067632e+00 1.086375495083025555e+00 1.145454696490190383e+00 1.203069223941783283e+00 1.259188699928621702e+00 1.313796169567169825e+00 1.366887781532055479e+00 1.418472112881458136e+00 1.468567176647645134e+00 1.517195753845312911e+00 1.564378517357438048e+00 1.610121389496154798e+00 1.654388065037627031e+00 1.697031282777041516e+00 1.775998147638913727e+00
1.533683827370376299e-03 2.717248257754662465e-03 6.797883958282573309e-03 1.148930135259556770e-02 1.662948879651269390e-02 2.217739216132522811e-02 2.812090361364279201e-02 3.445553205793842194e-02 4.117802391021642416e-02 4.828462205702707677e-02 5.577074421870147070e-02 6.363110594912839424e-02 7.185996777827588500e-02 8.045119820857274395e-02 8.939834361842627364e-02 9.869453861933512318e-02 1.083322531021776725e-01 1.183030491901417708e-01 1.285970781286555342e-01 1.392027229246773912e-01 1.501060110393725444e-01 1.612899637208320969e-01 1.727340786863199584e-01 1.844136025412753954e-01 1.962988029819402180e-01 2.083544645506260340e-01 2.205397427868062976e-01 2.328090530951295034e-01 2.451176609629243663e-01 2.743121200388606296e-01
-8.069325472048978487e-03 -3.034413612164150661e-03 -8.137638507786270486e-03 -1.505513636747789381e-02 -2.337995577966057309e-02 -3.310905260068737477e-02 -4.431413472021457356e-02 -5.707043761342826121e-02 -7.143926392528554548e-02 -8.746599127442790389e-02 -1.051822433386657152e-01 -1.246087259446176376e-01 -1.457576944606835956e-01 -1.686343101266230826e-01 -1.932374713864080940e-01 -2.195598561492773659e-01 -2.475872760914478721e-01 -2.772979745991500100e-01 -3.086612203582858038e-01 -3.416365068340524447e-01 -3.761723462410218044e-01 -4.122051904730517080e-01 -4.496591657406078246e-01 -4.884455794877508583e-01 -5.284629958186103371e-01 -5.695991209094495300e-01 -6.117363759912084475e-01 -6.547675299591784182e-01 -6.986476707422233368e-01 -8.109787811717473760e-01
4.086010577872020363e-03 3.653602918036771841e-02 6.433450315433153488e-02 9.137589225192602194e-02 1.178127064737055363e-01 1.436231901528164934e-01 1.687542838855145555e-01 1.931514386182351939e-01 2.167650241245184795e-01 2.395512634173540822e-01 2.614712979897675371e-01 2.824900899742116556e-01 3.025757737097815592e-01 3.216991513283285475e-01 3.398339660255678130e-01 3.569574484927107716e-01 3.730510828470799400e-01 3.881017459949230863e-01 4.021025731505433742e-01 4.150540094856423612e-01 4.269642754896726400e-01 4.378494179295440158e-01 4.477329962088474336e-01 4.566449069334628241e-01 4.646193422850838917e-01 4.716912449932869067e-01 4.778891447572044537e-01 4.832185253443686546e-01 4.876163478325148959e-01 4.861023036473957615e-01
-4.513781996570447388e-03 -2.186118352057417336e-02 -3.212784223360906632e-02 -4.102109991335023409e-02 -4.889990639263224609e-02 -5.583402808382474658e-02 -6.182674125411037613e-02 -6.686537412494616972e-02 -7.093555511531866864e-02 -7.402511299189679095e-02 -7.612456724518101847e-02 -7.722669152172247087e-02 -7.732601956409576593e-02 -7.641858832732841000e-02 -7.450204197940801798e-02 -7.157606021593823642e-02 -6.764310163112538521e-02 -6.270933122334398924e-02 -5.678574851513845667e-02 -4.988924497257256341e-02 -4.204367567366899816e-02 -3.328082608414487109e-02 -2.364104455557313952e-02 -1.317371742071020424e-02 -1.937298920184227918e-03 1.000175572373110389e-02 2.257249245011149277e-02 3.570947385310965783e-02 4.938466351259879206e-02 8.824670753778417198e-02
-8.371062665127618208e-03 2.321866706829337629e-02 5.485833608224918723e-02 8.665437579545742786e-02 1.184630186253786688e-01 1.501742989358483271e-01 1.817006918549715355e-01 2.129699140440012850e-01 2.439194933087193151e-01 2.744937485425155144e-01 3.046415498644133857e-01 3.343148948594166781e-01 3.634683289294916575e-01 3.920584698222299158e-01 4.200444397535142427e-01 4.473884963759732214e-01 4.740567877421472121e-01 5.000205549533602856e-01 5.252568124309620057e-01 5.497493794975554238e-01 5.734890477543841403e-01 5.964732140786862535e-01 6.187052272565507494e-01 6.401925828155552445e-01 6.609442225965989071e-01 6.809666209491493927e-01 7.002568698414203263e-01 7.187881110766192183e-01 7.364733667796657945e-01 7.672939185587965838e-01
-1.338435549557471377e-03 -7.273975955490705886e-03 -1.203307337686401052e-02 -1.651175503428200381e-02 -2.079073491677118149e-02 -2.490180548305891833e-02 -2.886195013140365265e-02 -3.268173432373316922e-02 -3.636817433793390619e-02 -3.992603206987462711e-02 -4.335842967500434103e-02 -4.666719295288634939e-02 -4.985310170449088613e-02 -5.291605550102126965e-02 -5.585529687459755976e-02 -5.866964572582115955e-02 -6.135776171574116450e-02 -6.391848252398102392e-02 -6.635114909181752396e-02 -6.865601017044303811e-02 -7.083458608609287388e-02 -7.289002394772339799e-02 -7.482745855868472296e-02 -7.665429251850891523e-02 -7.838041485250760165e-02 -8.001832546940929047e-02 -8.158301667928991030e-02 -8.309123460635056690e-02 -8.455893229538716249e-02 -8.728104212948882556e-02
1.296030176458658027e-02 2.907865237031070221e-02 5.428743511578967840e-02 8.124401035679916505e-02 1.095320239204384816e-01 1.391066957690490491e-01 1.699978239764815546e-01 2.022438760050596640e-01 2.358743741787831527e-01 2.709071926990314072e-01 3.073497512745861915e-01 3.452010792693733232e-01 3.844538946510702715e-01 4.250955498165625568e-01 4.671089435933239997e-01 5.104726989570991247e-01 5.551606660910536339e-01 6.011415976641416581e-01 6.483777652692704896e-01 6.968244040891548030e-01 7.464282474247708743e-01 7.971259193783075681e-01 8.488430590331050851e-01 9.014926031495644754e-01 9.549731951134683428e-01 1.009168778356678953e+00 1.063950154708993345e+00 1.119182050814665708e+00 1.174753654497006083e+00 1.308005204592032289e+00
-1.798790663533616704e-03 -2.956192599881701452e-02 -4.089765400720263289e-02 -4.914334661707316088e-02 -5.506640564216394584e-02 -5.876935052858031638e-02 -6.021260107976181275e-02 -5.933103012444376767e-02 -5.606528887852993415e-02 -5.036873018283990339e-02 -4.220685743669214812e-02 -3.155501592441695147e-02 -1.839621306194935690e-02 -2.719958031838522888e-03 1.547806663240608449e-02 3.619538302977938493e-02 5.942121932634503167e-02 8.513471685512100096e-02 1.133024121862244715e-01 1.438762064534259699e-01 1.767910684038155045e-01 2.119629808425744777e-01 2.492878976096571941e-01 2.886408158080009945e-01 3.298758945735920656e-01 3.728293696676509006e-01 4.173284377727977112e-01 4.632161522803526221e-01 5.104314774117152398e-01 6.371813454139995114e-01
-7.167669554482392069e-03 -2.488515163100886787e-02 -4.157902520022333653e-02 -5.802935139312090373e-02 -7.431657120512268067e-02 -9.047942807226606876e-02 -1.065407447450822248e-01 -1.225142055287461174e-01 -1.384069717207599415e-01 -1.542215040287340522e-01 -1.699566613816257399e-01 -1.856084763584336383e-01 -2.011708434201788243e-01 -2.166358757487980569e-01 -2.319944626311213898e-01 -2.472367422973268114e-01 -2.623525184251137565e-01 -2.773318768577562876e-01 -2.921655292993456943e-01 -3.068454532083599307e-01 -3.213651920357131209e-01 -3.357200367765877935e-01 -3.499072790854131920e-01 -3.639260240856011519e-01 -3.777767590709991685e-01 -3.914606867772452148e-01 -4.049783098292126793e-01 -4.183261573558262336e-01 -4.314892268989198865e-01 -4.594125471904481062e-01
1.323650323243084383e-02 2.191038682805873314e-02 3.070059595659404769e-02 3.956077692974628579e-02 4.851516893864205732e-02 5.758519153702342658e-02 6.678691443038098363e-02 7.613158621178306440e-02 8.562649705220323759e-02 9.527608536781709270e-02 1.050827853960078218e-01 1.150476612168768453e-01 1.251709033502687030e-01 1.354519973423561618e-01 1.458898884356838455e-01 1.564829612702280659e-01 1.672288538364438970e-01 1.781243070553671926e-01 1.891647495086971609e-01 2.003440679731297025e-01 2.116541505291246739e-01 2.230843920387861057e-01 2.346213522970126419e-01 2.462481897907135286e-01 2.579440389070642436e-01 2.696834104268714949e-01 2.814353900207422488e-01 2.931623152234555940e-01 3.048181798852970248e-01 3.307613717926614627e-01
-9.461291875504988097e-03 -4.379661216762355258e-02 -7.580574090199068693e-02 -1.073610137820901200e-01 -1.385806073882615008e-01 -1.694952337668180764e-01 -2.001109457746239606e-01 -2.304234359532254806e-01 -2.604221285855590207e-01 -2.900923898351900343e-01 -3.194164935430600649e-01 -3.483742343916347295e-01 -3.769436326603167742e-01 -4.051012475087945597e-01 -4.328230391763330243e-01 -4.600852045480824382e-01 -4.868650015021462885e-01 -5.131419730046652417e-01 -5.388986821397814264e-01 -5.641219154598065000e-01 -5.888031925876962003e-01 -6.129389489324583717e-01 -6.365306791627979299e-01 -6.595841446951613563e-01 -6.821079237889374758e-01 -7.041111122486365392e-01 -7.255987562620050957e-01 -7.465615434834462771e-01 -7.669500636197403853e-01 -8.066708217243685475e-01
-1.765757240722474683e-03 1.786337209195920303e-02 3.605292369234541772e-02 5.408165332069531095e-02 7.193883005466703007e-02 8.957112677485118413e-02 1.069247047693863695e-01 1.239520767908139920e-01 1.406120396552431595e-01 1.568686583524049050e-01 1.726899822772290372e-01 1.880470404582854638e-01 2.029133022580135726e-01 2.172642730302851710e-01 2.310776449617691908e-01 2.443336205284022122e-01 2.570153581178467039e-01 2.691096675901851198e-01 2.806074611659252760e-01 2.915043407113767637e-01 3.018007221739396617e-01 3.115016396839079271e-01 3.206163050010866211e-01 3.291570207402843562e-01 3.371375014650314084e-01 3.445702555506020559e-01 3.514617097739516915e-01 3.578014885706551351e-01 3.635342969219806375e-01 3.693892900215771657e-01
3.656023907676244494e-03 -5.758898401388942018e-02 -1.173317994300683009e-01 -1.768792995197006612e-01 -2.361676415839706056e-01 -2.951128635644190146e-01 -3.536355374616234615e-01 -4.116618331089459959e-01 -4.691206512325069022e-01 -5.259424650228040621e-01 -5.820581248881837588e-01 -6.373982289982323968e-01 -6.918934165981818207e-01 -7.454744070682708390e-01 -7.980734309021910722e-01 -8.496258450427260911e-01 -9.000718771813880359e-01 -9.493591863613679571e-01 -9.974444712313157435e-01 -1.044295832914666544e+00 -1.089893623763511510e+00 -1.134230414237227924e+00 -1.177310555778007917e+00 -1.219147656782959555e+00 -1.259760452488423166e+00 -1.299166551843473405e+00 -1.337370974609782381e+00 -1.374341651926016095e+00 -1.409949004736642753e+00 -1.475434842478286823e+00
1.061552142340410620e-03 2.090096794384673981e-02 4.159836152143899651e-02 6.255686097770232768e-02 8.367195197022550546e-02 1.048880566021832550e-01 1.261662620272872015e-01 1.474750512921934320e-01 1.687862187952239024e-01 1.900733796152508925e-01 2.113111484557268493e-01 2.324747552106340986e-01 2.535400563138103247e-01 2.744834103017216864e-01 2.952820101151295007e-01 3.159141984473421982e-01 3.363597372366224358e-01 3.566003247709414459e-01 3.766196756522529610e-01 3.964038975157309630e-01 4.159412799665196392e-01 4.352217832607252479e-01 4.542364813723023809e-01 4.729762757855099364e-01 4.914301366740320143e-01 5.095828117381324684e-01 5.274110677817932524e-01 5.448762342184014784e-01 5.619073106921705918e-01 5.961251946949095437e-01
-3.913697603237417319e-03 -2.241421620027224393e-02 -3.443575703081822037e-02 -4.520032737447410298e-02 -5.503185309959326976e-02 -6.399139041803669770e-02 -7.207974319940506358e-02 -7.928329512543569324e-02 -8.558682218838034594e-02 -9.097701045930167707e-02 -9.544287650231217390e-02 -9.897536547411114882e-02 -1.015669317568350105e-01 -1.032113166191167969e-01 -1.039037119643246299e-01 -1.036412234377427077e-01 -1.024236233555895492e-01 -1.002543085462208883e-01 -9.714139781608249757e-02 -9.309880468865761038e-02 -8.814725848348879678e-02 -8.231519646296645010e-02 -7.563934376105371782e-02 -6.816506377100867153e-02 -5.994624509504826310e-02 -5.104412246423328803e-02 -4.152370445053586018e-02 -3.144383187292528609e-02 -2.082617690149571321e-02 1.090368311684264402e-02
-2.346179052273952848e-03 3.641638518271024527e-02 7.264506718846003297e-02 1.085410786527859217e-01 1.441057882327028694e-01 1.792650266663627923e-01 2.139401240564787754e-01 2.480599151745055964e-01 2.815610596484720562e-01 3.143868863325512408e-01 3.464856507649791695e-01 3.778091719598508091e-01 4.083122163397782112e-01 4.379519806159634099e-01 4.666885691442221873e-01 4.944857275924563478e-01 5.213117622996905620e-01 5.471409588578629579e-01 5.719545019463847524e-01 5.957417500712491876e-01 6.185006295137758237e-01 6.402374700614102965e-01 6.609664872290414994e-01 6.807080521441735144e-01 6.994859334407317331e-01 7.173229893511782196e-01 7.342330497704154801e-01 7.502029562776426630e-01 7.651458450978587678e-01 7.871310155750003146e-01
3.834716838624938756e-03 -1.491735114410155591e-02 -2.901942786572897504e-02 -4.222812927047015635e-02 -5.473413752829443812e-02 -6.654996108480354389e-02 -7.765183581471025998e-02 -8.801041077539589752e-02 -9.759832741935611788e-02 -1.063917240688475596e-01 -1.143697950359240240e-01 -1.215140186005174844e-01 -1.278076151764986346e-01 -1.332352610064178600e-01 -1.377833062577506484e-01 -1.414403124379071119e-01 -1.441978804954353044e-01 -1.460517337977457197e-01 -1.470028512822977862e-01 -1.470586225558439541e-01 -1.462338163080134923e-01 -1.445513328400925279e-01 -1.420426145146900798e-01 -1.387476622173779983e-01 -1.347145070217162788e-01 -1.299976079361980230e-01 -1.246538591352172459e-01 -1.187323362035855034e-01 -1.122438587374483265e-01 -8.997363069206538999e-02
-2.770451060197970036e-03 -5.478761750661947927e-03 -2.158212879423422256e-02 -4.014984330747713159e-02 -6.056626896011228778e-02 -8.276571345731142948e-02 -1.067937422851984175e-01 -1.327096729170281209e-01 -1.605607435547640460e-01 -1.903776595408200878e-01 -2.221761079489495971e-01 -2.559596066089937505e-01 -2.917222944384747496e-01 -3.294504492796202499e-01 -3.691236985193241393e-01 -4.107153493833753943e-01 -4.541919272666997687e-01 -4.995127972529933569e-01 -5.466287311810855698e-01 -5.954813116754782421e-01 -6.460015030506336409e-01 -6.981081419094408158e-01 -7.517072669036918287e-01 -8.066907084697744201e-01 -8.629350031897351503e-01 -9.203020504718028016e-01 -9.786432067710455485e-01 -1.037813047050064386e+00 -1.097720274644889304e+00 -1.246045378241384505e+00
5.007411958236453534e-03 -6.704166361707014285e-03 -1.638168748840307387e-02 -2.564750232613546149e-02 -3.457444818611704607e-02 -4.316205607949709366e-02 -5.139571026755380967e-02 -5.925901837442895670e-02 -6.673657473440994248e-02 -7.381439763844162283e-02 -8.047960246801566520e-02 -8.672000399834561835e-02 -9.252389792808562996e-02 -9.787996328996417805e-02 -1.027774881608579105e-01 -1.072067709646681577e-01 -1.111596825592524873e-01 -1.146304087859239262e-01 -1.176161826564878360e-01 -1.201180796475592727e-01 -1.221416542571880787e-01 -1.236974332647265279e-01 -1.248012294119623389e-01 -1.254741640834990402e-01 -1.257423646776358317e-01 -1.256360929503757551e-01 -1.251876066991885750e-01 -1.244257537676962122e-01 -1.233603012231140050e-01 -1.170516791919307131e-01
3.869850927362625259e-04 -2.106433446330090858e-02 -4.288174446844079946e-02 -6.474552264984348438e-02 -8.661654407191282656e-02 -1.084826461849738299e-01 -1.303368155641740633e-01 -1.521715293923276424e-01 -1.739767037254640325e-01 -1.957395914138328474e-01 -2.174449385282699321e-01 -2.390752976593785162e-01 -2.606115498535906960e-01 -2.820331654752895600e-01 -3.033188679749063699e-01 -3.244472619545915038e-01 -3.453974295952032536e-01 -3.661498199851062618e-01 -3.866867447189391571e-01 -4.069932385121761698e-01 -4.270573773013450758e-01 -4.468703414699469190e-01 -4.664264770700903284e-01 -4.857226486733756676e-01 -5.047571633265401925e-01 -5.235282797211081585e-01 -5.420315711258887337e-01 -5.602545119712616373e-01 -5.781645675583080290e-01 -6.157216418044620942e-01
3.089545661595770321e-03 3.317608673753892623e-02 6.798224358387261468e-02 1.037735059924747572e-01 1.402559737163966702e-01 1.773473901263999952e-01 2.150160212556068429e-01 2.532423213971383147e-01 2.920067475082230857e-01 3.312868245668038059e-01 3.710566333546983508e-01 4.112871912495913440e-01 4.519473234309754339e-01 4.930039352835789979e-01 5.344228319301095320e-01 5.761692468912664733e-01 6.182080723740565054e-01 6.605044767662023864e-01 7.030236047678211087e-01 7.457309772810003512e-01 7.885918449030755450e-01 8.315701373685573383e-01 8.746276546126705576e-01 9.177220671994108514e-01 9.608044286702783765e-01 1.003816585116737548e+00 1.046687776479114707e+00 1.089329442608731213e+00 1.131629362555649498e+00 1.225714347887375766e+00
-1.210317641515306838e-03 2.123059798653124941e-02 5.059493153547551386e-02 8.135719020971661497e-02 1.131079556950098652e-01 1.457406744275519528e-01 1.792209327238020178e-01 2.135321747429046735e-01 2.486589372317798141e-01 2.845825183980289497e-01 3.212801844327893286e-01 3.587255909031663581e-01 3.968897271487364375e-01 4.357412518880706132e-01 4.752472512474881228e-01 5.153736404372611934e-01 5.560852024221984991e-01 5.973459451120344266e-01 6.391185420494358560e-01 6.813644543970034384e-01 7.240430618392877937e-01 7.671104379102953175e-01 8.105184437372114914e-01 8.542127403117150131e-01 8.981304729520065422e-01 9.421982042900831633e-01 9.863298797171710097e-01 1.030425245654944533e+00 1.074374799586159668e+00 1.174893242706733121e+00
-2.003672031106509127e-02 6.357644778701316071e-03 2.344622273370713592e-02 3.895789966881672839e-02 5.314203943024109478e-02 6.590617235183816869e-02 7.710894325736628030e-02 8.661930034275452939e-02 9.432784765160806550e-02 1.001458913069075835e-01 1.040014012836066593e-01 1.058350951738901841e-01 1.055975842177784979e-01 1.032477543234971151e-01 9.875236014438136534e-02 9.208658548952633471e-02 8.323541117436422665e-02 7.219538430542529750e-02 5.897672747870967569e-02 4.360508971174092974e-02 2.612305861135329199e-02 6.591122408754531564e-03 -1.491243863024842992e-02 -3.829231558164246374e-02 -6.343819321638433095e-02 -9.022947643519638183e-02 -1.185458189084102887e-01 -1.482930020470927535e-01 -1.794799550928683485e-01 -2.694160121973084854e-01
-2.914871981212055485e-03 4.606519748950684001e-02 9.604712920825994593e-02 1.463666479509893870e-01 1.968372673387384086e-01 2.473490508470156946e-01 2.978211123961479467e-01 3.481863923386304682e-01 3.983840304158202672e-01 4.483564923089915499e-01 4.980478099766799671e-01 5.474027092887453483e-01 5.963666506722911098e-01 6.448855994462776575e-01 6.929069342526517072e-01 7.403803990671775637e-01 7.872590395622384163e-01 8.335007902202903329e-01 8.790691249816116049e-01 9.239344309411728906e-01 9.680740588209529873e-01 1.011471695045959684e+00 1.054116610436543811e+00 1.096001237050383548e+00 1.137117661273865377e+00 1.177452889397134328e+00 1.216980752816138711e+00 1.255645308795454662e+00 1.293322200932606414e+00 1.368687729954258803e+00
9.471228627309043191e-03 -3.099328973161129958e-03 3.056089879477332655e-03 1.271520910273909837e-02 2.504118824955212097e-02 3.995218858484792662e-02 5.752035137381640573e-02 7.783903916674618506e-02 1.009879787795616157e-01 1.270269177136124916e-01 1.559974575622231630e-01 1.879266418151888107e-01 2.228302939641928493e-01 2.607147153081527113e-01 3.015776011426418157e-01 3.454076747798340841e-01 3.921831561579837699e-01 4.418700875698091668e-01 4.944194200243169912e-01 5.497650454534422915e-01 6.078210931744332246e-01 6.684793958945565162e-01 7.316083125181050972e-01 7.970511975006443484e-01 8.646259055578937591e-01 9.341274970557520430e-01 1.005337419395549103e+00 1.078050150363823345e+00 1.152162488244414584e+00 1.342036187446009166e+00
5.110736195055897921e-03 -1.712932366844469034e-02 -3.437574690298335345e-02 -5.067680829116927299e-02 -6.622456263956624789e-02 -8.102235234611002146e-02 -9.503659906426173420e-02 -1.082292047745550961e-01 -1.205652284124035523e-01 -1.320142090198927476e-01 -1.425494708586062254e-01 -1.521471469272268617e-01 -1.607855227725909497e-01 -1.684446766769320813e-01 -1.751067325713331901e-01 -1.807564779556248835e-01 -1.853823089761069132e-01 -1.889774814614479381e-01 -1.915413841043784871e-01 -1.930808544150223738e-01 -1.936112347745143625e-01 -1.931571556295295367e-01 -1.917529218835117844e-01 -1.894423923826674128e-01 -1.862782009953852791e-01 -1.823197164449246455e-01 -1.776281806627261761e-01 -1.722544780207247994e-01 -1.662033556815253332e-01 -1.435828360903352308e-01
-2.214848468449605659e-04 -5.054831338867174853e-03 -5.758055635486274484e-03 -5.627828273677557697e-03 -4.883038828856451491e-03 -3.572328130591665568e-03 -1.704486528751686381e-03 7.216750179312196242e-04 3.708676951049899584e-03 7.258012728741397405e-03 1.136979211881657126e-02 1.604296480565305799e-02 2.127563992718746466e-02 2.706520958755165296e-02 3.340835868447331047e-02 4.030086627995552867e-02 4.773719900701406393e-02 5.571004958479512659e-02 6.420964245437851825e-02 7.322315395472744903e-02 8.273397946204509579e-02 9.272099279913222081e-02 1.031579980944160035e-01 1.140130971268621674e-01 1.252481991039811338e-01 1.368190251529083357e-01 1.486761220803902162e-01 1.607686240680495371e-01 1.730580317063734053e-01 2.042580364181142416e-01
-1.175316736784966405e-02 -5.290970738348269725e-02 -9.002206834327856899e-02 -1.263676274820035861e-01 -1.621449873782370987e-01 -1.973961059355782699e-01 -2.321229696331083836e-01 -2.663139224399865279e-01 -2.999509969781863905e-01 -3.330129852614847064e-01 -3.654764541840297420e-01 -3.973162129042553392e-01 -4.285058969447477217e-01 -4.590181967031403687e-01 -4.888257751075648638e-01 -5.179022312239138781e-01 -5.462231192181090655e-01 -5.737674374543910716e-01 -6.005186193334255407e-01 -6.264660073010437369e-01 -6.516055613230044008e-01 -6.759401754536076279e-01 -6.994798647040314510e-01 -7.222408836053209047e-01 -7.442440101852981771e-01 -7.655116215056273488e-01 -7.860616632352868116e-01 -8.058936667176377355e-01 -8.249523279221061545e-01 -8.589970856917505948e-01
-7.008992639307466688e-04 2.446588785174366731e-02 3.397760891088103669e-02 4.065802981721667458e-02 4.518146912731296760e-02 4.759432255245960725e-02 4.781772878526631410e-02 4.575783477799793414e-02 4.133397697815205385e-02 3.448361772049173685e-02 2.516046594549230242e-02 1.333125530878749056e-02 -1.027078903912499383e-03 -1.792900506588418486e-02 -3.738107788151044664e-02 -5.938161119905899232e-02 -8.391945650843767035e-02 -1.109725229334244390e-01 -1.405055913577117899e-01 -1.724687010823471311e-01 -2.067953065751661212e-01 -2.434007295532358561e-01 -2.821816821461433644e-01 -3.230158997645832808e-01 -3.657628234273703205e-01 -4.102671102072263376e-01 -4.563682265188117038e-01 -5.039264833683863021e-01 -5.529058798093904326e-01 -6.845143628219829690e-01
-6.280940004648226729e-03 -2.673356500177632988e-02 -5.341129526596247179e-02 -8.123014137994666317e-02 -1.099047288662016314e-01 -1.394103478946049079e-01 -1.697719861252683371e-01 -2.010174497825081008e-01 -2.331649763577610113e-01 -2.662218055324888089e-01 -3.001854391835850899e-01 -3.350454863540244244e-01 -3.707855526844734406e-01 -4.073842231013068416e-01 -4.448161906737260196e-01 -4.830528889085144995e-01 -5.220626817246246665e-01 -5.618113222749310243e-01 -6.022615527594070706e-01 -6.433734247522774341e-01 -6.851037660607497415e-01 -7.274054152246174354e-01 -7.702268932536662227e-01 -8.135111389868106002e-01 -8.571940529479586957e-01 -9.012035242696213588e-01 -9.454590761113703667e-01 -9.898736033411872359e-01 -1.034366883883226285e+00 -1.138446620700906742e+00
-9.512871440670013501e-03 -1.934907288675263848e-02 -3.248962991530494199e-02 -4.618350249141119773e-02 -6.033206024759067698e-02 -7.496579760162076778e-02 -9.013259710869671315e-02 -1.058746243430522538e-01 -1.222234931667445235e-01 -1.392009151627376651e-01 -1.568204439230303504e-01 -1.750892146339926847e-01 -1.940094393600383937e-01 -2.135792054653929961e-01 -2.337931737810372279e-01 -2.546428844534317504e-01 -2.761167337452669623e-01 -2.982000540514630482e-01 -3.208747237880604231e-01 -3.441192257707078594e-01 -3.679083244993411328e-01 -3.922127305578276824e-01 -4.169991629612839201e-01 -4.422300435892602133e-01 -4.678632786492876727e-01 -4.938526403686055444e-01 -5.201491765126646794e-01 -5.467055263800210119e-01 -5.734923314883351164e-01 -6.382424905536779880e-01
-3.915583253285212506e-04 2.721415686835455296e-03 -1.117111773119770085e-03 -6.189356799815214083e-03 -1.219566817426780657e-02 -1.911878299743047932e-02 -2.699651987927955549e-02 -3.587185052754414405e-02 -4.578011056546672092e-02 -5.674702385730129306e-02 -6.878974529970022234e-02 -8.191850045417303772e-02 -9.613808989912100977e-02 -1.114487367230693332e-01 -1.278466587417993461e-01 -1.453241734892738168e-01 -1.638693938254204285e-01 -1.834659194046220076e-01 -2.040920787230718902e-01 -2.257205700917584434e-01 -2.483178166359415739e-01 -2.718433756083432074e-01 -2.962498414721169704e-01 -3.214825598296328080e-01 -3.474796786384655167e-01 -3.741733512740800238e-01 -4.014933200602351371e-01 -4.293770273219524314e-01 -4.578032980404879160e-01 -5.305765292486961382e-01
9.314813754386544464e-03 7.383847887762788609e-02 1.372592788665019936e-01 2.006009974611283608e-01 2.638248820285802321e-01 3.268762722367722917e-01 3.897018604310741874e-01 4.522505556508760183e-01 5.144713139954260051e-01 5.763128401192318950e-01 6.377230449647219857e-01 6.986488464009846799e-01 7.590366998326867343e-01 8.188325634582445112e-01 8.779831217754494599e-01 9.364369671558643304e-01 9.941457065116876546e-01 1.051065848555972959e+00 1.107159553092356585e+00 1.162396320813123163e+00 1.216753136927915868e+00 1.270213886352909327e+00 1.322768737208577683e+00 1.374411586427426446e+00 1.425136282781552355e+00 1.474931444463214891e+00 1.523771259169002468e+00 1.571596011514083679e+00 1.618265978110917436e+00 1.712088832291992047e+00
8.377600377843328477e-04 1.499603828883574498e-02 3.681744390454692872e-02 6.015757597005486068e-02 8.459877818955874318e-02 1.100494709937881593e-01 1.364925088885443616e-01 1.639271201919562937e-01 1.923517893131844181e-01 2.217601576163077959e-01 2.521406533603799960e-01 2.834772612172134498e-01 3.157506432476984704e-01 3.489385980822432010e-01 3.830167141828059174e-01 4.179585854750946794e-01 4.537355987526405232e-01 4.903169239627580556e-01 5.276686664887138001e-01 5.657536342275846231e-01 6.045302832749772648e-01 6.439514250754742042e-01 6.839633446707469311e-01 7.245040830588620473e-01 7.655016134839123243e-01 8.068726144874333039e-01 8.485221075642471744e-01 8.903457034767251477e-01 9.322448384858197379e-01 1.030725780517894652e+00
-1.203140186346747173e-03 2.085254008699991002e-02 4.835515073233336708e-02 7.698170615077287726e-02 1.063927304707545096e-01 1.364906975666251576e-01 1.672374361607189552e-01 1.986106223385343261e-01 2.305899504951363088e-01 2.631533844902493313e-01 2.962762762781716575e-01 3.299315356681308264e-01 3.640903146451958117e-01 3.987222134349250324e-01 4.337959348622588696e-01 4.692796757477476488e-01 5.051412407872269972e-01 5.413484639198224979e-01 5.778688292712168550e-01 6.146696777978892801e-01 6.517175120475307004e-01 6.889769484551574452e-01 7.264098859239843664e-01 7.639736630383153759e-01 8.016188333635340113e-01 8.392869674704119820e-01 8.769080564955382684e-01 9.143971915570905384e-01 9.516533637365893750e-01 1.035505906576366986e+00
7.932208555167350947e-03 -6.322435072992127481e-03 -1.738890865117541026e-02 -2.783891120420713475e-02 -3.777844999810799076e-02 -4.719768372199169282e-02 -5.606625971257607477e-02 -6.435305638173635656e-02 -7.203042125227916703e-02 -7.907452885656901520e-02 -8.546458785297340877e-02 -9.118198210441552654e-02 -9.620970951299054330e-02 -1.005320998826246537e-01 -1.041349910753209818e-01 -1.070062027477411692e-01 -1.091362747535404298e-01 -1.105194293179483922e-01 -1.111545825586334607e-01 -1.110463655440631636e-01 -1.102059783173856000e-01 -1.086518425069427363e-01 -1.064099416746603355e-01 -1.035138134467148557e-01 -1.000040756534708031e-01 -9.592706855234675589e-02 -9.133157335577253566e-02 -8.626052637388947897e-02 -8.072657789869752687e-02 -6.210839116299640694e-02
-7.727782923767750542e-03 1.341598939139504627e-02 3.471590942900167759e-02 5.617465917291939587e-02 7.766739462242285008e-02 9.910030107625747431e-02 1.203995160685800703e-01 1.415048022986591381e-01 1.623649607774788894e-01 1.829351463435807124e-01 2.031748973424273852e-01 2.230468578930469847e-01 2.425161768087030212e-01 2.615500611396079922e-01 2.801180005938138651e-01 2.981921688786351998e-01 3.157479369533630065e-01 3.327646938782141128e-01 3.492263176326201313e-01 3.651218521456986443e-01 3.804455765980789272e-01 3.951966746319743318e-01 4.093786512409441913e-01 4.229979305222527630e-01 4.360617830829086050e-01 4.485753105185028011e-01 4.605361505208875883e-01 4.719233645859489679e-01 4.826696338297220557e-01 4.999196210110064542e-01
-3.785336011371185500e-03 -5.746310185412766003e-02 -1.089877623209087598e-01 -1.601583496770921378e-01 -2.110045115255960724e-01 -2.614949460557584593e-01 -3.115871398097569411e-01 -3.612361122607264385e-01 -4.103951108903269862e-01 -4.590161815857400351e-01 -5.070500144251066654e-01 -5.544459106762182898e-01 -6.011523218812702130e-01 -6.471170260736902602e-01 -6.922883935205514927e-01 -7.366167379719924524e-01 -7.800557299626237340e-01 -8.225644899413864231e-01 -8.641088672916412694e-01 -9.046634054269505620e-01 -9.442120647810751111e-01 -9.827482671167955264e-01 -1.020274693039658231e+00 -1.056801380528407774e+00 -1.092342548610604869e+00 -1.126911739218428465e+00 -1.160512721375274392e+00 -1.193119743708219049e+00 -1.224628632743138379e+00 -1.283720372153066780e+00
3.786126047390141192e-03 7.365649421629653915e-02 1.470426028157879872e-01 2.212193244557901228e-01 2.958954657211174122e-01 3.709624643461508220e-01 4.463590595298394526e-01 5.220368271127935333e-01 5.979474949001524209e-01 6.740399135337624692e-01 7.502591009752834772e-01 8.265463600399476363e-01 9.028403571245058323e-01 9.790773295375774232e-01 1.055192653383926205e+00 1.131122163242188172e+00 1.206803196186713834e+00 1.282176536690606827e+00 1.357186826366839405e+00 1.431784252170364535e+00 1.505924307141443430e+00 1.579566737262769305e+00 1.652674715174449194e+00 1.725211720772201307e+00 1.797137267431933472e+00 1.868401783816045381e+00 1.938938503255456691e+00 2.008647894215917162e+00 2.077366590725178597e+00 2.224719875199438146e+00
1.387981600195009949e-03 2.150191127969777044e-02 4.306899630504464754e-02 6.500836086284771109e-02 8.718849165102410259e-02 1.095510918778733189e-01 1.320594465372695037e-01 1.546848596708665924e-01 1.774014296768879895e-01 2.001843632685018637e-01 2.230092193220218899e-01 2.458516470762161510e-01 2.686875173754074697e-01 2.914928573020049152e-01 3.142442285583422756e-01 3.369190466351167368e-01 3.594958158702472040e-01 3.819546166550089605e-01 4.042771044979379114e-01 4.264468481503576047e-01 4.484490413517855933e-01 4.702699136608090025e-01 4.918961406750870236e-01 5.133134935797505349e-01 5.345050368448569511e-01 5.554488826277335090e-01 5.761146468012552369e-01 5.964566712683783134e-01 6.163995868722462745e-01 6.578162559769292761e-01
-1.392644599700453012e-02 3.604847817187993575e-02 7.268663260878986676e-02 1.070181079251109058e-01 1.394741184948304624e-01 1.699849877825321265e-01 1.983968458871731844e-01 2.245582152139682375e-01 2.483385557516504250e-01 2.696293538776313170e-01 2.883402363862162532e-01 3.043947801846531021e-01 3.177275106170154295e-01 3.282821280913597040e-01 3.360114137726695760e-01 3.408782555564619510e-01 3.428576214306156555e-01 3.419391949260384145e-01 3.381301896688513886e-01 3.314579660911882164e-01 3.219720590792355397e-01 3.097454265196610823e-01 2.948744337479276556e-01 2.774776570527429098e-01 2.576929040472076826e-01 2.356705986879906733e-01 2.115590788453139970e-01 1.854685225528792392e-01 1.573653268475185829e-01 6.720802608892155472e-02
3.156929638397905011e-03 -7.156700030179244387e-02 -1.476576916829057673e-01 -2.241448882561534184e-01 -3.007922131982591063e-01 -3.774697156301736745e-01 -4.540807003807831865e-01 -5.305398169326571711e-01 -6.067632587113939158e-01 -6.826661195940673110e-01 -7.581611667057963633e-01 -8.331586617807715811e-01 -9.075673256600392813e-01 -9.812947245202089386e-01 -1.054249289728774741e+00 -1.126342362855054624e+00 -1.197490209645714510e+00 -1.267617026013198256e+00 -1.336656516997675404e+00 -1.404554538335373914e+00 -1.471269654008979133e+00 -1.536772538383058384e+00 -1.601044996749619864e+00 -1.664076188965558867e+00 -1.725856844507487331e+00 -1.786371068801598794e+00 -1.845582144233913091e+00 -1.903403584497707079e+00 -1.959631689407246746e+00 -2.070081392265846976e+00
-1.017920066881348312e-02 1.870532563320762010e-02 4.253297921083437627e-02 6.556199651650407301e-02 8.788796289265451978e-02 1.094301212353336883e-01 1.300866965827299493e-01 1.497649103427209916e-01 1.683855994430903391e-01 1.858820553220975058e-01 2.021973572542010156e-01 2.172819822439618354e-01 2.310922453490671380e-01 2.435893384093423819e-01 2.547393594860347665e-01 2.645138844566077285e-01 2.728909757402436798e-01 2.798565909505444926e-01 2.854059062693699578e-01 2.895446364074736323e-01 2.922898369470179336e-01 2.936701983903731161e-01 2.937256962625358625e-01 2.925063852067563142e-01 2.900701530767281211e-01 2.864785538025056422e-01 2.817883024288671545e-01 2.760314185495487127e-01 2.691594505924962411e-01 2.395503982922284059e-01
-6.275142155808873662e-03 -3.994414865122870861e-02 -9.000985838750408252e-02 -1.432028096475399526e-01 -1.987062696755854674e-01 -2.563922973042396247e-01 -3.162750605637090207e-01 -3.783874730614567583e-01 -4.427473112886648465e-01 -5.093514073475748916e-01 -5.781773590396944718e-01 -6.491871430189726233e-01 -7.223310429819462808e-01 -7.975497611588469038e-01 -8.747767831334800626e-01 -9.539396601807100806e-01 -1.034960292421740036e+00 -1.117755673272804007e+00 -1.202236740950193949e+00 -1.288308605931999251e+00 -1.375868864723166496e+00 -1.464805270998516429e+00 -1.554994167414262218e+00 -1.646296789237578606e+00 -1.738554994145910415e+00 -1.831587845400372228e+00 -1.925189340336571631e+00 -2.019130416706267805e+00 -2.113185889414141982e+00 -2.332872233419406971e+00
1.005222328333376172e-02 -6.431769659493818958e-02 -1.374638702586924999e-01 -2.105239436739045344e-01 -2.833503472998984973e-01 -3.558029229020440165e-01 -4.277591670590855100e-01 -4.991097772219120765e-01 -5.697526501534959653e-01 -6.395901399314040114e-01 -7.085268105197387589e-01 -7.764681881952762987e-01 -8.433208417546287361e-01 -9.089922855290806236e-01 -9.733926881975853984e-01 -1.036436875698931503e+00 -1.098046537067127293e+00 -1.158153446604138992e+00 -1.216701512777634608e+00 -1.273649707570414069e+00 -1.328973079834548265e+00 -1.382662604707697529e+00 -1.434724426356138061e+00 -1.485176435735013900e+00 -1.534042740715181763e+00 -1.581345313639397343e+00 -1.627088840435188422e+00 -1.671228605300489001e+00 -1.713591307651073814e+00 -1.789700259680732097e+00
-8.931901059530931303e-03 3.256518341011617468e-02 6.903902968697264719e-02 1.047374532810321501e-01 1.397369497625327306e-01 1.739452996241336313e-01 2.072515876852511207e-01 2.395544446159482421e-01 2.707657394031648401e-01 3.008092843232984537e-01 3.296181061330862305e-01 3.571320866839807762e-01 3.832965752368643897e-01 4.080614687112927297e-01 4.313815254294749435e-01 4.532172027911682277e-01 4.735359100860268011e-01 4.923138201271457515e-01 5.095373614683960106e-01 5.252049065243085124e-01 5.393276279184213706e-01 5.519297016321729199e-01 5.630478691906336541e-01 5.727297495821299655e-01 5.810308728583489790e-01 5.880095415405093284e-01 5.937166246106370115e-01 5.981721581586443293e-01 6.013014452863474357e-01 5.922489459104548493e-01
-4.805796486844465115e-03 1.321917775197647971e-02 2.883880382352532051e-02 4.412420112581733056e-02 5.909656535625093521e-02 7.369712949295609272e-02 8.786086666668288525e-02 1.015299607663210091e-01 1.146551947340861133e-01 1.271948713178976398e-01 1.391131308169517855e-01 1.503785316725532450e-01 1.609631596592753511e-01 1.708420469339068104e-01 1.799931911091888770e-01 1.883978569205745357e-01 1.960410954915523529e-01 2.029125046919547648e-01 2.090068650394080185e-01 2.143248096965364446e-01 2.188731181918797675e-01 2.226646849677845486e-01 2.257181325689428530e-01 2.280568482853868040e-01 2.297073827175077076e-01 2.306967205752759320e-01 2.310469582071545125e-01 2.307632168326215205e-01 2.298005456902029731e-01 2.192647898313664356e-01
1.967731452584397384e-03 -1.139534940910470057e-02 -2.050391559815647677e-02 -2.877783876594211532e-02 -3.641109110551330602e-02 -4.343021912457787487e-02 -4.982551978845879692e-02 -5.558005867386420912e-02 -6.067733228179127830e-02 -6.510306904251786375e-02 -6.884514066610614158e-02 -7.189305764571923829e-02 -7.423756145968207765e-02 -7.587042551967101978e-02 -7.678459991327329925e-02 -7.697461596219012936e-02 -7.643723483822481568e-02 -7.517227319515357165e-02 -7.318353365188398629e-02 -7.047971831685528876e-02 -6.707527744649860457e-02 -6.299113152853680342e-02 -5.825512747255774670e-02 -5.290228076537731305e-02 -4.697464104964785975e-02 -4.052034638325782701e-02 -3.359089628826453927e-02 -2.623372382158037364e-02 -1.846924815495849109e-02 4.805018383410172844e-03
2.227502933686131142e-03 -2.523314549299570178e-02 -5.431543474100263003e-02 -8.370261127700107107e-02 -1.132693111375226297e-01 -1.429750713488562308e-01 -1.727994095594160284e-01 -2.027256443957209386e-01 -2.327353620423593394e-01 -2.628072893995570536e-01 -2.929171435997028339e-01 -3.230379273871717971e-01 -3.531405947448268412e-01 -3.831943692479152785e-01 -4.131676124296300157e-01 -4.430286208068414666e-01 -4.727463487693182032e-01 -5.022915173008755119e-01 -5.316371395089602991e-01 -5.607595467332671113e-01 -5.896386320288500293e-01 -6.182577225651834096e-01 -6.466034562586491230e-01 -6.746646539664049591e-01 -7.024306021424782109e-01 -7.298888142728171546e-01 -7.570213326906968243e-01 -7.837975587957761725e-01 -8.101594874725001061e-01 -8.661224987380400364e-01
-1.321739943254895099e-02 -1.366941867180587744e-02 -1.492820538750430984e-02 -1.623828809925671052e-02 -1.766509088164497018e-02 -1.928956104263616217e-02 -2.118146067807573363e-02 -2.339679565052161722e-02 -2.597963343159137226e-02 -2.896468455283929960e-02 -3.237958345577744007e-02 -3.624662822482925539e-02 -4.058400065510048976e-02 -4.540645008569693664e-02 -5.072564543284967947e-02 -5.655021146735529636e-02 -6.288552271315357711e-02 -6.973344870955563990e-02 -7.709195810050069320e-02 -8.495493131426254396e-02 -9.331199539295596812e-02 -1.021485304990480819e-01 -1.114460359210584783e-01 -1.211826101379812060e-01 -1.313337462780171105e-01 -1.418738124140891954e-01 -1.527788864168598826e-01 -1.640331535214830661e-01 -1.756475854111888280e-01 -2.066622199149855399e-01
-1.272734587009597372e-02 -4.958993542625353412e-02 -9.085119128853222370e-02 -1.329368222413939149e-01 -1.756478707524007643e-01 -2.189737204411593974e-01 -2.629357546182387595e-01 -3.075527544452047457e-01 -3.528318997878523988e-01 -3.987686492614617162e-01 -4.453483820557365691e-01 -4.925483815391041853e-01 -5.403399094741283548e-01 -5.886892447903220305e-01 -6.375591436054189876e-01 -6.869098234644943624e-01 -7.366995252913663972e-01 -7.868855158806212780e-01 -8.374240271998629748e-01 -8.882710784682098515e-01 -9.393821273995397458e-01 -9.907113109923868510e-01 -1.042211036173320560e+00 -1.093830187413583399e+00 -1.145511761213748647e+00 -1.197190392949705195e+00 -1.248789023348682470e+00 -1.300213858864322169e+00 -1.351350156291525328e+00 -1.466039937434343132e+00
-5.892000028280816593e-03 4.154787023465662810e-02 9.215958273844268578e-02 1.435170058180493258e-01 1.953171818436263696e-01 2.474255376190055977e-01 2.997579235629768135e-01 3.522491562997626113e-01 4.048406445946443055e-01 4.574762178498676946e-01 5.101001584790760823e-01 5.626564501333688462e-01 6.150890127202729429e-01 6.673415737858410246e-01 7.193586541186192118e-01 7.710865104455120189e-01 8.224739781682021134e-01 8.734739690447899108e-01 9.240439192361746823e-01 9.741470454100162879e-01 1.023752190087074077e+00 1.072832980629890853e+00 1.121366963166368302e+00 1.169333001810508588e+00 1.216707666005764077e+00 1.263460667452534381e+00 1.309547518745706629e+00 1.354895278769157496e+00 1.399371977721935556e+00 1.492113725290576953e+00
-3.161552762454269624e-04 1.025768840049188710e-02 2.591940408888868813e-02 4.262171127009360683e-02 6.006835404939246670e-02 7.818232419061224570e-02 9.693910723646111116e-02 1.163276040939076883e-01 1.363381724747530777e-01 1.569594366696812626e-01 1.781776752507770734e-01 1.999770711127784595e-01 2.223402899374204156e-01 2.452486757514097671e-01 2.686826451175032271e-01 2.926218238056035870e-01 3.170449197160435384e-01 3.419297475571805300e-01 3.672526773449746873e-01 3.929884810691113284e-01 4.191095850363054098e-01 4.455851174023925942e-01 4.723801774442875634e-01 4.994544776469796998e-01 5.267608308486599888e-01 5.542438853599143123e-01 5.818391015182454717e-01 6.094726027685396508e-01 6.370670118296589690e-01 7.008647619942235396e-01
-1.475439456377839430e-02 1.829954466157140969e-02 4.090365186994471269e-02 6.171370166375056421e-02 8.105112436048926561e-02 9.884625414898369489e-02 1.149668690414143157e-01 1.292859531170025000e-01 1.416958112711173556e-01 1.521082801007861141e-01 1.604511754445737404e-01 1.666646110991724661e-01 1.706983075858963250e-01 1.725100366962031562e-01 1.720653412018709194e-01 1.693382039108078663e-01 1.643125160011007502e-01 1.569840013807861645e-01 1.473624119761974827e-01 1.354734362461590402e-01 1.213602798483001677e-01 1.050846641982935425e-01 8.672676105902996091e-02 6.638435307773446481e-02 4.417064169143386509e-02 2.020919137677565022e-02 -5.377379241471615112e-03 -3.249525514972356754e-02 -6.116188647300669495e-02 -1.467608557938988034e-01
-3.897204448767052631e-03 1.962839414736273699e-02 3.539779492279732098e-02 4.983509632663289668e-02 6.321414278955535260e-02 7.551013775274413586e-02 8.664557444188447644e-02 9.654221090640087433e-02 1.051328664535161744e-01 1.123625630067436737e-01 1.181866146441575283e-01 1.225683930494874535e-01 1.254776340462276929e-01 1.268894267323154856e-01 1.267840071154726078e-01 1.251471452204924451e-01 1.219710347526518635e-01 1.172554685701797661e-01 1.110091821389024291e-01 1.032510123988806677e-01 9.401084992963257281e-02 8.333022730648001475e-02 7.126222929653508453e-02 5.787090855692345048e-02 4.322980693989708634e-02 2.741853650823163416e-02 1.051506502143249519e-02 -7.423402989555683007e-03 -2.641709011748577529e-02 -8.363637591038755592e-02
1.711968995989900794e-02 2.191683088374774338e-02 2.330579357621477901e-02 2.408672612525073614e-02 2.448470253757923862e-02 2.456936965150380986e-02 2.436898305365961526e-02 2.389815136232739667e-02 2.316690472015955557e-02 2.218401212418006849e-02 2.095822482996909444e-02 1.949871452868754199e-02 1.781517230485621731e-02 1.591778627174248589e-02 1.381712374682789526e-02 1.152397157410459810e-02 9.049154427209257778e-03 6.403303111090699953e-03 3.596662204976380957e-03 6.388576988648267396e-04 -2.461249395658841183e-03 -5.695641370932050251e-03 -9.057201337640607280e-03 -1.253966420353688771e-02 -1.613757438760057145e-02 -1.984646325720242771e-02 -2.366365110203177621e-02 -2.759086115629789601e-02 -3.164298602243098557e-02 -4.300669601258189090e-02
-2.643916901909744432e-03 2.512053248428300703e-03 5.602456186164887775e-04 -2.644147028194529514e-03 -6.811297107074615678e-03 -1.193633434405293875e-02 -1.806796743320311302e-02 -2.525822048176768614e-02 -3.354997159557396302e-02 -4.297533741749559599e-02 -5.355703870877418643e-02 -6.531027557099973457e-02 -7.824437044664736551e-02 -9.236369387624517036e-02 -1.076682239276356701e-01 -1.241535891907948053e-01 -1.418106636422564182e-01 -1.606251198574328021e-01 -1.805765429747783757e-01 -2.016379413104466556e-01 -2.237750216874894449e-01 -2.469455680398840447e-01 -2.710993710755180142e-01 -2.961780506831117599e-01 -3.221153051472432916e-01 -3.488384609594421537e-01 -3.762727268452168983e-01 -4.043528053204966666e-01 -4.330606649124448815e-01 -5.075002666757939540e-01
-9.485864347878007752e-03 -4.144420957196700422e-02 -7.436922491473270391e-02 -1.074609595608432000e-01 -1.406822970634078740e-01 -1.740430934710079924e-01 -2.075568228667855064e-01 -2.412311649807814540e-01 -2.750657166827960021e-01 -3.090529051124536464e-01 -3.431791510574861426e-01 -3.774260324126166299e-01 -4.117715303973656371e-01 -4.461906337205041595e-01 -4.806563787643097774e-01 -5.151406645776759330e-01 -5.496148747776843368e-01 -5.840508816002513148e-01 -6.184213571260992470e-01 -6.527007012619323589e-01 -6.868651405106733776e-01 -7.208925064793332282e-01 -7.547621685114686008e-01 -7.884539374490853181e-01 -8.219464364961012182e-01 -8.552150786954604289e-01 -8.882287148770878771e-01 -9.209431260734861624e-01 -9.532885461008725470e-01 -1.023381478076041518e+00
8.504064354824893840e-03 -2.283505755892519667e-02 -5.429893813077490972e-02 -8.580840491149946403e-02 -1.172660688696312153e-01 -1.486074595014418576e-01 -1.797824988984618177e-01 -2.107482573396476100e-01 -2.414647865708404728e-01 -2.718934709046531562e-01 -3.019959559764181511e-01 -3.317336252895298765e-01 -3.610676831866296288e-01 -3.899591584804646960e-01 -4.183696926947048644e-01 -4.462624565545375566e-01 -4.736031592581041449e-01 -5.003615198454800517e-01 -5.265122389957468396e-01 -5.520363924883266993e-01 -5.769220109165800192e-01 -6.011641840106807244e-01 -6.247649543822026974e-01 -6.477320943525743946e-01 -6.700770610795937499e-01 -6.918119367721295987e-01 -7.129438870583006960e-01 -7.334634632752040639e-01 -7.533162632230891997e-01 -7.911456645530379195e-01
-1.180211103446704782e-03 3.143502404910938908e-02 6.405377653168324581e-02 9.680271617150393304e-02 1.295808786677963287e-01 1.623111321101979310e-01 1.949311297029112378e-01 2.273879940962608703e-01 2.596343740657194310e-01 2.916266094962376432e-01 3.233233673736664038e-01 3.546848333597620306e-01 3.856725415878591301e-01 4.162491044060205869e-01 4.463787300954402681e-01 4.760278176457091726e-01 5.051655791360439851e-01 5.337650855761064683e-01 5.618037274222005273e-01 5.892640984462118592e-01 6.161340159229313773e-01 6.424060670612729007e-01 6.680769998818479882e-01 6.931459982228221905e-01 7.176121611196534245e-01 7.414709697655628151e-01 7.647081098599434190e-01 7.872865585663559873e-01 8.091153596011111393e-01 8.505634199503679937e-01
5.778780298534510335e-03 -2.877979653624586007e-02 -6.239430683245215936e-02 -9.585381938951580139e-02 -1.291211960437610162e-01 -1.621469140463979164e-01 -1.948846132976257139e-01 -2.272918035326415842e-01 -2.593280864454547419e-01 -2.909542963610782240e-01 -3.221316485353656889e-01 -3.528212515186180953e-01 -3.829841846837016561e-01 -4.125814878297730526e-01 -4.415749735369283724e-01 -4.699281886311336143e-01 -4.976074914069632538e-01 -5.245836145063865752e-01 -5.508327320432213625e-01 -5.763379546796355557e-01 -6.010899977438401987e-01 -6.250873619269898818e-01 -6.483362770704471645e-01 -6.708494952866987937e-01 -6.926442010560581730e-01 -7.137387584462053791e-01 -7.341466177261293247e-01 -7.538631013574157436e-01 -7.728324417827985293e-01 -8.075115652954747425e-01
-9.880070723079384040e-03 -1.469251734006734623e-02 -2.979765687915119504e-02 -4.676912805399797979e-02 -6.517987385921480969e-02 -8.501722830909033690e-02 -1.063456652940331648e-01 -1.292333701055031203e-01 -1.537339092348837810e-01 -1.798841802342980578e-01 -2.077066222748373270e-01 -2.372121614528650557e-01 -2.684028845278481623e-01 -3.012734768131312135e-01 -3.358123150010500213e-01 -3.720017420464424296e-01 -4.098176235083502705e-01 -4.492289666798211512e-01 -4.901966335032259536e-01 -5.326728133016984668e-01 -5.765998220022526821e-01 -6.219088969763459929e-01 -6.685197939459159855e-01 -7.163398112180413557e-01 -7.652631564549936538e-01 -8.151718706710014972e-01 -8.659397558407240236e-01 -9.174446696798763679e-01 -9.696129260537225125e-01 -1.098801845259167909e+00
4.980164779538149775e-03 1.400267942741247051e-02 2.632101567964159963e-02 3.932846741577294969e-02 5.284804714962856864e-02 6.684099055304250359e-02 8.129957675205984335e-02 9.622253729130997302e-02 1.116078691992478111e-01 1.274512748468637491e-01 1.437461350966522389e-01 1.604839346599942207e-01 1.776548249318525563e-01 1.952478202699249044e-01 2.132510946233778792e-01 2.316520403050428278e-01 2.504370936738460340e-01 2.695916574703077773e-01 2.890995718863943464e-01 3.089428970357341320e-01 3.291012556488815965e-01 3.495510449233628636e-01 3.702648525009534786e-01 3.912104201216654031e-01 4.123495096598716048e-01 4.336369641434940081e-01 4.550199199922266846e-01 4.764375685848852848e-01 4.978251491294108932e-01 5.471483070136223814e-01
-1.207029300264007149e-02 -4.526057086574618304e-02 -8.009774594267120296e-02 -1.152279710759041564e-01 -1.505924960328796913e-01 -1.862054858835904270e-01 -2.220884687666335455e-01 -2.582563260582946274e-01 -2.947140354683877028e-01 -3.314576835411590650e-01 -3.684759535023465760e-01 -4.057516143156766897e-01 -4.432630402945120229e-01 -4.809849565372487090e-01 -5.188895860494671108e-01 -5.569474897483632780e-01 -5.951281423884747790e-01 -6.334008959702914776e-01 -6.717351597835017341e-01 -7.101012690559111995e-01 -7.484704560465306189e-01 -7.868144985117012657e-01 -8.251055955237015516e-01 -8.633151531751660501e-01 -9.014120558018576812e-01 -9.393606539772068054e-01 -9.771176099720177977e-01 -1.014626114856439720e+00 -1.051806341628122921e+00 -1.133575987375152971e+00
-3.339299746082512177e-03 -2.895162019978050200e-03 -1.537163131905685404e-03 7.031271578306422243e-05 1.833826533757035304e-03 3.704399180182862267e-03 5.649458867477636162e-03 7.644966198500855944e-03 9.672070105985149102e-03 1.171540334983234982e-02 1.376207936081607318e-02 1.580107790717689281e-02 1.782287832820588294e-02 1.981921132968868238e-02 2.178293648387434264e-02 2.370796386782354423e-02 2.558918944531943240e-02 2.742244733692868891e-02 2.920439437233124380e-02 3.093237560068262670e-02 3.260417588740722322e-02 3.421767636802773571e-02 3.577043268536247989e-02 3.725911485624253117e-02 3.867882162230550092e-02 4.002221641474106029e-02 4.127825877356995632e-02 4.242990544391264662e-02 4.344881245830475858e-02 4.437642886760134742e-02
-1.663794425382706180e-02 4.367880485436559379e-02 1.047667384197855656e-01 1.662029892228722994e-01 2.277124133957603991e-01 2.891095822688417583e-01 3.502529323962696450e-01 4.110265474725043333e-01 4.713292628636698289e-01 5.310693831313472169e-01 5.901610430695951592e-01 6.485220393041224440e-01 7.060731391796826184e-01 7.627374222435892026e-01 8.184412665893451289e-01 8.731156267409722060e-01 9.266974876158382557e-01 9.791321893059473647e-01 1.030374725031599326e+00 1.080391819802874576e+00 1.129162384204105418e+00 1.176677032598179240e+00 1.222937218939459836e+00 1.267952250468352027e+00 1.311734786279763032e+00 1.354294440590546600e+00 1.395626530210168470e+00 1.435688459038171771e+00 1.474342192592478895e+00 1.547097331924306207e+00
-2.200154156720018211e-03 -4.332291042771068204e-03 -8.687104626170326707e-03 -1.338925343207509472e-02 -1.836811808130480589e-02 -2.364124345552136297e-02 -2.923924907390762495e-02 -3.519011689847553748e-02 -4.151577607834781858e-02 -4.823224500493003553e-02 -5.535058785395458036e-02 -6.287791509471803153e-02 -7.081823337440817934e-02 -7.917293587406618038e-02 -8.794118494796936136e-02 -9.712008376358317874e-02 -1.067046756832367577e-01 -1.166879791463508176e-01 -1.270608192208259601e-01 -1.378118822761700557e-01 -1.489276325139443080e-01 -1.603922599922969205e-01 -1.721878633998816244e-01 -1.842945215180661067e-01 -1.966904962339350860e-01 -2.093529121559924433e-01 -2.222593864340064174e-01 -2.353922709200906294e-01 -2.487525097012753816e-01 -2.824813000272523578e-01
-7.573089157255555662e-03 2.066455415742892918e-02 5.533611324785248781e-02 9.134380080576716410e-02 1.282534615065821504e-01 1.659244444573405586e-01 2.042920336438029116e-01 2.433144947638801459e-01 2.829554885784332785e-01 3.231787418005360735e-01 3.639463341677087183e-01 4.052184380783979689e-01 4.469538525427023679e-01 4.891100996856491689e-01 5.316442003969442665e-01 5.745132336459797262e-01 6.176746438478319945e-01 6.610869744360546862e-01 7.047096613844916480e-01 7.485035194359924704e-01 7.924301036639924689e-01 8.364505879417509782e-01 8.805248120830203584e-01 9.246090319865661877e-01 9.686531067079968693e-01 1.012597536453141878e+00 1.056369654543006797e+00 1.099877999100404402e+00 1.143006088095853467e+00 1.238837268888984378e+00
-1.361752148861271328e-02 -6.981386070677227107e-03 -3.715963689400348519e-04 6.351128408106673610e-03 1.306593221640423366e-02 1.967353507159957243e-02 2.609514868455913017e-02 3.226821821755385122e-02 3.814230289662783047e-02 4.367589442315440024e-02 4.883397756587650601e-02 5.358631837866294212e-02 5.790639632163910311e-02 6.177077228774251888e-02 6.515893554760551765e-02 6.805343195198712558e-02 7.044019658302927422e-02 7.230903358960351357e-02 7.365405605184099924e-02 7.447406085552306376e-02 7.477265406325105113e-02 7.455810326934549093e-02 7.384284957033226959e-02 7.264262791052632229e-02 7.097512534604404066e-02 6.885784889300769485e-02 6.630429941375960701e-02 6.331577864286296042e-02 5.985938840859990340e-02 4.645399028895769167e-02
-1.444921556260157953e-02 -4.080949578368882336e-02 -6.851508006712769827e-02 -9.643063209858056262e-02 -1.245425105792981879e-01 -1.528903197977905803e-01 -1.815137863891712611e-01 -2.104425421376774352e-01 -2.396946227352568792e-01 -2.692782213360235266e-01 -2.991936089654055331e-01 -3.294348476082721300e-01 -3.599913507962471115e-01 -3.908486691034257499e-01 -4.219894832476071556e-01 -4.533942582356064177e-01 -4.850416155566616982e-01 -5.169089904596415597e-01 -5.489726358773091563e-01 -5.812082266841649414e-01 -6.135907749377712550e-01 -6.460943511743235668e-01 -6.786920979548731747e-01 -7.113554373090451577e-01 -7.440529806745428409e-01 -7.767494296097151585e-01 -8.094039912503656620e-01 -8.419677908413155665e-01 -8.743819330280547808e-01 -9.472724443016601326e-01
5.285966495846521410e-03 1.867031552579714870e-02 3.980498146801862702e-02 6.245908183170666150e-02 8.623841226482809041e-02 1.110727951876682162e-01 1.369624437697808117e-01 1.639203809396356792e-01 1.919561198805773139e-01 2.210722816979585059e-01 2.512647963653432681e-01 2.825240825563218872e-01 3.148364339712247384e-01 3.481846205019629714e-01 3.825485786309203440e-01 4.179055829403183209e-01 4.542299250487542572e-01 4.914927625859044635e-01 5.296611078782257342e-01 5.686974594483908962e-01 6.085586395027027251e-01 6.491944447073396685e-01 6.905467950269397193e-01 7.325481075458686320e-01 7.751196585751458645e-01 8.181707185463795717e-01 8.615989041070104548e-01 9.052940477547497533e-01 9.491580776607003722e-01 1.053258337107014775e+00
3.226940871855089182e-03 7.541196734517788269e-02 1.399561566746767849e-01 2.032421908536911903e-01 2.654890885232006337e-01 3.266425700196964321e-01 3.866014871458078872e-01 4.452637674456323968e-01 5.025352540708978299e-01 5.583307960040505558e-01 6.125724361850837241e-01 6.651875267527167512e-01 7.161078438264518731e-01 7.652688036807161476e-01 8.126103638012363017e-01 8.580783984394372288e-01 9.016264540336302868e-01 9.432183910169640306e-01 9.828302759653630982e-01 1.020452888834456839e+00 1.056092830907095159e+00 1.089772751384038507e+00 1.121530977432460885e+00 1.151419174858457684e+00 1.179498271670163856e+00 1.205831613630266919e+00 1.230471280311757454e+00 1.253426571568916792e+00 1.274579509869694371e+00 1.301074515123023190e+00
8.513460135414029420e-03 3.851073383246784304e-02 7.236293683193084636e-02 1.070200345296776490e-01 1.422609189716939615e-01 1.780342852455627234e-01 2.143262474866277356e-01 2.511295072284577268e-01 2.884339835269176811e-01 3.262251187074243219e-01 3.644839965041248853e-01 4.031880594495525494e-01 4.423121480361298374e-01 4.818288668532977326e-01 5.217094090838898524e-01 5.619240520066766109e-01 6.024423309090858325e-01 6.432335666169592958e-01 6.842665048766878311e-01 7.255096424053870674e-01 7.669305705250878402e-01 8.084949656765957338e-01 8.501658579489113077e-01 8.919017940783359188e-01 9.336545700203761067e-01 9.753669069875231523e-01 1.016969404016693890e+00 1.058375875365050511e+00 1.099478416391862279e+00 1.191107218235258447e+00
1.491980625283854771e-02 -1.931026479012990654e-02 -5.968989792429123253e-02 -1.012818340273398676e-01 -1.436492162857406774e-01 -1.866467033920501672e-01 -2.302040179694636590e-01 -2.742726619582235292e-01 -3.188080421571648504e-01 -3.637641545266529497e-01 -4.090919271030851734e-01 -4.547390873401754852e-01 -5.006509320652537953e-01 -5.467706976350203973e-01 -5.930407976684990423e-01 -6.394039476110504605e-01 -6.858041399172434271e-01 -7.321881742798228565e-01 -7.785062256012925674e-01 -8.247131409052261830e-01 -8.707684527435379795e-01 -9.166357448905768646e-01 -9.622819863556879572e-01 -1.007675245360929228e+00 -1.052781490688692090e+00 -1.097560739996764179e+00 -1.141961415073418751e+00 -1.185910704349212086e+00 -1.229297947811993641e+00 -1.323318250195475443e+00
-9.992420027706866437e-03 -2.070060652609369278e-02 -3.380464960080449555e-02 -4.728960161908566523e-02 -6.110189833707280888e-02 -7.527962648311110894e-02 -8.987002762795742727e-02 -1.049130003600891592e-01 -1.204381017457564207e-01 -1.364656288195980616e-01 -1.530083662056480054e-01 -1.700732168870740801e-01 -1.876625798582643445e-01 -2.057750856941217843e-01 -2.244062585983666314e-01 -2.435488332750763707e-01 -2.631927867729238479e-01 -2.833254785781249563e-01 -3.039313695262017001e-01 -3.249921538733067106e-01 -3.464865423235315434e-01 -3.683900303485062033e-01 -3.906750168059757167e-01 -4.133105755501216283e-01 -4.362622806654752328e-01 -4.594925125151840817e-01 -4.829615410867284520e-01 -5.066308253253009042e-01 -5.304759082101617729e-01 -5.876908058336457463e-01
7.108773647738583779e-03 -3.112181373469538603e-03 -1.305520939963538199e-02 -2.291777975971034942e-02 -3.267897677566561354e-02 -4.231867746789371582e-02 -5.181973463590131002e-02 -6.116724641244045829e-02 -7.034751927529195314e-02 -7.934748518700451836e-02 -8.815423310836141557e-02 -9.675472977317270407e-02 -1.051357729513966305e-01 -1.132839894929158070e-01 -1.211861306358355400e-01 -1.288294714909687388e-01 -1.362023017893845833e-01 -1.432945953110278114e-01 -1.500985788471616011e-01 -1.566094250137146648e-01 -1.628257159718558000e-01 -1.687497532634568143e-01 -1.743877586558112425e-01 -1.797497298244172259e-01 -1.848490182911961544e-01 -1.897015425776160114e-01 -1.943241722696811280e-01 -1.987310576568315224e-01 -2.029240909935877135e-01 -2.100385304046729074e-01
1.314739138156303076e-02 -3.875317895167298271e-02 -9.596742433326990729e-02 -1.542810688655088802e-01 -2.132646526396481945e-01 -2.727551445544875719e-01 -3.326607752327043199e-01 -3.929115198576906276e-01 -4.534415564925905473e-01 -5.141840485460329457e-01 -5.750693205029517863e-01 -6.360246179323045812e-01 -6.969749868967247686e-01 -7.578436671098102151e-01 -8.185537290158061419e-01 -8.790296408530526850e-01 -9.391987141913765713e-01 -9.989933173252454335e-01 -1.058351852423696116e+00 -1.117220649122130594e+00 -1.175554140193047381e+00 -1.233314125026688579e+00 -1.290468857703530370e+00 -1.346989906532167325e+00 -1.402847596014089149e+00 -1.458005079768745826e+00 -1.512408894754011746e+00 -1.565971193132767336e+00 -1.618532821019931678e+00 -1.728265474913006639e+00
1.285320315244475528e-02 3.684259008347508246e-02 5.603919112602213926e-02 7.440987239707859413e-02 9.218204835266127772e-02 1.093877016614958203e-01 1.260149505887648291e-01 1.420420813345687205e-01 1.574467755308446293e-01 1.722087765061562914e-01 1.863101950944777707e-01 1.997352229217343733e-01 2.124699057499489230e-01 2.245018920062665513e-01 2.358206089012603035e-01 2.464175658719466311e-01 2.562867686999993344e-01 2.654253493120773411e-01 2.738340237748224659e-01 2.815176708401312400e-01 2.884855709682984104e-01 2.947514221545512458e-01 3.003331567059708274e-01 3.052522544385867231e-01 3.095325097400913883e-01 3.131977602131573724e-01 3.162670481712677728e-01 3.187429833862415185e-01 3.205792050828014661e-01 3.165474798387179489e-01
-5.764076154543530672e-03 3.740711290112547216e-02 7.237870582512188899e-02 1.059770415325888976e-01 1.384464535205349178e-01 1.697285853386027443e-01 1.997157241546544948e-01 2.283027447411132838e-01 2.553976497310908034e-01 2.809220563969417883e-01 3.048086767020211085e-01 3.269987071333124717e-01 3.474400975560638649e-01 3.660864501859196762e-01 3.828971899970131099e-01 3.978383989498822659e-01 4.108842000776206094e-01 4.220186929321524394e-01 4.312377534839396120e-01 4.385508968115010009e-01 4.439824549851986157e-01 4.475721223327220333e-01 4.493747158763163885e-01 4.494588041122046795e-01 4.479039741491274151e-01 4.447955493853560371e-01 4.402134548581470574e-01 4.342057130701226231e-01 4.267134270741315127e-01 3.908691281117897542e-01
-3.415123690429875541e-04 2.815080320639276601e-02 5.824329099999574905e-02 8.875493510007698150e-02 1.195214312465797957e-01 1.504646621819049623e-01 1.815332775045298552e-01 2.126865170660112714e-01 2.438876218859909462e-01 2.751015936354351821e-01 3.062940864032052124e-01 3.374309593015298869e-01 3.684783924970026492e-01 3.994027777803715318e-01 4.301712601665628188e-01 4.607522425436683111e-01 4.911158176975126688e-01 5.212345722685417515e-01 5.510837549545177794e-01 5.806419072448869567e-01 6.098906474533999367e-01 6.388140373868066435e-01 6.673979191532158906e-01 6.956282060055514194e-01 7.234885317075366862e-01 7.509572378178653862e-01 7.780024801546608915e-01 8.045726314146012248e-01 8.305751589488836739e-01 8.839978663084439026e-01
4.370090124373794335e-03 2.426784315041951440e-02 5.099612093903864440e-02 7.908395378587848579e-02 1.081632657621100779e-01 1.381571228917859440e-01 1.690536130984186536e-01 2.008538336921919798e-01 2.335566424680542985e-01 2.671553284198212586e-01 3.016375369392753081e-01 3.369861734295424571e-01 3.731806284782682170e-01 4.101972714176782553e-01 4.480102081446957762e-01 4.865915946074200193e-01 5.259115200355826136e-01 5.659381465072499395e-01 6.066369472354816716e-01 6.479706243681282452e-01 6.898981193212291307e-01 7.323733500030020771e-01 7.753443612093593451e-01 8.187515258020645614e-01 8.625255566155451969e-01 9.065859860987827146e-01 9.508401463080743410e-01 9.951837953001615444e-01 1.039511995917261622e+00 1.142394310367689902e+00
7.016417228053635491e-05 -4.079203334553284377e-03 -8.746336591464631133e-03 -1.345194213448868900e-02 -1.819029670168727936e-02 -2.297729380129177185e-02 -2.782987131536965655e-02 -3.276195892567589085e-02 -3.778382592772089321e-02 -4.290248903734701635e-02 -4.812226075443722106e-02 -5.344525317000369674e-02 -5.887181849926501065e-02 -6.440081862014099268e-02 -7.002990869067836355e-02 -7.575575315197860538e-02 -8.157419500729320982e-02 -8.748049226771355269e-02 -9.346945712219154045e-02 -9.953573397463455485e-02 -1.056739804720641246e-01 -1.118790415062762833e-01 -1.181462105295434800e-01 -1.244713755805576250e-01 -1.308511680014597389e-01 -1.372832416919939069e-01 -1.437667885447161120e-01 -1.503037479190182935e-01 -1.569028978890429360e-01 -1.728901278729601532e-01
-2.643466412842744931e-03 1.321522441992388150e-02 3.783839977712000202e-02 6.419663234593622758e-02 9.179690809274977659e-02 1.205227248733420214e-01 1.503455403316539263e-01 1.812576684076414313e-01 2.132521335651693661e-01 2.463175253739963155e-01 2.804372358512474683e-01 3.155901014953205186e-01 3.517515290081252854e-01 3.888939476051169741e-01 4.269875344410560825e-01 4.660004931981036047e-01 5.058988875944212538e-01 5.466467227518435612e-01 5.882051003791038957e-01 6.305320535908967017e-01 6.735814480995504505e-01 7.173015912820726037e-01 7.616342629402925724e-01 8.065127820727948649e-01 8.518599217118130174e-01 8.975864438271998758e-01 9.435905229689620644e-01 9.897598943978161978e-01 1.035987854996829327e+00 1.144427622702361980e+00
-2.220549591339346027e-03 -4.080884757277343511e-02 -7.289936248336403857e-02 -1.037744683984659355e-01 -1.337039655940499006e-01 -1.627090840610161959e-01 -1.907583796957393885e-01 -2.178102512730469564e-01 -2.438235333610077049e-01 -2.687601263352008552e-01 -2.925847929391546809e-01 -3.152644346879493464e-01 -3.367677092081277079e-01 -3.570647644374496110e-01 -3.761278332218834786e-01 -3.939321772854847969e-01 -4.104573474175899905e-01 -4.256889183283214528e-01 -4.396200168650020723e-01 -4.522530883099169507e-01 -4.636010831981373648e-01 -4.736882168851513919e-01 -4.825503023005853764e-01 -4.902341485683692213e-01 -4.967959811688567040e-01 -5.022981470269227700e-01 -5.068017937005969697e-01 -5.103490882980968868e-01 -5.129133130723844136e-01 -5.062549766665964679e-01
-1.011205143417394023e-02 -8.978277329345119018e-02 -1.593572429894314357e-01 -2.271256069069069183e-01 -2.934763139438506530e-01 -3.584188146067669445e-01 -4.218834591473736295e-01 -4.837856644614599855e-01 -5.440412134463920024e-01 -6.025702561250697586e-01 -6.592969617985134922e-01 -7.141484830448667775e-01 -7.670546552848879207e-01 -8.179476549542981090e-01 -8.667633570827306677e-01 -9.134431816073904642e-01 -9.579363660440420869e-01 -1.000203191000594849e+00 -1.040217475974221983e+00 -1.077969714787752942e+00 -1.113468766631850126e+00 -1.146742599516579642e+00 -1.177838305933278207e+00 -1.206819953485825714e+00 -1.233764393306292284e+00 -1.258753737807789541e+00 -1.281859867944866060e+00 -1.303108424828985701e+00 -1.322381687363936242e+00 -1.341759596067964244e+00
1.534608609466546481e-03 -3.111766770711904551e-02 -6.925043543277249747e-02 -1.084341234632259787e-01 -1.483454358551303254e-01 -1.889080962413621778e-01 -2.301007275316327705e-01 -2.719117633503057019e-01 -3.143257920611836065e-01 -3.573207715171294319e-01 -4.008680344398072859e-01 -4.449332301663041500e-01 -4.894777323500282273e-01 -5.344593412965445989e-01 -5.798335703849397671e-01 -6.255546288922388953e-01 -6.715761121218678520e-01 -7.178521552182463017e-01 -7.643376144795219762e-01 -8.109890263986504477e-01 -8.577644056989143229e-01 -9.046225552089641742e-01 -9.515225589767235537e-01 -9.984218669799425072e-01 -1.045273716095246108e+00 -1.092024287103660729e+00 -1.138608816515763511e+00 -1.184945573217081716e+00 -1.230928805215666610e+00 -1.333229873091799966e+00
2.898536262189301688e-03 5.062865114189844112e-02 9.705790361632864183e-02 1.433801249633164243e-01 1.895537712116291684e-01 2.355114142340284655e-01 2.811884288696153700e-01 3.265260343012099664e-01 3.714695137574588468e-01 4.159672411431947214e-01 4.599695301490804855e-01 5.034278918243512146e-01 5.462950036350591176e-01 5.885244538190118613e-01 6.300715348119989567e-01 6.708941242848196485e-01 7.109536039358448356e-01 7.502163723382990757e-01 7.886545739847699021e-01 8.262474388382905488e-01 8.629814710155631063e-01 8.988500284285843023e-01 9.338527269550181975e-01 9.679933535516533905e-01 1.001276719840288987e+00 1.033704140133695937e+00 1.065265265007358853e+00 1.095920575479897519e+00 1.125558318021346871e+00 1.181673107577655202e+00
-6.107485273063976983e-03 -3.470172527225602599e-02 -7.651295891578907549e-02 -1.208247716774783487e-01 -1.669871260536376634e-01 -2.149049704827850071e-01 -2.645968686551011251e-01 -3.160956038379818533e-01 -3.694209807076910268e-01 -4.245752922540769192e-01 -4.815448027356670213e-01 -5.403027300218518070e-01 -6.008124601932384179e-01 -6.630292484386361984e-01 -7.269021263255162069e-01 -7.923749144972158653e-01 -8.593864152161694303e-01 -9.278709998738379205e-01 -9.977576536991398237e-01 -1.068970192361713867e+00 -1.141425940612277534e+00 -1.215033933932617494e+00 -1.289693813488047347e+00 -1.365293033233579312e+00 -1.441703681189701935e+00 -1.518780136457932084e+00 -1.596357908978692119e+00 -1.674256551577087304e+00 -1.752304735126106516e+00 -1.935249972974999233e+00
1.293996033661420735e-02 9.103723990352294293e-03 -9.061947907145168762e-03 -2.991242555155681354e-02 -5.269270181286581090e-02 -7.725552803056964790e-02 -1.035897703024659111e-01 -1.317123257771957157e-01 -1.616370944421611222e-01 -1.933674929579036195e-01 -2.268960177803135414e-01 -2.622058449279525139e-01 -2.992728775862201762e-01 -3.380668752345118988e-01 -3.785525925518543611e-01 -4.206902538348010756e-01 -4.644353969653937653e-01 -5.097389011325732522e-01 -5.565459752422707851e-01 -6.047959272806463504e-01 -6.544209688384393653e-01 -7.053447641959809111e-01 -7.574815820573971292e-01 -8.107344796022371014e-01 -8.649935446998928690e-01 -9.201354691551959508e-01 -9.760257786191499640e-01 -1.032528794252371540e+00 -1.089548525135122015e+00 -1.228815832329589464e+00
-1.797342815012752115e-02 6.843489657087732658e-03 3.077266428490016414e-02 5.469843936175557836e-02 7.847865816613001921e-02 1.019736051288452627e-01 1.250660151846901824e-01 1.476594548794754047e-01 1.696733887871785806e-01 1.910391315330162709e-01 2.116964867966156794e-01 2.315913781005861649e-01 2.506745151031903318e-01 2.689005586742629905e-01 2.862282584302829336e-01 3.026210099774864215e-01 3.180477218042321308e-01 3.324840869295823120e-01 3.459135851005782358e-01 3.583286015835456806e-01 3.697308719140353084e-01 3.801313807050478166e-01 3.895497447770461252e-01 3.980126125426820538e-01 4.055511114394630412e-01 4.121967973377279604e-01 4.179741945018892180e-01 4.228845712008449942e-01 4.268631405813880786e-01 4.250208866495702731e-01
-2.572540531068170239e-03 6.253636600647898003e-02 1.208211078117709669e-01 1.780092408466914800e-01 2.342583937540162753e-01 2.894894269968256717e-01 3.435878836414374415e-01 3.964435883543325767e-01 4.479572469564196413e-01 4.980403939160942817e-01 5.466129993034890555e-01 5.936012417835858646e-01 6.389363694421870132e-01 6.825538137339717260e-01 7.243939403911507924e-01 7.644033261143261537e-01 8.025364529920931966e-01 8.387582304485470264e-01 8.730458709569992592e-01 9.053912710260387797e-01 9.358021009465914419e-01 9.643020332124199179e-01 9.909303188086037162e-01 1.015739519725995077e+00 1.038791561089693172e+00 1.060151075595213488e+00 1.079872171614804977e+00 1.097968078511103895e+00 1.114329510613196295e+00 1.130710127303966805e+00
3.267919470145506933e-03 -6.301629041067885462e-02 -1.264708485341453637e-01 -1.894945542184682807e-01 -2.520781390278281631e-01 -3.141400559553106930e-01 -3.755928167726384492e-01 -4.363531136784774556e-01 -4.963412028160765765e-01 -5.554801869721810448e-01 -6.136946856112932558e-01 -6.709099670063500831e-01 -7.270520609060170392e-01 -7.820476833129474947e-01 -8.358256827535326394e-01 -8.883187490518600349e-01 -9.394653198442008968e-01 -9.892123616834679334e-01 -1.037517204643871427e+00 -1.084350130743915175e+00 -1.129695395958349557e+00 -1.173551311974027289e+00 -1.215929832043483039e+00 -1.256853942349390074e+00 -1.296353289144592580e+00 -1.334457358832526364e+00 -1.371182713192721891e+00 -1.406505259936108754e+00 -1.440290437745886942e+00 -1.499312172955007405e+00
-4.662504264107749166e-03 1.307027271328072872e-02 2.868916034055508935e-02 4.402620481460649271e-02 5.909012099500141058e-02 7.382138377629235415e-02 8.815651049653203120e-02 1.020394695262307888e-01 1.154225450043983303e-01 1.282651753903812641e-01 1.405323143330562963e-01 1.521930782497512569e-01 1.632199148889139362e-01 1.735880552835261104e-01 1.832755502030888606e-01 1.922635685408883577e-01 2.005368948699036702e-01 2.080846643185444989e-01 2.149009554604191519e-01 2.209854302002051685e-01 2.263435882192377235e-01 2.309866996435615549e-01 2.349314028668197385e-01 2.381987229463935762e-01 2.408124695489829992e-01 2.427965592744535939e-01 2.441698538418099751e-01 2.449345290860792668e-01 2.450444736568443416e-01 2.373083514657038373e-01
-1.089585086763503186e-03 -8.175795622450996586e-03 -2.343844783232250720e-02 -4.018879107343129031e-02 -5.804757197002814034e-02 -7.697443223928851497e-02 -9.699726094592947545e-02 -1.181518789663768831e-01 -1.404659478468358591e-01 -1.639562810066171328e-01 -1.886298185558472618e-01 -2.144854413840717733e-01 -2.415157976493468306e-01 -2.697082921417336965e-01 -2.990459909139146499e-01 -3.295079866151971459e-01 -3.610692808444824209e-01 -3.937007962827403507e-01 -4.273686598642653101e-01 -4.620340934845169611e-01 -4.976526754586938495e-01 -5.341735015247295326e-01 -5.715388670947014749e-01 -6.096833403113558481e-01 -6.485329472781899973e-01 -6.880053493772054773e-01 -7.280119020370592331e-01 -7.684650868792570755e-01 -8.093074512277276256e-01 -9.089811215360571461e-01
9.584710469753772097e-03 2.781069718697074672e-02 4.034044551261238565e-02 5.187825291529339633e-02 6.268768396664736731e-02 7.279964092360541317e-02 8.219506088606011451e-02 9.084568224342820519e-02 9.872493522765193874e-02 1.058105910953184570e-01 1.120847141572361150e-01 1.175329739567621823e-01 1.221440275984806423e-01 1.259090823481960053e-01 1.288218446740072021e-01 1.308787039322822920e-01 1.320791221704679663e-01 1.324261786636887761e-01 1.319271342006424763e-01 1.305939576124278967e-01 1.284437028610067866e-01 1.254987128343519887e-01 1.217865279759196007e-01 1.173394957991874266e-01 1.121938809763366879e-01 1.063878595929851345e-01 9.995690100795769084e-02 9.292216280724670263e-02 8.525630647301273013e-02 5.932468814313814065e-02
-1.827577054445844035e-03 3.518223110244096674e-02 7.003372045689940095e-02 1.046181458521514285e-01 1.389253050236507470e-01 1.728832964588706833e-01 2.064180056765422266e-01 2.394627353737274755e-01 2.719580362174729982e-01 3.038505289673222309e-01 3.350912761881937318e-01 3.656345381470079703e-01 3.954372374754829833e-01 4.244584903660123532e-01 4.526600771473212603e-01 4.800071366133251693e-01 5.064690183783431277e-01 5.320206102317305286e-01 5.566431665030435738e-01 5.803254908479427154e-01 6.030642623630757537e-01 6.248638288791570350e-01 6.457356824080832114e-01 6.656967657267818250e-01 6.847668073331925065e-01 7.029642152112531850e-01 7.202984058204726647e-01 7.367529365646030559e-01 7.522419489361712452e-01 7.762580483378112017e-01
-6.976916565426250633e-03 1.698138186617568698e-02 3.388307306392587814e-02 4.959068995903838373e-02 6.432519988350909879e-02 7.804192000979850996e-02 9.065295084042163110e-02 1.020732297301035207e-01 1.122302459383365536e-01 1.210643690837255038e-01 1.285265803512952443e-01 1.345760795742676763e-01 1.391785395520352964e-01 1.423050693483817186e-01 1.439320389173152359e-01 1.440415092281820131e-01 1.426221685563405783e-01 1.396705789289246491e-01 1.351925516717362163e-01 1.292043578021396799e-01 1.217336696556153841e-01 1.128200970843538098e-01 1.025150269895746258e-01 9.088089159205167689e-02 7.798950022728436127e-02 6.391841456917629616e-02 4.874300088338896081e-02 3.251704776703451261e-02 1.521596291548373003e-02 -3.821960475155976311e-02
3.181429803839092019e-03 -2.709114208869321805e-02 -6.058773849310751525e-02 -9.470153137472360483e-02 -1.292162622724438437e-01 -1.640699045300109127e-01 -1.992364296039094984e-01 -2.346972165875386152e-01 -2.704318204122161395e-01 -3.064159257761787103e-01 -3.426210901062435310e-01 -3.790151909665893104e-01 -4.155633321814850567e-01 -4.522282851162550132e-01 -4.889715332798855174e-01 -5.257541716973728185e-01 -5.625376587780239745e-01 -5.992850014444803808e-01 -6.359611925020538514e-01 -6.725342626975494564e-01 -7.089753726467015182e-01 -7.452584640423792761e-01 -7.813599645059514653e-01 -8.172572882895811075e-01 -8.529266831715310859e-01 -8.883406109768384740e-01 -9.234637323585793700e-01 -9.582456995309182046e-01 -9.926082124710720045e-01 -1.067129864361853642e+00
4.727417637607169570e-03 -4.167377028200559136e-02 -9.232596967663823928e-02 -1.438396189622192234e-01 -1.958992826485663752e-01 -2.483986239660066764e-01 -3.012829339582078214e-01 -3.545101488989376715e-01 -4.080376697838061784e-01 -4.618191268087737944e-01 -5.158036476205236642e-01 -5.699362106949642515e-01 -6.241587686143545977e-01 -6.784107724961454533e-01 -7.326306735727805552e-01 -7.867572678315970514e-01 -8.407308637514621097e-01 -8.944951018966114109e-01 -9.479976648630917824e-01 -1.001191846892656834e+00 -1.054036650860211033e+00 -1.106496158620158710e+00 -1.158538867106912562e+00 -1.210135144122293838e+00 -1.261253557362651101e+00 -1.311856201344396844e+00 -1.361891294467988622e+00 -1.411279350767604246e+00 -1.459885453973623903e+00 -1.562959130451534673e+00
-8.156455688820601208e-03 -1.175132326968283611e-02 -8.452224463543746291e-03 -3.774805853442780856e-03 1.881111752981436298e-03 8.409789579709822660e-03 1.577794296047265246e-02 2.397277694845441343e-02 3.298612138223409873e-02 4.280961153635963468e-02 5.343346226335270177e-02 6.484643638978807023e-02 7.703618262177837350e-02 8.998935570580346432e-02 1.036917469141515058e-01 1.181281717282402777e-01 1.332820995591159907e-01 1.491352977250808565e-01 1.656670685121826581e-01 1.828537201594627737e-01 2.006676758579486186e-01 2.190764774970200834e-01 2.380420145314828539e-01 2.575194340049853925e-01 2.774561246284223959e-01 2.977912948989240305e-01 3.184567496922914853e-01 3.393810465473614535e-01 3.605067114303414644e-01 4.125243633387922770e-01
-1.654537898254813261e-02 3.497339914272812322e-02 8.936467427392907892e-02 1.444865667284593036e-01 1.999805566078231012e-01 2.556589281798830049e-01 3.113937927933401184e-01 3.670848477135067456e-01 4.226450882525217279e-01 4.779949074046085933e-01 5.330587221456657421e-01 5.877632112047228574e-01 6.420369159413921167e-01 6.958097623832826262e-01 7.490139969549129972e-01 8.015852798030518311e-01 8.534638366264540865e-01 9.045963739312491425e-01 9.549369661308632073e-01 1.004448714625138628e+00 1.053103882650359369e+00 1.100883196680757958e+00 1.147774911906444428e+00 1.193771937599438893e+00 1.238867688142626822e+00 1.283050518924258920e+00 1.326294411389420613e+00 1.368540227467733406e+00 1.409652477718304375e+00 1.491569932957885980e+00
5.938324267224960942e-03 -1.296254776675411641e-02 -3.331834544767817846e-02 -5.393380933206345235e-02 -7.469063558698249561e-02 -9.554737068379381970e-02 -1.164822362187414861e-01 -1.374786269097471314e-01 -1.585199906608519005e-01 -1.795884422052059504e-01 -2.006643358058376736e-01 -2.217262926306115267e-01 -2.427515743257538106e-01 -2.637162761618945250e-01 -2.845959544781987982e-01 -3.053662453161689605e-01 -3.260034654339130089e-01 -3.464855059310137930e-01 -3.667923335481321767e-01 -3.869068385328351400e-01 -4.068151258799828085e-01 -4.265065264199257022e-01 -4.459735787877683322e-01 -4.652112867661342133e-01 -4.842159452533137953e-01 -5.029835911750140109e-01 -5.215074502304894999e-01 -5.397730225023775752e-01 -5.577480025634995453e-01 -5.959004892974106848e-01
6.380826336245364050e-05 -2.876632099576218599e-02 -5.106304852555686169e-02 -7.212452369373692496e-02 -9.223152514109778100e-02 -1.114109590794641058e-01 -1.296361145942814819e-01 -1.468704465330135933e-01 -1.630787213809982150e-01 -1.782295943894894319e-01 -1.922953255467183264e-01 -2.052509342130564296e-01 -2.170736122521803313e-01 -2.277423797669499983e-01 -2.372384306593648129e-01 -2.455458573422712731e-01 -2.526527218893950266e-01 -2.585524867912284419e-01 -2.632454313727303763e-01 -2.667401544550856984e-01 -2.690547497189038628e-01 -2.702176727605766771e-01 -2.702681835268870847e-01 -2.692561754828289300e-01 -2.672412292567482028e-01 -2.642901711293270672e-01 -2.604712173739114345e-01 -2.558391755406071999e-01 -2.503922663844723173e-01 -2.272956875465482751e-01
-4.024397631185368598e-03 -5.088018197403632731e-02 -1.002956162889005465e-01 -1.502321614547804107e-01 -2.005065891000639422e-01 -2.510648330866747657e-01 -3.018806875806152590e-01 -3.529311331003707197e-01 -4.041882882379104203e-01 -4.556183011445480990e-01 -5.071816129750280622e-01 -5.588337942978243156e-01 -6.105268779495182097e-01 -6.622099845016419239e-01 -7.138307949667435093e-01 -7.653368178839007330e-01 -8.166764549870481060e-01 -8.678006739167771766e-01 -9.186636327085772047e-01 -9.692241499224953927e-01 -1.019445821468264457e+00 -1.069296508394564693e+00 -1.118747860313627607e+00 -1.167773117709533626e+00 -1.216343896057045848e+00 -1.264426042447751364e+00 -1.311972868712977469e+00 -1.358912119678727271e+00 -1.405119157437771271e+00 -1.502996234019188027e+00
-2.710083004920985777e-03 3.117382855259543534e-02 5.835382659338657352e-02 8.441491811788398580e-02 1.095656944681342448e-01 1.337646111058277965e-01 1.569282559784293540e-01 1.789743908859141586e-01 1.998309473272005254e-01 2.194366463732456418e-01 2.377390956655387466e-01 2.546927544506032981e-01 2.702575617624068949e-01 2.843980550662580931e-01 2.970834720779843563e-01 3.082883684078535635e-01 3.179936617718271963e-01 3.261880955963613049e-01 3.328696005348114051e-01 3.380466908903089762e-01 3.417393338972948835e-01 3.439793268917655800e-01 3.448100548520354192e-01 3.442853731279360563e-01 3.424674178292742011e-01 3.394223853116246081e-01 3.352116448862546561e-01 3.298705838826060943e-01 3.233486823722339087e-01 2.935036888524120147e-01
3.616859677920792465e-03 -4.760619665678136186e-02 -9.172122594459089506e-02 -1.345514825504456335e-01 -1.763327475167689729e-01 -2.170421359697725094e-01 -2.566086706925403971e-01 -2.949569968265068898e-01 -3.320167822378632394e-01 -3.677242272277559954e-01 -4.020208292145528439e-01 -4.348519288033402819e-01 -4.661659673112342750e-01 -4.959139946096678964e-01 -5.240504431201948865e-01 -5.505344018178307541e-01 -5.753313213816453331e-01 -5.984153854842294562e-01 -6.197715328734516582e-01 -6.393978085370634057e-01 -6.573068204800573966e-01 -6.735265334361841827e-01 -6.881004331650931727e-01 -7.010862892018692172e-01 -7.125535017898407819e-01 -7.225780645698078875e-01 -7.312319730331324763e-01 -7.385582965692742974e-01 -7.445026191324738418e-01 -7.408186398126963557e-01
8.053367660279668258e-03 2.584801823651344463e-03 -9.559673349248433427e-04 -4.100095592036747533e-03 -6.911133806717498218e-03 -9.383367406834770830e-03 -1.149919504092440301e-02 -1.324094898895605138e-02 -1.459340982274285117e-02 -1.554388774806321136e-02 -1.608165200149889312e-02 -1.619733944761646283e-02 -1.588254107652285751e-02 -1.512962575707638667e-02 -1.393180847157613270e-02 -1.228343454064703515e-02 -1.018045966649743471e-02 -7.621044959907397054e-03 -4.606265113694484395e-03 -1.140772580223829019e-03 2.766551941936168726e-03 7.102038662223240408e-03 1.184687621901756374e-02 1.697687244181704871e-02 2.246244314630110525e-02 2.826907772126649107e-02 3.435876753095207237e-02 4.069394330435242846e-02 4.724996177915251339e-02 6.518286708955969844e-02
-3.649576806145450603e-03 -8.028244057619196225e-03 -6.999321108023256327e-03 -4.885590697946091965e-03 -1.988190661687923994e-03 1.618915382587512303e-03 5.916450941074141538e-03 1.089980681822997829e-02 1.656710737618298512e-02 2.291574932855762470e-02 2.994166903481284767e-02 3.763946556295752477e-02 4.600273867002877687e-02 5.502421627913293284e-02 6.469581938738160065e-02 7.500849930141392785e-02 8.595184121149354595e-02 9.751364233435021178e-02 1.096791774450935758e-01 1.224306339708223224e-01 1.357463008781999991e-01 1.495997080115399891e-01 1.639589766657494341e-01 1.787859825601736397e-01 1.940356349632130217e-01 2.096557048151888036e-01 2.255877675875278543e-01 2.417712323077320091e-01 2.581589387555623949e-01 2.990721534420925920e-01
1.322816322491964999e-02 8.588661127550375682e-03 1.467865837973902736e-02 2.279247990762249543e-02 3.247519295056106731e-02 4.369849086062549404e-02 5.651748010911862574e-02 7.099574886893095238e-02 8.718632031624533318e-02 1.051288362813584398e-01 1.248512135692146779e-01 1.463721316128250849e-01 1.697032471859934166e-01 1.948502917355898756e-01 2.218136599376219209e-01 2.505881552940233958e-01 2.811619746864566505e-01 3.135155995586978439e-01 3.476198736681663792e-01 3.834346923309376876e-01 4.209072057570136804e-01 4.599701294471518764e-01 5.005409194393291017e-01 5.425206923337454468e-01 5.857937457708739526e-01 6.302289608129643117e-01 6.756849172081377253e-01 7.220250286575757848e-01 7.691691924673624836e-01 8.886833641224411995e-01
1.260468691448775672e-03 6.008512663743048599e-02 1.092780259743058729e-01 1.568352503118791152e-01 2.030816954963918231e-01 2.479813957331571672e-01 2.914331313734100370e-01 3.333322607987481700e-01 3.735842152713477748e-01 4.121063547147916228e-01 4.488259974814338138e-01 4.836780992796819723e-01 5.166038047925745058e-01 5.475494323011672604e-01 5.764669494718356324e-01 6.033150824539761370e-01 6.280609531919374433e-01 6.506824304120787383e-01 6.711701266039628022e-01 6.895296678729584405e-01 7.057829926406975485e-01 7.199689023484461270e-01 7.321428478138669593e-01 7.423752176563304106e-01 7.507480238510173542e-01 7.573487140711577803e-01 7.622571848179023890e-01 7.655149531511966643e-01 7.670391152525642964e-01 7.488065796377791905e-01
1.540464844135506356e-03 -2.783867826080388061e-02 -6.136992185451201065e-02 -9.568730863953131549e-02 -1.305407489575039492e-01 -1.658702826672974751e-01 -2.016581483352696824e-01 -2.378938970795437813e-01 -2.745637170708297159e-01 -3.116483043559850064e-01 -3.491228766396924921e-01 -3.869579279892098600e-01 -4.251203861173972198e-01 -4.635741904985043460e-01 -5.022814049900894418e-01 -5.412031012927800422e-01 -5.803000217465138499e-01 -6.195336585052363398e-01 -6.588665201373193891e-01 -6.982630624016582521e-01 -7.376896294971522217e-01 -7.771139726488933697e-01 -8.165049037008046406e-01 -8.558307379343916832e-01 -8.950571475373955144e-01 -9.341447312721971041e-01 -9.730455609079974311e-01 -1.011697542320959542e+00 -1.050016627398286051e+00 -1.134783452039548335e+00
-1.266474696222865022e-03 -2.126690746646654404e-02 -3.182654849345117193e-02 -4.058582296089707775e-02 -4.799247710376508547e-02 -5.411311606418673509e-02 -5.893132176374323017e-02 -6.241430078630792744e-02 -6.453093963780322240e-02 -6.525605909281292916e-02 -6.457033227364572525e-02 -6.245915684160645298e-02 -5.891159225980172054e-02 -5.391979981010339151e-02 -4.747901136998644578e-02 -3.958802302254658262e-02 -3.025017901126934167e-02 -1.947458113226129689e-02 -7.277647650645594629e-03 6.315521948260092999e-03 2.126971133568877903e-02 3.753831454525356076e-02 5.506261128233554819e-02 7.377120965082292758e-02 9.358012408054319775e-02 1.143944518080050876e-01 1.361135138571656356e-01 1.586452609742054487e-01 1.819521763929267122e-01 2.461086522675690058e-01
-1.083239744925264432e-02 2.399766225164448943e-02 5.267959684947429860e-02 8.037077058956333675e-02 1.072033629331201887e-01 1.330926242053668551e-01 1.579255363090424358e-01 1.815977775327215493e-01 2.040198497048091308e-01 2.251160927870666517e-01 2.448217729466767023e-01 2.630804131969316506e-01 2.798420539149805153e-01 2.950621779101760822e-01 3.087017889594720899e-01 3.207281140644521744e-01 3.311158124148309567e-01 3.398486614916369497e-01 3.469211379082860480e-01 3.523400141598276858e-01 3.561253476374653948e-01 3.583108831931785532e-01 3.589437192709090119e-01 3.580829700925582948e-01 3.557972182944194595e-01 3.521597346782239790e-01 3.472386390443485960e-01 3.410738154025210744e-01 3.336119534906939466e-01 3.003570037294429618e-01
-2.757307715848965682e-03 -3.671270538396609329e-02 -6.485789976145389657e-02 -9.190530587732886891e-02 -1.181050395689596938e-01 -1.434834463136397398e-01 -1.680183067910705763e-01 -1.916771481286943246e-01 -2.144270068291149745e-01 -2.362370036506253879e-01 -2.570783334199444603e-01 -2.769237384979529870e-01 -2.957472414368773617e-01 -3.135239536491690182e-01 -3.302306193129128653e-01 -3.458464538741384264e-01 -3.603542531377948444e-01 -3.737419171303619780e-01 -3.860037958204763364e-01 -3.971422521616964074e-01 -4.071687284567104825e-01 -4.161044522663636669e-01 -4.239807858401181129e-01 -4.308387733265725550e-01 -4.367278516865943372e-01 -4.417030940785423021e-01 -4.458189970366091548e-01 -4.491142812776479643e-01 -4.515691046544794141e-01 -4.464446549660480157e-01
2.583377893815137771e-03 2.909875889959650727e-02 5.947446686748683597e-02 9.067403805118073867e-02 1.224471797114510541e-01 1.547183961277846520e-01 1.874549896618195322e-01 2.206353473269507814e-01 2.542386436267750072e-01 2.882422389216386382e-01 3.226211051420100895e-01 3.573480342106620244e-01 3.923943016124435967e-01 4.277298473723536998e-01 4.633239593090799358e-01 4.991457280412696651e-01 5.351642617877128139e-01 5.713492407137507056e-01 6.076706839170118446e-01 6.440993051830902205e-01 6.806059549953978882e-01 7.171606945594823923e-01 7.537320446572783883e-01 7.902851832281049260e-01 8.267796769876706309e-01 8.631670297175992879e-01 8.993873278707165131e-01 9.353638014784639854e-01 9.709950736700795337e-01 1.049540610399557261e+00
-1.050307356157773389e-02 2.889018799404077451e-02 6.630029027951481191e-02 1.035038790572891110e-01 1.404270583711901554e-01 1.769531564412661906e-01 2.129744033784248258e-01 2.483979501395119915e-01 2.831433731565483614e-01 3.171399384493953644e-01 3.503238673548931259e-01 3.826363488416046899e-01 4.140225581276706368e-01 4.444309484930039078e-01 4.738136992188930474e-01 5.021275263372931841e-01 5.293347584500848191e-01 5.554049647568631842e-01 5.803160869146005707e-01 6.040559022373769293e-01 6.266225344582444512e-01 6.480243170844852685e-01 6.682791882746792478e-01 6.874127562869845054e-01 7.054552081073205416e-01 7.224364755330309196e-01 7.383772216986892456e-01 7.532690620981848939e-01 7.670230622719688141e-01 7.850935148282377485e-01
4.019053514533297775e-03 -3.176089431549507236e-02 -6.347269086379597747e-02 -9.443616584390840396e-02 -1.247737496253501777e-01 -1.544651652656111596e-01 -1.834643478968639996e-01 -2.117232083827854661e-01 -2.391963663233060700e-01 -2.658418443682536991e-01 -2.916202704195924866e-01 -3.164940320995611178e-01 -3.404269354292703831e-01 -3.633839713357348011e-01 -3.853319552485215405e-01 -4.062404732524040885e-01 -4.260830928358240732e-01 -4.448390533970835170e-01 -4.624946605908253350e-01 -4.790449664752253756e-01 -4.944947819923564691e-01 -5.088592254650466939e-01 -5.221638842605254016e-01 -5.344439618502746514e-01 -5.457424726510138324e-01 -5.561069168669487972e-01 -5.655823842275877755e-01 -5.741954884946559590e-01 -5.819108355023310253e-01 -5.884866313598431375e-01
5.953520750808620476e-04 -3.530159360103075905e-02 -6.231174645275788793e-02 -8.766062778292313395e-02 -1.117236247496959378e-01 -1.345302918746314469e-01 -1.560386125521240341e-01 -1.761947802179479328e-01 -1.949482675782928665e-01 -2.122550635620173709e-01 -2.280770608164951196e-01 -2.423807178348726943e-01 -2.551360875463215550e-01 -2.663162507778040755e-01 -2.758976510421729533e-01 -2.838609665978037988e-01 -2.901924679177160238e-01 -2.948858197401618697e-01 -2.979439209462640403e-01 -2.993807911355942930e-01 -2.992230808125654340e-01 -2.975111818424676091e-01 -2.942997340820880936e-01 -2.896573848267340323e-01 -2.836655271968840930e-01 -2.764150092574792494e-01 -2.679982508455195922e-01 -2.584893028596378373e-01 -2.478852864670072487e-01 -2.092749514601501826e-01
8.933315089057839928e-03 -5.815372054468678775e-03 -2.189203567775774642e-02 -3.820291530945114922e-02 -5.462826133874835316e-02 -7.112069627990072473e-02 -8.765319841273257195e-02 -1.042054924432760377e-01 -1.207589814288899110e-01 -1.372950560474031079e-01 -1.537943808995074768e-01 -1.702366781978783550e-01 -1.866008821009538243e-01 -2.028652301657390411e-01 -2.190077573771186947e-01 -2.350068347955525938e-01 -2.508417365148172262e-01 -2.664934600114604590e-01 -2.819452578084897798e-01 -2.971834290429354875e-01 -3.121976627247102232e-01 -3.269811332116447922e-01 -3.415305252727560692e-01 -3.558454600526190781e-01 -3.699275420683136861e-01 -3.837790517140353685e-01 -3.974007569361287517e-01 -4.107876513988065192e-01 -4.239198510320697499e-01 -4.513567731198006583e-01
2.402041713392769062e-03 4.716725124023875282e-02 8.893289328235731706e-02 1.302717567628701167e-01 1.712247198399716452e-01 2.117358547385943535e-01 2.517371661971496977e-01 2.911642492211642952e-01 3.299580074211502234e-01 3.680643399216957379e-01 4.054328802102450946e-01 4.420159460970122245e-01 4.777681701431767403e-01 5.126460880413319376e-01 5.466087619457749014e-01 5.796186067953265075e-01 6.116423605341070324e-01 6.426526046819036608e-01 6.726286822631133422e-01 7.015580722584536799e-01 7.294367754379872393e-01 7.562691181612650748e-01 7.820672544101249235e-01 8.068493314510643000e-01 8.306365753359810089e-01 8.534487871523062097e-01 8.752958314045290455e-01 8.961587652821345618e-01 9.159411256818197344e-01 9.483685124324663374e-01
-1.902321145276365810e-02 1.599881040052070907e-02 4.188788589496995896e-02 6.624432864103335650e-02 8.929651936001989365e-02 1.109425777041914418e-01 1.310346628974001504e-01 1.494358078821589331e-01 1.660303298673971584e-01 1.807227289890857291e-01 1.934336249040458366e-01 2.040958970792646765e-01 2.126519853184527797e-01 2.190523247842517951e-01 2.232551580830234028e-01 2.252272933458452642e-01 2.249456471641594624e-01 2.223992970990079088e-01 2.175917012408211115e-01 2.105426985677523455e-01 2.012900410975733689e-01 1.898902676221053409e-01 1.764185063599811587e-01 1.609673355202083100e-01 1.436442118587724637e-01 1.245660203462773397e-01 1.038473190478655384e-01 8.157198029466129763e-02 5.771064926233300529e-02 -1.705551923925196708e-02
-1.304059905925874022e-02 3.246922474047649054e-02 6.571771152123198623e-02 9.685009958472838576e-02 1.262597101157357793e-01 1.538796773818107422e-01 1.795662940029191246e-01 2.031785737311183060e-01 2.245952182589586177e-01 2.437155238984188010e-01 2.604557343855856133e-01 2.747451320806510999e-01 2.865232346614252634e-01 2.957381402134168225e-01 3.023464173016692236e-01 3.063140326622617038e-01 3.076181550203128112e-01 3.062495619084967258e-01 3.022152191387287301e-01 2.955406644548797535e-01 2.862718556067441744e-01 2.744762992656904488e-01 2.602430056765467348e-01 2.436813629890198785e-01 2.249183666144024540e-01 2.040924884713828935e-01 1.813400817848050406e-01 1.567620629701675095e-01 1.303263669665261637e-01 4.597463789308227355e-02
1.517867603747397910e-02 1.564814101682857755e-02 1.149747983770998960e-02 6.508097600510360202e-03 9.622001816526754014e-04 -5.064081046638243405e-03 -1.154596653588890395e-02 -1.847319894606537505e-02 -2.583852237817091391e-02 -3.363404353309118466e-02 -4.185019152731669911e-02 -5.047560494065644193e-02 -5.949737585100119824e-02 -6.890123659891689289e-02 -7.867187660389417247e-02 -8.879319998466085606e-02 -9.924851286166394559e-02 -1.100208121672178185e-01 -1.210928551379965717e-01 -1.324474121483281142e-01 -1.440672560219371234e-01 -1.559350343411595730e-01 -1.680332100220017777e-01 -1.803437047532925330e-01 -1.928475093753725944e-01 -2.055246049969485789e-01 -2.183546068968598985e-01 -2.313195609947917841e-01 -2.444150167147529640e-01 -2.768133902739569607e-01
9.530249313656593071e-03 2.661110144619448226e-02 5.108082672903734023e-02 7.699450627246841317e-02 1.039934344913905490e-01 1.320252177016998096e-01 1.611012222382305070e-01 1.912420874851792352e-01 2.224626746952008960e-01 2.547694397745889905e-01 2.881610810705238501e-01 3.226300082229629496e-01 3.581639384255618785e-01 3.947465926338920572e-01 4.323584833303869002e-01 4.709771338531313356e-01 5.105767667469590654e-01 5.511281871028416157e-01 5.925977386326299889e-01 6.349469712046554859e-01 6.781314557978759261e-01 7.220994105788333117e-01 7.667908756422459060e-01 8.121360510628031770e-01 8.580536107856564509e-01 9.044497981166355061e-01 9.512186802034146016e-01 9.982457626696088493e-01 1.045427477391372539e+00 1.156937331909373867e+00
1.361077419683157097e-02 -1.499214068836954121e-02 -4.085563370823387663e-02 -6.623181352618480455e-02 -9.113996100395957423e-02 -1.155179537002137269e-01 -1.392971969098749097e-01 -1.624156269155716537e-01 -1.848185386212987114e-01 -2.064573867366140680e-01 -2.272880157944276447e-01 -2.472692555548510474e-01 -2.663622084967808279e-01 -2.845298435793054970e-01 -3.017374648071680654e-01 -3.179535608272356928e-01 -3.331509718203751191e-01 -3.473084976481055630e-01 -3.604123029797819400e-01 -3.724575112750605488e-01 -3.834492147184293542e-01 -3.934030243131784177e-01 -4.023451730642275681e-01 -4.103117045092504744e-01 -4.173467642451245130e-01 -4.234994601541073322e-01 -4.288174803676164104e-01 -4.333324236901111570e-01 -4.370199692866892915e-01 -4.353938950182337231e-01
8.549928485575078452e-03 -3.360079361389477215e-02 -7.820118142980278519e-02 -1.233172150340039464e-01 -1.687111061058460537e-01 -2.142812414277131539e-01 -2.599643057233433918e-01 -3.057093279390641349e-01 -3.514677771570241527e-01 -3.971905888404402285e-01 -4.428269634201587035e-01 -4.883241224070208331e-01 -5.336278641231987363e-01 -5.786827915359664676e-01 -6.234335257874004110e-01 -6.678259256838967595e-01 -7.118082767303137715e-01 -7.553330907637245684e-01 -7.983580356358579433e-01 -8.408475508306828550e-01 -8.827732136444346178e-01 -9.241134385081641867e-01 -9.648530211288202096e-01 -1.004981040326695219e+00 -1.044487678877020986e+00 -1.083359906935799089e+00 -1.121574251865865790e+00 -1.159082522063076937e+00 -1.195780242161496698e+00 -1.270929615456322548e+00
-1.408765612637821740e-03 3.444004492237169590e-02 6.277873492087188145e-02 8.984392680269268072e-02 1.158866623374052440e-01 1.408744187687699934e-01 1.647249377219227040e-01 1.873551291504168825e-01 2.086917615650739632e-01 2.286725780038022793e-01 2.472444862279990496e-01 2.643614993360849930e-01 2.799833227070975816e-01 2.940744481311100555e-01 3.066042636060073434e-01 3.175477071232900572e-01 3.268863745800519860e-01 3.346100621560582633e-01 3.407182227993018619e-01 3.452214482988376076e-01 3.481424232882459058e-01 3.495163758303286294e-01 3.493908751628075349e-01 3.478247392510966374e-01 3.448858255504212988e-01 3.406466776908518290e-01 3.351752470770702486e-01 3.285126477574945580e-01 3.206097961535718244e-01 2.867799184142875712e-01
-1.798761148127008339e-03 -1.827296475978897050e-02 -3.407611057356883799e-02 -4.971220001683974987e-02 -6.521665910218243933e-02 -8.060325198477139019e-02 -9.587800988282572934e-02 -1.110424087630909606e-01 -1.260943190189781904e-01 -1.410288506304145373e-01 -1.558388393424007534e-01 -1.705152289455241776e-01 -1.850475104888912314e-01 -1.994239552839275342e-01 -2.136321176133541555e-01 -2.276593210015738222e-01 -2.414931398030878418e-01 -2.551220933349417352e-01 -2.685360981875550834e-01 -2.817271768092626250e-01 -2.946898220737590446e-01 -3.074212064126183308e-01 -3.199213912268492610e-01 -3.321930737406909584e-01 -3.442410411067527987e-01 -3.560713049565878419e-01 -3.676893610514309074e-01 -3.790962834566312667e-01 -3.902793809429930261e-01 -4.132667403868361400e-01
5.608518639232025656e-03 -2.246728660238657069e-03 -7.224702857796170413e-03 -1.162596885926796622e-02 -1.556899573246860874e-02 -1.906240472076988282e-02 -2.209276351660095783e-02 -2.464354854398119465e-02 -2.669983547349811387e-02 -2.824910431628801372e-02 -2.928087987024288741e-02 -2.978618091197160478e-02 -2.975710207846569630e-02 -2.918662731086752934e-02 -2.806871041991649759e-02 -2.639858904808399520e-02 -2.417331429214523986e-02 -2.139240982408370517e-02 -1.805865576093031513e-02 -1.417882773675097595e-02 -9.764422947398335162e-03 -4.832292762104433564e-03 5.949538520908358857e-04 6.488673301280138347e-03 1.281418006811648261e-02 1.953133059020687248e-02 2.659634556891750379e-02 3.396688953109967130e-02 4.161816182651432300e-02 6.292558822406792152e-02
-2.177972745542410687e-02 -9.789072499242523762e-02 -1.768688088242496292e-01 -2.564879520841110150e-01 -3.365778017915085907e-01 -4.171073718799636065e-01 -4.980661218644414356e-01 -5.794365381086596933e-01 -6.611863878353435586e-01 -7.432696765231743274e-01 -8.256287093131694510e-01 -9.081964577244827641e-01 -9.908993301875768100e-01 -1.073658538159400377e+00 -1.156392611917650193e+00 -1.239019429526936333e+00 -1.321457797820709157e+00 -1.403629913961597087e+00 -1.485462080746215774e+00 -1.566886747126492896e+00 -1.647842366076632370e+00 -1.728272246389361610e+00 -1.808123474310368017e+00 -1.887343051899720514e+00 -1.965872328349515641e+00 -2.043639761186760939e+00 -2.120549025020780132e+00 -2.196455968650627533e+00 -2.271120342852654517e+00 -2.428137153842240714e+00
-1.590692902959937177e-03 9.396067032631799654e-02 1.830506418760143028e-01 2.711337441522367331e-01 3.583116736776389977e-01 4.444794958753156555e-01 5.295051961517610595e-01 6.132630074071934168e-01 6.956371774791691998e-01 7.765214034167753354e-01 8.558162205927151156e-01 9.334268178139477623e-01 1.009262288583500311e+00 1.083234801688078397e+00 1.155260991016891836e+00 1.225263813021376880e+00 1.293174758091605758e+00 1.358937286626006991e+00 1.422509051179345008e+00 1.483865155377636746e+00 1.542999388637665170e+00 1.599924303817340077e+00 1.654670743556333257e+00 1.707284647365021835e+00 1.757821744774746175e+00 1.806339202947973455e+00 1.852879463154608386e+00 1.897433779622634820e+00 1.939847355362442016e+00 2.011682063331453385e+00
5.992010036802077749e-04 -1.005512039878968603e-02 -2.542854524692978596e-02 -4.164664338105268648e-02 -5.848159636924014915e-02 -7.590576965364659312e-02 -9.393202601303583810e-02 -1.125778055696113472e-01 -1.318553148520562879e-01 -1.517699056879900643e-01 -1.723206214266430614e-01 -1.935012824450115521e-01 -2.153016577601448156e-01 -2.377080991279267586e-01 -2.607042636730982910e-01 -2.842715338289113491e-01 -3.083891668120282703e-01 -3.330346151537421084e-01 -3.581833238984149514e-01 -3.838089833882228907e-01 -4.098832633877073084e-01 -4.363754111556269466e-01 -4.632521370873929900e-01 -4.904769395410281119e-01 -5.180093612273346526e-01 -5.458046798723414916e-01 -5.738143215262803132e-01 -6.019884875073615582e-01 -6.302889866163896571e-01 -6.975481701880517083e-01
3.785790841009790270e-03 1.689081326141863432e-02 3.562379897681448165e-02 5.548424121976990725e-02 7.616959005510606784e-02 9.761574686743917928e-02 1.198121844286630516e-01 1.427594599809580977e-01 1.664567972440191002e-01 1.908993015095470369e-01 2.160778565251770811e-01 2.419798200930462495e-01 2.685899607364957697e-01 2.958908342135045944e-01 3.238633198779468092e-01 3.524867971672567823e-01 3.817389719230452894e-01 4.115958676359945390e-01 4.420311283132494218e-01 4.730158185350912259e-01 5.045175465745678212e-01 5.364993875599504136e-01 5.689191307412805321e-01 6.017278322306568450e-01 6.348682511985894728e-01 6.682736934450317356e-01 7.018673618209914089e-01 7.355632973100084682e-01 7.692761989942011880e-01 8.479076626727808375e-01
4.958848831898315934e-03 6.461216997139526685e-02 1.281387322145202678e-01 1.925127542510224332e-01 2.574465940305145084e-01 3.228432990050924545e-01 3.886532340900989979e-01 4.548385344359615612e-01 5.213606967806792003e-01 5.881777567139619967e-01 6.552436041510070197e-01 7.225082874172449321e-01 7.899191212484562019e-01 8.574209559865665353e-01 9.249575733746289163e-01 9.924727989320347721e-01 1.059911312913620840e+00 1.127220222377634196e+00 1.194349243188597143e+00 1.261252020399449947e+00 1.327885744325959516e+00 1.394210063904138153e+00 1.460186247319124053e+00 1.525774331109984505e+00 1.590929291474423746e+00 1.655596578159026055e+00 1.719705247370520995e+00 1.783155186075356280e+00 1.845793052244370180e+00 1.981207557924149043e+00
9.093548022780643600e-03 4.549132383460831319e-02 8.513866036049091979e-02 1.254856047471156477e-01 1.663323042834649879e-01 2.076266541898795226e-01 2.493495810175844207e-01 2.914879108069418079e-01 3.340257971446582985e-01 3.769432257862669888e-01 4.202160760511811644e-01 4.638167539925373561e-01 5.077152123368400272e-01 5.518792796533843470e-01 5.962755815368794288e-01 6.408701593456465062e-01 6.856287894356536405e-01 7.305177342784752170e-01 7.755035328385648796e-01 8.205535467262496940e-01 8.656354030612388728e-01 9.107160180652420500e-01 9.557608690900486481e-01 1.000731995623575621e+00 1.045585438605885820e+00 1.090268426844705818e+00 1.134715333475241117e+00 1.178840698542288346e+00 1.222528166198863842e+00 1.318455336929550414e+00
-1.993425773233034951e-03 1.394521076923647268e-02 2.303754762324876706e-02 3.094760697710708178e-02 3.793241937171205891e-02 4.398100903367635484e-02 4.903358273249120575e-02 5.302840035008713621e-02 5.591283283899779744e-02 5.764465781642885700e-02 5.819057458259268428e-02 5.752434302241135611e-02 5.562529985237374408e-02 5.247748240997533731e-02 4.806933720053534892e-02 4.239392843669664845e-02 3.544957276327783541e-02 2.724065403032223040e-02 1.777866085015410505e-02 7.082997119243008427e-03 -4.818266550547511962e-03 -1.788789052489887094e-02 -3.207953037255018014e-02 -4.733806983691650483e-02 -6.360062069934009632e-02 -8.079908211305376897e-02 -9.886611111927169626e-02 -1.177502041596691917e-01 -1.374613028292401284e-01 -1.935208649238364387e-01
-4.661301162901015233e-03 1.782660021982373708e-02 2.817335204009929067e-02 3.635550194587584133e-02 4.285825755945099624e-02 4.768740225095156188e-02 5.075786159383238738e-02 5.197769175277609788e-02 5.126861800314263390e-02 4.856891731054580053e-02 4.383124951414509030e-02 3.701967218074578292e-02 2.810716716699447615e-02 1.707423223519884126e-02 3.908351217103939873e-03 -1.139566769529579485e-02 -2.883459815326385248e-02 -4.839544414034492592e-02 -7.005357053908797815e-02 -9.377128547157041749e-02 -1.194963476214650766e-01 -1.471608028986485794e-01 -1.766807642368740383e-01 -2.079564341154518659e-01 -2.408731100081318299e-01 -2.753046548314065367e-01 -3.111222690329687457e-01 -3.482175013910061567e-01 -3.865739156575079272e-01 -4.913529692959784922e-01
